{"type":"FeatureCollection","features":[{"type":"Feature","properties":{"PARCELID":"222-000926","OWNERNME1":"ZEIGER ELEANOR MERRITT","SITEADDRESS":"7130 GREENSWARD RD","RESYRBLT":null,"RESFLRAREA_AG":null,"STATEDAREA":31855,"ACRES":0.73129472,"SCHLDSCRP":"NEW ALBANY-PLAIN LSD","CVTTXDSCRP":"PLAIN TWP-NEW ALBANY CORP","CLASSCD":"500","CLASSDSCRP":"RESIDENTIAL, VACANT LAND, LOT","SALEPRICE":1250000,"SALEDATE":1606798800000},"geometry":{"type":"Polygon","coordinates":[[[-82.83165021401129,40.07359599911837],[-82.8310980650733,40.07357259185591],[-82.83104879625562,40.07425662738312],[-82.83124230642264,40.074279679908116],[-82.83128176197191,40.07425369066763],[-82.83163046020336,40.07387004749291],[-82.83165021401129,40.07359599911837]]]}},{"type":"Feature","properties":{"PARCELID":"222-000927","OWNERNME1":"ZEIGER ELEANOR MERRITT","SITEADDRESS":"7130 GREENSWARD RD","RESYRBLT":1991,"RESFLRAREA_AG":6113,"STATEDAREA":36315,"ACRES":0.8336758,"SCHLDSCRP":"NEW ALBANY-PLAIN LSD","CVTTXDSCRP":"PLAIN TWP-NEW ALBANY CORP","CLASSCD":"510","CLASSDSCRP":"SINGLE FAMILY DWELLING, PLATTED LOT","SALEPRICE":1250000,"SALEDATE":1606798800000},"geometry":{"type":"Polygon","coordinates":[[[-82.83052502977345,40.07419433212249],[-82.83104879625562,40.07425662738312],[-82.8310980650733,40.07357259185591],[-82.83056303317669,40.073549897576854],[-82.8305245092175,40.07408508004465],[-82.83051678493199,40.074193354732664],[-82.83052502977345,40.07419433212249]]]}},{"type":"Feature","properties":{"PARCELID":"222-000928","OWNERNME1":"KIM YU JIN TR","SITEADDRESS":"7150 GREENSWARD RD","RESYRBLT":1994,"RESFLRAREA_AG":7971,"STATEDAREA":34038,"ACRES":0.7813967,"SCHLDSCRP":"NEW ALBANY-PLAIN LSD","CVTTXDSCRP":"PLAIN TWP-NEW ALBANY CORP","CLASSCD":"510","CLASSDSCRP":"SINGLE FAMILY DWELLING, PLATTED LOT","SALEPRICE":0,"SALEDATE":1612846800000},"geometry":{"type":"Polygon","coordinates":[[[-82.83051678493199,40.074193354732664],[-82.8305245092175,40.07408508004465],[-82.83056303317669,40.073549897576854],[-82.83052195093867,40.073548154255796],[-82.83009898241572,40.07353021850683],[-82.83008785546879,40.07352953194823],[-82.83007676784099,40.07353069161207],[-82.83006602376179,40.07353366567876],[-82.83005591803416,40.07353837254392],[-82.83004672794559,40.07354468305757],[-82.83003870565965,40.073552424067756],[-82.83003207129697,40.07356138317165],[-82.8300270068955,40.07357131454358],[-82.83002365141557,40.073581945680154],[-82.82998429116188,40.074130236834876],[-82.83051678493199,40.074193354732664]]]}},{"type":"Feature","properties":{"PARCELID":"222-000929","OWNERNME1":"BUCKEYE SOLUTIONS & DEVELOPERS LLC","SITEADDRESS":"4611 GOODHEART CT","RESYRBLT":1991,"RESFLRAREA_AG":5684,"STATEDAREA":40400,"ACRES":0.92745691,"SCHLDSCRP":"NEW ALBANY-PLAIN LSD","CVTTXDSCRP":"PLAIN TWP-NEW ALBANY CORP","CLASSCD":"510","CLASSDSCRP":"SINGLE FAMILY DWELLING, PLATTED LOT","SALEPRICE":1500000,"SALEDATE":1712552400000},"geometry":{"type":"Polygon","coordinates":[[[-82.83051678493199,40.074193354732664],[-82.82998429116188,40.074130236834876],[-82.82995478601919,40.074541254012715],[-82.8305267980994,40.074565458274414],[-82.83088464351115,40.074580652470125],[-82.8308895821324,40.07451200781691],[-82.83124230642264,40.074279679908116],[-82.83104879625562,40.07425662738312],[-82.83052502977345,40.07419433212249],[-82.83051678493199,40.074193354732664]]]}},{"type":"Feature","properties":{"PARCELID":"222-000930","OWNERNME1":"HILL THEODORE","SITEADDRESS":"4629 GOODHEART CT","RESYRBLT":1991,"RESFLRAREA_AG":4350,"STATEDAREA":29974,"ACRES":0.68811681,"SCHLDSCRP":"NEW ALBANY-PLAIN LSD","CVTTXDSCRP":"PLAIN TWP-NEW ALBANY CORP","CLASSCD":"510","CLASSDSCRP":"SINGLE FAMILY DWELLING, PLATTED LOT","SALEPRICE":880000,"SALEDATE":1597035600000},"geometry":{"type":"Polygon","coordinates":[[[-82.83052830485386,40.07488168411956],[-82.83086212720748,40.074895843595286],[-82.83087614645086,40.07470008155289],[-82.83088464351115,40.074580652470125],[-82.8305267980994,40.074565458274414],[-82.82995478601919,40.074541254012715],[-82.82993215771094,40.074856457875555],[-82.83052830485386,40.07488168411956]]]}},{"type":"Feature","properties":{"PARCELID":"222-000931","OWNERNME1":"BARGER LINDA A TR","SITEADDRESS":"4645 GOODHEART CT","RESYRBLT":1991,"RESFLRAREA_AG":3974,"STATEDAREA":30220,"ACRES":0.69374692,"SCHLDSCRP":"NEW ALBANY-PLAIN LSD","CVTTXDSCRP":"PLAIN TWP-NEW ALBANY CORP","CLASSCD":"510","CLASSDSCRP":"SINGLE FAMILY DWELLING, PLATTED LOT","SALEPRICE":0,"SALEDATE":897282000000},"geometry":{"type":"Polygon","coordinates":[[[-82.83052830485386,40.07488168411956],[-82.82993215771094,40.074856457875555],[-82.82990953146458,40.07517164547863],[-82.83052981163061,40.0751979117275],[-82.8308711747997,40.075212325560415],[-82.83085038986655,40.07506003023008],[-82.83085628069723,40.074977665769154],[-82.83086212720748,40.074895843595286],[-82.83052830485386,40.07488168411956]]]}},{"type":"Feature","properties":{"PARCELID":"222-000936","OWNERNME1":"ATRIVER LLC","SITEADDRESS":"4694 GOODHEART CT","RESYRBLT":2004,"RESFLRAREA_AG":8422,"STATEDAREA":32987,"ACRES":0.7572741,"SCHLDSCRP":"NEW ALBANY-PLAIN LSD","CVTTXDSCRP":"PLAIN TWP-NEW ALBANY CORP","CLASSCD":"510","CLASSDSCRP":"SINGLE FAMILY DWELLING, PLATTED LOT","SALEPRICE":0,"SALEDATE":1094533200000},"geometry":{"type":"Polygon","coordinates":[[[-82.82944689213272,40.076583181049955],[-82.82952160089891,40.07658700544951],[-82.8295554676946,40.07611886723615],[-82.82956526239397,40.0759818665539],[-82.82903008246313,40.07595920260718],[-82.82902142302584,40.076079462296825],[-82.82898690730894,40.07655959824361],[-82.82944689213272,40.076583181049955]]]}},{"type":"Feature","properties":{"PARCELID":"222-000937","OWNERNME1":"WALKER MATTHEW","SITEADDRESS":"4680 GOODHEART CT","RESYRBLT":1995,"RESFLRAREA_AG":5223,"STATEDAREA":21757,"ACRES":0.49948154,"SCHLDSCRP":"NEW ALBANY-PLAIN LSD","CVTTXDSCRP":"PLAIN TWP-NEW ALBANY CORP","CLASSCD":"510","CLASSDSCRP":"SINGLE FAMILY DWELLING, PLATTED LOT","SALEPRICE":1525000,"SALEDATE":1778043600000},"geometry":{"type":"Polygon","coordinates":[[[-82.82903008246313,40.07595920260718],[-82.82956526239397,40.0759818665539],[-82.82959378397105,40.0755843039262],[-82.82912976684531,40.07556463712427],[-82.8290586363463,40.07556162741554],[-82.82903008246313,40.07595920260718]]]}},{"type":"Feature","properties":{"PARCELID":"222-000938","OWNERNME1":"OVANADEL ANDREA M","SITEADDRESS":"4662 GOODHEART CT","RESYRBLT":1992,"RESFLRAREA_AG":3568,"STATEDAREA":21505,"ACRES":0.49368714,"SCHLDSCRP":"NEW ALBANY-PLAIN LSD","CVTTXDSCRP":"PLAIN TWP-NEW ALBANY CORP","CLASSCD":"510","CLASSDSCRP":"SINGLE FAMILY DWELLING, PLATTED LOT","SALEPRICE":844900,"SALEDATE":1500958800000},"geometry":{"type":"Polygon","coordinates":[[[-82.82915855849258,40.07516469978967],[-82.82913981701536,40.075424984349404],[-82.82912976684531,40.07556463712427],[-82.82959378397105,40.0755843039262],[-82.82959673565017,40.0755432910345],[-82.82960784811348,40.07554399768988],[-82.82961892384411,40.07554285121982],[-82.82962965595452,40.07553988339085],[-82.82963974707823,40.07553517643589],[-82.82964891760929,40.07552886077577],[-82.82965691344961,40.07552111140547],[-82.82966351304961,40.07551214304539],[-82.82966853354685,40.07550220419182],[-82.82967183583283,40.075491570231605],[-82.82969373225875,40.07518734694765],[-82.82915855849258,40.07516469978967]]]}},{"type":"Feature","properties":{"PARCELID":"222-000939","OWNERNME1":"WONG MICHELLE TTEE","SITEADDRESS":"4642 GOODHEART CT","RESYRBLT":1992,"RESFLRAREA_AG":4020,"STATEDAREA":21757,"ACRES":0.49947995,"SCHLDSCRP":"NEW ALBANY-PLAIN LSD","CVTTXDSCRP":"PLAIN TWP-NEW ALBANY CORP","CLASSCD":"510","CLASSDSCRP":"SINGLE FAMILY DWELLING, PLATTED LOT","SALEPRICE":0,"SALEDATE":1744779600000},"geometry":{"type":"Polygon","coordinates":[[[-82.82915855849258,40.07516469978967],[-82.82969373225875,40.07518734694765],[-82.82972234775113,40.07478978840412],[-82.82918718173197,40.07476714135985],[-82.82918318931875,40.07482258758979],[-82.82915855849258,40.07516469978967]]]}},{"type":"Feature","properties":{"PARCELID":"222-000940","OWNERNME1":"WAHL TRAVIS J","SITEADDRESS":"4624 GOOD HEART CT","RESYRBLT":1991,"RESFLRAREA_AG":4623,"STATEDAREA":21743,"ACRES":0.49914219,"SCHLDSCRP":"NEW ALBANY-PLAIN LSD","CVTTXDSCRP":"PLAIN TWP-NEW ALBANY CORP","CLASSCD":"510","CLASSDSCRP":"SINGLE FAMILY DWELLING, PLATTED LOT","SALEPRICE":800000,"SALEDATE":1404363600000},"geometry":{"type":"Polygon","coordinates":[[[-82.82918718173197,40.07476714135985],[-82.82972234775113,40.07478978840412],[-82.82975094428785,40.07439250362976],[-82.82921578594082,40.074369841388986],[-82.82921279986505,40.074411301086485],[-82.82918718173197,40.07476714135985]]]}},{"type":"Feature","properties":{"PARCELID":"222-000941","OWNERNME1":"PHEISTER JASON","SITEADDRESS":"4604 GOODHEART CT","RESYRBLT":1991,"RESFLRAREA_AG":4794,"STATEDAREA":21757,"ACRES":0.49947218,"SCHLDSCRP":"NEW ALBANY-PLAIN LSD","CVTTXDSCRP":"PLAIN TWP-NEW ALBANY CORP","CLASSCD":"510","CLASSDSCRP":"SINGLE FAMILY DWELLING, PLATTED LOT","SALEPRICE":830000,"SALEDATE":1484629200000},"geometry":{"type":"Polygon","coordinates":[[[-82.82921578594082,40.074369841388986],[-82.82975094428785,40.07439250362976],[-82.82977955795644,40.07399494585495],[-82.82924440735198,40.07397228282728],[-82.82924239025837,40.07400028835082],[-82.82921578594082,40.074369841388986]]]}},{"type":"Feature","properties":{"PARCELID":"222-000944","OWNERNME1":"BIRD ROGER M","SITEADDRESS":"4599 BEECHER CT","RESYRBLT":1993,"RESFLRAREA_AG":5496,"STATEDAREA":22495,"ACRES":0.51641474,"SCHLDSCRP":"NEW ALBANY-PLAIN LSD","CVTTXDSCRP":"PLAIN TWP-NEW ALBANY CORP","CLASSCD":"510","CLASSDSCRP":"SINGLE FAMILY DWELLING, PLATTED LOT","SALEPRICE":1150000,"SALEDATE":1441256400000},"geometry":{"type":"Polygon","coordinates":[[[-82.82867762403689,40.074388651755],[-82.82921279986505,40.074411301086485],[-82.82921578594082,40.074369841388986],[-82.82924239025837,40.07400028835082],[-82.82870717654836,40.07397763656346],[-82.82867762403689,40.074388651755]]]}},{"type":"Feature","properties":{"PARCELID":"222-000945","OWNERNME1":"MANI MATHARBOOTHAM TTEE","SITEADDRESS":"4619 BEECHER CT","RESYRBLT":1992,"RESFLRAREA_AG":3956,"STATEDAREA":22508,"ACRES":0.51672153,"SCHLDSCRP":"NEW ALBANY-PLAIN LSD","CVTTXDSCRP":"PLAIN TWP-NEW ALBANY CORP","CLASSCD":"510","CLASSDSCRP":"SINGLE FAMILY DWELLING, PLATTED LOT","SALEPRICE":0,"SALEDATE":1723006800000},"geometry":{"type":"Polygon","coordinates":[[[-82.82864804550498,40.07479993982994],[-82.82918318931875,40.07482258758979],[-82.82918718173197,40.07476714135985],[-82.82921279986505,40.074411301086485],[-82.82867762403689,40.074388651755],[-82.82864804550498,40.07479993982994]]]}},{"type":"Feature","properties":{"PARCELID":"222-000946","OWNERNME1":"DOUGHTY BRYAN","SITEADDRESS":"4635 BEECHER CT","RESYRBLT":1994,"RESFLRAREA_AG":4448,"STATEDAREA":24783,"ACRES":0.56894531,"SCHLDSCRP":"NEW ALBANY-PLAIN LSD","CVTTXDSCRP":"PLAIN TWP-NEW ALBANY CORP","CLASSCD":"510","CLASSDSCRP":"SINGLE FAMILY DWELLING, PLATTED LOT","SALEPRICE":675000,"SALEDATE":1478667600000},"geometry":{"type":"Polygon","coordinates":[[[-82.82862624031115,40.07510332873501],[-82.82913981701536,40.075424984349404],[-82.82915855849258,40.07516469978967],[-82.82918318931875,40.07482258758979],[-82.82864804550498,40.07479993982994],[-82.82862624031115,40.07510332873501]]]}},{"type":"Feature","properties":{"PARCELID":"222-000947","OWNERNME1":"LEWIS MARC J","SITEADDRESS":"4647 BEECHER CT","RESYRBLT":1992,"RESFLRAREA_AG":4265,"STATEDAREA":27828,"ACRES":0.63883139,"SCHLDSCRP":"NEW ALBANY-PLAIN LSD","CVTTXDSCRP":"PLAIN TWP-NEW ALBANY CORP","CLASSCD":"510","CLASSDSCRP":"SINGLE FAMILY DWELLING, PLATTED LOT","SALEPRICE":1073000,"SALEDATE":1343278800000},"geometry":{"type":"Polygon","coordinates":[[[-82.8290586363463,40.07556162741554],[-82.82912976684531,40.07556463712427],[-82.82913981701536,40.075424984349404],[-82.82862624031115,40.07510332873501],[-82.82835854894805,40.075092000621396],[-82.82832704829656,40.07553060926291],[-82.82848107835522,40.07553714780442],[-82.8290586363463,40.07556162741554]]]}},{"type":"Feature","properties":{"PARCELID":"222-000948","OWNERNME1":"RAJJOUB HASSAN","SITEADDRESS":"4661 BEECHER CT","RESYRBLT":1993,"RESFLRAREA_AG":5748,"STATEDAREA":22393,"ACRES":0.51406921,"SCHLDSCRP":"NEW ALBANY-PLAIN LSD","CVTTXDSCRP":"PLAIN TWP-NEW ALBANY CORP","CLASSCD":"510","CLASSDSCRP":"SINGLE FAMILY DWELLING, PLATTED LOT","SALEPRICE":880000,"SALEDATE":1313470800000},"geometry":{"type":"Polygon","coordinates":[[[-82.8278745676214,40.075511424932195],[-82.82832704829656,40.07553060926291],[-82.82835854894805,40.075092000621396],[-82.82785926619172,40.075070880980775],[-82.82782776333111,40.075509439956065],[-82.8278745676214,40.075511424932195]]]}},{"type":"Feature","properties":{"PARCELID":"222-000949","OWNERNME1":"PANLEY MARK G","SITEADDRESS":"4679 BEECHER CT","RESYRBLT":1996,"RESFLRAREA_AG":5900,"STATEDAREA":25934,"ACRES":0.5953652,"SCHLDSCRP":"NEW ALBANY-PLAIN LSD","CVTTXDSCRP":"PLAIN TWP-NEW ALBANY CORP","CLASSCD":"510","CLASSDSCRP":"SINGLE FAMILY DWELLING, PLATTED LOT","SALEPRICE":955000,"SALEDATE":1496725200000},"geometry":{"type":"Polygon","coordinates":[[[-82.82732175399417,40.07548798465111],[-82.82782776333111,40.075509439956065],[-82.82785926619172,40.075070880980775],[-82.82759157507907,40.075059551120326],[-82.82760146840498,40.07492253767309],[-82.82736648010508,40.074912493176704],[-82.82734798683067,40.07515026880643],[-82.82732175399417,40.07548798465111]]]}},{"type":"Feature","properties":{"PARCELID":"222-000950","OWNERNME1":"LEINO JANISE L","SITEADDRESS":"4658 BEECHER CT","RESYRBLT":1994,"RESFLRAREA_AG":4058,"STATEDAREA":39749,"ACRES":0.91251521,"SCHLDSCRP":"NEW ALBANY-PLAIN LSD","CVTTXDSCRP":"PLAIN TWP-NEW ALBANY CORP","CLASSCD":"510","CLASSDSCRP":"SINGLE FAMILY DWELLING, PLATTED LOT","SALEPRICE":1300000,"SALEDATE":1468386000000},"geometry":{"type":"Polygon","coordinates":[[[-82.82736648010508,40.074912493176704],[-82.82760146840498,40.07492253767309],[-82.8276113617641,40.074785539527866],[-82.82786118424403,40.074796080720034],[-82.82789069599737,40.074384807451494],[-82.8273595957881,40.074362403728124],[-82.82724871589761,40.07441459464723],[-82.82683584973664,40.07460844624226],[-82.82736648010508,40.074912493176704]]]}},{"type":"Feature","properties":{"PARCELID":"222-000951","OWNERNME1":"KIDWELL KATHLEEN A TR","SITEADDRESS":"4628 BEECHER CT","RESYRBLT":1994,"RESFLRAREA_AG":4423,"STATEDAREA":26390,"ACRES":0.60583628,"SCHLDSCRP":"NEW ALBANY-PLAIN LSD","CVTTXDSCRP":"PLAIN TWP-NEW ALBANY CORP","CLASSCD":"510","CLASSDSCRP":"SINGLE FAMILY DWELLING, PLATTED LOT","SALEPRICE":0,"SALEDATE":1392872400000},"geometry":{"type":"Polygon","coordinates":[[[-82.82789625728104,40.07430738927902],[-82.82789069599737,40.074384807451494],[-82.82786118424403,40.074796080720034],[-82.82825334593726,40.07481265158814],[-82.82827561432887,40.07481406162679],[-82.82829780889601,40.07481176583418],[-82.82831931718285,40.07480582756237],[-82.82833954567131,40.07479641067711],[-82.82835793615928,40.07478377503597],[-82.82837398116386,40.07476826931761],[-82.82838723792555,40.074750321400074],[-82.82839734062593,40.07473042655352],[-82.82840401048244,40.07470913377333],[-82.82843122469181,40.07433003464328],[-82.82789625728104,40.07430738927902]]]}},{"type":"Feature","properties":{"PARCELID":"222-000952","OWNERNME1":"MATHEWS COLIN","SITEADDRESS":"4596 BEECHER CT","RESYRBLT":1992,"RESFLRAREA_AG":5680,"STATEDAREA":22486,"ACRES":0.51620268,"SCHLDSCRP":"NEW ALBANY-PLAIN LSD","CVTTXDSCRP":"PLAIN TWP-NEW ALBANY CORP","CLASSCD":"510","CLASSDSCRP":"SINGLE FAMILY DWELLING, PLATTED LOT","SALEPRICE":1080000,"SALEDATE":1504760400000},"geometry":{"type":"Polygon","coordinates":[[[-82.82789625728104,40.07430738927902],[-82.82843122469181,40.07433003464328],[-82.82846073173376,40.07391901693372],[-82.82792575928124,40.073896372623665],[-82.82791384598053,40.07406221751754],[-82.82789625728104,40.07430738927902]]]}},{"type":"Feature","properties":{"PARCELID":"222-000955","OWNERNME1":"SIEMER BARBARA J","SITEADDRESS":"2 BOTTOMLEY CRESCENT","RESYRBLT":1993,"RESFLRAREA_AG":7614,"STATEDAREA":52957,"ACRES":1.21572844,"SCHLDSCRP":"NEW ALBANY-PLAIN LSD","CVTTXDSCRP":"PLAIN TWP-NEW ALBANY CORP","CLASSCD":"510","CLASSDSCRP":"SINGLE FAMILY DWELLING, PLATTED LOT","SALEPRICE":200000,"SALEDATE":725000400000},"geometry":{"type":"Polygon","coordinates":[[[-82.82681670931537,40.07389281509796],[-82.82724871589761,40.07441459464723],[-82.8273595957881,40.074362403728124],[-82.82789069599737,40.074384807451494],[-82.82789625728104,40.07430738927902],[-82.82791384598053,40.07406221751754],[-82.82723254442558,40.07361525461738],[-82.8271558048848,40.07367983994476],[-82.82707559953914,40.07374006721569],[-82.82699217557239,40.07379575081656],[-82.82690579008772,40.07384671913684],[-82.82681670931537,40.07389281509796]]]}},{"type":"Feature","properties":{"PARCELID":"222-000956","OWNERNME1":"KIENINGER IAN","SITEADDRESS":"3 BOTTOMLEY CRESCENT","RESYRBLT":1995,"RESFLRAREA_AG":9497,"STATEDAREA":43457,"ACRES":0.98407783,"SCHLDSCRP":"NEW ALBANY-PLAIN LSD","CVTTXDSCRP":"PLAIN TWP-NEW ALBANY CORP","CLASSCD":"510","CLASSDSCRP":"SINGLE FAMILY DWELLING, PLATTED LOT","SALEPRICE":3225000,"SALEDATE":1650344400000},"geometry":{"type":"Polygon","coordinates":[[[-82.826690847591,40.07462480900383],[-82.82683584973664,40.07460844624226],[-82.82724871589761,40.07441459464723],[-82.82681670931537,40.07389281509796],[-82.82671961362556,40.07393695297494],[-82.82662047056773,40.073976277003865],[-82.82651951863527,40.07401069258891],[-82.82641700067282,40.074040116941745],[-82.82631316329224,40.074064479280686],[-82.82631326306132,40.07406475458945],[-82.82652122444215,40.07464393820285],[-82.826690847591,40.07462480900383]]]}},{"type":"Feature","properties":{"PARCELID":"222-000964","OWNERNME1":"MORRISON ELIZABETH","SITEADDRESS":"4635 WILKIN CT","RESYRBLT":1991,"RESFLRAREA_AG":4820,"STATEDAREA":28708,"ACRES":0.65905011,"SCHLDSCRP":"NEW ALBANY-PLAIN LSD","CVTTXDSCRP":"PLAIN TWP-NEW ALBANY CORP","CLASSCD":"510","CLASSDSCRP":"SINGLE FAMILY DWELLING, PLATTED LOT","SALEPRICE":1070000,"SALEDATE":1497589200000},"geometry":{"type":"Polygon","coordinates":[[[-82.82683078630494,40.075126451448874],[-82.82734798683067,40.07515026880643],[-82.82736648010508,40.074912493176704],[-82.82683584973664,40.07460844624226],[-82.826690847591,40.07462480900383],[-82.82665245206587,40.07511830136253],[-82.82683078630494,40.075126451448874]]]}},{"type":"Feature","properties":{"PARCELID":"222-000965","OWNERNME1":"AMER AMAL TR","SITEADDRESS":"4647 WILKIN CT","RESYRBLT":1991,"RESFLRAREA_AG":3909,"STATEDAREA":20366,"ACRES":0.46753773,"SCHLDSCRP":"NEW ALBANY-PLAIN LSD","CVTTXDSCRP":"PLAIN TWP-NEW ALBANY CORP","CLASSCD":"510","CLASSDSCRP":"SINGLE FAMILY DWELLING, PLATTED LOT","SALEPRICE":0,"SALEDATE":1387774800000},"geometry":{"type":"Polygon","coordinates":[[[-82.82734798683067,40.07515026880643],[-82.82683078630494,40.075126451448874],[-82.82680956387176,40.07540046775776],[-82.8267916938774,40.07539969428753],[-82.82678053192059,40.075398963025194],[-82.82676940260438,40.07540008656641],[-82.82675861202507,40.07540303400975],[-82.82674845696246,40.075407724289896],[-82.82673921671741,40.075414028407245],[-82.82673114542993,40.07542177297584],[-82.82672446508954,40.07543074499213],[-82.82671935942966,40.075440697693345],[-82.82671596887435,40.07545135734432],[-82.82671277540386,40.075492420365805],[-82.8273192595884,40.07552010272071],[-82.82732175399417,40.07548798465111],[-82.82734798683067,40.07515026880643]]]}},{"type":"Feature","properties":{"PARCELID":"222-000966","OWNERNME1":"OIEN DEBRA K","SITEADDRESS":"7271 LANDON LN","RESYRBLT":1991,"RESFLRAREA_AG":4988,"STATEDAREA":25426,"ACRES":0.58369793,"SCHLDSCRP":"NEW ALBANY-PLAIN LSD","CVTTXDSCRP":"PLAIN TWP-NEW ALBANY CORP","CLASSCD":"510","CLASSDSCRP":"SINGLE FAMILY DWELLING, PLATTED LOT","SALEPRICE":1625000,"SALEDATE":1658725200000},"geometry":{"type":"Polygon","coordinates":[[[-82.8273192595884,40.07552010272071],[-82.82671277540386,40.075492420365805],[-82.82668496417836,40.07584865416638],[-82.82668640288327,40.07585840755019],[-82.8266893587112,40.07586781294486],[-82.82669375798545,40.07587663591226],[-82.82669949105004,40.07588465653183],[-82.82670641500304,40.07589167488223],[-82.82671435725858,40.07589751602463],[-82.82672311984864,40.07590203436318],[-82.82673248435758,40.07590511727414],[-82.8267422173664,40.07590668791312],[-82.82675207627092,40.07590670713049],[-82.82728730270483,40.075931281596155],[-82.82728731371,40.07593112936305],[-82.8273192595884,40.07552010272071]]]}},{"type":"Feature","properties":{"PARCELID":"222-000967","OWNERNME1":"BRODMAN JOSHUA A","SITEADDRESS":"7249 LANDON LN","RESYRBLT":1991,"RESFLRAREA_AG":3344,"STATEDAREA":25126,"ACRES":0.57682566,"SCHLDSCRP":"NEW ALBANY-PLAIN LSD","CVTTXDSCRP":"PLAIN TWP-NEW ALBANY CORP","CLASSCD":"510","CLASSDSCRP":"SINGLE FAMILY DWELLING, PLATTED LOT","SALEPRICE":985000,"SALEDATE":1537333200000},"geometry":{"type":"Polygon","coordinates":[[[-82.82783990036657,40.075956651746175],[-82.82784021109276,40.07595666348801],[-82.8278402243392,40.07595648963405],[-82.8278745676214,40.075511424932195],[-82.82782776333111,40.075509439956065],[-82.82732175399417,40.07548798465111],[-82.8273192595884,40.07552010272071],[-82.82728731371,40.07593112936305],[-82.82728730270483,40.075931281596155],[-82.82783990036657,40.075956651746175]]]}},{"type":"Feature","properties":{"PARCELID":"222-000968","OWNERNME1":"FELICE KATHRYN L","SITEADDRESS":"7227 LANDON LN","RESYRBLT":1991,"RESFLRAREA_AG":3763,"STATEDAREA":23845,"ACRES":0.54740111,"SCHLDSCRP":"NEW ALBANY-PLAIN LSD","CVTTXDSCRP":"PLAIN TWP-NEW ALBANY CORP","CLASSCD":"510","CLASSDSCRP":"SINGLE FAMILY DWELLING, PLATTED LOT","SALEPRICE":0,"SALEDATE":1286859600000},"geometry":{"type":"Polygon","coordinates":[[[-82.82832704829656,40.07553060926291],[-82.8278745676214,40.075511424932195],[-82.8278402243392,40.07595648963405],[-82.82784021109276,40.07595666348801],[-82.82785133091072,40.07595737074682],[-82.82786241490354,40.07595623247205],[-82.82787315887414,40.07595327990335],[-82.82788326795725,40.075948594073125],[-82.82789246471191,40.07594230358269],[-82.82790049673577,40.07593458107279],[-82.82790714359214,40.07592563848555],[-82.82791222285995,40.07591572124779],[-82.82791559514008,40.07590510153532],[-82.82791674418603,40.07589149377026],[-82.82845178093824,40.07591580318843],[-82.82848107835522,40.07553714780442],[-82.82832704829656,40.07553060926291]]]}},{"type":"Feature","properties":{"PARCELID":"222-000969","OWNERNME1":"PERRINI SARA W","SITEADDRESS":"7213 LANDON LN","RESYRBLT":1991,"RESFLRAREA_AG":5488,"STATEDAREA":30599,"ACRES":0.70246152,"SCHLDSCRP":"NEW ALBANY-PLAIN LSD","CVTTXDSCRP":"PLAIN TWP-NEW ALBANY CORP","CLASSCD":"510","CLASSDSCRP":"SINGLE FAMILY DWELLING, PLATTED LOT","SALEPRICE":1295000,"SALEDATE":1007614800000},"geometry":{"type":"Polygon","coordinates":[[[-82.82844117403418,40.07605281955385],[-82.82902142302584,40.076079462296825],[-82.82903008246313,40.07595920260718],[-82.8290586363463,40.07556162741554],[-82.82848107835522,40.07553714780442],[-82.82845178093824,40.07591580318843],[-82.82844117403418,40.07605281955385]]]}},{"type":"Feature","properties":{"PARCELID":"222-000406","OWNERNME1":"NEW ALBANY CO LLC","SITEADDRESS":"1 CLUB LN","RESYRBLT":null,"RESFLRAREA_AG":null,"STATEDAREA":59.8,"ACRES":59.80081876,"SCHLDSCRP":"NEW ALBANY-PLAIN LSD","CVTTXDSCRP":"PLAIN TWP-NEW ALBANY CORP","CLASSCD":"463","CLASSDSCRP":"GOLF COURSES","SALEPRICE":0,"SALEDATE":1498539600000},"geometry":{"type":"Polygon","coordinates":[[[-82.82373078244576,40.07317072948689],[-82.82348692842706,40.07321114556965],[-82.8232873456428,40.07324421291376],[-82.82317523170701,40.07326278554219],[-82.823104505196,40.07326792161818],[-82.82308808751442,40.073271768210915],[-82.82304168590325,40.07328264269523],[-82.82296018346742,40.073274906203565],[-82.82288907064542,40.07327437298917],[-82.82276365088498,40.07327352326001],[-82.82256946388564,40.07331495741611],[-82.82251738881129,40.07333704811278],[-82.82238188512694,40.073394530944],[-82.82180133234117,40.07349055139049],[-82.82158959278358,40.07367669646428],[-82.82153300684699,40.073726263068586],[-82.82124763604511,40.07398035254685],[-82.82124209744312,40.07398563974396],[-82.82123749859365,40.07399176192895],[-82.82123396345499,40.07399855408326],[-82.82123158731396,40.074005833129846],[-82.8212304342175,40.07401340286789],[-82.82123053524641,40.074021059261206],[-82.82123188767754,40.0740285959379],[-82.8212344550572,40.07403580975292],[-82.82123816818373,40.074042506263716],[-82.8212429269728,40.07404850497124],[-82.82124860315511,40.07405364418517],[-82.82125504373374,40.074057785382145],[-82.82159239625445,40.07428142373308],[-82.82220171897133,40.074685474704395],[-82.82226507357207,40.07472658044508],[-82.82232467516344,40.07477296080362],[-82.82238008581963,40.07482427499789],[-82.82243089840793,40.07488014599415],[-82.82247673958017,40.074940163277326],[-82.82251727251594,40.075003885867275],[-82.82255219939736,40.07507084555893],[-82.82258126359736,40.075140550362434],[-82.82260425156517,40.07521248811809],[-82.8226209943955,40.07528613025946],[-82.82263136906954,40.075360935697034],[-82.82263529935881,40.07543635479394],[-82.82262190087245,40.075848002846996],[-82.82262152074341,40.07596098154057],[-82.82262731161116,40.076073812367696],[-82.82263925618926,40.07618615851472],[-82.8226573188217,40.07629768461485],[-82.82268144558932,40.076408057749184],[-82.82271156447084,40.07651694844059],[-82.82336978085856,40.07868668058782],[-82.82337466191254,40.07870210713582],[-82.82340746213735,40.07877314830078],[-82.8234458343446,40.078841341229875],[-82.82348953311418,40.07890624977634],[-82.82353827895855,40.078967458799575],[-82.82359176011012,40.07902457682032],[-82.82364963451538,40.07907723852446],[-82.82371153202254,40.07912510709947],[-82.82377705674897,40.07916787638863],[-82.8238457896131,40.079205272849094],[-82.82391729101488,40.07923705730145],[-82.82399110364729,40.079263026459415],[-82.82406675542117,40.07928301423006],[-82.82414376248467,40.07929689277605],[-82.82423441495001,40.07931179906342],[-82.8243258557573,40.07932066730109],[-82.82441768318199,40.07932345852847],[-82.82450949380105,40.079320160482936],[-82.82460088426525,40.0793107876537],[-82.82469145307125,40.07929538121816],[-82.82476519608075,40.07928628277678],[-82.82483786743363,40.07927080093081],[-82.82490891564213,40.07924905316875],[-82.82497780153616,40.07922120452985],[-82.825044002355,40.079187466351634],[-82.82510701571442,40.07914809466612],[-82.82516636341913,40.07910338825683],[-82.82522159509175,40.079053686391426],[-82.8252722915906,40.078999366247004],[-82.82531806819048,40.07894084004785],[-82.82535857750234,40.07887855193712],[-82.8253935121094,40.07881297460632],[-82.8254226069002,40.07874460570819],[-82.82544564108045,40.078673964080046],[-82.82546243984852,40.07860158580654],[-82.82547287572206,40.07852802015131],[-82.8254768695054,40.078453825388834],[-82.82547439089055,40.07837956456771],[-82.82531567697121,40.07755508527744],[-82.8250900494401,40.076380279245335],[-82.82495021283489,40.07565403071237],[-82.82493795587408,40.07557142926915],[-82.82493164466908,40.075488162227636],[-82.8249313116166,40.0754046570147],[-82.82493695842625,40.0753213422798],[-82.82494855611182,40.07523864569462],[-82.82496604513999,40.07515699175776],[-82.82498933573598,40.075076799615694],[-82.82501830834435,40.07499848091119],[-82.82505281424277,40.074922437670295],[-82.82509267630533,40.07484906023862],[-82.82513768991186,40.074778725277625],[-82.82579790357082,40.073788634258854],[-82.82582554698124,40.07374355658435],[-82.82584782572707,40.0736956002254],[-82.82586444447627,40.07364540090216],[-82.82587518292704,40.07359362406801],[-82.82587989872806,40.07354095608818],[-82.82587852936565,40.07348809514111],[-82.82587109299237,40.07343574196325],[-82.82585768818645,40.073384590559975],[-82.82583849264496,40.07333531900565],[-82.82581376082827,40.07328858045494],[-82.82577777885095,40.07323544122098],[-82.82573642242657,40.07318636854997],[-82.82569014766398,40.07314190365118],[-82.82563946491507,40.073102536915975],[-82.82557315592119,40.07305490402781],[-82.82551119627155,40.0730017365893],[-82.82545404652465,40.07294342980467],[-82.82540213148607,40.07288041707998],[-82.82535583705072,40.07281316680148],[-82.82531550733444,40.072742178854],[-82.82528144211611,40.072667980905216],[-82.82525389460933,40.0725911244834],[-82.82523306958029,40.07251218087778],[-82.8252191218256,40.072431736892035],[-82.82521909344904,40.07243143526705],[-82.8252164045996,40.07235555781414],[-82.82522054982691,40.07227974597561],[-82.82523149554346,40.07220461403127],[-82.82524915305953,40.072130770751976],[-82.82527337930172,40.072058814466914],[-82.82530397797233,40.071989328215544],[-82.82534070113978,40.071922875023425],[-82.82538325124766,40.07185999334016],[-82.82543128352565,40.07180119267654],[-82.8263343312643,40.07073957036556],[-82.82643219210125,40.07063090830727],[-82.8265348933109,40.070526809086076],[-82.8266422223814,40.07042748810668],[-82.82675395722471,40.07033315088652],[-82.82686986663634,40.070243992630516],[-82.82698971077366,40.07016019782716],[-82.82707547024054,40.07010381440192],[-82.82715743546757,40.0700420448434],[-82.82723526869944,40.06997514368633],[-82.82730864920762,40.069903386611266],[-82.82737727461198,40.06982706930865],[-82.8274408621268,40.0697465062603],[-82.82749914972611,40.06966202944354],[-82.82755189722332,40.06957398696323],[-82.82759888726106,40.06948274161729],[-82.82763992620679,40.06938866940177],[-82.82767484495074,40.06929215796139],[-82.82770349960272,40.06919360499228],[-82.8277257720851,40.06909341660308],[-82.82774157061932,40.068992005641554],[-82.82785099101922,40.06772652952266],[-82.82785283201729,40.067653600767635],[-82.82784845555364,40.067580780171994],[-82.82783789342679,40.06750859683555],[-82.82782122237901,40.06743757522793],[-82.82779856353882,40.06736823137784],[-82.82777008154078,40.06730106912378],[-82.82773598332936,40.067236576453176],[-82.82769651665531,40.06717522195682],[-82.82765196827556,40.06711745142415],[-82.82760266186968,40.06706368460425],[-82.82756143756863,40.067022709325705],[-82.8275177323347,40.066984391327644],[-82.82747171714018,40.06694888050785],[-82.82726871973283,40.0669083979819],[-82.82711558376502,40.06697005314178],[-82.82680064336753,40.06726297799825],[-82.82672718331008,40.06732873939136],[-82.8265691687288,40.067464916589785],[-82.82649231028259,40.067557133661154],[-82.82638823311461,40.067685154186215],[-82.82628879492216,40.06781681039614],[-82.82619412260263,40.067951934278724],[-82.82610433697147,40.06809035339651],[-82.82601955260803,40.068231891106834],[-82.82593987770932,40.0683763667873],[-82.82586541395193,40.0685235960662],[-82.82579625636231,40.068673391057864],[-82.82573249319545,40.06882556060239],[-82.82567420582231,40.068979910509626],[-82.8256129453894,40.06915473707635],[-82.82558897206287,40.06922315067591],[-82.82511113610605,40.0705867803965],[-82.8241428860125,40.071436305327026],[-82.82418671074385,40.071823528617124],[-82.82421851362909,40.07210452051663],[-82.8242357569988,40.07225708899585],[-82.82425304612912,40.07240965013271],[-82.82425581444458,40.07243409668872],[-82.8242702710669,40.0725622555652],[-82.82429125721293,40.07274830636939],[-82.82432775680151,40.07307184968112],[-82.82373078244576,40.07317072948689]]]}},{"type":"Feature","properties":{"PARCELID":"222-001054","OWNERNME1":"WEISBROD JUSTIN","SITEADDRESS":"5092 HARLEM RD","RESYRBLT":1992,"RESFLRAREA_AG":3169,"STATEDAREA":1.284,"ACRES":1.28439265,"SCHLDSCRP":"NEW ALBANY-PLAIN LSD","CVTTXDSCRP":"PLAIN TWP-NEW ALBANY CORP","CLASSCD":"511","CLASSDSCRP":"SINGLE FAMILY, O-9.999 AC","SALEPRICE":640000,"SALEDATE":1583211600000},"geometry":{"type":"Polygon","coordinates":[[[-82.83163046020336,40.07387004749291],[-82.83128176197191,40.07425369066763],[-82.83124230642264,40.074279679908116],[-82.8308895821324,40.07451200781691],[-82.83088464351115,40.074580652470125],[-82.83087614645086,40.07470008155289],[-82.83179370702086,40.07471260090764],[-82.83185642796188,40.07471345683728],[-82.83180068071806,40.07421594870592],[-82.83178802852754,40.07360184237656],[-82.83172385539466,40.07359912085071],[-82.83165021401129,40.07359599911837],[-82.83163046020336,40.07387004749291]]]}},{"type":"Feature","properties":{"PARCELID":"222-001160","OWNERNME1":"MOTT MICHAEL L","SITEADDRESS":"5104 HARLEM RD","RESYRBLT":1993,"RESFLRAREA_AG":3158,"STATEDAREA":0.6549,"ACRES":0.65485893,"SCHLDSCRP":"NEW ALBANY-PLAIN LSD","CVTTXDSCRP":"PLAIN TWP-NEW ALBANY CORP","CLASSCD":"510","CLASSDSCRP":"SINGLE FAMILY DWELLING, PLATTED LOT","SALEPRICE":995000,"SALEDATE":1727154000000},"geometry":{"type":"Polygon","coordinates":[[[-82.83086212720748,40.074895843595286],[-82.83085628069723,40.074977665769154],[-82.8318205598037,40.07499141512668],[-82.83188768122031,40.074992372093966],[-82.83185642796188,40.07471345683728],[-82.83179370702086,40.07471260090764],[-82.83087614645086,40.07470008155289],[-82.83086212720748,40.074895843595286]]]}},{"type":"Feature","properties":{"PARCELID":"222-001159","OWNERNME1":"KELLY COURTNEY D","SITEADDRESS":"5118 HARLEM RD","RESYRBLT":1996,"RESFLRAREA_AG":2057,"STATEDAREA":0.6762,"ACRES":0.67624391,"SCHLDSCRP":"NEW ALBANY-PLAIN LSD","CVTTXDSCRP":"PLAIN TWP-NEW ALBANY CORP","CLASSCD":"510","CLASSDSCRP":"SINGLE FAMILY DWELLING, PLATTED LOT","SALEPRICE":0,"SALEDATE":1733979600000},"geometry":{"type":"Polygon","coordinates":[[[-82.83085038986655,40.07506003023008],[-82.8308711747997,40.075212325560415],[-82.83087789792873,40.07526144283494],[-82.83182650197412,40.07526288445671],[-82.831862239235,40.07526360581631],[-82.83192222368663,40.075264056059694],[-82.83190531079387,40.07514970064622],[-82.83188768122031,40.074992372093966],[-82.8318205598037,40.07499141512668],[-82.83085628069723,40.074977665769154],[-82.83085038986655,40.07506003023008]]]}},{"type":"Feature","properties":{"PARCELID":"222-000833","OWNERNME1":"YEOMAN RYAN C","SITEADDRESS":"5114 HARLEM RD","RESYRBLT":2006,"RESFLRAREA_AG":5030,"STATEDAREA":1.005,"ACRES":1.00536864,"SCHLDSCRP":"NEW ALBANY-PLAIN LSD","CVTTXDSCRP":"PLAIN TWP-NEW ALBANY CORP","CLASSCD":"511","CLASSDSCRP":"SINGLE FAMILY, O-9.999 AC","SALEPRICE":1650000,"SALEDATE":1635742800000},"geometry":{"type":"Polygon","coordinates":[[[-82.83091462491895,40.07553033893479],[-82.8309333274848,40.07566727754363],[-82.83093340281536,40.07566783210519],[-82.8318838684749,40.075676675527134],[-82.8319185373644,40.075678499527314],[-82.83198372113809,40.07567985547798],[-82.83192222368663,40.075264056059694],[-82.831862239235,40.07526360581631],[-82.83182650197412,40.07526288445671],[-82.83087789792873,40.07526144283494],[-82.83091462491895,40.07553033893479]]]}},{"type":"Feature","properties":{"PARCELID":"222-000435","OWNERNME1":"WEISSER MARK F","SITEADDRESS":"5160 HARLEM RD","RESYRBLT":1959,"RESFLRAREA_AG":2402,"STATEDAREA":1.167,"ACRES":1.16708946,"SCHLDSCRP":"NEW ALBANY-PLAIN LSD","CVTTXDSCRP":"PLAIN TWP-NEW ALBANY CORP","CLASSCD":"511","CLASSDSCRP":"SINGLE FAMILY, O-9.999 AC","SALEPRICE":340000,"SALEDATE":1189659600000},"geometry":{"type":"Polygon","coordinates":[[[-82.83055416478105,40.07629473241977],[-82.83055469131705,40.076294764261476],[-82.83201876603592,40.07638726391225],[-82.83208900634033,40.07639170270814],[-82.83203462182152,40.07602399556089],[-82.83196735438086,40.076022866171066],[-82.83055256739725,40.07599912818592],[-82.83055200111595,40.07599911987176],[-82.83055416478105,40.07629473241977]]]}},{"type":"Feature","properties":{"PARCELID":"222-000552","OWNERNME1":"GREGORY-HARRIS LAURIE E","SITEADDRESS":"5156 HARLEM RD","RESYRBLT":1964,"RESFLRAREA_AG":4837,"STATEDAREA":1.162,"ACRES":1.16246832,"SCHLDSCRP":"NEW ALBANY-PLAIN LSD","CVTTXDSCRP":"PLAIN TWP-NEW ALBANY CORP","CLASSCD":"510","CLASSDSCRP":"SINGLE FAMILY DWELLING, PLATTED LOT","SALEPRICE":0,"SALEDATE":1204088400000},"geometry":{"type":"Polygon","coordinates":[[[-82.83203462182152,40.07602399556089],[-82.83198372113809,40.07567985547798],[-82.8319185373644,40.075678499527314],[-82.8318838684749,40.075676675527134],[-82.83093340281536,40.07566783210519],[-82.83093297254753,40.07566782791293],[-82.83054952679915,40.07566094549984],[-82.83055117385142,40.07588603665162],[-82.83055200111595,40.07599911987176],[-82.83055256739725,40.07599912818592],[-82.83196735438086,40.076022866171066],[-82.83203462182152,40.07602399556089]]]}},{"type":"Feature","properties":{"PARCELID":"222-000932","OWNERNME1":"ZHANG YUCHUN","SITEADDRESS":"4661 GOOD HEART CT","RESYRBLT":1994,"RESFLRAREA_AG":4712,"STATEDAREA":32062,"ACRES":0.7360219,"SCHLDSCRP":"NEW ALBANY-PLAIN LSD","CVTTXDSCRP":"PLAIN TWP-NEW ALBANY CORP","CLASSCD":"510","CLASSDSCRP":"SINGLE FAMILY DWELLING, PLATTED LOT","SALEPRICE":1800000,"SALEDATE":1726462800000},"geometry":{"type":"Polygon","coordinates":[[[-82.8308711747997,40.075212325560415],[-82.83052981163061,40.0751979117275],[-82.82990953146458,40.07517164547863],[-82.82988690274509,40.07548684925653],[-82.83091462491895,40.07553033893479],[-82.83087789792873,40.07526144283494],[-82.8308711747997,40.075212325560415]]]}},{"type":"Feature","properties":{"PARCELID":"222-000933","OWNERNME1":"MCCANN CHRISTOPHER J","SITEADDRESS":"4677 GOODHEART CT","RESYRBLT":1992,"RESFLRAREA_AG":3345,"STATEDAREA":28700,"ACRES":0.65889619,"SCHLDSCRP":"NEW ALBANY-PLAIN LSD","CVTTXDSCRP":"PLAIN TWP-NEW ALBANY CORP","CLASSCD":"510","CLASSDSCRP":"SINGLE FAMILY DWELLING, PLATTED LOT","SALEPRICE":790000,"SALEDATE":1566190800000},"geometry":{"type":"Polygon","coordinates":[[[-82.83054952679915,40.07566094549984],[-82.83093297254753,40.07566782791293],[-82.83093340281536,40.07566783210519],[-82.8309333274848,40.07566727754363],[-82.83091462491895,40.07553033893479],[-82.82988690274509,40.07548684925653],[-82.82988591879518,40.075500578162575],[-82.82988741892854,40.07551033917745],[-82.82989043255336,40.07551974374425],[-82.82989488496196,40.07552855872406],[-82.82990066577926,40.07553656559377],[-82.82990763169899,40.07554356586333],[-82.82991561003618,40.07554938599623],[-82.82992440300808,40.07555388171157],[-82.82993379263719,40.07555694156069],[-82.82994354615487,40.07555848969002],[-82.82995342177168,40.07555848772147],[-82.82993182071625,40.07585977240607],[-82.83055117385142,40.07588603665162],[-82.83054952679915,40.07566094549984]]]}},{"type":"Feature","properties":{"PARCELID":"222-000934","OWNERNME1":"LAROCCA JAMES D JR","SITEADDRESS":"4693 GOODHEART CT","RESYRBLT":1991,"RESFLRAREA_AG":3811,"STATEDAREA":33315,"ACRES":0.76487852,"SCHLDSCRP":"NEW ALBANY-PLAIN LSD","CVTTXDSCRP":"PLAIN TWP-NEW ALBANY CORP","CLASSCD":"510","CLASSDSCRP":"SINGLE FAMILY DWELLING, PLATTED LOT","SALEPRICE":589400,"SALEDATE":708584400000},"geometry":{"type":"Polygon","coordinates":[[[-82.83055117385142,40.07588603665162],[-82.82993182071625,40.07585977240607],[-82.82991215676239,40.076134063144394],[-82.8305566944625,40.07664008708683],[-82.83055416478105,40.07629473241977],[-82.83055200111595,40.07599911987176],[-82.83055117385142,40.07588603665162]]]}},{"type":"Feature","properties":{"PARCELID":"222-000505","OWNERNME1":"VASANI ABHIJIT","SITEADDRESS":"5955 DUBLIN GRANVILLE RD","RESYRBLT":2008,"RESFLRAREA_AG":7673,"STATEDAREA":44411,"ACRES":1.01953741,"SCHLDSCRP":"NEW ALBANY-PLAIN LSD","CVTTXDSCRP":"PLAIN TWP-NEW ALBANY CORP","CLASSCD":"510","CLASSDSCRP":"SINGLE FAMILY DWELLING, PLATTED LOT","SALEPRICE":651000,"SALEDATE":1395291600000},"geometry":{"type":"Polygon","coordinates":[[[-82.83139383927467,40.079551636055776],[-82.8313809617361,40.07969841606724],[-82.83132667651695,40.08031707581656],[-82.83132645752194,40.08031958191677],[-82.83192830974363,40.08025968959912],[-82.83200010213511,40.07958183104935],[-82.83139383927467,40.079551636055776]]]}},{"type":"Feature","properties":{"PARCELID":"222-000970","OWNERNME1":"STAVROFF VERA T","SITEADDRESS":"7212 LANDON LN","RESYRBLT":1991,"RESFLRAREA_AG":5473,"STATEDAREA":28543,"ACRES":0.65526334,"SCHLDSCRP":"NEW ALBANY-PLAIN LSD","CVTTXDSCRP":"PLAIN TWP-NEW ALBANY CORP","CLASSCD":"510","CLASSDSCRP":"SINGLE FAMILY DWELLING, PLATTED LOT","SALEPRICE":0,"SALEDATE":774075600000},"geometry":{"type":"Polygon","coordinates":[[[-82.82892220703708,40.076556281358556],[-82.82898690730894,40.07655959824361],[-82.82902142302584,40.076079462296825],[-82.82844117403418,40.07605281955385],[-82.82843056817526,40.076189817895894],[-82.828403961487,40.07653247382955],[-82.82891148236801,40.07655578901747],[-82.82892220703708,40.076556281358556]]]}},{"type":"Feature","properties":{"PARCELID":"222-000971","OWNERNME1":"DRIGGS FOREST T","SITEADDRESS":"7228 LANDON LN","RESYRBLT":1994,"RESFLRAREA_AG":4479,"STATEDAREA":21669,"ACRES":0.4974549,"SCHLDSCRP":"NEW ALBANY-PLAIN LSD","CVTTXDSCRP":"PLAIN TWP-NEW ALBANY CORP","CLASSCD":"510","CLASSDSCRP":"SINGLE FAMILY DWELLING, PLATTED LOT","SALEPRICE":0,"SALEDATE":901083600000},"geometry":{"type":"Polygon","coordinates":[[[-82.82782943799289,40.076093499234354],[-82.8277974260886,40.07650460717118],[-82.82783961065621,40.07650655911455],[-82.82837572512454,40.07653117929144],[-82.828403961487,40.07653247382955],[-82.82843056817526,40.076189817895894],[-82.82789552580428,40.07616550929412],[-82.8278965336084,40.076151781243425],[-82.82789510135362,40.076142015193504],[-82.82789215249056,40.07613259546466],[-82.8278877602675,40.07612375603812],[-82.82788203378499,40.07611571648074],[-82.82787511528593,40.076108676490996],[-82.82786717662229,40.076102810938636],[-82.82785841498642,40.07609826552097],[-82.82784904801288,40.076095153143854],[-82.82783930837246,40.07609355111714],[-82.82782943799289,40.076093499234354]]]}},{"type":"Feature","properties":{"PARCELID":"222-000972","OWNERNME1":"ITEN JONATHAN D","SITEADDRESS":"7248 LANDON LN","RESYRBLT":1991,"RESFLRAREA_AG":3830,"STATEDAREA":20625,"ACRES":0.47347858,"SCHLDSCRP":"NEW ALBANY-PLAIN LSD","CVTTXDSCRP":"PLAIN TWP-NEW ALBANY CORP","CLASSCD":"510","CLASSDSCRP":"SINGLE FAMILY DWELLING, PLATTED LOT","SALEPRICE":723800,"SALEDATE":1055826000000},"geometry":{"type":"Polygon","coordinates":[[[-82.82730706108913,40.07648205805513],[-82.8277974260886,40.07650460717118],[-82.82782943799289,40.076093499234354],[-82.82733907139959,40.07607099258927],[-82.82730706108913,40.07648205805513]]]}},{"type":"Feature","properties":{"PARCELID":"222-000973","OWNERNME1":"KRUMM ELIZABETH E TR","SITEADDRESS":"7266 LANDON LN","RESYRBLT":1991,"RESFLRAREA_AG":4328,"STATEDAREA":20631,"ACRES":0.47361106,"SCHLDSCRP":"NEW ALBANY-PLAIN LSD","CVTTXDSCRP":"PLAIN TWP-NEW ALBANY CORP","CLASSCD":"510","CLASSDSCRP":"SINGLE FAMILY DWELLING, PLATTED LOT","SALEPRICE":0,"SALEDATE":1380171600000},"geometry":{"type":"Polygon","coordinates":[[[-82.82681669416138,40.07645952761339],[-82.82730706108913,40.07648205805513],[-82.82733907139959,40.07607099258927],[-82.82684834985386,40.07604847317833],[-82.82681669416138,40.07645952761339]]]}},{"type":"Feature","properties":{"PARCELID":"222-001884","OWNERNME1":"GURWIN SCOTT D","SITEADDRESS":"3 WIVELISCOMBE","RESYRBLT":2000,"RESFLRAREA_AG":4606,"STATEDAREA":28713,"ACRES":0.65915553,"SCHLDSCRP":"NEW ALBANY-PLAIN LSD","CVTTXDSCRP":"PLAIN TWP-NEW ALBANY CORP","CLASSCD":"510","CLASSDSCRP":"SINGLE FAMILY DWELLING, PLATTED LOT","SALEPRICE":893000,"SALEDATE":1593666000000},"geometry":{"type":"Polygon","coordinates":[[[-82.82740100016814,40.07957839906893],[-82.8276333065341,40.07950751722213],[-82.8276539141025,40.079489453084264],[-82.82769702760551,40.07945164708134],[-82.82759724759664,40.07928746479873],[-82.8274013502093,40.07896577044071],[-82.82718372166148,40.079040148368385],[-82.82696391290878,40.079107812045386],[-82.82705301449376,40.07928898027614],[-82.82722293381228,40.079632706043306],[-82.82740100016814,40.07957839906893]]]}},{"type":"Feature","properties":{"PARCELID":"222-001885","OWNERNME1":"BARBOUR DONALD S","SITEADDRESS":"4 WIVELISCOMBE","RESYRBLT":2000,"RESFLRAREA_AG":5031,"STATEDAREA":24201,"ACRES":0.55557682,"SCHLDSCRP":"NEW ALBANY-PLAIN LSD","CVTTXDSCRP":"PLAIN TWP-NEW ALBANY CORP","CLASSCD":"510","CLASSDSCRP":"SINGLE FAMILY DWELLING, PLATTED LOT","SALEPRICE":1125000,"SALEDATE":1312520400000},"geometry":{"type":"Polygon","coordinates":[[[-82.8274013502093,40.07896577044071],[-82.82759724759664,40.07928746479873],[-82.82769702760551,40.07945164708134],[-82.82788526575581,40.07928666176063],[-82.8280048396293,40.079181741782726],[-82.82813531678431,40.079196602358316],[-82.82813676664446,40.07919676672419],[-82.82783869092353,40.0787925079808],[-82.82769417903557,40.07885343004068],[-82.82754837578538,40.07891119331076],[-82.8274013502093,40.07896577044071]]]}},{"type":"Feature","properties":{"PARCELID":"222-001886","OWNERNME1":"BMU2 LLC","SITEADDRESS":"5 WIVELISCOMBE","RESYRBLT":1997,"RESFLRAREA_AG":5097,"STATEDAREA":32576,"ACRES":0.74783971,"SCHLDSCRP":"NEW ALBANY-PLAIN LSD","CVTTXDSCRP":"PLAIN TWP-NEW ALBANY CORP","CLASSCD":"510","CLASSDSCRP":"SINGLE FAMILY DWELLING, PLATTED LOT","SALEPRICE":1072000,"SALEDATE":1456808400000},"geometry":{"type":"Polygon","coordinates":[[[-82.82882139906535,40.07926442441876],[-82.82824336763758,40.07860085106765],[-82.82810986963011,40.07866765331122],[-82.82797495630015,40.07873154893818],[-82.82783869092353,40.0787925079808],[-82.82813676664446,40.07919676672419],[-82.82837632740733,40.079224051626866],[-82.82865413151167,40.0792556916213],[-82.82882139906535,40.07926442441876]]]}},{"type":"Feature","properties":{"PARCELID":"222-001887","OWNERNME1":"SHOEMAKER LESA A TR OF THE LESA A SHOEMAKER TRUST","SITEADDRESS":"6 WIVELISCOMBE","RESYRBLT":2001,"RESFLRAREA_AG":5615,"STATEDAREA":45249,"ACRES":1.03878435,"SCHLDSCRP":"NEW ALBANY-PLAIN LSD","CVTTXDSCRP":"PLAIN TWP-NEW ALBANY CORP","CLASSCD":"510","CLASSDSCRP":"SINGLE FAMILY DWELLING, PLATTED LOT","SALEPRICE":0,"SALEDATE":1632200400000},"geometry":{"type":"Polygon","coordinates":[[[-82.82824336763758,40.07860085106765],[-82.82882139906535,40.07926442441876],[-82.82897510099284,40.079272447442136],[-82.82905338851903,40.079276535011],[-82.8292828365263,40.07902863761773],[-82.82862785603398,40.07838667820859],[-82.82850129962596,40.07846092789215],[-82.82837311548445,40.07853233073377],[-82.82824336763758,40.07860085106765]]]}},{"type":"Feature","properties":{"PARCELID":"222-001888","OWNERNME1":"HILL LAURIE A","SITEADDRESS":"7 WIVELISCOMBE","RESYRBLT":2000,"RESFLRAREA_AG":5357,"STATEDAREA":32106,"ACRES":0.73704676,"SCHLDSCRP":"NEW ALBANY-PLAIN LSD","CVTTXDSCRP":"PLAIN TWP-NEW ALBANY CORP","CLASSCD":"510","CLASSDSCRP":"SINGLE FAMILY DWELLING, PLATTED LOT","SALEPRICE":165000,"SALEDATE":913352400000},"geometry":{"type":"Polygon","coordinates":[[[-82.82924274302994,40.07866605362506],[-82.82954377709768,40.07861645127879],[-82.82899049334327,40.07815094709013],[-82.82887144492385,40.078232316716225],[-82.82875054420833,40.07831090780479],[-82.82862785603398,40.07838667820859],[-82.8292828365263,40.07902863761773],[-82.82929869972628,40.079011499690594],[-82.82924274302994,40.07866605362506]]]}},{"type":"Feature","properties":{"PARCELID":"222-001889","OWNERNME1":"JONES NATALIE B","SITEADDRESS":"8 WIVELISCOMBE","RESYRBLT":2000,"RESFLRAREA_AG":4345,"STATEDAREA":28751,"ACRES":0.66002878,"SCHLDSCRP":"NEW ALBANY-PLAIN LSD","CVTTXDSCRP":"PLAIN TWP-NEW ALBANY CORP","CLASSCD":"510","CLASSDSCRP":"SINGLE FAMILY DWELLING, PLATTED LOT","SALEPRICE":990000,"SALEDATE":1370408400000},"geometry":{"type":"Polygon","coordinates":[[[-82.82899049334327,40.07815094709013],[-82.82954377709768,40.07861645127879],[-82.82959695246949,40.07860769059941],[-82.82960480982865,40.078381200505035],[-82.82985068724747,40.07831079852255],[-82.82988173188716,40.0783019160888],[-82.82990032425118,40.07830872562363],[-82.82932930734101,40.07789485583588],[-82.82921843419638,40.07798292877917],[-82.82910547440328,40.07806830900338],[-82.82899049334327,40.07815094709013]]]}},{"type":"Feature","properties":{"PARCELID":"222-001890","OWNERNME1":"CURLEY EDWARD T","SITEADDRESS":"9 WIVELISCOMBE","RESYRBLT":2001,"RESFLRAREA_AG":4914,"STATEDAREA":38959,"ACRES":0.89437691,"SCHLDSCRP":"NEW ALBANY-PLAIN LSD","CVTTXDSCRP":"PLAIN TWP-NEW ALBANY CORP","CLASSCD":"510","CLASSDSCRP":"SINGLE FAMILY DWELLING, PLATTED LOT","SALEPRICE":0,"SALEDATE":1039669200000},"geometry":{"type":"Polygon","coordinates":[[[-82.82952986541999,40.077729488310275],[-82.82935725311148,40.077871865226484],[-82.82932930734101,40.07789485583588],[-82.82990032425118,40.07830872562363],[-82.83009149894028,40.07837873786309],[-82.83012665107432,40.078333038782084],[-82.83026729613118,40.07815013056603],[-82.83032364501196,40.07812691312249],[-82.83032881618536,40.0780695119971],[-82.83033724995977,40.077975898252504],[-82.82961807256258,40.07763997294865],[-82.82957635150103,40.0776870783201],[-82.82952986541999,40.077729488310275]]]}},{"type":"Feature","properties":{"PARCELID":"222-001891","OWNERNME1":"KOKSAL ISIL EREL","SITEADDRESS":"10 WIVELISCOMBE","RESYRBLT":2001,"RESFLRAREA_AG":3925,"STATEDAREA":32490,"ACRES":0.745875,"SCHLDSCRP":"NEW ALBANY-PLAIN LSD","CVTTXDSCRP":"PLAIN TWP-NEW ALBANY CORP","CLASSCD":"510","CLASSDSCRP":"SINGLE FAMILY DWELLING, PLATTED LOT","SALEPRICE":960000,"SALEDATE":1376283600000},"geometry":{"type":"Polygon","coordinates":[[[-82.82961807256258,40.07763997294865],[-82.83033724995977,40.077975898252504],[-82.83036853820991,40.07762854483741],[-82.83039099510805,40.07737923543878],[-82.82972461185918,40.077343785492644],[-82.82972017829182,40.077392934086625],[-82.82971134545413,40.07744637280128],[-82.82969648782125,40.07749845894139],[-82.82967579848832,40.0775485155768],[-82.82964954634133,40.077595892153546],[-82.82961807256258,40.07763997294865]]]}},{"type":"Feature","properties":{"PARCELID":"222-001892","OWNERNME1":"ARLIN WENDY C","SITEADDRESS":"11 WIVELISCOMBE","RESYRBLT":2000,"RESFLRAREA_AG":5980,"STATEDAREA":35024,"ACRES":0.80404542,"SCHLDSCRP":"NEW ALBANY-PLAIN LSD","CVTTXDSCRP":"PLAIN TWP-NEW ALBANY CORP","CLASSCD":"510","CLASSDSCRP":"SINGLE FAMILY DWELLING, PLATTED LOT","SALEPRICE":1500000,"SALEDATE":1488258000000},"geometry":{"type":"Polygon","coordinates":[[[-82.82975005169511,40.077061796543866],[-82.82972461185918,40.077343785492644],[-82.83039099510805,40.07737923543878],[-82.8304092217351,40.07717688829471],[-82.8304580319598,40.076635014004026],[-82.82975005169511,40.077061796543866]]]}},{"type":"Feature","properties":{"PARCELID":"222-001893","OWNERNME1":"KALINOSKY IAN S","SITEADDRESS":"12 WIVELISCOMBE","RESYRBLT":1999,"RESFLRAREA_AG":5058,"STATEDAREA":31902,"ACRES":0.73237581,"SCHLDSCRP":"NEW ALBANY-PLAIN LSD","CVTTXDSCRP":"PLAIN TWP-NEW ALBANY CORP","CLASSCD":"510","CLASSDSCRP":"SINGLE FAMILY DWELLING, PLATTED LOT","SALEPRICE":1160000,"SALEDATE":1370494800000},"geometry":{"type":"Polygon","coordinates":[[[-82.82952160089891,40.07658700544951],[-82.82944689213272,40.076583181049955],[-82.82941087108946,40.07704620613848],[-82.82975005169511,40.077061796543866],[-82.8304580319598,40.076635014004026],[-82.82952160089891,40.07658700544951]]]}},{"type":"Feature","properties":{"PARCELID":"222-001894","OWNERNME1":"BISHOP KELLY ELAINE","SITEADDRESS":"13 WIVELISCOMBE","RESYRBLT":1998,"RESFLRAREA_AG":4358,"STATEDAREA":25455,"ACRES":0.58436978,"SCHLDSCRP":"NEW ALBANY-PLAIN LSD","CVTTXDSCRP":"PLAIN TWP-NEW ALBANY CORP","CLASSCD":"510","CLASSDSCRP":"SINGLE FAMILY DWELLING, PLATTED LOT","SALEPRICE":1250000,"SALEDATE":1649307600000},"geometry":{"type":"Polygon","coordinates":[[[-82.82887511095521,40.07702157797631],[-82.82941087108946,40.07704620613848],[-82.82944689213272,40.076583181049955],[-82.82898690730894,40.07655959824361],[-82.82892220703708,40.076556281358556],[-82.82891148236801,40.07655578901747],[-82.82887511095521,40.07702157797631]]]}},{"type":"Feature","properties":{"PARCELID":"222-001895","OWNERNME1":"ARRESE LONI","SITEADDRESS":"14 WIVELISCOMBE","RESYRBLT":2000,"RESFLRAREA_AG":5764,"STATEDAREA":25532,"ACRES":0.58613703,"SCHLDSCRP":"NEW ALBANY-PLAIN LSD","CVTTXDSCRP":"PLAIN TWP-NEW ALBANY CORP","CLASSCD":"510","CLASSDSCRP":"SINGLE FAMILY DWELLING, PLATTED LOT","SALEPRICE":1155000,"SALEDATE":1501477200000},"geometry":{"type":"Polygon","coordinates":[[[-82.82833935237801,40.076996948269276],[-82.82887511095521,40.07702157797631],[-82.82891148236801,40.07655578901747],[-82.828403961487,40.07653247382955],[-82.82837572512454,40.07653117929144],[-82.82833935237801,40.076996948269276]]]}},{"type":"Feature","properties":{"PARCELID":"222-001896","OWNERNME1":"LEFKOVITZ MARLO TR","SITEADDRESS":"15 WIVELISCOMBE","RESYRBLT":1998,"RESFLRAREA_AG":4949,"STATEDAREA":25539,"ACRES":0.58630142,"SCHLDSCRP":"NEW ALBANY-PLAIN LSD","CVTTXDSCRP":"PLAIN TWP-NEW ALBANY CORP","CLASSCD":"510","CLASSDSCRP":"SINGLE FAMILY DWELLING, PLATTED LOT","SALEPRICE":0,"SALEDATE":946530000000},"geometry":{"type":"Polygon","coordinates":[[[-82.82780359184088,40.076972317027206],[-82.82833935237801,40.076996948269276],[-82.82837572512454,40.07653117929144],[-82.82783961065621,40.07650655911455],[-82.82780359184088,40.076972317027206]]]}},{"type":"Feature","properties":{"PARCELID":"222-001897","OWNERNME1":"MELTON BRAD","SITEADDRESS":"16 WIVELISCOMBE","RESYRBLT":1999,"RESFLRAREA_AG":5254,"STATEDAREA":33009,"ACRES":0.75778249,"SCHLDSCRP":"NEW ALBANY-PLAIN LSD","CVTTXDSCRP":"PLAIN TWP-NEW ALBANY CORP","CLASSCD":"510","CLASSDSCRP":"SINGLE FAMILY DWELLING, PLATTED LOT","SALEPRICE":2560000,"SALEDATE":1776142800000},"geometry":{"type":"Polygon","coordinates":[[[-82.82746474747285,40.07695673538074],[-82.82780359184088,40.076972317027206],[-82.82783961065621,40.07650655911455],[-82.8277974260886,40.07650460717118],[-82.82730706108913,40.07648205805513],[-82.82681669416138,40.07645952761339],[-82.8267931084599,40.07645845752447],[-82.82746474747285,40.07695673538074]]]}},{"type":"Feature","properties":{"PARCELID":"222-001898","OWNERNME1":"CARTER DEBORAH L TTEE","SITEADDRESS":"17 WIVELISCOMBE","RESYRBLT":2000,"RESFLRAREA_AG":5970,"STATEDAREA":36633,"ACRES":0.84097328,"SCHLDSCRP":"NEW ALBANY-PLAIN LSD","CVTTXDSCRP":"PLAIN TWP-NEW ALBANY CORP","CLASSCD":"510","CLASSDSCRP":"SINGLE FAMILY DWELLING, PLATTED LOT","SALEPRICE":0,"SALEDATE":1689051600000},"geometry":{"type":"Polygon","coordinates":[[[-82.82672719526397,40.07719019399151],[-82.82744020094458,40.07722801042641],[-82.82746474747285,40.07695673538074],[-82.8267931084599,40.07645845752447],[-82.82672719526397,40.07719019399151]]]}},{"type":"Feature","properties":{"PARCELID":"222-001899","OWNERNME1":"NARDI TRIPLETT NANETTE LYNN TR","SITEADDRESS":"18 WIVELISCOMBE","RESYRBLT":1999,"RESFLRAREA_AG":3720,"STATEDAREA":24003,"ACRES":0.5510366,"SCHLDSCRP":"NEW ALBANY-PLAIN LSD","CVTTXDSCRP":"PLAIN TWP-NEW ALBANY CORP","CLASSCD":"510","CLASSDSCRP":"SINGLE FAMILY DWELLING, PLATTED LOT","SALEPRICE":835000,"SALEDATE":1539147600000},"geometry":{"type":"Polygon","coordinates":[[[-82.82669760171599,40.077518857768666],[-82.82741046192086,40.077556685600136],[-82.82744020094458,40.07722801042641],[-82.82672719526397,40.07719019399151],[-82.82670855309682,40.077396951054475],[-82.82669760171599,40.077518857768666]]]}},{"type":"Feature","properties":{"PARCELID":"222-001900","OWNERNME1":"SHAW RICHARD A TR","SITEADDRESS":"19 WIVELISCOMBE","RESYRBLT":1998,"RESFLRAREA_AG":5291,"STATEDAREA":29469,"ACRES":0.67652013,"SCHLDSCRP":"NEW ALBANY-PLAIN LSD","CVTTXDSCRP":"PLAIN TWP-NEW ALBANY CORP","CLASSCD":"510","CLASSDSCRP":"SINGLE FAMILY DWELLING, PLATTED LOT","SALEPRICE":0,"SALEDATE":1633323600000},"geometry":{"type":"Polygon","coordinates":[[[-82.82741046192086,40.077556685600136],[-82.82669760171599,40.077518857768666],[-82.82665802307886,40.07795762216287],[-82.82665633965993,40.0779765665765],[-82.82741144548831,40.07789571227198],[-82.82740091861055,40.07781836172701],[-82.82739739299574,40.07774037780557],[-82.82740089723491,40.077662392920686],[-82.82741046192086,40.077556685600136]]]}},{"type":"Feature","properties":{"PARCELID":"222-001901","OWNERNME1":"SCHESCHUK JOSEPH PETER","SITEADDRESS":"20 WIVELISCOMBE","RESYRBLT":1999,"RESFLRAREA_AG":4710,"STATEDAREA":36422,"ACRES":0.83614497,"SCHLDSCRP":"NEW ALBANY-PLAIN LSD","CVTTXDSCRP":"PLAIN TWP-NEW ALBANY CORP","CLASSCD":"510","CLASSDSCRP":"SINGLE FAMILY DWELLING, PLATTED LOT","SALEPRICE":2650000,"SALEDATE":1749618000000},"geometry":{"type":"Polygon","coordinates":[[[-82.82741144548831,40.07789571227198],[-82.82665633965993,40.0779765665765],[-82.8266192867406,40.078387890517995],[-82.82704208235441,40.0784103189277],[-82.82754135770996,40.07822670925421],[-82.82750546072594,40.07816484253874],[-82.82747435643527,40.07810043285743],[-82.82744822380377,40.07803385080644],[-82.82742721319163,40.07796547948116],[-82.82741144548831,40.07789571227198]]]}},{"type":"Feature","properties":{"PARCELID":"222-001902","OWNERNME1":"BERSANI JAMES L","SITEADDRESS":"21 WIVELISCOMBE","RESYRBLT":1999,"RESFLRAREA_AG":5177,"STATEDAREA":24455,"ACRES":0.56143286,"SCHLDSCRP":"NEW ALBANY-PLAIN LSD","CVTTXDSCRP":"PLAIN TWP-NEW ALBANY CORP","CLASSCD":"510","CLASSDSCRP":"SINGLE FAMILY DWELLING, PLATTED LOT","SALEPRICE":0,"SALEDATE":1356670800000},"geometry":{"type":"Polygon","coordinates":[[[-82.82758867127438,40.07756633710493],[-82.82757913383965,40.077671303165914],[-82.82757616880474,40.077742206081616],[-82.8275796558481,40.077813085242276],[-82.8275895661443,40.077883354730076],[-82.82760581777056,40.07795243366703],[-82.8276282763839,40.078019751016754],[-82.8276567563317,40.0780847503049],[-82.8276576508214,40.07808449474134],[-82.82814621480871,40.07794497535428],[-82.8281317019425,40.07767160909147],[-82.82812740628083,40.07759475978549],[-82.82758867127438,40.07756633710493]]]}},{"type":"Feature","properties":{"PARCELID":"222-001903","OWNERNME1":"NDEREYIMANA ALBERT","SITEADDRESS":"22 WIVELISCOMBE","RESYRBLT":1997,"RESFLRAREA_AG":4600,"STATEDAREA":25070,"ACRES":0.57551919,"SCHLDSCRP":"NEW ALBANY-PLAIN LSD","CVTTXDSCRP":"PLAIN TWP-NEW ALBANY CORP","CLASSCD":"510","CLASSDSCRP":"SINGLE FAMILY DWELLING, PLATTED LOT","SALEPRICE":939000,"SALEDATE":1439355600000},"geometry":{"type":"Polygon","coordinates":[[[-82.82758867127438,40.07756633710493],[-82.82812740628083,40.07759475978549],[-82.82816413214658,40.077126443986295],[-82.8278072263868,40.077110050067716],[-82.82777953530531,40.077108269471005],[-82.82775192645946,40.07711104762665],[-82.8277251452841,40.07711830952485],[-82.82769991486718,40.07712985909538],[-82.8276769164263,40.077145384501506],[-82.82765677091608,40.07716446655948],[-82.82764002226241,40.07718659005646],[-82.82762712267656,40.07721115766121],[-82.82761842044549,40.077237506051915],[-82.82758867127438,40.07756633710493]]]}},{"type":"Feature","properties":{"PARCELID":"222-001904","OWNERNME1":"KREMENCHUKER IGOR","SITEADDRESS":"23 WIVELISCOMBE","RESYRBLT":1999,"RESFLRAREA_AG":4166,"STATEDAREA":22810,"ACRES":0.52364509,"SCHLDSCRP":"NEW ALBANY-PLAIN LSD","CVTTXDSCRP":"PLAIN TWP-NEW ALBANY CORP","CLASSCD":"510","CLASSDSCRP":"SINGLE FAMILY DWELLING, PLATTED LOT","SALEPRICE":1375000,"SALEDATE":1747890000000},"geometry":{"type":"Polygon","coordinates":[[[-82.82812740628083,40.07759475978549],[-82.8281317019425,40.07767160909147],[-82.82851786713482,40.07764664909889],[-82.82855357548979,40.07763928410814],[-82.82859195914207,40.077146093308684],[-82.82816413214658,40.077126443986295],[-82.82812740628083,40.07759475978549]]]}},{"type":"Feature","properties":{"PARCELID":"222-001905","OWNERNME1":"BAHLMANN RITA H TR","SITEADDRESS":"24 WIVELISCOMBE","RESYRBLT":1997,"RESFLRAREA_AG":3919,"STATEDAREA":19200,"ACRES":0.4407682,"SCHLDSCRP":"NEW ALBANY-PLAIN LSD","CVTTXDSCRP":"PLAIN TWP-NEW ALBANY CORP","CLASSCD":"510","CLASSDSCRP":"SINGLE FAMILY DWELLING, PLATTED LOT","SALEPRICE":0,"SALEDATE":1145595600000},"geometry":{"type":"Polygon","coordinates":[[[-82.82859195914207,40.077146093308684],[-82.82855357548979,40.07763928410814],[-82.82899016487711,40.07754925153379],[-82.82902014168653,40.07716575809136],[-82.82859195914207,40.077146093308684]]]}},{"type":"Feature","properties":{"PARCELID":"222-001906","OWNERNME1":"PASSIAS JOHN J II","SITEADDRESS":"25 WIVELISCOMBE","RESYRBLT":2000,"RESFLRAREA_AG":3764,"STATEDAREA":24665,"ACRES":0.56622717,"SCHLDSCRP":"NEW ALBANY-PLAIN LSD","CVTTXDSCRP":"PLAIN TWP-NEW ALBANY CORP","CLASSCD":"510","CLASSDSCRP":"SINGLE FAMILY DWELLING, PLATTED LOT","SALEPRICE":130500,"SALEDATE":950850000000},"geometry":{"type":"Polygon","coordinates":[[[-82.82902014168653,40.07716575809136],[-82.82899016487711,40.07754925153379],[-82.82926549695108,40.07774609692478],[-82.8293991762935,40.077635898016844],[-82.8294362767292,40.07760307063643],[-82.82946871043245,40.07756562555495],[-82.82949590776273,40.07752422042895],[-82.8295173910471,40.07747958246611],[-82.82953278296974,40.07743249565319],[-82.82954181319876,40.07738378698664],[-82.82954656539924,40.07732863676906],[-82.8295432479671,40.077304099178775],[-82.82953607440813,40.077280400260136],[-82.82952522693516,40.07725814198026],[-82.82951098108067,40.07723788971315],[-82.82949369869816,40.07722015787886],[-82.82947381877075,40.07720539687689],[-82.82945184626084,40.077193981645785],[-82.82942833928371,40.07718620213944],[-82.82940389493105,40.077182255962086],[-82.82937913410444,40.07718224334908],[-82.82902014168653,40.07716575809136]]]}},{"type":"Feature","properties":{"PARCELID":"222-001907","OWNERNME1":"SCHLONSKY GINNY T TR","SITEADDRESS":"26 WIVELISCOMBE","RESYRBLT":1997,"RESFLRAREA_AG":4552,"STATEDAREA":20531,"ACRES":0.47132416,"SCHLDSCRP":"NEW ALBANY-PLAIN LSD","CVTTXDSCRP":"PLAIN TWP-NEW ALBANY CORP","CLASSCD":"510","CLASSDSCRP":"SINGLE FAMILY DWELLING, PLATTED LOT","SALEPRICE":0,"SALEDATE":1633064400000},"geometry":{"type":"Polygon","coordinates":[[[-82.82855357548979,40.07763928410814],[-82.82851786713482,40.07764664909889],[-82.82884931731449,40.078063803266616],[-82.82897760732507,40.077972122158805],[-82.8291033270695,40.07787694706645],[-82.82922638141669,40.077778350007755],[-82.82926549695108,40.07774609692478],[-82.82899016487711,40.07754925153379],[-82.82855357548979,40.07763928410814]]]}},{"type":"Feature","properties":{"PARCELID":"222-001908","OWNERNME1":"WEPRIN GAIL B TR","SITEADDRESS":"27 WIVELISCOMBE","RESYRBLT":1997,"RESFLRAREA_AG":3589,"STATEDAREA":30174,"ACRES":0.69269853,"SCHLDSCRP":"NEW ALBANY-PLAIN LSD","CVTTXDSCRP":"PLAIN TWP-NEW ALBANY CORP","CLASSCD":"510","CLASSDSCRP":"SINGLE FAMILY DWELLING, PLATTED LOT","SALEPRICE":0,"SALEDATE":1612501200000},"geometry":{"type":"Polygon","coordinates":[[[-82.82851786713482,40.07764664909889],[-82.8281317019425,40.07767160909147],[-82.82814621480871,40.07794497535428],[-82.82844502860233,40.078321038827],[-82.82844528571341,40.07832136232657],[-82.82858219859033,40.07823905044492],[-82.82871690665306,40.07815317775101],[-82.82884931731449,40.078063803266616],[-82.82851786713482,40.07764664909889]]]}},{"type":"Feature","properties":{"PARCELID":"222-001909","OWNERNME1":"ARGUELLES MICHAEL D","SITEADDRESS":"28 WIVELISCOMBE","RESYRBLT":1997,"RESFLRAREA_AG":3814,"STATEDAREA":26866,"ACRES":0.61676786,"SCHLDSCRP":"NEW ALBANY-PLAIN LSD","CVTTXDSCRP":"PLAIN TWP-NEW ALBANY CORP","CLASSCD":"510","CLASSDSCRP":"SINGLE FAMILY DWELLING, PLATTED LOT","SALEPRICE":790000,"SALEDATE":1430715600000},"geometry":{"type":"Polygon","coordinates":[[[-82.8276567563317,40.0780847503049],[-82.82768846802088,40.078144179310215],[-82.82772446532269,40.078201114643406],[-82.82776455319552,40.07825524781581],[-82.82796625311056,40.07850865507141],[-82.82797604931346,40.07851753245496],[-82.82798710861695,40.0785247757509],[-82.82799916109866,40.078530208173426],[-82.82801191259588,40.07853369713441],[-82.82802505188513,40.07853515747942],[-82.82803825827824,40.07853455356609],[-82.82805120944916,40.078531900134],[-82.82806358930104,40.078527261945005],[-82.82819235050971,40.07846148886997],[-82.82831960399164,40.07839284414991],[-82.82844528571341,40.07832136232657],[-82.82844502860233,40.078321038827],[-82.82814621480871,40.07794497535428],[-82.8276576508214,40.07808449474134],[-82.8276567563317,40.0780847503049]]]}},{"type":"Feature","properties":{"PARCELID":"222-001910","OWNERNME1":"BERAN CHARLOTTE J","SITEADDRESS":"29 WIVELISCOMBE","RESYRBLT":2001,"RESFLRAREA_AG":5192,"STATEDAREA":27999,"ACRES":0.64275857,"SCHLDSCRP":"NEW ALBANY-PLAIN LSD","CVTTXDSCRP":"PLAIN TWP-NEW ALBANY CORP","CLASSCD":"510","CLASSDSCRP":"SINGLE FAMILY DWELLING, PLATTED LOT","SALEPRICE":1049000,"SALEDATE":1594098000000},"geometry":{"type":"Polygon","coordinates":[[[-82.82754135770996,40.07822670925421],[-82.82704208235441,40.0784103189277],[-82.82731596472308,40.07884475253744],[-82.82747481448656,40.07878580129407],[-82.8276321936927,40.07872302962905],[-82.8277880104737,40.07865647418442],[-82.82779540858186,40.07865375354463],[-82.82780226925223,40.07864987216761],[-82.8278084118251,40.078644932260325],[-82.82781367455021,40.078639063903665],[-82.82781791884601,40.07863242162706],[-82.82782103294893,40.0786251803393],[-82.82782293485636,40.07861753072274],[-82.82782357448602,40.07860967421211],[-82.82782293499476,40.07860181769021],[-82.82782103322208,40.07859416804015],[-82.82781791924673,40.07858692669753],[-82.82781367506793,40.07858028434616],[-82.82761200834365,40.078326631779504],[-82.82757526310023,40.0782776744818],[-82.82754135770996,40.07822670925421]]]}},{"type":"Feature","properties":{"PARCELID":"222-001911","OWNERNME1":"CRIPPS SCOTT","SITEADDRESS":"30 WIVELISCOMBE","RESYRBLT":2003,"RESFLRAREA_AG":6726,"STATEDAREA":35187,"ACRES":0.80778054,"SCHLDSCRP":"NEW ALBANY-PLAIN LSD","CVTTXDSCRP":"PLAIN TWP-NEW ALBANY CORP","CLASSCD":"510","CLASSDSCRP":"SINGLE FAMILY DWELLING, PLATTED LOT","SALEPRICE":2750000,"SALEDATE":1721019600000},"geometry":{"type":"Polygon","coordinates":[[[-82.82704208235441,40.0784103189277],[-82.8266192867406,40.078387890517995],[-82.82659818690013,40.0786220993431],[-82.82655912056758,40.079052906144454],[-82.82655910386379,40.07905309351674],[-82.82663380005557,40.07904525335009],[-82.82669812271364,40.0790340026752],[-82.82676157441387,40.07901857984266],[-82.82681082479922,40.07900499238568],[-82.82698047615565,40.078955643593645],[-82.82714888874948,40.07890221996348],[-82.82731596472308,40.07884475253744],[-82.82704208235441,40.0784103189277]]]}},{"type":"Feature","properties":{"PARCELID":"222-002390","OWNERNME1":"ERB JOSEPH D","SITEADDRESS":"7116 TUMBLEBROOK DR","RESYRBLT":2000,"RESFLRAREA_AG":3685,"STATEDAREA":10036,"ACRES":0.23039503,"SCHLDSCRP":"NEW ALBANY-PLAIN LSD","CVTTXDSCRP":"PLAIN TWP-NEW ALBANY CORP","CLASSCD":"510","CLASSDSCRP":"SINGLE FAMILY DWELLING, PLATTED LOT","SALEPRICE":519000,"SALEDATE":1548219600000},"geometry":{"type":"Polygon","coordinates":[[[-82.83150119514983,40.083981788453514],[-82.8316656298181,40.08399096380351],[-82.83169830552782,40.083648200894416],[-82.83141268333308,40.08363206340917],[-82.83138001413633,40.083975010842444],[-82.83150119514983,40.083981788453514]]]}},{"type":"Feature","properties":{"PARCELID":"222-002468","OWNERNME1":"RHEAUME PATRICK S","SITEADDRESS":"1 PICKETT PLACE","RESYRBLT":2005,"RESFLRAREA_AG":3726,"STATEDAREA":6084,"ACRES":0.13967514,"SCHLDSCRP":"NEW ALBANY-PLAIN LSD","CVTTXDSCRP":"PLAIN TWP-NEW ALBANY CORP","CLASSCD":"510","CLASSDSCRP":"SINGLE FAMILY DWELLING, PLATTED LOT","SALEPRICE":515000,"SALEDATE":1403845200000},"geometry":{"type":"Polygon","coordinates":[[[-82.82929400781359,40.08014726505186],[-82.82901163388178,40.08018223819309],[-82.82905483828614,40.08038830714138],[-82.8293372321962,40.08035317173658],[-82.82929400781359,40.08014726505186]]]}},{"type":"Feature","properties":{"PARCELID":"222-002469","OWNERNME1":"TURTON LAWRENCE E","SITEADDRESS":"2 PICKETT PLACE","RESYRBLT":2004,"RESFLRAREA_AG":3005,"STATEDAREA":6076,"ACRES":0.13980689,"SCHLDSCRP":"NEW ALBANY-PLAIN LSD","CVTTXDSCRP":"PLAIN TWP-NEW ALBANY CORP","CLASSCD":"510","CLASSDSCRP":"SINGLE FAMILY DWELLING, PLATTED LOT","SALEPRICE":478000,"SALEDATE":1372827600000},"geometry":{"type":"Polygon","coordinates":[[[-82.82897919451754,40.08002777256988],[-82.82901163388178,40.08018223819309],[-82.82929400781359,40.08014726505186],[-82.82925020912376,40.07993862390626],[-82.82903832572644,40.079964888036855],[-82.82902928695283,40.079964773317485],[-82.82902035315384,40.07996615165862],[-82.82901176926033,40.07996898527136],[-82.82900377061014,40.0799731964688],[-82.8289965764959,40.07997866979587],[-82.82899038415296,40.07998525519471],[-82.82898536335188,40.07999277211863],[-82.82898165174399,40.08000101448211],[-82.82897935108748,40.08000975631078],[-82.82897852445765,40.08001875793685],[-82.82897919451754,40.08002777256988]]]}},{"type":"Feature","properties":{"PARCELID":"222-002470","OWNERNME1":"AFAGHI MICHAEL K","SITEADDRESS":"3 PICKETT PLACE","RESYRBLT":2001,"RESFLRAREA_AG":3504,"STATEDAREA":6159,"ACRES":0.14138526,"SCHLDSCRP":"NEW ALBANY-PLAIN LSD","CVTTXDSCRP":"PLAIN TWP-NEW ALBANY CORP","CLASSCD":"510","CLASSDSCRP":"SINGLE FAMILY DWELLING, PLATTED LOT","SALEPRICE":565000,"SALEDATE":1547701200000},"geometry":{"type":"Polygon","coordinates":[[[-82.82925020912376,40.07993862390626],[-82.82929400781359,40.08014726505186],[-82.82957622913892,40.08011231057165],[-82.82953237675332,40.079903646260874],[-82.82925020912376,40.07993862390626]]]}},{"type":"Feature","properties":{"PARCELID":"222-002471","OWNERNME1":"PLANT JASON","SITEADDRESS":"4 PICKETT PL","RESYRBLT":2001,"RESFLRAREA_AG":3443,"STATEDAREA":6156,"ACRES":0.1413271,"SCHLDSCRP":"NEW ALBANY-PLAIN LSD","CVTTXDSCRP":"PLAIN TWP-NEW ALBANY CORP","CLASSCD":"510","CLASSDSCRP":"SINGLE FAMILY DWELLING, PLATTED LOT","SALEPRICE":1249900,"SALEDATE":1763355600000},"geometry":{"type":"Polygon","coordinates":[[[-82.82961158534255,40.08010781918684],[-82.82989365340165,40.080072998563],[-82.82984986904306,40.07986428914372],[-82.8295677017337,40.07989926755177],[-82.82961158534255,40.08010781918684]]]}},{"type":"Feature","properties":{"PARCELID":"222-002472","OWNERNME1":"LEHMAN PATRICIA S","SITEADDRESS":"5 PICKETT PL","RESYRBLT":2003,"RESFLRAREA_AG":3228,"STATEDAREA":6161,"ACRES":0.14144082,"SCHLDSCRP":"NEW ALBANY-PLAIN LSD","CVTTXDSCRP":"PLAIN TWP-NEW ALBANY CORP","CLASSCD":"510","CLASSDSCRP":"SINGLE FAMILY DWELLING, PLATTED LOT","SALEPRICE":549900,"SALEDATE":1118379600000},"geometry":{"type":"Polygon","coordinates":[[[-82.82984986904306,40.07986428914372],[-82.82989365340165,40.080072998563],[-82.83017586998606,40.080038158831776],[-82.83013198342164,40.079829333621475],[-82.82984986904306,40.07986428914372]]]}},{"type":"Feature","properties":{"PARCELID":"222-002473","OWNERNME1":"VANCE EDWARD O TTEE","SITEADDRESS":"6 PICKETT PLACE","RESYRBLT":2004,"RESFLRAREA_AG":3505,"STATEDAREA":7612,"ACRES":0.1747365,"SCHLDSCRP":"NEW ALBANY-PLAIN LSD","CVTTXDSCRP":"PLAIN TWP-NEW ALBANY CORP","CLASSCD":"510","CLASSDSCRP":"SINGLE FAMILY DWELLING, PLATTED LOT","SALEPRICE":0,"SALEDATE":1724907600000},"geometry":{"type":"Polygon","coordinates":[[[-82.83013198342164,40.079829333621475],[-82.83017586998606,40.080038158831776],[-82.82989365340165,40.080072998563],[-82.82993687538107,40.08027902122276],[-82.83025437282242,40.08023969362906],[-82.83016735741245,40.07982492217244],[-82.83013198342164,40.079829333621475]]]}},{"type":"Feature","properties":{"PARCELID":"222-002481","OWNERNME1":"RAUSCH NICHOLAS B","SITEADDRESS":"14 PICKETT PL","RESYRBLT":2000,"RESFLRAREA_AG":2767,"STATEDAREA":10631,"ACRES":0.24405833,"SCHLDSCRP":"NEW ALBANY-PLAIN LSD","CVTTXDSCRP":"PLAIN TWP-NEW ALBANY CORP","CLASSCD":"510","CLASSDSCRP":"SINGLE FAMILY DWELLING, PLATTED LOT","SALEPRICE":715000,"SALEDATE":1641358800000},"geometry":{"type":"Polygon","coordinates":[[[-82.83048781983962,40.078759460277844],[-82.83047645842676,40.078780914021465],[-82.83050192741685,40.078790610096014],[-82.83052568347469,40.07880396423522],[-82.83054720471739,40.07882068306983],[-82.83055939308557,40.078833457037064],[-82.83056978138114,40.078847733376676],[-82.830578186406,40.07886326032469],[-82.83086744980471,40.078786666828904],[-82.83088645789186,40.07857606797127],[-82.83088648568462,40.07857574997926],[-82.83054582320754,40.07855808480779],[-82.83044431201232,40.07855288913237],[-82.83048781983962,40.078759460277844]]]}},{"type":"Feature","properties":{"PARCELID":"222-002482","OWNERNME1":"POLK JOHN D","SITEADDRESS":"15 PICKETT PLACE","RESYRBLT":2003,"RESFLRAREA_AG":3266,"STATEDAREA":11810,"ACRES":0.27112818,"SCHLDSCRP":"NEW ALBANY-PLAIN LSD","CVTTXDSCRP":"PLAIN TWP-NEW ALBANY CORP","CLASSCD":"510","CLASSDSCRP":"SINGLE FAMILY DWELLING, PLATTED LOT","SALEPRICE":634117,"SALEDATE":1090213200000},"geometry":{"type":"Polygon","coordinates":[[[-82.83032364501196,40.07812691312249],[-82.83026729613118,40.07815013056603],[-82.83012665107432,40.078333038782084],[-82.83022320178137,40.07879214303495],[-82.83038103581379,40.078772661629706],[-82.8304131260722,40.07877091647313],[-82.8304451442362,40.07877368548589],[-82.83047645842676,40.078780914021465],[-82.83048781983962,40.078759460277844],[-82.83044431201232,40.07855288913237],[-82.83028632852748,40.078544814318185],[-82.83032364501196,40.07812691312249]]]}},{"type":"Feature","properties":{"PARCELID":"222-002483","OWNERNME1":"MURRAY LOIS ANN","SITEADDRESS":"16 PICKETT PLACE","RESYRBLT":2006,"RESFLRAREA_AG":4046,"STATEDAREA":12998,"ACRES":0.2983937,"SCHLDSCRP":"NEW ALBANY-PLAIN LSD","CVTTXDSCRP":"PLAIN TWP-NEW ALBANY CORP","CLASSCD":"510","CLASSDSCRP":"SINGLE FAMILY DWELLING, PLATTED LOT","SALEPRICE":1325000,"SALEDATE":1727845200000},"geometry":{"type":"Polygon","coordinates":[[[-82.82990032425118,40.07830872562363],[-82.82988173188716,40.0783019160888],[-82.82985068724747,40.07831079852255],[-82.82995930188433,40.07882797349702],[-82.82999640124365,40.07882013495258],[-82.83022320178137,40.07879214303495],[-82.83012665107432,40.078333038782084],[-82.83009149894028,40.07837873786309],[-82.82990032425118,40.07830872562363]]]}},{"type":"Feature","properties":{"PARCELID":"222-002484","OWNERNME1":"BERG NICOLE","SITEADDRESS":"17 PICKETT PLACE","RESYRBLT":2005,"RESFLRAREA_AG":3891,"STATEDAREA":19388,"ACRES":0.44507188,"SCHLDSCRP":"NEW ALBANY-PLAIN LSD","CVTTXDSCRP":"PLAIN TWP-NEW ALBANY CORP","CLASSCD":"510","CLASSDSCRP":"SINGLE FAMILY DWELLING, PLATTED LOT","SALEPRICE":445000,"SALEDATE":1329195600000},"geometry":{"type":"Polygon","coordinates":[[[-82.82960480982865,40.078381200505035],[-82.82959695246949,40.07860769059941],[-82.82954377709768,40.07861645127879],[-82.82924274302994,40.07866605362506],[-82.82986395381374,40.078896043181],[-82.82987873410332,40.07887724695301],[-82.82989602935952,40.0788607354643],[-82.82991549035016,40.078846842120946],[-82.82993672411175,40.07883584746245],[-82.82995930188433,40.07882797349702],[-82.82985068724747,40.07831079852255],[-82.82960480982865,40.078381200505035]]]}},{"type":"Feature","properties":{"PARCELID":"222-002485","OWNERNME1":"YIM JESSICA","SITEADDRESS":"18 PICKETT PL","RESYRBLT":2001,"RESFLRAREA_AG":2787,"STATEDAREA":20993,"ACRES":0.48192779,"SCHLDSCRP":"NEW ALBANY-PLAIN LSD","CVTTXDSCRP":"PLAIN TWP-NEW ALBANY CORP","CLASSCD":"510","CLASSDSCRP":"SINGLE FAMILY DWELLING, PLATTED LOT","SALEPRICE":1200000,"SALEDATE":1751432400000},"geometry":{"type":"Polygon","coordinates":[[[-82.82986395381374,40.078896043181],[-82.82924274302994,40.07866605362506],[-82.82929869972628,40.079011499690594],[-82.8292828365263,40.07902863761773],[-82.82905338851903,40.079276535011],[-82.82986078941018,40.07900991739772],[-82.82985342739187,40.07899447121686],[-82.82984857951956,40.078978061404214],[-82.82984636582971,40.07896109427735],[-82.82984684113471,40.07894398995328],[-82.82984999366569,40.078927171946106],[-82.82985574536396,40.07891105668055],[-82.82986395381374,40.078896043181]]]}},{"type":"Feature","properties":{"PARCELID":"222-002486","OWNERNME1":"TRYON BENJAMIN","SITEADDRESS":"19 PICKETT PLACE","RESYRBLT":2004,"RESFLRAREA_AG":3150,"STATEDAREA":15726,"ACRES":0.36101689,"SCHLDSCRP":"NEW ALBANY-PLAIN LSD","CVTTXDSCRP":"PLAIN TWP-NEW ALBANY CORP","CLASSCD":"510","CLASSDSCRP":"SINGLE FAMILY DWELLING, PLATTED LOT","SALEPRICE":522000,"SALEDATE":1435813200000},"geometry":{"type":"Polygon","coordinates":[[[-82.82914489976464,40.07928314141842],[-82.82971864016761,40.07932463015435],[-82.82998303932864,40.07929178975351],[-82.8299807254815,40.079280798057695],[-82.82994782026836,40.07912414728134],[-82.82996582698628,40.07908518428277],[-82.82994056906101,40.07907717909743],[-82.82991687841866,40.0790653132116],[-82.82989534092181,40.07904988006511],[-82.82987648918638,40.07903126131509],[-82.82986078941018,40.07900991739772],[-82.82905338851903,40.079276535011],[-82.82914489976464,40.07928314141842]]]}},{"type":"Feature","properties":{"PARCELID":"222-002487","OWNERNME1":"TALARICO WEILING H","SITEADDRESS":"20 PICKETT PLACE","RESYRBLT":2005,"RESFLRAREA_AG":3429,"STATEDAREA":5482,"ACRES":0.1258585,"SCHLDSCRP":"NEW ALBANY-PLAIN LSD","CVTTXDSCRP":"PLAIN TWP-NEW ALBANY CORP","CLASSCD":"510","CLASSDSCRP":"SINGLE FAMILY DWELLING, PLATTED LOT","SALEPRICE":480000,"SALEDATE":1523422800000},"geometry":{"type":"Polygon","coordinates":[[[-82.82996582698628,40.07908518428277],[-82.82994782026836,40.07912414728134],[-82.8299807254815,40.079280798057695],[-82.82998303932864,40.07929178975351],[-82.8300736356447,40.0792805372033],[-82.8302653699065,40.079256944964854],[-82.83023762587244,40.079123882829464],[-82.83023284325081,40.07911361132062],[-82.83022650824,40.07910421743956],[-82.83021877776982,40.07909593388994],[-82.8302098433382,40.079088965870476],[-82.8301999262674,40.0790834859918],[-82.83018927222146,40.07907963000055],[-82.83017814512063,40.079077493416705],[-82.8301668206036,40.079077129167366],[-82.83015557919943,40.07907854627566],[-82.83005320716528,40.0790911810622],[-82.83002390424124,40.07909290668033],[-82.82999461943429,40.079090896905],[-82.82996582698628,40.07908518428277]]]}},{"type":"Feature","properties":{"PARCELID":"222-002488","OWNERNME1":"ROUSSEL MORGAN B","SITEADDRESS":"21 PICKETT PLACE","RESYRBLT":2016,"RESFLRAREA_AG":3049,"STATEDAREA":6314,"ACRES":0.14526522,"SCHLDSCRP":"NEW ALBANY-PLAIN LSD","CVTTXDSCRP":"PLAIN TWP-NEW ALBANY CORP","CLASSCD":"510","CLASSDSCRP":"SINGLE FAMILY DWELLING, PLATTED LOT","SALEPRICE":845000,"SALEDATE":1683003600000},"geometry":{"type":"Polygon","coordinates":[[[-82.8302653699065,40.079256944964854],[-82.8300736356447,40.0792805372033],[-82.82998303932864,40.07929178975351],[-82.83002862877784,40.07950853650556],[-82.83024038493944,40.07948226643484],[-82.83024943347674,40.07948238938482],[-82.83025837826531,40.07948101756075],[-82.83026697407641,40.07947818857233],[-82.83027498524878,40.079473979978594],[-82.83028219214953,40.079468507161614],[-82.8302883971955,40.07946192016319],[-82.83029343027029,40.07945439957131],[-82.83029715338796,40.07944615156921],[-82.83029946447618,40.07943740228266],[-82.83030030017457,40.079428391580564],[-82.83029963757176,40.07941936649877],[-82.83027017389225,40.07927998516094],[-82.8302653699065,40.079256944964854]]]}},{"type":"Feature","properties":{"PARCELID":"222-002489","OWNERNME1":"THOMPSON CHAD","SITEADDRESS":"22 PICKETT PL","RESYRBLT":2000,"RESFLRAREA_AG":2947,"STATEDAREA":6005,"ACRES":0.13786062,"SCHLDSCRP":"NEW ALBANY-PLAIN LSD","CVTTXDSCRP":"PLAIN TWP-NEW ALBANY CORP","CLASSCD":"510","CLASSDSCRP":"SINGLE FAMILY DWELLING, PLATTED LOT","SALEPRICE":545000,"SALEDATE":1561698000000},"geometry":{"type":"Polygon","coordinates":[[[-82.82998303932864,40.07929178975351],[-82.82971864016761,40.07932463015435],[-82.82976537396513,40.079546989066735],[-82.82979075620833,40.07953946094813],[-82.82981682453787,40.0795348378502],[-82.83002862877784,40.07950853650556],[-82.82998303932864,40.07929178975351]]]}},{"type":"Feature","properties":{"PARCELID":"222-002490","OWNERNME1":"KOON JAMES T","SITEADDRESS":"23 PICKETT PLACE","RESYRBLT":2004,"RESFLRAREA_AG":2920,"STATEDAREA":14177,"ACRES":0.32543588,"SCHLDSCRP":"NEW ALBANY-PLAIN LSD","CVTTXDSCRP":"PLAIN TWP-NEW ALBANY CORP","CLASSCD":"510","CLASSDSCRP":"SINGLE FAMILY DWELLING, PLATTED LOT","SALEPRICE":599000,"SALEDATE":1540270800000},"geometry":{"type":"Polygon","coordinates":[[[-82.82971864016761,40.07932463015435],[-82.82914489976464,40.07928314141842],[-82.82905338851903,40.079276535011],[-82.82906092549673,40.07928337652412],[-82.82931469503204,40.079512124744184],[-82.82937028207266,40.07956223087459],[-82.82937602105065,40.07958940316196],[-82.82962291150902,40.07955877679087],[-82.82968897017503,40.07959544789866],[-82.82971170367735,40.079575230529706],[-82.82973739493214,40.0795589359428],[-82.82976537396513,40.079546989066735],[-82.82971864016761,40.07932463015435]]]}},{"type":"Feature","properties":{"PARCELID":"222-002491","OWNERNME1":"RICKERT DANIELE","SITEADDRESS":"24 PICKETT PLACE","RESYRBLT":2004,"RESFLRAREA_AG":3368,"STATEDAREA":5955,"ACRES":0.13700958,"SCHLDSCRP":"NEW ALBANY-PLAIN LSD","CVTTXDSCRP":"PLAIN TWP-NEW ALBANY CORP","CLASSCD":"510","CLASSDSCRP":"SINGLE FAMILY DWELLING, PLATTED LOT","SALEPRICE":575000,"SALEDATE":1598245200000},"geometry":{"type":"Polygon","coordinates":[[[-82.82937602105065,40.07958940316196],[-82.82942147751648,40.07980615589612],[-82.82959789676949,40.07978421615466],[-82.82960692175261,40.07978434398727],[-82.8296158437503,40.07978297847686],[-82.82962441736971,40.07978015718076],[-82.82963240679987,40.0797759576966],[-82.82963959229751,40.079770495528045],[-82.8296457762309,40.07976392090795],[-82.8296507885156,40.0797564146663],[-82.82965449129244,40.07974818325663],[-82.82965678271938,40.07973945307771],[-82.82965759977242,40.07973046424653],[-82.82965691997913,40.07972146399417],[-82.82965421815557,40.07970776976542],[-82.82968897017503,40.07959544789866],[-82.82962291150902,40.07955877679087],[-82.82937602105065,40.07958940316196]]]}},{"type":"Feature","properties":{"PARCELID":"222-002492","OWNERNME1":"BARRETT DAVID J","SITEADDRESS":"25 PICKETT PL","RESYRBLT":2000,"RESFLRAREA_AG":3027,"STATEDAREA":7104,"ACRES":0.16340076,"SCHLDSCRP":"NEW ALBANY-PLAIN LSD","CVTTXDSCRP":"PLAIN TWP-NEW ALBANY CORP","CLASSCD":"510","CLASSDSCRP":"SINGLE FAMILY DWELLING, PLATTED LOT","SALEPRICE":661000,"SALEDATE":1633582800000},"geometry":{"type":"Polygon","coordinates":[[[-82.82937602105065,40.07958940316196],[-82.82937028207266,40.07956223087459],[-82.82931469503204,40.079512124744184],[-82.8290760702093,40.079669806311784],[-82.82910002728553,40.07969394051459],[-82.82911986883683,40.079721557793405],[-82.82913509609054,40.07975196391106],[-82.8291453262673,40.07978439452515],[-82.82914892985245,40.079794210809006],[-82.8291540310513,40.07980333895368],[-82.82916050313855,40.07981155219551],[-82.82916818533302,40.07981864649908],[-82.82917688679167,40.079824445625924],[-82.8291863913507,40.07982880551267],[-82.82919646289547,40.079831617849926],[-82.82920685122613,40.0798328127729],[-82.82921729827316,40.07983236059701],[-82.82922754450841,40.07983027255534],[-82.82942147751648,40.07980615589612],[-82.82937602105065,40.07958940316196]]]}},{"type":"Feature","properties":{"PARCELID":"222-002493","OWNERNME1":"ROSEBAUGH MATTHEW R TTEE","SITEADDRESS":"26 PICKETT PL","RESYRBLT":2000,"RESFLRAREA_AG":3466,"STATEDAREA":9515,"ACRES":0.21843778,"SCHLDSCRP":"NEW ALBANY-PLAIN LSD","CVTTXDSCRP":"PLAIN TWP-NEW ALBANY CORP","CLASSCD":"510","CLASSDSCRP":"SINGLE FAMILY DWELLING, PLATTED LOT","SALEPRICE":0,"SALEDATE":1699851600000},"geometry":{"type":"Polygon","coordinates":[[[-82.8290760702093,40.079669806311784],[-82.82931469503204,40.079512124744184],[-82.82906092549673,40.07928337652412],[-82.82905338851903,40.079276535011],[-82.82897510099284,40.079272447442136],[-82.8289723050749,40.07928362457277],[-82.82889985401593,40.07959212427178],[-82.82894771845609,40.07960161139398],[-82.82899368764464,40.079617977328816],[-82.82903677868224,40.07964087214477],[-82.8290760702093,40.079669806311784]]]}},{"type":"Feature","properties":{"PARCELID":"222-002494","OWNERNME1":"DIXON LEANDER","SITEADDRESS":"27 PICKETT PL","RESYRBLT":2000,"RESFLRAREA_AG":2827,"STATEDAREA":14191,"ACRES":0.32579112,"SCHLDSCRP":"NEW ALBANY-PLAIN LSD","CVTTXDSCRP":"PLAIN TWP-NEW ALBANY CORP","CLASSCD":"510","CLASSDSCRP":"SINGLE FAMILY DWELLING, PLATTED LOT","SALEPRICE":1075000,"SALEDATE":1778216400000},"geometry":{"type":"Polygon","coordinates":[[[-82.82865413151167,40.0792556916213],[-82.82837632740733,40.079224051626866],[-82.82842449743667,40.07928515640381],[-82.82868861776062,40.079621898327254],[-82.82872896881423,40.079606427852255],[-82.82877080741581,40.079595607753234],[-82.82881359950439,40.0795895761465],[-82.82885679884795,40.07958841002424],[-82.82889985401593,40.07959212427178],[-82.8289723050749,40.07928362457277],[-82.82897510099284,40.079272447442136],[-82.82882139906535,40.07926442441876],[-82.82865413151167,40.0792556916213]]]}},{"type":"Feature","properties":{"PARCELID":"222-002495","OWNERNME1":"CLINE BRIAN","SITEADDRESS":"28 PICKETT PL","RESYRBLT":2000,"RESFLRAREA_AG":3841,"STATEDAREA":17066,"ACRES":0.39177732,"SCHLDSCRP":"NEW ALBANY-PLAIN LSD","CVTTXDSCRP":"PLAIN TWP-NEW ALBANY CORP","CLASSCD":"510","CLASSDSCRP":"SINGLE FAMILY DWELLING, PLATTED LOT","SALEPRICE":638500,"SALEDATE":1470891600000},"geometry":{"type":"Polygon","coordinates":[[[-82.82837632740733,40.079224051626866],[-82.82813676664446,40.07919676672419],[-82.82813531678431,40.079196602358316],[-82.82815398765716,40.079285911887],[-82.82822540805375,40.07962613851911],[-82.8285644319771,40.07973326669771],[-82.82858830137346,40.079698240440585],[-82.82861747853713,40.079667495036205],[-82.82865120832366,40.079641826217184],[-82.82868861776062,40.079621898327254],[-82.82842449743667,40.07928515640381],[-82.82837632740733,40.079224051626866]]]}},{"type":"Feature","properties":{"PARCELID":"222-002496","OWNERNME1":"LEUBY MARIAN L","SITEADDRESS":"29 PICKETT PL","RESYRBLT":2000,"RESFLRAREA_AG":3207,"STATEDAREA":7266,"ACRES":0.16713057,"SCHLDSCRP":"NEW ALBANY-PLAIN LSD","CVTTXDSCRP":"PLAIN TWP-NEW ALBANY CORP","CLASSCD":"510","CLASSDSCRP":"SINGLE FAMILY DWELLING, PLATTED LOT","SALEPRICE":498500,"SALEDATE":1380690000000},"geometry":{"type":"Polygon","coordinates":[[[-82.8285644319771,40.07973326669771],[-82.82822540805375,40.07962613851911],[-82.82829254719208,40.07994598552465],[-82.82848657868628,40.07992198181065],[-82.828495617374,40.07992209657094],[-82.82850455109713,40.07992071829772],[-82.82851313493123,40.07991788477734],[-82.8285211335444,40.07991367369277],[-82.82852832764894,40.079908200493925],[-82.82853452001333,40.07990161523243],[-82.8285395408695,40.07989409844794],[-82.82854325256709,40.07988585621846],[-82.82854555334725,40.079877114510595],[-82.82854638013248,40.07986811298451],[-82.82854571025585,40.07985909842345],[-82.82854222007623,40.07983337554119],[-82.8285423867294,40.079807417493264],[-82.82854620689446,40.079781741544124],[-82.82855360444722,40.07975685933686],[-82.8285644319771,40.07973326669771]]]}},{"type":"Feature","properties":{"PARCELID":"222-002497","OWNERNME1":"GUNN AMANDA M TTEE","SITEADDRESS":"30 PICKETT PL","RESYRBLT":2000,"RESFLRAREA_AG":3347,"STATEDAREA":20631,"ACRES":0.47363317,"SCHLDSCRP":"NEW ALBANY-PLAIN LSD","CVTTXDSCRP":"PLAIN TWP-NEW ALBANY CORP","CLASSCD":"510","CLASSDSCRP":"SINGLE FAMILY DWELLING, PLATTED LOT","SALEPRICE":0,"SALEDATE":1765947600000},"geometry":{"type":"Polygon","coordinates":[[[-82.82813531678431,40.079196602358316],[-82.8280048396293,40.079181741782726],[-82.82788526575581,40.07928666176063],[-82.82802790552287,40.07997856520933],[-82.82802793675046,40.07997872272805],[-82.82829254719208,40.07994598552465],[-82.82822540805375,40.07962613851911],[-82.82815398765716,40.079285911887],[-82.82813531678431,40.079196602358316]]]}},{"type":"Feature","properties":{"PARCELID":"222-002498","OWNERNME1":"RUIZ EUFEMIO MARIO TTEE","SITEADDRESS":"31 PICKETT PLACE","RESYRBLT":2004,"RESFLRAREA_AG":3468,"STATEDAREA":16861,"ACRES":0.38706848,"SCHLDSCRP":"NEW ALBANY-PLAIN LSD","CVTTXDSCRP":"PLAIN TWP-NEW ALBANY CORP","CLASSCD":"510","CLASSDSCRP":"SINGLE FAMILY DWELLING, PLATTED LOT","SALEPRICE":0,"SALEDATE":1707800400000},"geometry":{"type":"Polygon","coordinates":[[[-82.82788526575581,40.07928666176063],[-82.82769702760551,40.07945164708134],[-82.8276539141025,40.079489453084264],[-82.82765394887171,40.079489615996856],[-82.82776326859043,40.08001145499263],[-82.82802793675046,40.07997872272805],[-82.82802790552287,40.07997856520933],[-82.82788526575581,40.07928666176063]]]}},{"type":"Feature","properties":{"PARCELID":"222-002499","OWNERNME1":"YIM HYUNAH","SITEADDRESS":"32 PICKETT PL","RESYRBLT":2000,"RESFLRAREA_AG":3070,"STATEDAREA":13533,"ACRES":0.31066867,"SCHLDSCRP":"NEW ALBANY-PLAIN LSD","CVTTXDSCRP":"PLAIN TWP-NEW ALBANY CORP","CLASSCD":"510","CLASSDSCRP":"SINGLE FAMILY DWELLING, PLATTED LOT","SALEPRICE":519000,"SALEDATE":1569214800000},"geometry":{"type":"Polygon","coordinates":[[[-82.82776326859043,40.08001145499263],[-82.82765394887171,40.079489615996856],[-82.8276539141025,40.079489453084264],[-82.8276333065341,40.07950751722213],[-82.82740100016814,40.07957839906893],[-82.82749860497223,40.080044208262045],[-82.82776326859043,40.08001145499263]]]}},{"type":"Feature","properties":{"PARCELID":"222-002500","OWNERNME1":"FRIEDMAN AMY M","SITEADDRESS":"33 PICKETT PL","RESYRBLT":2000,"RESFLRAREA_AG":3152,"STATEDAREA":12266,"ACRES":0.28159944,"SCHLDSCRP":"NEW ALBANY-PLAIN LSD","CVTTXDSCRP":"PLAIN TWP-NEW ALBANY CORP","CLASSCD":"510","CLASSDSCRP":"SINGLE FAMILY DWELLING, PLATTED LOT","SALEPRICE":540000,"SALEDATE":1387342800000},"geometry":{"type":"Polygon","coordinates":[[[-82.82740100016814,40.07957839906893],[-82.82722293381228,40.079632706043306],[-82.82714586071988,40.07965623453066],[-82.82723398898544,40.080076921175255],[-82.82749860497223,40.080044208262045],[-82.82740100016814,40.07957839906893]]]}},{"type":"Feature","properties":{"PARCELID":"222-002504","OWNERNME1":"BAY LUJEAN C TTEE","SITEADDRESS":"37 PICKETT PLACE","RESYRBLT":2001,"RESFLRAREA_AG":3844,"STATEDAREA":6086,"ACRES":0.13971759,"SCHLDSCRP":"NEW ALBANY-PLAIN LSD","CVTTXDSCRP":"PLAIN TWP-NEW ALBANY CORP","CLASSCD":"510","CLASSDSCRP":"SINGLE FAMILY DWELLING, PLATTED LOT","SALEPRICE":976000,"SALEDATE":1694667600000},"geometry":{"type":"Polygon","coordinates":[[[-82.82715952982137,40.08041139781424],[-82.82720257750684,40.08061744262938],[-82.82748508025009,40.080582617585044],[-82.82744184975273,40.08037651573886],[-82.82715952982137,40.08041139781424]]]}},{"type":"Feature","properties":{"PARCELID":"222-002505","OWNERNME1":"MULKANOOR KELLY","SITEADDRESS":"38 PICKETT PLACE","RESYRBLT":2001,"RESFLRAREA_AG":3298,"STATEDAREA":6074,"ACRES":0.1397545,"SCHLDSCRP":"NEW ALBANY-PLAIN LSD","CVTTXDSCRP":"PLAIN TWP-NEW ALBANY CORP","CLASSCD":"510","CLASSDSCRP":"SINGLE FAMILY DWELLING, PLATTED LOT","SALEPRICE":1200000,"SALEDATE":1785906000000},"geometry":{"type":"Polygon","coordinates":[[[-82.82712726222948,40.08025695284128],[-82.82715952982137,40.08041139781424],[-82.82744184975273,40.08037651573886],[-82.82739807259685,40.08016780903321],[-82.82718630606598,40.08019403887323],[-82.82717726709681,40.08019392083743],[-82.82716833292598,40.08019529833071],[-82.82715974928422,40.080198133465665],[-82.82715175226109,40.080202348263064],[-82.82714456181144,40.08020782679663],[-82.82713837570567,40.08021441838153],[-82.82713336409007,40.08022194171891],[-82.82712966480712,40.08023018988244],[-82.82712737960406,40.08023893600976],[-82.82712657133447,40.080247939542204],[-82.82712726222948,40.08025695284128]]]}},{"type":"Feature","properties":{"PARCELID":"222-002506","OWNERNME1":"EICK NATHAN A","SITEADDRESS":"39 PICKETT PLACE","RESYRBLT":2001,"RESFLRAREA_AG":3918,"STATEDAREA":5388,"ACRES":0.12369577,"SCHLDSCRP":"NEW ALBANY-PLAIN LSD","CVTTXDSCRP":"PLAIN TWP-NEW ALBANY CORP","CLASSCD":"510","CLASSDSCRP":"SINGLE FAMILY DWELLING, PLATTED LOT","SALEPRICE":817000,"SALEDATE":1684818000000},"geometry":{"type":"Polygon","coordinates":[[[-82.82764486778665,40.08013724653686],[-82.82739807259685,40.08016780903321],[-82.82744184975273,40.08037651573886],[-82.82768866005374,40.0803460206583],[-82.82764489776447,40.08013738784826],[-82.82764486778665,40.08013724653686]]]}},{"type":"Feature","properties":{"PARCELID":"222-002507","OWNERNME1":"VIVEKANANDAM KUMARAVEL","SITEADDRESS":"40 PICKETT PL","RESYRBLT":2000,"RESFLRAREA_AG":2295,"STATEDAREA":6166,"ACRES":0.14155672,"SCHLDSCRP":"NEW ALBANY-PLAIN LSD","CVTTXDSCRP":"PLAIN TWP-NEW ALBANY CORP","CLASSCD":"510","CLASSDSCRP":"SINGLE FAMILY DWELLING, PLATTED LOT","SALEPRICE":610000,"SALEDATE":1643778000000},"geometry":{"type":"Polygon","coordinates":[[[-82.82764489776447,40.08013738784826],[-82.82768866005374,40.0803460206583],[-82.82797087047929,40.08031115022373],[-82.82792736471143,40.080102394315716],[-82.82792733594376,40.080102261106504],[-82.82764486778665,40.08013724653686],[-82.82764489776447,40.08013738784826]]]}},{"type":"Feature","properties":{"PARCELID":"222-002508","OWNERNME1":"WILLIAMS ANNIE M","SITEADDRESS":"41 PICKETT PL","RESYRBLT":2001,"RESFLRAREA_AG":3504,"STATEDAREA":7608,"ACRES":0.1746546,"SCHLDSCRP":"NEW ALBANY-PLAIN LSD","CVTTXDSCRP":"PLAIN TWP-NEW ALBANY CORP","CLASSCD":"510","CLASSDSCRP":"SINGLE FAMILY DWELLING, PLATTED LOT","SALEPRICE":675000,"SALEDATE":1626325200000},"geometry":{"type":"Polygon","coordinates":[[[-82.82796236587,40.08009792333045],[-82.82792733594376,40.080102261106504],[-82.82792736471143,40.080102394315716],[-82.82797087047929,40.08031115022373],[-82.82768866005374,40.0803460206583],[-82.82773186844932,40.08055200810296],[-82.8280493791507,40.08051273056866],[-82.82796239462921,40.080098054738514],[-82.82796236587,40.08009792333045]]]}},{"type":"Feature","properties":{"PARCELID":"222-002509","OWNERNME1":"ESKIN STEVEN J","SITEADDRESS":"42 PICKETT PL","RESYRBLT":2001,"RESFLRAREA_AG":4000,"STATEDAREA":7234,"ACRES":0.16606308,"SCHLDSCRP":"NEW ALBANY-PLAIN LSD","CVTTXDSCRP":"PLAIN TWP-NEW ALBANY CORP","CLASSCD":"510","CLASSDSCRP":"SINGLE FAMILY DWELLING, PLATTED LOT","SALEPRICE":500000,"SALEDATE":996814800000},"geometry":{"type":"Polygon","coordinates":[[[-82.82796236587,40.08009792333045],[-82.82796239462921,40.080098054738514],[-82.8280493791507,40.08051273056866],[-82.82834937209869,40.08047562023134],[-82.8283061714751,40.0802696708063],[-82.82804158576404,40.080302443087454],[-82.82799769823184,40.08009357659461],[-82.82796236587,40.08009792333045]]]}},{"type":"Feature","properties":{"PARCELID":"222-002510","OWNERNME1":"BLALOCK PHILLIP T","SITEADDRESS":"43 PICKETT PLACE","RESYRBLT":2000,"RESFLRAREA_AG":3093,"STATEDAREA":5781,"ACRES":0.1327219,"SCHLDSCRP":"NEW ALBANY-PLAIN LSD","CVTTXDSCRP":"PLAIN TWP-NEW ALBANY CORP","CLASSCD":"510","CLASSDSCRP":"SINGLE FAMILY DWELLING, PLATTED LOT","SALEPRICE":523500,"SALEDATE":1588309200000},"geometry":{"type":"Polygon","coordinates":[[[-82.82826235221897,40.08006077899985],[-82.82799769823184,40.08009357659461],[-82.82804158576404,40.080302443087454],[-82.8283061714751,40.0802696708063],[-82.82826235221897,40.08006077899985]]]}},{"type":"Feature","properties":{"PARCELID":"222-002511","OWNERNME1":"KAUFMAN LORRAINE MARIE","SITEADDRESS":"44 PICKETT PLACE","RESYRBLT":2002,"RESFLRAREA_AG":3490,"STATEDAREA":5392,"ACRES":0.12377954,"SCHLDSCRP":"NEW ALBANY-PLAIN LSD","CVTTXDSCRP":"PLAIN TWP-NEW ALBANY CORP","CLASSCD":"510","CLASSDSCRP":"SINGLE FAMILY DWELLING, PLATTED LOT","SALEPRICE":629900,"SALEDATE":1594616400000},"geometry":{"type":"Polygon","coordinates":[[[-82.82826235221897,40.08006077899985],[-82.8283061714751,40.0802696708063],[-82.82855296426534,40.080239102808825],[-82.82850915023683,40.08003022998794],[-82.82826235221897,40.08006077899985]]]}},{"type":"Feature","properties":{"PARCELID":"222-002512","OWNERNME1":"BURNS SHEA ROBERT","SITEADDRESS":"45 PICKETT PLACE","RESYRBLT":2002,"RESFLRAREA_AG":3228,"STATEDAREA":6080,"ACRES":0.13989851,"SCHLDSCRP":"NEW ALBANY-PLAIN LSD","CVTTXDSCRP":"PLAIN TWP-NEW ALBANY CORP","CLASSCD":"510","CLASSDSCRP":"SINGLE FAMILY DWELLING, PLATTED LOT","SALEPRICE":550000,"SALEDATE":1596517200000},"geometry":{"type":"Polygon","coordinates":[[[-82.82850915023683,40.08003022998794],[-82.82855296426534,40.080239102808825],[-82.82883515936832,40.0802041492838],[-82.82883539019848,40.08020412071933],[-82.82880297835659,40.08004969189765],[-82.82879935392103,40.080039928637966],[-82.8287942426963,40.0800308548761],[-82.82878777126153,40.080022695323116],[-82.82878009988137,40.0800156520498],[-82.82877141853699,40.08000989948232],[-82.8287619422213,40.08000558008262],[-82.82875190561462,40.080002800820324],[-82.82874155727279,40.080001630523675],[-82.82873115347181,40.080002098174994],[-82.82872095186107,40.08000419219292],[-82.82850915023683,40.08003022998794]]]}},{"type":"Feature","properties":{"PARCELID":"222-002513","OWNERNME1":"YEOMAN KELLY","SITEADDRESS":"46 PICKETT PLACE","RESYRBLT":2002,"RESFLRAREA_AG":3301,"STATEDAREA":6081,"ACRES":0.13960066,"SCHLDSCRP":"NEW ALBANY-PLAIN LSD","CVTTXDSCRP":"PLAIN TWP-NEW ALBANY CORP","CLASSCD":"510","CLASSDSCRP":"SINGLE FAMILY DWELLING, PLATTED LOT","SALEPRICE":1030000,"SALEDATE":1783314000000},"geometry":{"type":"Polygon","coordinates":[[[-82.82859615836341,40.080445008936785],[-82.82887858341125,40.08040991507604],[-82.82883539019848,40.08020412071933],[-82.82883515936832,40.0802041492838],[-82.82855296426534,40.080239102808825],[-82.82859615836341,40.080445008936785]]]}},{"type":"Feature","properties":{"PARCELID":"222-002514","OWNERNME1":"NEW ALBANY COMMUNIUTIES MASTER ASSOCIATION INC","SITEADDRESS":"PICKETT PL","RESYRBLT":null,"RESFLRAREA_AG":null,"STATEDAREA":46572,"ACRES":1.06948226,"SCHLDSCRP":"NEW ALBANY-PLAIN LSD","CVTTXDSCRP":"PLAIN TWP-NEW ALBANY CORP","CLASSCD":"501","CLASSDSCRP":"RESIDENTIAL, 0-9.999 AC","SALEPRICE":0,"SALEDATE":1070859600000},"geometry":{"type":"Polygon","coordinates":[[[-82.8293372321962,40.08035317173658],[-82.82905483828614,40.08038830714138],[-82.82908324747571,40.08052380105816],[-82.82908690706259,40.080533529834085],[-82.82909204403268,40.08054256604985],[-82.82909853180368,40.080550687040216],[-82.82910621050766,40.08055769269238],[-82.8291148909304,40.08056341037708],[-82.82912435917386,40.080567699202405],[-82.82913438192705,40.08057045348557],[-82.829144712215,40.08057160535711],[-82.82915509548467,40.08057112643326],[-82.82916527587747,40.08056902851541],[-82.83028279994926,40.08043067348588],[-82.83054632657034,40.08039940855207],[-82.83072627556834,40.08037959973889],[-82.83074223146556,40.08017930894193],[-82.83055366017244,40.080202621966656],[-82.83025437282242,40.08023969362906],[-82.82993687538107,40.08027902122276],[-82.82989365340165,40.080072998563],[-82.82961158534255,40.08010781918684],[-82.8295677017337,40.07989926755177],[-82.82953237675332,40.079903646260874],[-82.82957622913892,40.08011231057165],[-82.82929400781359,40.08014726505186],[-82.8293372321962,40.08035317173658]]]}},{"type":"Feature","properties":{"PARCELID":"222-002515","OWNERNME1":"NEW ALBANY COMMUNIUTIES MASTER ASSOCIATION INC","SITEADDRESS":"PICKETT PL","RESYRBLT":null,"RESFLRAREA_AG":null,"STATEDAREA":60103,"ACRES":1.38010116,"SCHLDSCRP":"NEW ALBANY-PLAIN LSD","CVTTXDSCRP":"PLAIN TWP-NEW ALBANY CORP","CLASSCD":"501","CLASSDSCRP":"RESIDENTIAL, 0-9.999 AC","SALEPRICE":0,"SALEDATE":1070859600000},"geometry":{"type":"Polygon","coordinates":[[[-82.82720257750684,40.08061744262938],[-82.82679685889654,40.08066770644154],[-82.82640912937246,40.080715731332205],[-82.82639134269418,40.080912594343665],[-82.8288478981431,40.08060833210779],[-82.82885693696028,40.08060844689892],[-82.82886587081352,40.080607068617695],[-82.82887445476925,40.08060423505155],[-82.82888245348676,40.08060002388652],[-82.8288896476705,40.080594550577324],[-82.82889584008221,40.08058796518212],[-82.82890086094862,40.08058044824834],[-82.82890457261595,40.08057220586285],[-82.82890687332383,40.080563464001706],[-82.82890769999527,40.08055446233479],[-82.82890702996595,40.08054544765489],[-82.82887858341125,40.08040991507604],[-82.82859615836341,40.080445008936785],[-82.82855296426534,40.080239102808825],[-82.8283061714751,40.0802696708063],[-82.82834937209869,40.08047562023134],[-82.8280493791507,40.08051273056866],[-82.82773186844932,40.08055200810296],[-82.82768866005374,40.0803460206583],[-82.82744184975273,40.08037651573886],[-82.82748508025009,40.080582617585044],[-82.82720257750684,40.08061744262938]]]}},{"type":"Feature","properties":{"PARCELID":"222-002517","OWNERNME1":"THE NEW ALBANY COUNTRY CLUB ASSOCIATION INC","SITEADDRESS":"PICKETT PL","RESYRBLT":null,"RESFLRAREA_AG":null,"STATEDAREA":5924,"ACRES":0.13690208,"SCHLDSCRP":"NEW ALBANY-PLAIN LSD","CVTTXDSCRP":"PLAIN TWP-NEW ALBANY CORP","CLASSCD":"501","CLASSDSCRP":"RESIDENTIAL, 0-9.999 AC","SALEPRICE":0,"SALEDATE":1070859600000},"geometry":{"type":"Polygon","coordinates":[[[-82.8297979901496,40.079704047752465],[-82.82980164967888,40.07971377632953],[-82.82980678654953,40.079722812364395],[-82.82981327418375,40.079730933199855],[-82.82982095271952,40.07973793873013],[-82.82982963294982,40.079743656331736],[-82.82983910098481,40.07974794511707],[-82.82984912352234,40.07975069940603],[-82.82985945359674,40.079751851330094],[-82.82986983666433,40.079751372504674],[-82.82988001687559,40.07974927472851],[-82.83030341536904,40.07969690618441],[-82.83031075725452,40.07969665207844],[-82.83031794470719,40.07969513274422],[-82.83032476135546,40.07969239391989],[-82.83033100199046,40.07968851805523],[-82.83033647874369,40.07968362182951],[-82.83034102674259,40.07967785263908],[-82.83034450907387,40.07967138416004],[-82.83034682090519,40.07966441111994],[-82.83034789264102,40.07965714343568],[-82.83034769201772,40.07964979989413],[-82.83034512711856,40.07963608187993],[-82.8303414734391,40.07962634243675],[-82.83033634070033,40.07961729472324],[-82.8303298553685,40.07960916166733],[-82.8303221772367,40.07960214366056],[-82.83031349548749,40.07959641362061],[-82.83030402403176,40.079592112730765],[-82.83029399623807,40.07958934696128],[-82.83028365918268,40.07958818445833],[-82.83027326756181,40.07958865386501],[-82.83026307741608,40.07959074361553],[-82.82983986785473,40.07964326549154],[-82.82983308837012,40.079643161303785],[-82.82982638473733,40.07964417795228],[-82.82981994098402,40.07964628752807],[-82.82981393400365,40.07964943211922],[-82.82980852869942,40.07965352540064],[-82.82980387345734,40.07965845500386],[-82.8298000960728,40.079664085601756],[-82.82979730024229,40.079670262623566],[-82.82979556271675,40.07967681649812],[-82.82979493119461,40.07968356730892],[-82.82979542301236,40.07969032973319],[-82.8297979901496,40.079704047752465]]]}},{"type":"Feature","properties":{"PARCELID":"222-002518","OWNERNME1":"THE NEW ALBANY COUNTRY CLUB ASSOCIATION INC","SITEADDRESS":"PICKETT PL","RESYRBLT":null,"RESFLRAREA_AG":null,"STATEDAREA":4813,"ACRES":0.11101651,"SCHLDSCRP":"NEW ALBANY-PLAIN LSD","CVTTXDSCRP":"PLAIN TWP-NEW ALBANY CORP","CLASSCD":"501","CLASSDSCRP":"RESIDENTIAL, 0-9.999 AC","SALEPRICE":0,"SALEDATE":1070859600000},"geometry":{"type":"Polygon","coordinates":[[[-82.82868671388029,40.079841377498155],[-82.82869031317014,40.079851146928085],[-82.82869540178531,40.079860230024714],[-82.82870185348558,40.07986840145129],[-82.82870950821483,40.07987545848811],[-82.82871817607177,40.07988122606166],[-82.8287276420211,40.07988556108787],[-82.82873767122807,40.079888356021854],[-82.82874801488452,40.07988954152588],[-82.82875841638128,40.079889088189525],[-82.82876861767424,40.07988700725933],[-82.82894504335938,40.079865101803904],[-82.82895407801746,40.07986523484567],[-82.82896301078894,40.0798638753088],[-82.8289715967889,40.07986106046395],[-82.82897960063887,40.079856867477865],[-82.82898680291962,40.07985141129797],[-82.82899300618622,40.07984484150116],[-82.82899804038104,40.079837338193265],[-82.82900176749554,40.079829107071575],[-82.82900408535382,40.079820373785836],[-82.82900493041359,40.07981137775222],[-82.82900427950823,40.07980236558994],[-82.8289923480826,40.07977786433881],[-82.82897654733142,40.07975566058941],[-82.82895730808966,40.07973635976557],[-82.82893515494865,40.079720488137774],[-82.82891069195232,40.07970847847355],[-82.82888458612673,40.07970065823725],[-82.82885754929262,40.079697240661226],[-82.82883031865623,40.07969831893161],[-82.8288036367082,40.079703863647495],[-82.82877823097822,40.07971372362257],[-82.82875479419764,40.07972763000747],[-82.82873396541102,40.07974520362045],[-82.82871631255144,40.079765965286406],[-82.82870231695479,40.079789348902445],[-82.82869236023531,40.079814716873635],[-82.82868671388029,40.079841377498155]]]}},{"type":"Feature","properties":{"PARCELID":"222-002519","OWNERNME1":"THE NEW ALBANY COUNTRY CLUB ASSOCIATION INC","SITEADDRESS":"PICKETT PL","RESYRBLT":null,"RESFLRAREA_AG":null,"STATEDAREA":2488,"ACRES":0.05711621,"SCHLDSCRP":"NEW ALBANY-PLAIN LSD","CVTTXDSCRP":"PLAIN TWP-NEW ALBANY CORP","CLASSCD":"501","CLASSDSCRP":"RESIDENTIAL, 0-9.999 AC","SALEPRICE":0,"SALEDATE":1070859600000},"geometry":{"type":"Polygon","coordinates":[[[-82.8300306397051,40.07898275660623],[-82.83041504436812,40.078935073981945],[-82.8304199610876,40.078934868441614],[-82.83042476875677,40.07893381834901],[-82.83042932340975,40.0789319551492],[-82.83043348865725,40.078929334635795],[-82.83043713977075,40.078926035280176],[-82.83044016741749,40.07892215588171],[-82.83044248093447,40.07891781260915],[-82.83044401104328,40.078913135521994],[-82.83044471192477,40.07890826467582],[-82.830444562591,40.078903345928346],[-82.8304435675138,40.078898526571685],[-82.83044175649076,40.078893950921696],[-82.83043918375309,40.078889755996414],[-82.83043592634151,40.078886067413066],[-82.83043208179936,40.078882995626465],[-82.83042776525163,40.07888063262138],[-82.83042310595755,40.07887904915811],[-82.83041824343988,40.07887829265354],[-82.83041332330693,40.078878385761236],[-82.8304084928923,40.07887932569307],[-82.830403896843,40.078881084302765],[-82.83001926167445,40.0789285549967],[-82.83001432464913,40.078928779617364],[-82.83000950022642,40.078929851820284],[-82.83000493281013,40.078931739512456],[-82.83000075911131,40.078934386191825],[-82.8299971040564,40.07893771263845],[-82.82999407704787,40.0789416192857],[-82.82999176868958,40.07894598920052],[-82.82999024807494,40.07895069158338],[-82.82998956071867,40.07895558568338],[-82.82998972719464,40.07896052501119],[-82.82999074251991,40.07896536172372],[-82.82999257630392,40.07896995104934],[-82.8299951736582,40.07897415562117],[-82.82999845683919,40.07897784958869],[-82.83000232757529,40.07898092238474],[-82.8300066700083,40.07898328203491],[-82.83001135416131,40.07898485791058],[-82.83001623982905,40.078985602842906],[-82.8300211807746,40.07898549453472],[-82.8300260291064,40.07898453622787],[-82.8300306397051,40.07898275660623]]]}},{"type":"Feature","properties":{"PARCELID":"222-002613","OWNERNME1":"GERHARDT KELLY M","SITEADDRESS":"7226 TUMBLEBROOK DR","RESYRBLT":2001,"RESFLRAREA_AG":4682,"STATEDAREA":28003,"ACRES":0.64286973,"SCHLDSCRP":"NEW ALBANY-PLAIN LSD","CVTTXDSCRP":"PLAIN TWP-NEW ALBANY CORP","CLASSCD":"510","CLASSDSCRP":"SINGLE FAMILY DWELLING, PLATTED LOT","SALEPRICE":670000,"SALEDATE":1625720400000},"geometry":{"type":"Polygon","coordinates":[[[-82.82900502799873,40.08520350149558],[-82.82895731590338,40.0852404174494],[-82.82986278738879,40.08523787482338],[-82.82989044794395,40.08494627824583],[-82.82904069854817,40.084898688868826],[-82.82902095984623,40.08494569706589],[-82.82900502799873,40.08520350149558]]]}},{"type":"Feature","properties":{"PARCELID":"222-002614","OWNERNME1":"LACKEY JOHN D","SITEADDRESS":"7214 TUMBLEBROOK DR","RESYRBLT":2001,"RESFLRAREA_AG":3460,"STATEDAREA":20580,"ACRES":0.47245986,"SCHLDSCRP":"NEW ALBANY-PLAIN LSD","CVTTXDSCRP":"PLAIN TWP-NEW ALBANY CORP","CLASSCD":"510","CLASSDSCRP":"SINGLE FAMILY DWELLING, PLATTED LOT","SALEPRICE":424430,"SALEDATE":994136400000},"geometry":{"type":"Polygon","coordinates":[[[-82.82904069854817,40.084898688868826],[-82.82989044794395,40.08494627824583],[-82.82991381197765,40.084699976023664],[-82.82909464219125,40.08465396102951],[-82.82912308835263,40.084702474346635],[-82.82904069854817,40.084898688868826]]]}},{"type":"Feature","properties":{"PARCELID":"222-002615","OWNERNME1":"NGUYENBA THAIBINH P","SITEADDRESS":"7202 TUMBLEBROOK DR","RESYRBLT":2001,"RESFLRAREA_AG":3260,"STATEDAREA":22816,"ACRES":0.52377632,"SCHLDSCRP":"NEW ALBANY-PLAIN LSD","CVTTXDSCRP":"PLAIN TWP-NEW ALBANY CORP","CLASSCD":"510","CLASSDSCRP":"SINGLE FAMILY DWELLING, PLATTED LOT","SALEPRICE":471500,"SALEDATE":1254891600000},"geometry":{"type":"Polygon","coordinates":[[[-82.82909464219125,40.08465396102951],[-82.82991381197765,40.084699976023664],[-82.82993720043591,40.08445342063479],[-82.8289661419454,40.08439931573917],[-82.82897428693121,40.08444869914961],[-82.82909464219125,40.08465396102951]]]}},{"type":"Feature","properties":{"PARCELID":"222-002616","OWNERNME1":"BRAND JAMES K","SITEADDRESS":"7188 TUMBLEBROOK DR","RESYRBLT":2001,"RESFLRAREA_AG":3344,"STATEDAREA":25333,"ACRES":0.58155452,"SCHLDSCRP":"NEW ALBANY-PLAIN LSD","CVTTXDSCRP":"PLAIN TWP-NEW ALBANY CORP","CLASSCD":"510","CLASSDSCRP":"SINGLE FAMILY DWELLING, PLATTED LOT","SALEPRICE":515035,"SALEDATE":1001480400000},"geometry":{"type":"Polygon","coordinates":[[[-82.8289661419454,40.08439931573917],[-82.82993720043591,40.08445342063479],[-82.82996056296084,40.08420711745905],[-82.82893713234755,40.08414986941154],[-82.8289368719834,40.08414985392924],[-82.82892608496643,40.084156488237696],[-82.8289661419454,40.08439931573917]]]}},{"type":"Feature","properties":{"PARCELID":"222-002617","OWNERNME1":"CHRISTIE AUDRA D TR","SITEADDRESS":"7177 TUMBLEBROOK DR","RESYRBLT":2014,"RESFLRAREA_AG":3332,"STATEDAREA":28131,"ACRES":0.64580733,"SCHLDSCRP":"NEW ALBANY-PLAIN LSD","CVTTXDSCRP":"PLAIN TWP-NEW ALBANY CORP","CLASSCD":"510","CLASSDSCRP":"SINGLE FAMILY DWELLING, PLATTED LOT","SALEPRICE":0,"SALEDATE":1637557200000},"geometry":{"type":"Polygon","coordinates":[[[-82.82936890650072,40.08372616929619],[-82.8293669831112,40.08375914218334],[-82.82927493472721,40.08394194700153],[-82.8289368719834,40.08414985392924],[-82.82893713234755,40.08414986941154],[-82.82996056296084,40.08420711745905],[-82.82996954448066,40.084154338961966],[-82.82998545516877,40.08410322059485],[-82.8300080132006,40.08405466781271],[-82.83003681900774,40.08400954062659],[-82.82936890650072,40.08372616929619]]]}},{"type":"Feature","properties":{"PARCELID":"222-002618","OWNERNME1":"POWERS LEIGH L","SITEADDRESS":"7169 TUMBLEBROOK DR","RESYRBLT":2014,"RESFLRAREA_AG":4011,"STATEDAREA":55540,"ACRES":1.27501359,"SCHLDSCRP":"NEW ALBANY-PLAIN LSD","CVTTXDSCRP":"PLAIN TWP-NEW ALBANY CORP","CLASSCD":"510","CLASSDSCRP":"SINGLE FAMILY DWELLING, PLATTED LOT","SALEPRICE":579900,"SALEDATE":1408338000000},"geometry":{"type":"Polygon","coordinates":[[[-82.8304027982788,40.08289127301446],[-82.83007504747358,40.083031641466356],[-82.82994978183385,40.08314234412572],[-82.83012143310293,40.0833919355916],[-82.83011226577489,40.083492979362596],[-82.82998619287547,40.08358474280769],[-82.82982566989905,40.083571193412105],[-82.82951069931073,40.083393922869],[-82.82938514285368,40.083443961052026],[-82.82936890650072,40.08372616929619],[-82.83003681900774,40.08400954062659],[-82.8300726633491,40.08396562480296],[-82.8301130506113,40.08392584685147],[-82.83015750621294,40.08389067419369],[-82.83036719660109,40.08374052363473],[-82.83039388446447,40.08312050898305],[-82.8304027982788,40.08289127301446]]]}},{"type":"Feature","properties":{"PARCELID":"222-002619","OWNERNME1":"BALASUBRAMANIAN NATARAJAN","SITEADDRESS":"7155 TUMBLEBROOK DR","RESYRBLT":2002,"RESFLRAREA_AG":3875,"STATEDAREA":15621,"ACRES":0.358616,"SCHLDSCRP":"NEW ALBANY-PLAIN LSD","CVTTXDSCRP":"PLAIN TWP-NEW ALBANY CORP","CLASSCD":"510","CLASSDSCRP":"SINGLE FAMILY DWELLING, PLATTED LOT","SALEPRICE":990000,"SALEDATE":1783918800000},"geometry":{"type":"Polygon","coordinates":[[[-82.83039388446447,40.08312050898305],[-82.83036719660109,40.08374052363473],[-82.83056141067958,40.08360145310957],[-82.83056966649343,40.0835956417138],[-82.83061628742911,40.08356656356612],[-82.83066510094281,40.08354133875304],[-82.83071578923322,40.083520131501174],[-82.83076802229321,40.08350307988075],[-82.8305670905655,40.08309206280028],[-82.83039388446447,40.08312050898305]]]}},{"type":"Feature","properties":{"PARCELID":"222-002620","OWNERNME1":"GUALDONI BROOKE B","SITEADDRESS":"7143 TUMBLEBROOK DR","RESYRBLT":2002,"RESFLRAREA_AG":3825,"STATEDAREA":17582,"ACRES":0.40361734,"SCHLDSCRP":"NEW ALBANY-PLAIN LSD","CVTTXDSCRP":"PLAIN TWP-NEW ALBANY CORP","CLASSCD":"510","CLASSDSCRP":"SINGLE FAMILY DWELLING, PLATTED LOT","SALEPRICE":730000,"SALEDATE":1630386000000},"geometry":{"type":"Polygon","coordinates":[[[-82.8305670905655,40.08309206280028],[-82.83076802229321,40.08350307988075],[-82.83083322707176,40.08348726859816],[-82.83089953984806,40.08347705706041],[-82.83096648062389,40.08347251918267],[-82.83103356485533,40.083473687811896],[-82.8310776559994,40.083008313462884],[-82.83056743038631,40.08309202221811],[-82.8305670905655,40.08309206280028]]]}},{"type":"Feature","properties":{"PARCELID":"222-002621","OWNERNME1":"COSS TED G","SITEADDRESS":"7133 TUMBLEBROOK DR","RESYRBLT":2001,"RESFLRAREA_AG":4212,"STATEDAREA":15491,"ACRES":0.35561663,"SCHLDSCRP":"NEW ALBANY-PLAIN LSD","CVTTXDSCRP":"PLAIN TWP-NEW ALBANY CORP","CLASSCD":"510","CLASSDSCRP":"SINGLE FAMILY DWELLING, PLATTED LOT","SALEPRICE":523752,"SALEDATE":1010034000000},"geometry":{"type":"Polygon","coordinates":[[[-82.83103356485533,40.083473687811896],[-82.83133627191587,40.08349064174277],[-82.83138695407439,40.08295759622484],[-82.8310776559994,40.083008313462884],[-82.83103356485533,40.083473687811896]]]}},{"type":"Feature","properties":{"PARCELID":"222-002622","OWNERNME1":"BURCH DAVID","SITEADDRESS":"7123 TUMBLEBROOK DR","RESYRBLT":2001,"RESFLRAREA_AG":4653,"STATEDAREA":14442,"ACRES":0.33154729,"SCHLDSCRP":"NEW ALBANY-PLAIN LSD","CVTTXDSCRP":"PLAIN TWP-NEW ALBANY CORP","CLASSCD":"510","CLASSDSCRP":"SINGLE FAMILY DWELLING, PLATTED LOT","SALEPRICE":630000,"SALEDATE":1206507600000},"geometry":{"type":"Polygon","coordinates":[[[-82.83133627191587,40.08349064174277],[-82.83163940132847,40.083507618919874],[-82.83167200779882,40.08315726225652],[-82.8314458649368,40.08294790264962],[-82.83138695407439,40.08295759622484],[-82.83133627191587,40.08349064174277]]]}},{"type":"Feature","properties":{"PARCELID":"222-002623","OWNERNME1":"7126 TUMBLEBROOK LLC","SITEADDRESS":"7126 TUMBLEBROOK DR","RESYRBLT":2001,"RESFLRAREA_AG":3400,"STATEDAREA":11264,"ACRES":0.25858324,"SCHLDSCRP":"NEW ALBANY-PLAIN LSD","CVTTXDSCRP":"PLAIN TWP-NEW ALBANY CORP","CLASSCD":"510","CLASSDSCRP":"SINGLE FAMILY DWELLING, PLATTED LOT","SALEPRICE":0,"SALEDATE":1784610000000},"geometry":{"type":"Polygon","coordinates":[[[-82.83123737437366,40.08396698769739],[-82.83138001413633,40.083975010842444],[-82.83141268333308,40.08363206340917],[-82.83109167018199,40.08361469111905],[-82.83105936439108,40.083956973692636],[-82.83123737437366,40.08396698769739]]]}},{"type":"Feature","properties":{"PARCELID":"222-002624","OWNERNME1":"KANG DONG-SHIK","SITEADDRESS":"7142 TUMBLEBROOK DR","RESYRBLT":2003,"RESFLRAREA_AG":3584,"STATEDAREA":11490,"ACRES":0.26382255,"SCHLDSCRP":"NEW ALBANY-PLAIN LSD","CVTTXDSCRP":"PLAIN TWP-NEW ALBANY CORP","CLASSCD":"510","CLASSDSCRP":"SINGLE FAMILY DWELLING, PLATTED LOT","SALEPRICE":519137,"SALEDATE":1054702800000},"geometry":{"type":"Polygon","coordinates":[[[-82.83109167018199,40.08361469111905],[-82.83102050976255,40.08361084600673],[-82.83096123246062,40.08361001158651],[-82.83090222830177,40.08361575649895],[-82.83084422528583,40.08362800986269],[-82.83078793906044,40.08364662049437],[-82.83073406409126,40.083671358773955],[-82.83068326509363,40.08370191947782],[-82.83063115569753,40.08373930601402],[-82.83092367402205,40.083980414799385],[-82.83105936439108,40.083956973692636],[-82.83109167018199,40.08361469111905]]]}},{"type":"Feature","properties":{"PARCELID":"222-002625","OWNERNME1":"EDWARDS JENNA GAUDIO","SITEADDRESS":"7158 TUMBLEBROOK DR","RESYRBLT":2001,"RESFLRAREA_AG":3446,"STATEDAREA":10805,"ACRES":0.24804656,"SCHLDSCRP":"NEW ALBANY-PLAIN LSD","CVTTXDSCRP":"PLAIN TWP-NEW ALBANY CORP","CLASSCD":"510","CLASSDSCRP":"SINGLE FAMILY DWELLING, PLATTED LOT","SALEPRICE":936500,"SALEDATE":1781672400000},"geometry":{"type":"Polygon","coordinates":[[[-82.8305720106757,40.08405304903545],[-82.83068825536566,40.08414879848601],[-82.83078227479862,40.084081550676665],[-82.83092367402205,40.083980414799385],[-82.83063115569753,40.08373930601402],[-82.8305707220039,40.08378266532303],[-82.83039585722514,40.083907790561305],[-82.8305720106757,40.08405304903545]]]}},{"type":"Feature","properties":{"PARCELID":"222-002626","OWNERNME1":"RUBENSTEIN MICHAEL","SITEADDRESS":"7174 TUMBLEBROOK DR","RESYRBLT":2001,"RESFLRAREA_AG":3313,"STATEDAREA":14009,"ACRES":0.32161878,"SCHLDSCRP":"NEW ALBANY-PLAIN LSD","CVTTXDSCRP":"PLAIN TWP-NEW ALBANY CORP","CLASSCD":"510","CLASSDSCRP":"SINGLE FAMILY DWELLING, PLATTED LOT","SALEPRICE":528000,"SALEDATE":1558414800000},"geometry":{"type":"Polygon","coordinates":[[[-82.83027963289751,40.08399096458646],[-82.83024335206514,40.084018828702504],[-82.83021143489664,40.084051600673995],[-82.83018453917286,40.08408860510349],[-82.83016321918765,40.08412907936681],[-82.83014791432456,40.08417218933],[-82.83013894000143,40.08421704653995],[-82.83013372948754,40.08427197727417],[-82.83057317114519,40.084296532052875],[-82.83068825536566,40.08414879848601],[-82.8305720106757,40.08405304903545],[-82.83039585722514,40.083907790561305],[-82.83027963289751,40.08399096458646]]]}},{"type":"Feature","properties":{"PARCELID":"222-002627","OWNERNME1":"BARR JASON F","SITEADDRESS":"7191 TUMBLEBROOK DR","RESYRBLT":2001,"RESFLRAREA_AG":3521,"STATEDAREA":11241,"ACRES":0.25806775,"SCHLDSCRP":"NEW ALBANY-PLAIN LSD","CVTTXDSCRP":"PLAIN TWP-NEW ALBANY CORP","CLASSCD":"510","CLASSDSCRP":"SINGLE FAMILY DWELLING, PLATTED LOT","SALEPRICE":385000,"SALEDATE":1310965200000},"geometry":{"type":"Polygon","coordinates":[[[-82.83011035807738,40.084518259790876],[-82.83055580924604,40.08454308865604],[-82.83056574815888,40.084438479933],[-82.83057346028195,40.08435719679337],[-82.83057924583196,40.084296788753974],[-82.83057317114519,40.084296532052875],[-82.83013372948754,40.08427197727417],[-82.83011035807738,40.084518259790876]]]}},{"type":"Feature","properties":{"PARCELID":"222-002628","OWNERNME1":"JANAKIEVSKI VANCHO","SITEADDRESS":"7205 TUMBLEBROOK DR","RESYRBLT":2001,"RESFLRAREA_AG":3427,"STATEDAREA":11249,"ACRES":0.25824996,"SCHLDSCRP":"NEW ALBANY-PLAIN LSD","CVTTXDSCRP":"PLAIN TWP-NEW ALBANY CORP","CLASSCD":"510","CLASSDSCRP":"SINGLE FAMILY DWELLING, PLATTED LOT","SALEPRICE":439055,"SALEDATE":1020056400000},"geometry":{"type":"Polygon","coordinates":[[[-82.83008699363468,40.084764562973305],[-82.83053243703054,40.08478964502044],[-82.83054496420844,40.08465758854709],[-82.83055580924604,40.08454308865604],[-82.83011035807738,40.084518259790876],[-82.83008699363468,40.084764562973305]]]}},{"type":"Feature","properties":{"PARCELID":"222-002629","OWNERNME1":"KELLERMAN JAMES E","SITEADDRESS":"7217 TUMBLEBROOK DR","RESYRBLT":2001,"RESFLRAREA_AG":4111,"STATEDAREA":11250,"ACRES":0.25826385,"SCHLDSCRP":"NEW ALBANY-PLAIN LSD","CVTTXDSCRP":"PLAIN TWP-NEW ALBANY CORP","CLASSCD":"510","CLASSDSCRP":"SINGLE FAMILY DWELLING, PLATTED LOT","SALEPRICE":430000,"SALEDATE":1368680400000},"geometry":{"type":"Polygon","coordinates":[[[-82.83006359749517,40.085011139098945],[-82.83050907164603,40.08503594736691],[-82.83052417779462,40.08487669984729],[-82.83053243703054,40.08478964502044],[-82.83008699363468,40.084764562973305],[-82.83006359749517,40.085011139098945]]]}},{"type":"Feature","properties":{"PARCELID":"222-002630","OWNERNME1":"FELLOWS CICI L TR","SITEADDRESS":"7229 TUMBLEBROOK DR","RESYRBLT":2001,"RESFLRAREA_AG":2858,"STATEDAREA":11243,"ACRES":0.25811016,"SCHLDSCRP":"NEW ALBANY-PLAIN LSD","CVTTXDSCRP":"PLAIN TWP-NEW ALBANY CORP","CLASSCD":"510","CLASSDSCRP":"SINGLE FAMILY DWELLING, PLATTED LOT","SALEPRICE":397500,"SALEDATE":1566363600000},"geometry":{"type":"Polygon","coordinates":[[[-82.83004023027254,40.08525742061753],[-82.8304857049274,40.085282250589145],[-82.83050341691622,40.08509553817031],[-82.83050907164603,40.08503594736691],[-82.83006359749517,40.085011139098945],[-82.83004023027254,40.08525742061753]]]}},{"type":"Feature","properties":{"PARCELID":"222-002634","OWNERNME1":"EMIG TRENT A","SITEADDRESS":"7230 FERNRIDGE DR","RESYRBLT":2001,"RESFLRAREA_AG":3294,"STATEDAREA":9992,"ACRES":0.22938364,"SCHLDSCRP":"NEW ALBANY-PLAIN LSD","CVTTXDSCRP":"PLAIN TWP-NEW ALBANY CORP","CLASSCD":"510","CLASSDSCRP":"SINGLE FAMILY DWELLING, PLATTED LOT","SALEPRICE":370180,"SALEDATE":999666000000},"geometry":{"type":"Polygon","coordinates":[[[-82.83057804858937,40.08531987032153],[-82.83092805723705,40.08533945444066],[-82.83094880395134,40.0851206160996],[-82.83057699929849,40.08509972081745],[-82.83050341691622,40.08509553817031],[-82.8304857049274,40.085282250589145],[-82.8304826314124,40.08531464942276],[-82.83057804858937,40.08531987032153]]]}},{"type":"Feature","properties":{"PARCELID":"222-002635","OWNERNME1":"KASSOFF RONALD","SITEADDRESS":"7220 FERNRIDGE DR","RESYRBLT":2001,"RESFLRAREA_AG":3773,"STATEDAREA":9996,"ACRES":0.22947367,"SCHLDSCRP":"NEW ALBANY-PLAIN LSD","CVTTXDSCRP":"PLAIN TWP-NEW ALBANY CORP","CLASSCD":"510","CLASSDSCRP":"SINGLE FAMILY DWELLING, PLATTED LOT","SALEPRICE":539900,"SALEDATE":1120712400000},"geometry":{"type":"Polygon","coordinates":[[[-82.83057699929849,40.08509972081745],[-82.83094880395134,40.0851206160996],[-82.83096957854022,40.08490150387412],[-82.83057595001426,40.084879571294586],[-82.83052417779462,40.08487669984729],[-82.83050907164603,40.08503594736691],[-82.83050341691622,40.08509553817031],[-82.83057699929849,40.08509972081745]]]}},{"type":"Feature","properties":{"PARCELID":"222-002636","OWNERNME1":"CARSON LISA M","SITEADDRESS":"7210 FERNRIDGE DR","RESYRBLT":2002,"RESFLRAREA_AG":2269,"STATEDAREA":10003,"ACRES":0.22963427,"SCHLDSCRP":"NEW ALBANY-PLAIN LSD","CVTTXDSCRP":"PLAIN TWP-NEW ALBANY CORP","CLASSCD":"510","CLASSDSCRP":"SINGLE FAMILY DWELLING, PLATTED LOT","SALEPRICE":666500,"SALEDATE":1680152400000},"geometry":{"type":"Polygon","coordinates":[[[-82.83057595001426,40.084879571294586],[-82.83096957854022,40.08490150387412],[-82.83099035182967,40.08468239253028],[-82.83057489942753,40.08465914707266],[-82.83054496420844,40.08465758854709],[-82.83053243703054,40.08478964502044],[-82.83052417779462,40.08487669984729],[-82.83057595001426,40.084879571294586]]]}},{"type":"Feature","properties":{"PARCELID":"222-002637","OWNERNME1":"7200 FERNRIDGE CORP LLC","SITEADDRESS":"7200 FERNRIDGE DR","RESYRBLT":2001,"RESFLRAREA_AG":3382,"STATEDAREA":9990,"ACRES":0.22935025,"SCHLDSCRP":"NEW ALBANY-PLAIN LSD","CVTTXDSCRP":"PLAIN TWP-NEW ALBANY CORP","CLASSCD":"510","CLASSDSCRP":"SINGLE FAMILY DWELLING, PLATTED LOT","SALEPRICE":442712,"SALEDATE":1446440400000},"geometry":{"type":"Polygon","coordinates":[[[-82.83057489942753,40.08465914707266],[-82.83099035182967,40.08468239253028],[-82.83101109931476,40.08446355231813],[-82.83057385015661,40.0844389975123],[-82.83056574815888,40.084438479933],[-82.83055580924604,40.08454308865604],[-82.83054496420844,40.08465758854709],[-82.83057489942753,40.08465914707266]]]}},{"type":"Feature","properties":{"PARCELID":"222-002638","OWNERNME1":"7190 FERNRIDGE LLC","SITEADDRESS":"7190 FERNRIDGE DR","RESYRBLT":2001,"RESFLRAREA_AG":3752,"STATEDAREA":12303,"ACRES":0.28243407,"SCHLDSCRP":"NEW ALBANY-PLAIN LSD","CVTTXDSCRP":"PLAIN TWP-NEW ALBANY CORP","CLASSCD":"510","CLASSDSCRP":"SINGLE FAMILY DWELLING, PLATTED LOT","SALEPRICE":0,"SALEDATE":1666760400000},"geometry":{"type":"Polygon","coordinates":[[[-82.83057385015661,40.0844389975123],[-82.83101109931476,40.08446355231813],[-82.8310266893657,40.08429909784405],[-82.83078227479862,40.084081550676665],[-82.83068825536566,40.08414879848601],[-82.83057317114519,40.084296532052875],[-82.83057924583196,40.084296788753974],[-82.83057346028195,40.08435719679337],[-82.83056574815888,40.084438479933],[-82.83057385015661,40.0844389975123]]]}},{"type":"Feature","properties":{"PARCELID":"222-002639","OWNERNME1":"DITTMER JEFFREY A TR","SITEADDRESS":"7187 FERNRIDGE DR","RESYRBLT":2003,"RESFLRAREA_AG":3600,"STATEDAREA":11402,"ACRES":0.26175408,"SCHLDSCRP":"NEW ALBANY-PLAIN LSD","CVTTXDSCRP":"PLAIN TWP-NEW ALBANY CORP","CLASSCD":"510","CLASSDSCRP":"SINGLE FAMILY DWELLING, PLATTED LOT","SALEPRICE":0,"SALEDATE":1244782800000},"geometry":{"type":"Polygon","coordinates":[[[-82.8310266893657,40.08429909784405],[-82.83120506460965,40.084309058635334],[-82.83123737437366,40.08396698769739],[-82.83105936439108,40.083956973692636],[-82.83092367402205,40.083980414799385],[-82.83078227479862,40.084081550676665],[-82.8310266893657,40.08429909784405]]]}},{"type":"Feature","properties":{"PARCELID":"222-002640","OWNERNME1":"SMITH RACHAEL","SITEADDRESS":"7179 FERNRIDGE DR","RESYRBLT":2001,"RESFLRAREA_AG":2991,"STATEDAREA":9247,"ACRES":0.21228899,"SCHLDSCRP":"NEW ALBANY-PLAIN LSD","CVTTXDSCRP":"PLAIN TWP-NEW ALBANY CORP","CLASSCD":"510","CLASSDSCRP":"SINGLE FAMILY DWELLING, PLATTED LOT","SALEPRICE":602500,"SALEDATE":1767070800000},"geometry":{"type":"Polygon","coordinates":[[[-82.83120506460965,40.084309058635334],[-82.83146889114612,40.084323812618024],[-82.83150119514983,40.083981788453514],[-82.83138001413633,40.083975010842444],[-82.83123737437366,40.08396698769739],[-82.83120506460965,40.084309058635334]]]}},{"type":"Feature","properties":{"PARCELID":"222-002653","OWNERNME1":"KENNEDY SCOTT M","SITEADDRESS":"7231 FERNRIDGE DR","RESYRBLT":2003,"RESFLRAREA_AG":2648,"STATEDAREA":9996,"ACRES":0.22947388,"SCHLDSCRP":"NEW ALBANY-PLAIN LSD","CVTTXDSCRP":"PLAIN TWP-NEW ALBANY CORP","CLASSCD":"510","CLASSDSCRP":"SINGLE FAMILY DWELLING, PLATTED LOT","SALEPRICE":383976,"SALEDATE":1052888400000},"geometry":{"type":"Polygon","coordinates":[[[-82.8311050127113,40.0853631301667],[-82.83155060631628,40.085388089959835],[-82.83157136331945,40.08516911368623],[-82.83112577528911,40.08514429175019],[-82.8311050127113,40.0853631301667]]]}},{"type":"Feature","properties":{"PARCELID":"222-002654","OWNERNME1":"ZHANG YAN","SITEADDRESS":"7221 FERNRIDGE DR","RESYRBLT":2003,"RESFLRAREA_AG":3714,"STATEDAREA":10002,"ACRES":0.22961036,"SCHLDSCRP":"NEW ALBANY-PLAIN LSD","CVTTXDSCRP":"PLAIN TWP-NEW ALBANY CORP","CLASSCD":"510","CLASSDSCRP":"SINGLE FAMILY DWELLING, PLATTED LOT","SALEPRICE":474461,"SALEDATE":1084424400000},"geometry":{"type":"Polygon","coordinates":[[[-82.83112577528911,40.08514429175019],[-82.83157136331945,40.08516911368623],[-82.83159211902772,40.084950139194916],[-82.83114654933031,40.08492518039604],[-82.83112577528911,40.08514429175019]]]}},{"type":"Feature","properties":{"PARCELID":"222-002655","OWNERNME1":"THE ISHARP TRUST","SITEADDRESS":"7211 FERNRIDGE DR","RESYRBLT":2002,"RESFLRAREA_AG":3997,"STATEDAREA":10005,"ACRES":0.22967529,"SCHLDSCRP":"NEW ALBANY-PLAIN LSD","CVTTXDSCRP":"PLAIN TWP-NEW ALBANY CORP","CLASSCD":"510","CLASSDSCRP":"SINGLE FAMILY DWELLING, PLATTED LOT","SALEPRICE":0,"SALEDATE":1713330000000},"geometry":{"type":"Polygon","coordinates":[[[-82.83114654933031,40.08492518039604],[-82.83159211902772,40.084950139194916],[-82.83161288918829,40.08473102684789],[-82.83116734669406,40.084706069854136],[-82.83114654933031,40.08492518039604]]]}},{"type":"Feature","properties":{"PARCELID":"222-002656","OWNERNME1":"KRUPOVLYANSKAYA ANNA","SITEADDRESS":"7201 FERNRIDGE DR","RESYRBLT":2002,"RESFLRAREA_AG":2392,"STATEDAREA":11337,"ACRES":0.26026116,"SCHLDSCRP":"NEW ALBANY-PLAIN LSD","CVTTXDSCRP":"PLAIN TWP-NEW ALBANY CORP","CLASSCD":"510","CLASSDSCRP":"SINGLE FAMILY DWELLING, PLATTED LOT","SALEPRICE":600000,"SALEDATE":1661922000000},"geometry":{"type":"Polygon","coordinates":[[[-82.83116734669406,40.084706069854136],[-82.83161288918829,40.08473102684789],[-82.83163754009358,40.08447095218875],[-82.83137016040908,40.08445596993945],[-82.83134227162918,40.0844539318589],[-82.83131442646265,40.08445649789015],[-82.83128737984225,40.084463598463444],[-82.83126186505076,40.08447504106941],[-82.8312385738403,40.08449051547832],[-82.83121813767767,40.08450960215097],[-82.83120111062418,40.08453178361318],[-82.83118795431402,40.0845564584854],[-82.83117902543856,40.08458295778726],[-82.83116734669406,40.084706069854136]]]}},{"type":"Feature","properties":{"PARCELID":"222-002667","OWNERNME1":"HAMPSTED VILLAGE ASSOC INC","SITEADDRESS":"TUMBLEBROOK DR","RESYRBLT":null,"RESFLRAREA_AG":null,"STATEDAREA":24982,"ACRES":0.57350979,"SCHLDSCRP":"NEW ALBANY-PLAIN LSD","CVTTXDSCRP":"PLAIN TWP-NEW ALBANY CORP","CLASSCD":"501","CLASSDSCRP":"RESIDENTIAL, 0-9.999 AC","SALEPRICE":0,"SALEDATE":1014613200000},"geometry":{"type":"Polygon","coordinates":[[[-82.8304027982788,40.08289127301446],[-82.83039388446447,40.08312050898305],[-82.8305670905655,40.08309206280028],[-82.83056743038631,40.08309202221811],[-82.8310776559994,40.083008313462884],[-82.83138695407439,40.08295759622484],[-82.8314458649368,40.08294790264962],[-82.83151548359668,40.08278410260459],[-82.83141656992159,40.08272536312315],[-82.8305663471474,40.08286473533309],[-82.8304027982788,40.08289127301446]]]}},{"type":"Feature","properties":{"PARCELID":"222-002755","OWNERNME1":"WALTHER SEAN P","SITEADDRESS":"4918 BROOKSVIEW CR","RESYRBLT":2002,"RESFLRAREA_AG":3719,"STATEDAREA":12753,"ACRES":0.29276126,"SCHLDSCRP":"NEW ALBANY-PLAIN LSD","CVTTXDSCRP":"PLAIN TWP-NEW ALBANY CORP","CLASSCD":"510","CLASSDSCRP":"SINGLE FAMILY DWELLING, PLATTED LOT","SALEPRICE":695000,"SALEDATE":1122354000000},"geometry":{"type":"Polygon","coordinates":[[[-82.83112951002771,40.082177394313426],[-82.83116645596185,40.08259602976815],[-82.83147360359531,40.08254567678729],[-82.83143960978539,40.082161263260915],[-82.83112951002771,40.082177394313426]]]}},{"type":"Feature","properties":{"PARCELID":"222-002756","OWNERNME1":"GARAGIOLA DEREK","SITEADDRESS":"4908 BROOKSVIEW CR","RESYRBLT":2002,"RESFLRAREA_AG":3775,"STATEDAREA":23504,"ACRES":0.53958472,"SCHLDSCRP":"NEW ALBANY-PLAIN LSD","CVTTXDSCRP":"PLAIN TWP-NEW ALBANY CORP","CLASSCD":"510","CLASSDSCRP":"SINGLE FAMILY DWELLING, PLATTED LOT","SALEPRICE":1100000,"SALEDATE":1780290000000},"geometry":{"type":"Polygon","coordinates":[[[-82.83056551116869,40.08268932793239],[-82.83057231922683,40.082693427250184],[-82.83116645596185,40.08259602976815],[-82.83112951002771,40.082177394313426],[-82.83093334611048,40.08218759759053],[-82.83056451820988,40.082480981364334],[-82.83041527485942,40.082599712411685],[-82.83056551116869,40.08268932793239]]]}},{"type":"Feature","properties":{"PARCELID":"222-002757","OWNERNME1":"GABEL JAMES G","SITEADDRESS":"4902 BROOKSVIEW CR","RESYRBLT":2002,"RESFLRAREA_AG":3979,"STATEDAREA":17834,"ACRES":0.40941383,"SCHLDSCRP":"NEW ALBANY-PLAIN LSD","CVTTXDSCRP":"PLAIN TWP-NEW ALBANY CORP","CLASSCD":"510","CLASSDSCRP":"SINGLE FAMILY DWELLING, PLATTED LOT","SALEPRICE":466365,"SALEDATE":1025499600000},"geometry":{"type":"Polygon","coordinates":[[[-82.83043926388062,40.08203774000225],[-82.83041527485942,40.082599712411685],[-82.83056451820988,40.082480981364334],[-82.83093334611048,40.08218759759053],[-82.83093919238776,40.0820503290368],[-82.83056242111563,40.082040956534776],[-82.83043926388062,40.08203774000225]]]}},{"type":"Feature","properties":{"PARCELID":"222-002758","OWNERNME1":"SHARMA JAGAN N","SITEADDRESS":"4894 BROOKSVIEW CR","RESYRBLT":2003,"RESFLRAREA_AG":3583,"STATEDAREA":11203,"ACRES":0.25719149,"SCHLDSCRP":"NEW ALBANY-PLAIN LSD","CVTTXDSCRP":"PLAIN TWP-NEW ALBANY CORP","CLASSCD":"510","CLASSDSCRP":"SINGLE FAMILY DWELLING, PLATTED LOT","SALEPRICE":565000,"SALEDATE":1572411600000},"geometry":{"type":"Polygon","coordinates":[[[-82.83056242111563,40.082040956534776],[-82.83093919238776,40.0820503290368],[-82.83094860849177,40.08183069285612],[-82.83056137323301,40.08182108143225],[-82.83044867230988,40.08181837586905],[-82.83043926388062,40.08203774000225],[-82.83056242111563,40.082040956534776]]]}},{"type":"Feature","properties":{"PARCELID":"222-002759","OWNERNME1":"SPENGEMAN ERIN ELIZABETH","SITEADDRESS":"4884 BROOKSVIEW CR","RESYRBLT":2003,"RESFLRAREA_AG":3448,"STATEDAREA":11199,"ACRES":0.25710497,"SCHLDSCRP":"NEW ALBANY-PLAIN LSD","CVTTXDSCRP":"PLAIN TWP-NEW ALBANY CORP","CLASSCD":"510","CLASSDSCRP":"SINGLE FAMILY DWELLING, PLATTED LOT","SALEPRICE":623000,"SALEDATE":1612501200000},"geometry":{"type":"Polygon","coordinates":[[[-82.83056137323301,40.08182108143225],[-82.83094860849177,40.08183069285612],[-82.83095798953609,40.08161133864379],[-82.83056032535275,40.081601205410514],[-82.83045803837912,40.08159874615715],[-82.83044867230988,40.08181837586905],[-82.83056137323301,40.08182108143225]]]}},{"type":"Feature","properties":{"PARCELID":"222-002760","OWNERNME1":"TEHAN BONNIE","SITEADDRESS":"4874 BROOKSVIEW CR","RESYRBLT":2003,"RESFLRAREA_AG":3276,"STATEDAREA":11193,"ACRES":0.25695067,"SCHLDSCRP":"NEW ALBANY-PLAIN LSD","CVTTXDSCRP":"PLAIN TWP-NEW ALBANY CORP","CLASSCD":"510","CLASSDSCRP":"SINGLE FAMILY DWELLING, PLATTED LOT","SALEPRICE":525000,"SALEDATE":1544158800000},"geometry":{"type":"Polygon","coordinates":[[[-82.83056032535275,40.081601205410514],[-82.83095798953609,40.08161133864379],[-82.83096737052105,40.081391984412164],[-82.83055927879249,40.0813816049514],[-82.83046740673818,40.081379117319905],[-82.83045803837912,40.08159874615715],[-82.83056032535275,40.081601205410514]]]}},{"type":"Feature","properties":{"PARCELID":"222-002761","OWNERNME1":"GAFFORD JUSTIN A","SITEADDRESS":"4864 BROOKSVIEW CR","RESYRBLT":2004,"RESFLRAREA_AG":3520,"STATEDAREA":11205,"ACRES":0.25722269,"SCHLDSCRP":"NEW ALBANY-PLAIN LSD","CVTTXDSCRP":"PLAIN TWP-NEW ALBANY CORP","CLASSCD":"510","CLASSDSCRP":"SINGLE FAMILY DWELLING, PLATTED LOT","SALEPRICE":565000,"SALEDATE":1626411600000},"geometry":{"type":"Polygon","coordinates":[[[-82.83055927879249,40.0813816049514],[-82.83096737052105,40.081391984412164],[-82.83097675717909,40.08117235726184],[-82.8305582309298,40.08116172979297],[-82.8304767693164,40.0811597640644],[-82.83046740673818,40.081379117319905],[-82.83055927879249,40.0813816049514]]]}},{"type":"Feature","properties":{"PARCELID":"222-002762","OWNERNME1":"BOUTELL ROB","SITEADDRESS":"4854 BROOKSVIEW CR","RESYRBLT":2003,"RESFLRAREA_AG":3543,"STATEDAREA":11599,"ACRES":0.26626973,"SCHLDSCRP":"NEW ALBANY-PLAIN LSD","CVTTXDSCRP":"PLAIN TWP-NEW ALBANY CORP","CLASSCD":"510","CLASSDSCRP":"SINGLE FAMILY DWELLING, PLATTED LOT","SALEPRICE":530000,"SALEDATE":1442811600000},"geometry":{"type":"Polygon","coordinates":[[[-82.8305582309298,40.08116172979297],[-82.83097675717909,40.08117235726184],[-82.83098800037779,40.08090962372422],[-82.8305572668007,40.08095942337671],[-82.83048496815454,40.08096783747389],[-82.8304767693164,40.0811597640644],[-82.8305582309298,40.08116172979297]]]}},{"type":"Feature","properties":{"PARCELID":"222-002768","OWNERNME1":"ROGERS BRIAN GREGORY","SITEADDRESS":"4921 BROOKSVIEW CR","RESYRBLT":2003,"RESFLRAREA_AG":3758,"STATEDAREA":13611,"ACRES":0.31247012,"SCHLDSCRP":"NEW ALBANY-PLAIN LSD","CVTTXDSCRP":"PLAIN TWP-NEW ALBANY CORP","CLASSCD":"510","CLASSDSCRP":"SINGLE FAMILY DWELLING, PLATTED LOT","SALEPRICE":0,"SALEDATE":1583989200000},"geometry":{"type":"Polygon","coordinates":[[[-82.83112501488972,40.08188858226445],[-82.8311303163025,40.08191454721348],[-82.83113974262633,40.081939314691645],[-82.83115304623384,40.08196223406299],[-82.83116987764232,40.0819827032409],[-82.83118979469455,40.082000184504764],[-82.83121227417413,40.0820142186258],[-82.83123672555031,40.08202443693089],[-82.83126250649104,40.082030570987484],[-82.83128893973696,40.08203245965534],[-82.83131533089275,40.08203005331958],[-82.83150753488898,40.082020079417255],[-82.83147355251712,40.081636572699395],[-82.8311349497728,40.08165421070301],[-82.83112501488972,40.08188858226445]]]}},{"type":"Feature","properties":{"PARCELID":"222-002769","OWNERNME1":"IOVINO ANTHONY III","SITEADDRESS":"4875 BROOKSVIEW CR","RESYRBLT":2002,"RESFLRAREA_AG":4037,"STATEDAREA":15341,"ACRES":0.35218488,"SCHLDSCRP":"NEW ALBANY-PLAIN LSD","CVTTXDSCRP":"PLAIN TWP-NEW ALBANY CORP","CLASSCD":"510","CLASSDSCRP":"SINGLE FAMILY DWELLING, PLATTED LOT","SALEPRICE":0,"SALEDATE":1619499600000},"geometry":{"type":"Polygon","coordinates":[[[-82.83114546585975,40.08140603301553],[-82.8311349497728,40.08165421070301],[-82.83147355251712,40.081636572699395],[-82.83175883651664,40.08162171217373],[-82.83173709906197,40.08137525193864],[-82.83161849229778,40.08138141800856],[-82.83114546585975,40.08140603301553]]]}},{"type":"Feature","properties":{"PARCELID":"222-002770","OWNERNME1":"FREEDMAN MATTHEW J","SITEADDRESS":"4848 BROOKSVIEW CR","RESYRBLT":2003,"RESFLRAREA_AG":3443,"STATEDAREA":16571,"ACRES":0.38040943,"SCHLDSCRP":"NEW ALBANY-PLAIN LSD","CVTTXDSCRP":"PLAIN TWP-NEW ALBANY CORP","CLASSCD":"510","CLASSDSCRP":"SINGLE FAMILY DWELLING, PLATTED LOT","SALEPRICE":495000,"SALEDATE":1409893200000},"geometry":{"type":"Polygon","coordinates":[[[-82.83115649018447,40.08114595868523],[-82.83114546585975,40.08140603301553],[-82.83161849229778,40.08138141800856],[-82.83154908500617,40.08098963012035],[-82.83131110008055,40.08101447333989],[-82.83128669034656,40.08101645211396],[-82.8312628842615,40.081022198501955],[-82.83124025973238,40.08103157300686],[-82.83121936598319,40.081044348056956],[-82.83120071022219,40.081060213530236],[-82.83118474532921,40.08107878428284],[-82.83117185886155,40.08109960949861],[-82.83116236364596,40.08112218363295],[-82.83115649018447,40.08114595868523]]]}},{"type":"Feature","properties":{"PARCELID":"222-002772","OWNERNME1":"HAMPSTED VILLAGE ASSOC INC","SITEADDRESS":"BROOKSVIEW CR","RESYRBLT":null,"RESFLRAREA_AG":null,"STATEDAREA":122731,"ACRES":2.81751312,"SCHLDSCRP":"NEW ALBANY-PLAIN LSD","CVTTXDSCRP":"PLAIN TWP-NEW ALBANY CORP","CLASSCD":"501","CLASSDSCRP":"RESIDENTIAL, 0-9.999 AC","SALEPRICE":0,"SALEDATE":1014613200000},"geometry":{"type":"Polygon","coordinates":[[[-82.83228069815141,40.08317752794782],[-82.83254665389286,40.083192397771555],[-82.83280503695988,40.08289575058164],[-82.83317394206645,40.0828425498177],[-82.83316135232052,40.082699292173395],[-82.83312501272293,40.08228736331092],[-82.83312366332511,40.08227200282511],[-82.83301086428291,40.082371137627504],[-82.83289805571927,40.082470554233076],[-82.83244467810381,40.08249411732116],[-82.83214171675112,40.082509885018354],[-82.83184088372221,40.08252550273021],[-82.8315304050766,40.0825416719274],[-82.8314967687797,40.082158287699144],[-82.83143960978539,40.082161263260915],[-82.83147360359531,40.08254567678729],[-82.83116645596185,40.08259602976815],[-82.83057231922683,40.082693427250184],[-82.83056551116869,40.08268932793239],[-82.83041527485942,40.082599712411685],[-82.8304027982788,40.08289127301446],[-82.8305663471474,40.08286473533309],[-82.83141656992159,40.08272536312315],[-82.83151548359668,40.08278410260459],[-82.8314458649368,40.08294790264962],[-82.83167200779882,40.08315726225652],[-82.83197650057922,40.083160519418136],[-82.83228069815141,40.08317752794782]]]}},{"type":"Feature","properties":{"PARCELID":"222-002773","OWNERNME1":"HAMPSTED VILLAGE ASSOC INC","SITEADDRESS":"BROOKSVIEW DR","RESYRBLT":null,"RESFLRAREA_AG":null,"STATEDAREA":30727,"ACRES":0.70539301,"SCHLDSCRP":"NEW ALBANY-PLAIN LSD","CVTTXDSCRP":"PLAIN TWP-NEW ALBANY CORP","CLASSCD":"501","CLASSDSCRP":"RESIDENTIAL, 0-9.999 AC","SALEPRICE":0,"SALEDATE":1014613200000},"geometry":{"type":"Polygon","coordinates":[[[-82.83148668833397,40.08058065503509],[-82.83084441615674,40.080647693468116],[-82.8305699606185,40.08067773705798],[-82.83049699782624,40.08068621877616],[-82.83048496815454,40.08096783747389],[-82.8305572668007,40.08095942337671],[-82.83098800037779,40.08090962372422],[-82.83153500021307,40.080852424888214],[-82.83154471552648,40.08085190054261],[-82.83155421546041,40.080849799707536],[-82.83156324594262,40.08084617856904],[-82.83157156545614,40.08084113397316],[-82.83157895149863,40.08083480083577],[-82.83158520653306,40.08082734853431],[-82.83159016327085,40.08081897637787],[-82.83159368914583,40.08080990827672],[-82.83159568985977,40.08080038675391],[-82.8315961119043,40.080790666459094],[-82.8315671032287,40.080627692883795],[-82.83156270772807,40.080617286417095],[-82.831556705947,40.0806077159626],[-82.83154925210063,40.08059922743213],[-82.83154053771476,40.08059203893757],[-82.8315307867046,40.08058633518651],[-82.83152024962132,40.08058226273625],[-82.83150919721416,40.08057992622795],[-82.83149791347354,40.080579385697945],[-82.83148668833397,40.08058065503509]]]}},{"type":"Feature","properties":{"PARCELID":"222-003122","OWNERNME1":"KAZAN MARY E","SITEADDRESS":"7 PICKETT PL","RESYRBLT":2004,"RESFLRAREA_AG":3008,"STATEDAREA":11951,"ACRES":0.27434749,"SCHLDSCRP":"NEW ALBANY-PLAIN LSD","CVTTXDSCRP":"PLAIN TWP-NEW ALBANY CORP","CLASSCD":"510","CLASSDSCRP":"SINGLE FAMILY DWELLING, PLATTED LOT","SALEPRICE":572500,"SALEDATE":1569819600000},"geometry":{"type":"Polygon","coordinates":[[[-82.8307615799781,40.07996568953303],[-82.8305526542077,40.0799915310919],[-82.83052875583677,40.079994492837194],[-82.8302465835433,40.08002945037139],[-82.83020267876118,40.079820536077506],[-82.83016735741245,40.07982492217244],[-82.83025437282242,40.08023969362906],[-82.83055366017244,40.080202621966656],[-82.83074223146556,40.08017930894193],[-82.8307615799781,40.07996568953303]]]}},{"type":"Feature","properties":{"PARCELID":"222-003123","OWNERNME1":"TUNIS GREGORY L","SITEADDRESS":"8 PICKETT PL","RESYRBLT":2004,"RESFLRAREA_AG":2849,"STATEDAREA":6363,"ACRES":0.14606908,"SCHLDSCRP":"NEW ALBANY-PLAIN LSD","CVTTXDSCRP":"PLAIN TWP-NEW ALBANY CORP","CLASSCD":"510","CLASSDSCRP":"SINGLE FAMILY DWELLING, PLATTED LOT","SALEPRICE":600000,"SALEDATE":1568005200000},"geometry":{"type":"Polygon","coordinates":[[[-82.83020267876118,40.079820536077506],[-82.8302465835433,40.08002945037139],[-82.83052875583677,40.079994492837194],[-82.83052872347399,40.07999434432833],[-82.83048484797125,40.07978584343008],[-82.83044177961112,40.079756559751225],[-82.83042903597764,40.079766591097574],[-82.83041545530752,40.07977545639522],[-82.8304057958165,40.0797808646619],[-82.83038024231227,40.079792248295284],[-82.83035349574945,40.07980044524988],[-82.8303259518505,40.07980533424956],[-82.83020267876118,40.079820536077506]]]}},{"type":"Feature","properties":{"PARCELID":"222-003124","OWNERNME1":"DOLAN MICHAEL U","SITEADDRESS":"9 PICKETT PL","RESYRBLT":2003,"RESFLRAREA_AG":4737,"STATEDAREA":13317,"ACRES":0.30569813,"SCHLDSCRP":"NEW ALBANY-PLAIN LSD","CVTTXDSCRP":"PLAIN TWP-NEW ALBANY CORP","CLASSCD":"510","CLASSDSCRP":"SINGLE FAMILY DWELLING, PLATTED LOT","SALEPRICE":760000,"SALEDATE":1571374800000},"geometry":{"type":"Polygon","coordinates":[[[-82.83049061467858,40.07964304978469],[-82.830491190859,40.07964955863931],[-82.8304906823763,40.079668369790134],[-82.83048733543299,40.07968688777924],[-82.83048122699074,40.07970468679278],[-82.83047249751074,40.07972135754948],[-82.83046134772394,40.07973651671187],[-82.83045666996111,40.07974195961044],[-82.83044177961112,40.079756559751225],[-82.83048484797125,40.07978584343008],[-82.83052872347399,40.07999434432833],[-82.83052875583677,40.079994492837194],[-82.8305526542077,40.0799915310919],[-82.8307615799781,40.07996568953303],[-82.83095209468269,40.07967582491137],[-82.83079381276842,40.07960572243551],[-82.83055095886122,40.07963577793781],[-82.83049061467858,40.07964304978469]]]}},{"type":"Feature","properties":{"PARCELID":"222-003125","OWNERNME1":"KRISS SHANE","SITEADDRESS":"10 PICKETT PL","RESYRBLT":2005,"RESFLRAREA_AG":3611,"STATEDAREA":7087,"ACRES":0.16269603,"SCHLDSCRP":"NEW ALBANY-PLAIN LSD","CVTTXDSCRP":"PLAIN TWP-NEW ALBANY CORP","CLASSCD":"510","CLASSDSCRP":"SINGLE FAMILY DWELLING, PLATTED LOT","SALEPRICE":970000,"SALEDATE":1780462800000},"geometry":{"type":"Polygon","coordinates":[[[-82.83044860161932,40.07943978693286],[-82.8304888989269,40.07963235902187],[-82.83049061467858,40.07964304978469],[-82.83055095886122,40.07963577793781],[-82.83079381276842,40.07960572243551],[-82.8308128176531,40.07939484988247],[-82.83054996598983,40.07942743112426],[-82.83044860161932,40.07943978693286]]]}},{"type":"Feature","properties":{"PARCELID":"222-003128","OWNERNME1":"MACDONALD MICHAEL","SITEADDRESS":"13 PICKETT PL","RESYRBLT":2013,"RESFLRAREA_AG":3936,"STATEDAREA":39447,"ACRES":0.90557411,"SCHLDSCRP":"NEW ALBANY-PLAIN LSD","CVTTXDSCRP":"PLAIN TWP-NEW ALBANY CORP","CLASSCD":"510","CLASSDSCRP":"SINGLE FAMILY DWELLING, PLATTED LOT","SALEPRICE":1400000,"SALEDATE":1677214800000},"geometry":{"type":"Polygon","coordinates":[[[-82.83083461441517,40.07915213035144],[-82.83142654743872,40.079183678107434],[-82.83143596962856,40.07908153099943],[-82.83147979465669,40.07860651366275],[-82.83088648568462,40.07857574997926],[-82.83088645789186,40.07857606797127],[-82.83086744980471,40.078786666828904],[-82.830578186406,40.07886326032469],[-82.830584255461,40.07888008893766],[-82.83058744812197,40.078897691282926],[-82.83058767587923,40.07891557937309],[-82.83058493241866,40.07893325729907],[-82.83057929379687,40.078950234978166],[-82.83084674641488,40.07901621196989],[-82.83083461441517,40.07915213035144]]]}},{"type":"Feature","properties":{"PARCELID":"222-003129","OWNERNME1":"THIEL DOMINIC","SITEADDRESS":"5969 PICKETT PL","RESYRBLT":2004,"RESFLRAREA_AG":2156,"STATEDAREA":37927,"ACRES":0.87067386,"SCHLDSCRP":"NEW ALBANY-PLAIN LSD","CVTTXDSCRP":"PLAIN TWP-NEW ALBANY CORP","CLASSCD":"510","CLASSDSCRP":"SINGLE FAMILY DWELLING, PLATTED LOT","SALEPRICE":327500,"SALEDATE":1467867600000},"geometry":{"type":"Polygon","coordinates":[[[-82.83138024169516,40.07969837756987],[-82.83095209468269,40.07967582491137],[-82.8307615799781,40.07996568953303],[-82.83074223146556,40.08017930894193],[-82.83072627556834,40.08037959973889],[-82.83132487775158,40.08031726280876],[-82.83132667651695,40.08031707581656],[-82.8313809617361,40.07969841606724],[-82.83138024169516,40.07969837756987]]]}},{"type":"Feature","properties":{"PARCELID":"545-230483","OWNERNME1":"BUELL MICHAEL T","SITEADDRESS":"4859 SLOANE PL","RESYRBLT":1994,"RESFLRAREA_AG":3392,"STATEDAREA":12046,"ACRES":0.27654295,"SCHLDSCRP":"NEW ALBANY-PLAIN LSD","CVTTXDSCRP":"COLUMBUS-PLAIN LSD","CLASSCD":"510","CLASSDSCRP":"SINGLE FAMILY DWELLING, PLATTED LOT","SALEPRICE":440000,"SALEDATE":1578978000000},"geometry":{"type":"Polygon","coordinates":[[[-82.82707832981141,40.081549977127715],[-82.82732960660938,40.08155870883094],[-82.82735981339133,40.08107158683503],[-82.82710338179574,40.08110358137107],[-82.82707832981141,40.081549977127715]]]}},{"type":"Feature","properties":{"PARCELID":"545-230484","OWNERNME1":"CONN JASON","SITEADDRESS":"4865 SLOANE PL","RESYRBLT":1994,"RESFLRAREA_AG":2907,"STATEDAREA":13073,"ACRES":0.30010994,"SCHLDSCRP":"NEW ALBANY-PLAIN LSD","CVTTXDSCRP":"COLUMBUS-PLAIN LSD","CLASSCD":"510","CLASSDSCRP":"SINGLE FAMILY DWELLING, PLATTED LOT","SALEPRICE":0,"SALEDATE":1402549200000},"geometry":{"type":"Polygon","coordinates":[[[-82.82732960660938,40.08155870883094],[-82.82758050826166,40.08156743383776],[-82.82761582766074,40.08103965414275],[-82.82735981339133,40.08107158683503],[-82.82732960660938,40.08155870883094]]]}},{"type":"Feature","properties":{"PARCELID":"545-230485","OWNERNME1":"VANDEBOOM JOEL","SITEADDRESS":"4871 SLOANE PL","RESYRBLT":1985,"RESFLRAREA_AG":2470,"STATEDAREA":29299,"ACRES":0.67260295,"SCHLDSCRP":"NEW ALBANY-PLAIN LSD","CVTTXDSCRP":"COLUMBUS-PLAIN LSD","CLASSCD":"510","CLASSDSCRP":"SINGLE FAMILY DWELLING, PLATTED LOT","SALEPRICE":780000,"SALEDATE":1782450000000},"geometry":{"type":"Polygon","coordinates":[[[-82.82758050826166,40.08156743383776],[-82.82775920876824,40.0815736380169],[-82.82823401599387,40.081249221350795],[-82.8282444642252,40.080961236478714],[-82.82761582766074,40.08103965414275],[-82.82758050826166,40.08156743383776]]]}},{"type":"Feature","properties":{"PARCELID":"545-230486","OWNERNME1":"GARIEPY KISANUKI CHERYL","SITEADDRESS":"4877 SLOANE PL","RESYRBLT":1994,"RESFLRAREA_AG":2303,"STATEDAREA":14324,"ACRES":0.3288323,"SCHLDSCRP":"NEW ALBANY-PLAIN LSD","CVTTXDSCRP":"COLUMBUS-PLAIN LSD","CLASSCD":"510","CLASSDSCRP":"SINGLE FAMILY DWELLING, PLATTED LOT","SALEPRICE":307000,"SALEDATE":1229576400000},"geometry":{"type":"Polygon","coordinates":[[[-82.82775536122544,40.08171117913408],[-82.82821697683327,40.08171894674116],[-82.82823401599387,40.081249221350795],[-82.82775920876824,40.0815736380169],[-82.82775536122544,40.08171117913408]]]}},{"type":"Feature","properties":{"PARCELID":"545-230487","OWNERNME1":"SLANE SHEILA M","SITEADDRESS":"4883 SLOANE PL","RESYRBLT":1994,"RESFLRAREA_AG":2567,"STATEDAREA":9032,"ACRES":0.20734915,"SCHLDSCRP":"NEW ALBANY-PLAIN LSD","CVTTXDSCRP":"COLUMBUS-PLAIN LSD","CLASSCD":"510","CLASSDSCRP":"SINGLE FAMILY DWELLING, PLATTED LOT","SALEPRICE":0,"SALEDATE":1743051600000},"geometry":{"type":"Polygon","coordinates":[[[-82.82775000138915,40.0819033434073],[-82.82821000620474,40.081911119138184],[-82.82821697683327,40.08171894674116],[-82.82775536122544,40.08171117913408],[-82.82775000138915,40.0819033434073]]]}},{"type":"Feature","properties":{"PARCELID":"545-230488","OWNERNME1":"RILEY KELLY L","SITEADDRESS":"4889 SLOANE PL","RESYRBLT":1996,"RESFLRAREA_AG":3395,"STATEDAREA":8959,"ACRES":0.20566249,"SCHLDSCRP":"NEW ALBANY-PLAIN LSD","CVTTXDSCRP":"COLUMBUS-PLAIN LSD","CLASSCD":"510","CLASSDSCRP":"SINGLE FAMILY DWELLING, PLATTED LOT","SALEPRICE":0,"SALEDATE":1480395600000},"geometry":{"type":"Polygon","coordinates":[[[-82.82774461915551,40.08209524024894],[-82.82819987337777,40.08210302836671],[-82.82821000620474,40.081911119138184],[-82.82775000138915,40.0819033434073],[-82.82774461915551,40.08209524024894]]]}},{"type":"Feature","properties":{"PARCELID":"545-230489","OWNERNME1":"DEWITT MICHAEL W","SITEADDRESS":"4905 SLOANE PL","RESYRBLT":1996,"RESFLRAREA_AG":2810,"STATEDAREA":8872,"ACRES":0.20366933,"SCHLDSCRP":"NEW ALBANY-PLAIN LSD","CVTTXDSCRP":"COLUMBUS-PLAIN LSD","CLASSCD":"510","CLASSDSCRP":"SINGLE FAMILY DWELLING, PLATTED LOT","SALEPRICE":263894,"SALEDATE":846738000000},"geometry":{"type":"Polygon","coordinates":[[[-82.82773924405217,40.0822874117404],[-82.8281897381456,40.082294936686104],[-82.82819987337777,40.08210302836671],[-82.82774461915551,40.08209524024894],[-82.82773924405217,40.0822874117404]]]}},{"type":"Feature","properties":{"PARCELID":"545-230490","OWNERNME1":"DECARLO LYDIA B","SITEADDRESS":"4911 SLOANE PL","RESYRBLT":1995,"RESFLRAREA_AG":3188,"STATEDAREA":8772,"ACRES":0.20137765,"SCHLDSCRP":"NEW ALBANY-PLAIN LSD","CVTTXDSCRP":"COLUMBUS-PLAIN LSD","CLASSCD":"510","CLASSDSCRP":"SINGLE FAMILY DWELLING, PLATTED LOT","SALEPRICE":430000,"SALEDATE":1120712400000},"geometry":{"type":"Polygon","coordinates":[[[-82.8277338769666,40.08247930130583],[-82.82817960402554,40.0824868440865],[-82.8281897381456,40.082294936686104],[-82.82773924405217,40.0822874117404],[-82.8277338769666,40.08247930130583]]]}},{"type":"Feature","properties":{"PARCELID":"545-230491","OWNERNME1":"ODABAS ONUR R","SITEADDRESS":"4917 SLOANE PL","RESYRBLT":1995,"RESFLRAREA_AG":2567,"STATEDAREA":8605,"ACRES":0.19753577,"SCHLDSCRP":"NEW ALBANY-PLAIN LSD","CVTTXDSCRP":"COLUMBUS-PLAIN LSD","CLASSCD":"510","CLASSDSCRP":"SINGLE FAMILY DWELLING, PLATTED LOT","SALEPRICE":330000,"SALEDATE":1088658000000},"geometry":{"type":"Polygon","coordinates":[[[-82.82772861727898,40.082667624165545],[-82.82816945591154,40.0826790270956],[-82.82817960402554,40.0824868440865],[-82.8277338769666,40.08247930130583],[-82.82772861727898,40.082667624165545]]]}},{"type":"Feature","properties":{"PARCELID":"545-230492","OWNERNME1":"VALASEK ROBERT M","SITEADDRESS":"4923 SLOANE PL","RESYRBLT":1995,"RESFLRAREA_AG":3357,"STATEDAREA":14057,"ACRES":0.32270883,"SCHLDSCRP":"NEW ALBANY-PLAIN LSD","CVTTXDSCRP":"COLUMBUS-PLAIN LSD","CLASSCD":"510","CLASSDSCRP":"SINGLE FAMILY DWELLING, PLATTED LOT","SALEPRICE":390000,"SALEDATE":1400734800000},"geometry":{"type":"Polygon","coordinates":[[[-82.82772466335922,40.082808731911534],[-82.82814371291896,40.08316662828072],[-82.82816945591154,40.0826790270956],[-82.82772861727898,40.082667624165545],[-82.82772466335922,40.082808731911534]]]}},{"type":"Feature","properties":{"PARCELID":"545-230493","OWNERNME1":"ZHAO YUWEI","SITEADDRESS":"7276 HALCYON PL","RESYRBLT":1995,"RESFLRAREA_AG":3146,"STATEDAREA":13839,"ACRES":0.3177023,"SCHLDSCRP":"NEW ALBANY-PLAIN LSD","CVTTXDSCRP":"COLUMBUS-PLAIN LSD","CLASSCD":"510","CLASSDSCRP":"SINGLE FAMILY DWELLING, PLATTED LOT","SALEPRICE":320000,"SALEDATE":1313125200000},"geometry":{"type":"Polygon","coordinates":[[[-82.82752968959541,40.08314519155022],[-82.82814371291896,40.08316662828072],[-82.82772466335922,40.082808731911534],[-82.82754772772533,40.08280252455765],[-82.82752970038429,40.08314499338733],[-82.82752968959541,40.08314519155022]]]}},{"type":"Feature","properties":{"PARCELID":"545-230494","OWNERNME1":"VAN STRATEN STEVIN G TR","SITEADDRESS":"7284 HALCYON PL","RESYRBLT":1995,"RESFLRAREA_AG":3115,"STATEDAREA":8650,"ACRES":0.19857964,"SCHLDSCRP":"NEW ALBANY-PLAIN LSD","CVTTXDSCRP":"COLUMBUS-PLAIN LSD","CLASSCD":"510","CLASSDSCRP":"SINGLE FAMILY DWELLING, PLATTED LOT","SALEPRICE":0,"SALEDATE":1430370000000},"geometry":{"type":"Polygon","coordinates":[[[-82.82751539138692,40.083144691925234],[-82.82752968959541,40.08314519155022],[-82.82754772772533,40.08280252455765],[-82.82730039196393,40.082793846282314],[-82.82728271764896,40.08313634921253],[-82.82728270581443,40.083136574396434],[-82.82751539138692,40.083144691925234]]]}},{"type":"Feature","properties":{"PARCELID":"545-230495","OWNERNME1":"BLYLER ROBERT CLAYTON","SITEADDRESS":"7292 HALCYON PL","RESYRBLT":1996,"RESFLRAREA_AG":2810,"STATEDAREA":8651,"ACRES":0.19860234,"SCHLDSCRP":"NEW ALBANY-PLAIN LSD","CVTTXDSCRP":"COLUMBUS-PLAIN LSD","CLASSCD":"510","CLASSDSCRP":"SINGLE FAMILY DWELLING, PLATTED LOT","SALEPRICE":740000,"SALEDATE":1759813200000},"geometry":{"type":"Polygon","coordinates":[[[-82.82726805229825,40.0831360631221],[-82.82728270581443,40.083136574396434],[-82.82728271764896,40.08313634921253],[-82.82730039196393,40.082793846282314],[-82.82705305626868,40.08278516838719],[-82.82703573733663,40.083127956681274],[-82.82726805229825,40.0831360631221]]]}},{"type":"Feature","properties":{"PARCELID":"545-230500","OWNERNME1":"MILENTHAL JON","SITEADDRESS":"4949 CADOGAN PL","RESYRBLT":1996,"RESFLRAREA_AG":3139,"STATEDAREA":8990,"ACRES":0.20637948,"SCHLDSCRP":"NEW ALBANY-PLAIN LSD","CVTTXDSCRP":"COLUMBUS-PLAIN LSD","CLASSCD":"510","CLASSDSCRP":"SINGLE FAMILY DWELLING, PLATTED LOT","SALEPRICE":387580,"SALEDATE":1152162000000},"geometry":{"type":"Polygon","coordinates":[[[-82.82700274577583,40.08348391212134],[-82.82724973397028,40.0834924650098],[-82.82726805229825,40.0831360631221],[-82.82703573733663,40.083127956681274],[-82.82702108502629,40.08312745167707],[-82.82700274577583,40.08348391212134]]]}},{"type":"Feature","properties":{"PARCELID":"545-230501","OWNERNME1":"WELTHER JASON D","SITEADDRESS":"4955 CADOGAN PL","RESYRBLT":1995,"RESFLRAREA_AG":3187,"STATEDAREA":8988,"ACRES":0.20633774,"SCHLDSCRP":"NEW ALBANY-PLAIN LSD","CVTTXDSCRP":"COLUMBUS-PLAIN LSD","CLASSCD":"510","CLASSDSCRP":"SINGLE FAMILY DWELLING, PLATTED LOT","SALEPRICE":364500,"SALEDATE":1433134800000},"geometry":{"type":"Polygon","coordinates":[[[-82.82724973397028,40.0834924650098],[-82.82749636673813,40.08350096883641],[-82.82751539138692,40.083144691925234],[-82.82728270581443,40.083136574396434],[-82.82726805229825,40.0831360631221],[-82.82724973397028,40.0834924650098]]]}},{"type":"Feature","properties":{"PARCELID":"545-230502","OWNERNME1":"HIGGINS MARK T","SITEADDRESS":"4961 CADOGAN PL","RESYRBLT":1995,"RESFLRAREA_AG":3711,"STATEDAREA":14316,"ACRES":0.32865025,"SCHLDSCRP":"NEW ALBANY-PLAIN LSD","CVTTXDSCRP":"COLUMBUS-PLAIN LSD","CLASSCD":"510","CLASSDSCRP":"SINGLE FAMILY DWELLING, PLATTED LOT","SALEPRICE":465000,"SALEDATE":1406091600000},"geometry":{"type":"Polygon","coordinates":[[[-82.82749636673813,40.08350096883641],[-82.8276550558816,40.08350644270389],[-82.82814371291896,40.08316662828072],[-82.82752968959541,40.08314519155022],[-82.82751539138692,40.083144691925234],[-82.82749636673813,40.08350096883641]]]}},{"type":"Feature","properties":{"PARCELID":"545-230503","OWNERNME1":"MIDIAN WILLIAM","SITEADDRESS":"4967 CADOGAN PL","RESYRBLT":1995,"RESFLRAREA_AG":3003,"STATEDAREA":15131,"ACRES":0.34735468,"SCHLDSCRP":"NEW ALBANY-PLAIN LSD","CVTTXDSCRP":"COLUMBUS-PLAIN LSD","CLASSCD":"510","CLASSDSCRP":"SINGLE FAMILY DWELLING, PLATTED LOT","SALEPRICE":477000,"SALEDATE":1575954000000},"geometry":{"type":"Polygon","coordinates":[[[-82.82764784293235,40.08364371480765],[-82.82811765791017,40.08365997699022],[-82.82814371291896,40.08316662828072],[-82.8276550558816,40.08350644270389],[-82.82764766116753,40.08364370810944],[-82.82764784293235,40.08364371480765]]]}},{"type":"Feature","properties":{"PARCELID":"545-230504","OWNERNME1":"NOWAK MICHAEL C","SITEADDRESS":"4973 CADOGAN PL","RESYRBLT":1995,"RESFLRAREA_AG":3109,"STATEDAREA":9207,"ACRES":0.21132459,"SCHLDSCRP":"NEW ALBANY-PLAIN LSD","CVTTXDSCRP":"COLUMBUS-PLAIN LSD","CLASSCD":"510","CLASSDSCRP":"SINGLE FAMILY DWELLING, PLATTED LOT","SALEPRICE":660000,"SALEDATE":1676523600000},"geometry":{"type":"Polygon","coordinates":[[[-82.82763731785494,40.083835622245694],[-82.82810753851906,40.08385161225874],[-82.82811765791017,40.08365997699022],[-82.82764784293235,40.08364371480765],[-82.82763731785494,40.083835622245694]]]}},{"type":"Feature","properties":{"PARCELID":"545-230505","OWNERNME1":"FLEISCHER LESLIE S","SITEADDRESS":"4979 CADOGAN PL","RESYRBLT":1995,"RESFLRAREA_AG":2844,"STATEDAREA":9210,"ACRES":0.21144214,"SCHLDSCRP":"NEW ALBANY-PLAIN LSD","CVTTXDSCRP":"COLUMBUS-PLAIN LSD","CLASSCD":"510","CLASSDSCRP":"SINGLE FAMILY DWELLING, PLATTED LOT","SALEPRICE":425900,"SALEDATE":1207112400000},"geometry":{"type":"Polygon","coordinates":[[[-82.8276270258974,40.084027250732206],[-82.82809740276738,40.08404351863936],[-82.82810753851906,40.08385161225874],[-82.82763731785494,40.083835622245694],[-82.8276270258974,40.084027250732206]]]}},{"type":"Feature","properties":{"PARCELID":"545-230506","OWNERNME1":"FLAHERTY JASON THOMAS","SITEADDRESS":"4985 CADOGAN PL","RESYRBLT":1995,"RESFLRAREA_AG":3187,"STATEDAREA":9221,"ACRES":0.21169164,"SCHLDSCRP":"NEW ALBANY-PLAIN LSD","CVTTXDSCRP":"COLUMBUS-PLAIN LSD","CLASSCD":"510","CLASSDSCRP":"SINGLE FAMILY DWELLING, PLATTED LOT","SALEPRICE":670000,"SALEDATE":1693285200000},"geometry":{"type":"Polygon","coordinates":[[[-82.82761666136612,40.084219164896965],[-82.8280872693216,40.0842354286007],[-82.82809740276738,40.08404351863936],[-82.8276270258974,40.084027250732206],[-82.82761666136612,40.084219164896965]]]}},{"type":"Feature","properties":{"PARCELID":"545-230507","OWNERNME1":"QUACKENBUSH BRIAN","SITEADDRESS":"4991 CADOGAN PL","RESYRBLT":1995,"RESFLRAREA_AG":2305,"STATEDAREA":9218,"ACRES":0.21161571,"SCHLDSCRP":"NEW ALBANY-PLAIN LSD","CVTTXDSCRP":"COLUMBUS-PLAIN LSD","CLASSCD":"510","CLASSDSCRP":"SINGLE FAMILY DWELLING, PLATTED LOT","SALEPRICE":284900,"SALEDATE":1252040400000},"geometry":{"type":"Polygon","coordinates":[[[-82.82760635182825,40.08441106718536],[-82.82807714969866,40.08442705031509],[-82.8280872693216,40.0842354286007],[-82.82761666136612,40.084219164896965],[-82.82760635182825,40.08441106718536]]]}},{"type":"Feature","properties":{"PARCELID":"545-230508","OWNERNME1":"HAMM JORDAN","SITEADDRESS":"4997 CADOGAN PL","RESYRBLT":1995,"RESFLRAREA_AG":2557,"STATEDAREA":9221,"ACRES":0.21167808,"SCHLDSCRP":"NEW ALBANY-PLAIN LSD","CVTTXDSCRP":"COLUMBUS-PLAIN LSD","CLASSCD":"510","CLASSDSCRP":"SINGLE FAMILY DWELLING, PLATTED LOT","SALEPRICE":405000,"SALEDATE":1535086800000},"geometry":{"type":"Polygon","coordinates":[[[-82.82759599995045,40.08460270569967],[-82.82806833623576,40.084618685480656],[-82.82807146263322,40.084535760908075],[-82.82807159705132,40.084532202249086],[-82.82807714969866,40.08442705031509],[-82.82760635182825,40.08441106718536],[-82.82760105347455,40.084509142346654],[-82.82759599995045,40.08460270569967]]]}},{"type":"Feature","properties":{"PARCELID":"545-230509","OWNERNME1":"TRUEMPER COLIN A","SITEADDRESS":"5005 CADOGAN PL","RESYRBLT":1995,"RESFLRAREA_AG":3870,"STATEDAREA":12281,"ACRES":0.28193506,"SCHLDSCRP":"NEW ALBANY-PLAIN LSD","CVTTXDSCRP":"COLUMBUS-PLAIN LSD","CLASSCD":"510","CLASSDSCRP":"SINGLE FAMILY DWELLING, PLATTED LOT","SALEPRICE":480000,"SALEDATE":1501131600000},"geometry":{"type":"Polygon","coordinates":[[[-82.82806833623576,40.084618685480656],[-82.82759599995045,40.08460270569967],[-82.8275954071131,40.084613721730214],[-82.82759069489003,40.08465319397685],[-82.82758136017229,40.08469183496991],[-82.8275675332605,40.084729105330936],[-82.82754940716056,40.084764484813704],[-82.82805613028688,40.08494235763189],[-82.82806833623576,40.084618685480656]]]}},{"type":"Feature","properties":{"PARCELID":"545-230510","OWNERNME1":"NEVIASER ANDREW S","SITEADDRESS":"5013 CADOGAN PL","RESYRBLT":1996,"RESFLRAREA_AG":2672,"STATEDAREA":17746,"ACRES":0.40739337,"SCHLDSCRP":"NEW ALBANY-PLAIN LSD","CVTTXDSCRP":"COLUMBUS-PLAIN LSD","CLASSCD":"510","CLASSDSCRP":"SINGLE FAMILY DWELLING, PLATTED LOT","SALEPRICE":670000,"SALEDATE":1688101200000},"geometry":{"type":"Polygon","coordinates":[[[-82.82805613028688,40.08494235763189],[-82.82754940716056,40.084764484813704],[-82.82752132325386,40.08480617456915],[-82.82748849963637,40.0848442449206],[-82.82745139831424,40.084878160011954],[-82.82741487773959,40.08490801496081],[-82.82790995093822,40.0852704994575],[-82.82804523901059,40.085231163726256],[-82.82805613028688,40.08494235763189]]]}},{"type":"Feature","properties":{"PARCELID":"545-230511","OWNERNME1":"RUSSELL RICHARD B JR","SITEADDRESS":"5025 HEATH GATE DR","RESYRBLT":1996,"RESFLRAREA_AG":2130,"STATEDAREA":18185,"ACRES":0.41745959,"SCHLDSCRP":"NEW ALBANY-PLAIN LSD","CVTTXDSCRP":"COLUMBUS-PLAIN LSD","CLASSCD":"510","CLASSDSCRP":"SINGLE FAMILY DWELLING, PLATTED LOT","SALEPRICE":340000,"SALEDATE":1075870800000},"geometry":{"type":"Polygon","coordinates":[[[-82.82721656753446,40.085140026629],[-82.82726561593245,40.08518807001973],[-82.82731099727292,40.085239591342265],[-82.82735246564758,40.085294311417556],[-82.82738979635141,40.085351933733456],[-82.82742278710018,40.08541214605141],[-82.82790995093822,40.0852704994575],[-82.82741487773959,40.08490801496081],[-82.82721917630853,40.085067947701894],[-82.82721342649013,40.08507284630672],[-82.82720856398105,40.085078626682694],[-82.82720472214046,40.085085130297216],[-82.82720200633469,40.085092178782155],[-82.82720049104744,40.08509957882576],[-82.82720021783695,40.085107127474444],[-82.82720119419629,40.08511461769896],[-82.82720339334786,40.08512184407242],[-82.82720675497771,40.08512860840429],[-82.82721118688978,40.08513472517601],[-82.82721656753446,40.085140026629]]]}},{"type":"Feature","properties":{"PARCELID":"545-230528","OWNERNME1":"ROSSMAN KEVIN D","SITEADDRESS":"4974 CADOGAN PL","RESYRBLT":1995,"RESFLRAREA_AG":2305,"STATEDAREA":14263,"ACRES":0.32744345,"SCHLDSCRP":"NEW ALBANY-PLAIN LSD","CVTTXDSCRP":"COLUMBUS-PLAIN LSD","CLASSCD":"510","CLASSDSCRP":"SINGLE FAMILY DWELLING, PLATTED LOT","SALEPRICE":258000,"SALEDATE":944197200000},"geometry":{"type":"Polygon","coordinates":[[[-82.82692885419922,40.083879868985626],[-82.82745748678265,40.083897887604586],[-82.82746490668873,40.083760905845594],[-82.82746003769942,40.08373406017275],[-82.82745063078266,40.08370844948895],[-82.8274369654425,40.08368483475445],[-82.82741944771185,40.08366391762462],[-82.82739859808821,40.083646319601975],[-82.82737503606828,40.08363256356968],[-82.82734946174118,40.083623058255355],[-82.82732263498688,40.08361808608669],[-82.82729535289826,40.08361779479978],[-82.82694328864746,40.08360553560908],[-82.8269298611343,40.08386614098728],[-82.82692885419922,40.083879868985626]]]}},{"type":"Feature","properties":{"PARCELID":"545-230529","OWNERNME1":"JS","SITEADDRESS":"4982 CADOGAN PL","RESYRBLT":1996,"RESFLRAREA_AG":2528,"STATEDAREA":10358,"ACRES":0.23778393,"SCHLDSCRP":"NEW ALBANY-PLAIN LSD","CVTTXDSCRP":"COLUMBUS-PLAIN LSD","CLASSCD":"510","CLASSDSCRP":"SINGLE FAMILY DWELLING, PLATTED LOT","SALEPRICE":360000,"SALEDATE":1470891600000},"geometry":{"type":"Polygon","coordinates":[[[-82.82691868000828,40.08407177536032],[-82.82744708420623,40.084089785657895],[-82.82745748678265,40.083897887604586],[-82.82692885419922,40.083879868985626],[-82.82691940908276,40.08405804993702],[-82.82691868000828,40.08407177536032]]]}},{"type":"Feature","properties":{"PARCELID":"545-230530","OWNERNME1":"MCCARTHY TAMERA K","SITEADDRESS":"4990 CADOGAN PL","RESYRBLT":1996,"RESFLRAREA_AG":3305,"STATEDAREA":10366,"ACRES":0.23796927,"SCHLDSCRP":"NEW ALBANY-PLAIN LSD","CVTTXDSCRP":"COLUMBUS-PLAIN LSD","CLASSCD":"510","CLASSDSCRP":"SINGLE FAMILY DWELLING, PLATTED LOT","SALEPRICE":0,"SALEDATE":1741755600000},"geometry":{"type":"Polygon","coordinates":[[[-82.82690807557502,40.08426395489842],[-82.82743668515762,40.08428169809571],[-82.82744708420623,40.084089785657895],[-82.82691868000828,40.08407177536032],[-82.82690880114473,40.08425023128715],[-82.82690807557502,40.08426395489842]]]}},{"type":"Feature","properties":{"PARCELID":"545-230531","OWNERNME1":"THOMAS PAUL","SITEADDRESS":"4998 CADOGAN PL","RESYRBLT":1995,"RESFLRAREA_AG":3033,"STATEDAREA":11102,"ACRES":0.25487742,"SCHLDSCRP":"NEW ALBANY-PLAIN LSD","CVTTXDSCRP":"COLUMBUS-PLAIN LSD","CLASSCD":"510","CLASSDSCRP":"SINGLE FAMILY DWELLING, PLATTED LOT","SALEPRICE":354000,"SALEDATE":1061960400000},"geometry":{"type":"Polygon","coordinates":[[[-82.82689827053518,40.08444241330749],[-82.8274240708217,40.08451450588142],[-82.82743668515762,40.08428169809571],[-82.82690807557502,40.08426395489842],[-82.82689827053518,40.08444241330749]]]}},{"type":"Feature","properties":{"PARCELID":"545-230532","OWNERNME1":"SADOFF STUART F","SITEADDRESS":"5006 CADOGAN PL","RESYRBLT":1996,"RESFLRAREA_AG":2796,"STATEDAREA":12241,"ACRES":0.28096652,"SCHLDSCRP":"NEW ALBANY-PLAIN LSD","CVTTXDSCRP":"COLUMBUS-PLAIN LSD","CLASSCD":"510","CLASSDSCRP":"SINGLE FAMILY DWELLING, PLATTED LOT","SALEPRICE":280000,"SALEDATE":945838800000},"geometry":{"type":"Polygon","coordinates":[[[-82.8274240708217,40.08451450588142],[-82.82689827053518,40.08444241330749],[-82.82685895845577,40.084518834341154],[-82.82727423947657,40.08482402365592],[-82.82732301426765,40.08478408659997],[-82.8273534765747,40.08475621828053],[-82.82737892551152,40.08472370755933],[-82.8273986640779,40.084687444846026],[-82.82741215167032,40.08464842331057],[-82.82741901888807,40.08460771168202],[-82.8274240708217,40.08451450588142]]]}},{"type":"Feature","properties":{"PARCELID":"545-230533","OWNERNME1":"KIGER JASON G","SITEADDRESS":"5012 CADOGAN PL","RESYRBLT":1995,"RESFLRAREA_AG":3328,"STATEDAREA":14545,"ACRES":0.33391557,"SCHLDSCRP":"NEW ALBANY-PLAIN LSD","CVTTXDSCRP":"COLUMBUS-PLAIN LSD","CLASSCD":"510","CLASSDSCRP":"SINGLE FAMILY DWELLING, PLATTED LOT","SALEPRICE":500000,"SALEDATE":1596517200000},"geometry":{"type":"Polygon","coordinates":[[[-82.82727423947657,40.08482402365592],[-82.82685895845577,40.084518834341154],[-82.82668719164272,40.08485268270319],[-82.82676763958926,40.084877808682975],[-82.82684643145046,40.08490772572783],[-82.82692328218405,40.08494232560804],[-82.82699791377013,40.08498148315295],[-82.82701075607206,40.08498702709727],[-82.82702432176762,40.08499043766049],[-82.8270382590187,40.084991626386675],[-82.82705220635056,40.084990562445185],[-82.82706580202702,40.08498727343027],[-82.82707869343238,40.084981844645384],[-82.82709054621684,40.08497441689079],[-82.82727423947657,40.08482402365592]]]}},{"type":"Feature","properties":{"PARCELID":"545-230538","OWNERNME1":"WRIGHT WILLIAM CECIL TTEE","SITEADDRESS":"4888 SLOANE PL","RESYRBLT":1996,"RESFLRAREA_AG":2468,"STATEDAREA":12949,"ACRES":0.29727063,"SCHLDSCRP":"NEW ALBANY-PLAIN LSD","CVTTXDSCRP":"COLUMBUS-PLAIN LSD","CLASSCD":"510","CLASSDSCRP":"SINGLE FAMILY DWELLING, PLATTED LOT","SALEPRICE":720000,"SALEDATE":1783314000000},"geometry":{"type":"Polygon","coordinates":[[[-82.82710041475933,40.08168815573942],[-82.82708649745508,40.0819622933718],[-82.82708620569244,40.08196804904453],[-82.82756821747388,40.081976041636814],[-82.82757171262129,40.08183852673975],[-82.82756635703961,40.08181201274397],[-82.82755656644387,40.08178679730302],[-82.82754262659512,40.081763616387505],[-82.82752494435985,40.08174314658575],[-82.8275040358348,40.08172598535598],[-82.82748051128331,40.081712633588126],[-82.82745505732352,40.08170348098424],[-82.82742841688774,40.081698794684094],[-82.82740136753834,40.08169871146815],[-82.82710041475933,40.08168815573942]]]}},{"type":"Feature","properties":{"PARCELID":"545-230539","OWNERNME1":"SERAFIN BARRY T","SITEADDRESS":"4894 SLOANE PL","RESYRBLT":1995,"RESFLRAREA_AG":3024,"STATEDAREA":10172,"ACRES":0.23351082,"SCHLDSCRP":"NEW ALBANY-PLAIN LSD","CVTTXDSCRP":"COLUMBUS-PLAIN LSD","CLASSCD":"510","CLASSDSCRP":"SINGLE FAMILY DWELLING, PLATTED LOT","SALEPRICE":282870,"SALEDATE":818053200000},"geometry":{"type":"Polygon","coordinates":[[[-82.82707675657056,40.082154190593215],[-82.82707576749799,40.08217368422004],[-82.82756298174857,40.08218193884727],[-82.82756821747388,40.081976041636814],[-82.82708620569244,40.08196804904453],[-82.82707675657056,40.082154190593215]]]}},{"type":"Feature","properties":{"PARCELID":"545-230540","OWNERNME1":"ROGERS COURTNEY E","SITEADDRESS":"4900 SLOANE PL","RESYRBLT":1995,"RESFLRAREA_AG":2557,"STATEDAREA":10274,"ACRES":0.23586115,"SCHLDSCRP":"NEW ALBANY-PLAIN LSD","CVTTXDSCRP":"COLUMBUS-PLAIN LSD","CLASSCD":"510","CLASSDSCRP":"SINGLE FAMILY DWELLING, PLATTED LOT","SALEPRICE":250000,"SALEDATE":1397624400000},"geometry":{"type":"Polygon","coordinates":[[[-82.82756298174857,40.08218193884727],[-82.82707576749799,40.08217368422004],[-82.82706532923314,40.08237931757713],[-82.82755756998085,40.08238755734437],[-82.82755775524691,40.08238756133115],[-82.82756298174857,40.08218193884727]]]}},{"type":"Feature","properties":{"PARCELID":"545-230541","OWNERNME1":"LOECHLER ZACHARY P","SITEADDRESS":"4912 SLOANE PL","RESYRBLT":1995,"RESFLRAREA_AG":3036,"STATEDAREA":13248,"ACRES":0.30412385,"SCHLDSCRP":"NEW ALBANY-PLAIN LSD","CVTTXDSCRP":"COLUMBUS-PLAIN LSD","CLASSCD":"510","CLASSDSCRP":"SINGLE FAMILY DWELLING, PLATTED LOT","SALEPRICE":370900,"SALEDATE":1339390800000},"geometry":{"type":"Polygon","coordinates":[[[-82.82755756998085,40.08238755734437],[-82.82706532923314,40.08237931757713],[-82.82706422625904,40.08240101349597],[-82.82705170563743,40.08264767243677],[-82.82736980512934,40.082658743425476],[-82.82739776918356,40.08266041324089],[-82.8274256065299,40.082657273374416],[-82.82745249603101,40.08264941644485],[-82.82747764450883,40.08263707421346],[-82.82750031014143,40.0826206107475],[-82.82751982434509,40.08260051168114],[-82.82753561149592,40.08257736989035],[-82.8275472059095,40.082551868004415],[-82.82755426557746,40.08252475826999],[-82.82755775524691,40.08238756133115],[-82.82755756998085,40.08238755734437]]]}},{"type":"Feature","properties":{"PARCELID":"222-000387","OWNERNME1":"BOREN RALPH E TR","SITEADDRESS":"6060 DUBLIN GRANVILLE RD","RESYRBLT":1941,"RESFLRAREA_AG":2614,"STATEDAREA":18.35,"ACRES":18.53830745,"SCHLDSCRP":"NEW ALBANY-PLAIN LSD","CVTTXDSCRP":"PLAIN TWP-NEW ALBANY CORP","CLASSCD":"471","CLASSDSCRP":"DWELLING CONVERTED TO RETAIL","SALEPRICE":0,"SALEDATE":974696400000},"geometry":{"type":"Polygon","coordinates":[[[-82.82819987337777,40.08210302836671],[-82.8281897381456,40.082294936686104],[-82.82817960402554,40.0824868440865],[-82.82816945591154,40.0826790270956],[-82.82814371291896,40.08316662828072],[-82.82811765791017,40.08365997699022],[-82.82810753851906,40.08385161225874],[-82.82809740276738,40.08404351863936],[-82.8280872693216,40.0842354286007],[-82.82807714969866,40.08442705031509],[-82.82807159705132,40.084532202249086],[-82.82807146263322,40.084535760908075],[-82.82806833623576,40.084618685480656],[-82.82805613028688,40.08494235763189],[-82.82804523901059,40.085231163726256],[-82.82804467832275,40.08524598831742],[-82.82895731590338,40.0852404174494],[-82.82900502799873,40.08520350149558],[-82.82902095984623,40.08494569706589],[-82.82904069854817,40.084898688868826],[-82.82912308835263,40.084702474346635],[-82.82909464219125,40.08465396102951],[-82.82897428693121,40.08444869914961],[-82.8289661419454,40.08439931573917],[-82.82892608496643,40.084156488237696],[-82.8289368719834,40.08414985392924],[-82.82927493472721,40.08394194700153],[-82.8293669831112,40.08375914218334],[-82.82936890650072,40.08372616929619],[-82.82938514285368,40.083443961052026],[-82.82951069931073,40.083393922869],[-82.82982566989905,40.083571193412105],[-82.82998619287547,40.08358474280769],[-82.83011226577489,40.083492979362596],[-82.83012143310293,40.0833919355916],[-82.82994978183385,40.08314234412572],[-82.83007504747358,40.083031641466356],[-82.8304027982788,40.08289127301446],[-82.83041527485942,40.082599712411685],[-82.83043926388062,40.08203774000225],[-82.83044867230988,40.08181837586905],[-82.83045803837912,40.08159874615715],[-82.83046740673818,40.081379117319905],[-82.8304767693164,40.0811597640644],[-82.83048496815454,40.08096783747389],[-82.83049699782624,40.08068621877616],[-82.83049958105723,40.0806279838111],[-82.83050128964157,40.08054735416246],[-82.82824879831486,40.08082489805266],[-82.8282463097874,40.080898095339315],[-82.8282444642252,40.080961236478714],[-82.82823401599387,40.081249221350795],[-82.82821697683327,40.08171894674116],[-82.82821000620474,40.081911119138184],[-82.82819987337777,40.08210302836671]]]}},{"type":"Feature","properties":{"PARCELID":"222-000551","OWNERNME1":"CHITRABANU BALA","SITEADDRESS":"5166 HARLEM RD","RESYRBLT":1960,"RESFLRAREA_AG":1068,"STATEDAREA":1.225,"ACRES":1.22441176,"SCHLDSCRP":"NEW ALBANY-PLAIN LSD","CVTTXDSCRP":"PLAIN TWP-NEW ALBANY CORP","CLASSCD":"511","CLASSDSCRP":"SINGLE FAMILY, O-9.999 AC","SALEPRICE":410000,"SALEDATE":1562907600000},"geometry":{"type":"Polygon","coordinates":[[[-82.8305566944625,40.07664008708683],[-82.83201048470485,40.07671453249858],[-82.8320655750308,40.07671628526336],[-82.83213749121951,40.07671857315157],[-82.83208900634033,40.07639170270814],[-82.83201876603592,40.07638726391225],[-82.83055469131705,40.076294764261476],[-82.83055416478105,40.07629473241977],[-82.8305566944625,40.07664008708683]]]}},{"type":"Feature","properties":{"PARCELID":"222-000472","OWNERNME1":"MAPLE STEVEN P","SITEADDRESS":"5220 HARLEM RD","RESYRBLT":2015,"RESFLRAREA_AG":7012,"STATEDAREA":2.097,"ACRES":2.09753727,"SCHLDSCRP":"NEW ALBANY-PLAIN LSD","CVTTXDSCRP":"PLAIN TWP-NEW ALBANY CORP","CLASSCD":"510","CLASSDSCRP":"SINGLE FAMILY DWELLING, PLATTED LOT","SALEPRICE":0,"SALEDATE":1551157200000},"geometry":{"type":"Polygon","coordinates":[[[-82.83033724995977,40.077975898252504],[-82.83032881618536,40.0780695119971],[-82.83054355629679,40.07808237329079],[-82.83231581441665,40.078188271454266],[-82.83238851810584,40.07819261484964],[-82.83238747942802,40.07818650897818],[-82.8323107037083,40.07773572608866],[-82.83223818969748,40.07773171983682],[-82.83054143854304,40.077637956419835],[-82.83036879736895,40.077628558518725],[-82.83036853820991,40.07762854483741],[-82.83033724995977,40.077975898252504]]]}},{"type":"Feature","properties":{"PARCELID":"222-000474","OWNERNME1":"FARBER JOHN C","SITEADDRESS":"5250 HARLEM RD","RESYRBLT":2011,"RESFLRAREA_AG":3853,"STATEDAREA":null,"ACRES":2.34796885,"SCHLDSCRP":"NEW ALBANY-PLAIN LSD","CVTTXDSCRP":"PLAIN TWP-NEW ALBANY CORP","CLASSCD":"511","CLASSDSCRP":"SINGLE FAMILY, O-9.999 AC","SALEPRICE":220000,"SALEDATE":1259730000000},"geometry":{"type":"Polygon","coordinates":[[[-82.83231581441665,40.078188271454266],[-82.83054355629679,40.07808237329079],[-82.83032881618536,40.0780695119971],[-82.83032364501196,40.07812691312249],[-82.83028632852748,40.078544814318185],[-82.83044431201232,40.07855288913237],[-82.83054582320754,40.07855808480779],[-82.83088648568462,40.07857574997926],[-82.83147979465669,40.07860651366275],[-82.83239774190376,40.07867007546347],[-82.83247062650693,40.07867512257065],[-82.83247041787199,40.07867391004511],[-82.8324154733527,40.07835087230921],[-82.83238851810584,40.07819261484964],[-82.83231581441665,40.078188271454266]]]}},{"type":"Feature","properties":{"PARCELID":"222-000935","OWNERNME1":"SATYAPRIYA HARSHAW K","SITEADDRESS":"4705 GOODHEART CT","RESYRBLT":1995,"RESFLRAREA_AG":6300,"STATEDAREA":33496,"ACRES":0.76888876,"SCHLDSCRP":"NEW ALBANY-PLAIN LSD","CVTTXDSCRP":"PLAIN TWP-NEW ALBANY CORP","CLASSCD":"510","CLASSDSCRP":"SINGLE FAMILY DWELLING, PLATTED LOT","SALEPRICE":1174900,"SALEDATE":1602046800000},"geometry":{"type":"Polygon","coordinates":[[[-82.8295554676946,40.07611886723615],[-82.82952160089891,40.07658700544951],[-82.8304580319598,40.076635014004026],[-82.8305566944625,40.07664008708683],[-82.82991215676239,40.076134063144394],[-82.8295554676946,40.07611886723615]]]}},{"type":"Feature","properties":{"PARCELID":"222-000461","OWNERNME1":"ELLIS THOMAS J","SITEADDRESS":"5190 HARLEM RD","RESYRBLT":2007,"RESFLRAREA_AG":3304,"STATEDAREA":null,"ACRES":2.02624461,"SCHLDSCRP":"NEW ALBANY-PLAIN LSD","CVTTXDSCRP":"PLAIN TWP-NEW ALBANY CORP","CLASSCD":"511","CLASSDSCRP":"SINGLE FAMILY, O-9.999 AC","SALEPRICE":775000,"SALEDATE":1465362000000},"geometry":{"type":"Polygon","coordinates":[[[-82.8304092217351,40.07717688829471],[-82.83039099510805,40.07737923543878],[-82.83036853820991,40.07762854483741],[-82.83036879736895,40.077628558518725],[-82.83054143854304,40.077637956419835],[-82.83223818969748,40.07773171983682],[-82.8323107037083,40.07773572608866],[-82.83230956857636,40.07772906121189],[-82.83227639900669,40.0775343215012],[-82.83223050595542,40.07726492867142],[-82.83211654023658,40.07725950666668],[-82.8304092217351,40.07717688829471]]]}},{"type":"Feature","properties":{"PARCELID":"222-003126","OWNERNME1":"CORNELIUS PATRICK D","SITEADDRESS":"11 PICKETT PL","RESYRBLT":2017,"RESFLRAREA_AG":3680,"STATEDAREA":32826,"ACRES":0.75367189,"SCHLDSCRP":"NEW ALBANY-PLAIN LSD","CVTTXDSCRP":"PLAIN TWP-NEW ALBANY CORP","CLASSCD":"510","CLASSDSCRP":"SINGLE FAMILY DWELLING, PLATTED LOT","SALEPRICE":1402400,"SALEDATE":1778734800000},"geometry":{"type":"Polygon","coordinates":[[[-82.83142654743872,40.079183678107434],[-82.83083461441517,40.07915213035144],[-82.83081791058156,40.07933856123039],[-82.83043723332553,40.07938574475197],[-82.83044860161932,40.07943978693286],[-82.83054996598983,40.07942743112426],[-82.8308128176531,40.07939484988247],[-82.83079381276842,40.07960572243551],[-82.83095209468269,40.07967582491137],[-82.83138024169516,40.07969837756987],[-82.8313809617361,40.07969841606724],[-82.83139383927467,40.079551636055776],[-82.83142654743872,40.079183678107434]]]}},{"type":"Feature","properties":{"PARCELID":"222-003127","OWNERNME1":"ADAMS IRENE D TR","SITEADDRESS":"12 PICKETT PL","RESYRBLT":2005,"RESFLRAREA_AG":4358,"STATEDAREA":15949,"ACRES":0.36616094,"SCHLDSCRP":"NEW ALBANY-PLAIN LSD","CVTTXDSCRP":"PLAIN TWP-NEW ALBANY CORP","CLASSCD":"510","CLASSDSCRP":"SINGLE FAMILY DWELLING, PLATTED LOT","SALEPRICE":0,"SALEDATE":1138942800000},"geometry":{"type":"Polygon","coordinates":[[[-82.83050026180375,40.07902630529761],[-82.83048785773626,40.07903144390319],[-82.83048039864973,40.07903408473535],[-82.8304752537906,40.07903572479252],[-82.83045661265861,40.07904050403419],[-82.83043761391208,40.07904356680793],[-82.83042795431305,40.07904425087782],[-82.83041854073103,40.07904652250243],[-82.83040963224225,40.079050319163166],[-82.83040147402205,40.07905553637008],[-82.83039429059717,40.07906203053761],[-82.83038827966652,40.07906962293629],[-82.83038360666015,40.07907810461162],[-82.83038040018639,40.07908724213486],[-82.83037874849232,40.079096784027314],[-82.83037869703512,40.079106467681434],[-82.83041489868124,40.0792795784436],[-82.83043723332553,40.07938574475197],[-82.83081791058156,40.07933856123039],[-82.83083461441517,40.07915213035144],[-82.83084674641488,40.07901621196989],[-82.83057929379687,40.078950234978166],[-82.83057087167857,40.07896655411988],[-82.83056026433215,40.07898154513934],[-82.83054767743157,40.07899491736416],[-82.83053968480229,40.07900196366071],[-82.83052966663934,40.07900957853065],[-82.83051534924772,40.07901861877126],[-82.83050026180375,40.07902630529761]]]}},{"type":"Feature","properties":{"PARCELID":"222-000957","OWNERNME1":"LEVY ARIEL","SITEADDRESS":"4 BOTTOMLEY CRESCENT","RESYRBLT":1991,"RESFLRAREA_AG":4770,"STATEDAREA":42949,"ACRES":0.98597606,"SCHLDSCRP":"NEW ALBANY-PLAIN LSD","CVTTXDSCRP":"PLAIN TWP-NEW ALBANY CORP","CLASSCD":"510","CLASSDSCRP":"SINGLE FAMILY DWELLING, PLATTED LOT","SALEPRICE":0,"SALEDATE":1701234000000},"geometry":{"type":"Polygon","coordinates":[[[-82.8257811378955,40.0741751852001],[-82.82555642750286,40.07451230873466],[-82.8261765667609,40.07475631370128],[-82.8261767523368,40.074756387936645],[-82.8262297915377,40.07467683514786],[-82.82652122444215,40.07464393820285],[-82.82631326306132,40.07406475458945],[-82.82622567908207,40.07408043165279],[-82.82613730932938,40.074090800382045],[-82.82604847523447,40.07409582306259],[-82.82595949991756,40.07409548142521],[-82.8259256130994,40.07409575590022],[-82.82589223077316,40.074101587887505],[-82.82586025815327,40.074112819243545],[-82.82583056222775,40.074129145412385],[-82.82580394824848,40.07415012368422],[-82.8257811378955,40.0741751852001]]]}},{"type":"Feature","properties":{"PARCELID":"222-000958","OWNERNME1":"HALL JASON RYAN","SITEADDRESS":"4615 YANTIS DR","RESYRBLT":1993,"RESFLRAREA_AG":6001,"STATEDAREA":29257,"ACRES":0.67164104,"SCHLDSCRP":"NEW ALBANY-PLAIN LSD","CVTTXDSCRP":"PLAIN TWP-NEW ALBANY CORP","CLASSCD":"510","CLASSDSCRP":"SINGLE FAMILY DWELLING, PLATTED LOT","SALEPRICE":2300000,"SALEDATE":1737435600000},"geometry":{"type":"Polygon","coordinates":[[[-82.82593240284703,40.07512288856001],[-82.82595676910506,40.07508634012196],[-82.8261767523368,40.074756387936645],[-82.8261765667609,40.07475631370128],[-82.82555642750286,40.07451230873466],[-82.82532909096729,40.074853367504716],[-82.82531251118505,40.07487894829244],[-82.82531335917145,40.07487928277237],[-82.82593240284703,40.07512288856001]]]}},{"type":"Feature","properties":{"PARCELID":"222-000959","OWNERNME1":"KESSLER ELIZABETH P","SITEADDRESS":"4633 YANTIS DR","RESYRBLT":1991,"RESFLRAREA_AG":5620,"STATEDAREA":32984,"ACRES":0.75720868,"SCHLDSCRP":"NEW ALBANY-PLAIN LSD","CVTTXDSCRP":"PLAIN TWP-NEW ALBANY CORP","CLASSCD":"510","CLASSDSCRP":"SINGLE FAMILY DWELLING, PLATTED LOT","SALEPRICE":0,"SALEDATE":942382800000},"geometry":{"type":"Polygon","coordinates":[[[-82.82531335917145,40.07487928277237],[-82.82531251118505,40.07487894829244],[-82.82527080891445,40.074949514854005],[-82.82523471875693,40.07502310982337],[-82.82520445915904,40.07509928774484],[-82.82518021327608,40.07517758752865],[-82.82516212786355,40.0752575352418],[-82.82515031238886,40.075338646976725],[-82.8251448383687,40.07542043178025],[-82.8251457647108,40.075420474248105],[-82.82588759859946,40.075454481907556],[-82.82590690269326,40.07516113507791],[-82.82593240284703,40.07512288856001],[-82.82531335917145,40.07487928277237]]]}},{"type":"Feature","properties":{"PARCELID":"222-000960","OWNERNME1":"GILL NADIA","SITEADDRESS":"4655 YANTIS DR","RESYRBLT":1991,"RESFLRAREA_AG":5440,"STATEDAREA":29722,"ACRES":0.6823282,"SCHLDSCRP":"NEW ALBANY-PLAIN LSD","CVTTXDSCRP":"PLAIN TWP-NEW ALBANY CORP","CLASSCD":"510","CLASSDSCRP":"SINGLE FAMILY DWELLING, PLATTED LOT","SALEPRICE":1050000,"SALEDATE":1542690000000},"geometry":{"type":"Polygon","coordinates":[[[-82.82588759859946,40.075454481907556],[-82.8251457647108,40.075420474248105],[-82.8251448383687,40.07542043178025],[-82.8251458500653,40.07549062026703],[-82.8251518007472,40.075560563362416],[-82.8251626608825,40.07562991395483],[-82.8251934328989,40.075791323746984],[-82.82519755037342,40.07580142087398],[-82.82520325139012,40.07581071624802],[-82.82521038490007,40.07581896358734],[-82.82521876190027,40.07582594437794],[-82.82522816044138,40.075831473663165],[-82.8252383315082,40.0758354049441],[-82.82524900561741,40.07583763406111],[-82.82525989995753,40.07583810195355],[-82.82586053851847,40.07586569994113],[-82.82588759859946,40.075454481907556]]]}},{"type":"Feature","properties":{"PARCELID":"222-000961","OWNERNME1":"GOPAL KAPIL","SITEADDRESS":"7301 LANDON LN","RESYRBLT":1991,"RESFLRAREA_AG":4681,"STATEDAREA":27018,"ACRES":0.62024126,"SCHLDSCRP":"NEW ALBANY-PLAIN LSD","CVTTXDSCRP":"PLAIN TWP-NEW ALBANY CORP","CLASSCD":"510","CLASSDSCRP":"SINGLE FAMILY DWELLING, PLATTED LOT","SALEPRICE":1030000,"SALEDATE":1594357200000},"geometry":{"type":"Polygon","coordinates":[[[-82.82588759859946,40.075454481907556],[-82.82586053851847,40.07586569994113],[-82.8264311253045,40.07589195086148],[-82.82644226240451,40.075892675129325],[-82.8264533667396,40.075891555619286],[-82.82646413515123,40.075888622895015],[-82.82647427365185,40.07588395702259],[-82.82648350545111,40.075877685384604],[-82.82649157851239,40.075869979202544],[-82.82649827243372,40.075861048862244],[-82.82650340446489,40.07585113817021],[-82.82650683449673,40.07584051769742],[-82.82653449939015,40.07548413484627],[-82.82588759859946,40.075454481907556]]]}},{"type":"Feature","properties":{"PARCELID":"222-000962","OWNERNME1":"HOWSER SCOTT A","SITEADDRESS":"4646 WILKIN CT","RESYRBLT":1990,"RESFLRAREA_AG":4189,"STATEDAREA":21808,"ACRES":0.50065311,"SCHLDSCRP":"NEW ALBANY-PLAIN LSD","CVTTXDSCRP":"PLAIN TWP-NEW ALBANY CORP","CLASSCD":"510","CLASSDSCRP":"SINGLE FAMILY DWELLING, PLATTED LOT","SALEPRICE":730000,"SALEDATE":1338786000000},"geometry":{"type":"Polygon","coordinates":[[[-82.82595676910506,40.07508634012196],[-82.82593240284703,40.07512288856001],[-82.82590690269326,40.07516113507791],[-82.82588759859946,40.075454481907556],[-82.82653449939015,40.07548413484627],[-82.82653769779498,40.07544310153608],[-82.82653626924206,40.07543335576669],[-82.82653332715363,40.07542395550605],[-82.82652894461633,40.07541513427307],[-82.82652323050004,40.075407111202615],[-82.82651632675342,40.07540008560179],[-82.82650840487759,40.075394231998814],[-82.82649966166582,40.07538969580742],[-82.82649031431478,40.07538658971453],[-82.82648059502903,40.07538499088094],[-82.82647074525262,40.075384939024474],[-82.82645287526181,40.075384164602134],[-82.82647409676282,40.07511015016365],[-82.82595676910506,40.07508634012196]]]}},{"type":"Feature","properties":{"PARCELID":"222-000963","OWNERNME1":"ZIFER JAMES D JR TR","SITEADDRESS":"4634 WILKIN CT","RESYRBLT":1991,"RESFLRAREA_AG":3505,"STATEDAREA":26465,"ACRES":0.60756218,"SCHLDSCRP":"NEW ALBANY-PLAIN LSD","CVTTXDSCRP":"PLAIN TWP-NEW ALBANY CORP","CLASSCD":"510","CLASSDSCRP":"SINGLE FAMILY DWELLING, PLATTED LOT","SALEPRICE":0,"SALEDATE":1615266000000},"geometry":{"type":"Polygon","coordinates":[[[-82.82647409676282,40.07511015016365],[-82.82665245206587,40.07511830136253],[-82.826690847591,40.07462480900383],[-82.82652122444215,40.07464393820285],[-82.8262297915377,40.07467683514786],[-82.8261767523368,40.074756387936645],[-82.82595676910506,40.07508634012196],[-82.82647409676282,40.07511015016365]]]}},{"type":"Feature","properties":{"PARCELID":"222-000974","OWNERNME1":"PATTON MARIANN C","SITEADDRESS":"7284 LANDON LN","RESYRBLT":1992,"RESFLRAREA_AG":4554,"STATEDAREA":20631,"ACRES":0.47361957,"SCHLDSCRP":"NEW ALBANY-PLAIN LSD","CVTTXDSCRP":"PLAIN TWP-NEW ALBANY CORP","CLASSCD":"510","CLASSDSCRP":"SINGLE FAMILY DWELLING, PLATTED LOT","SALEPRICE":0,"SALEDATE":1544763600000},"geometry":{"type":"Polygon","coordinates":[[[-82.8267931084599,40.07645845752447],[-82.82681669416138,40.07645952761339],[-82.82684834985386,40.07604847317833],[-82.82635798394804,40.07602597324713],[-82.82632594313651,40.07643701960877],[-82.8267931084599,40.07645845752447]]]}},{"type":"Feature","properties":{"PARCELID":"222-000975","OWNERNME1":"SMITH JEFFREY RYAN","SITEADDRESS":"7304 LANDON LN","RESYRBLT":1991,"RESFLRAREA_AG":4072,"STATEDAREA":20623,"ACRES":0.4734396,"SCHLDSCRP":"NEW ALBANY-PLAIN LSD","CVTTXDSCRP":"PLAIN TWP-NEW ALBANY CORP","CLASSCD":"510","CLASSDSCRP":"SINGLE FAMILY DWELLING, PLATTED LOT","SALEPRICE":0,"SALEDATE":1718859600000},"geometry":{"type":"Polygon","coordinates":[[[-82.82583559939519,40.07641454355054],[-82.82632594313651,40.07643701960877],[-82.82635798394804,40.07602597324713],[-82.82586761950306,40.07600346496259],[-82.82583559939519,40.07641454355054]]]}},{"type":"Feature","properties":{"PARCELID":"222-000976","OWNERNME1":"BROWN TIMOTHY E TTEE","SITEADDRESS":"4683 YANTIS DR","RESYRBLT":1991,"RESFLRAREA_AG":4661,"STATEDAREA":24383,"ACRES":0.55975526,"SCHLDSCRP":"NEW ALBANY-PLAIN LSD","CVTTXDSCRP":"PLAIN TWP-NEW ALBANY CORP","CLASSCD":"510","CLASSDSCRP":"SINGLE FAMILY DWELLING, PLATTED LOT","SALEPRICE":1890000,"SALEDATE":1684904400000},"geometry":{"type":"Polygon","coordinates":[[[-82.82524139803361,40.076041120075736],[-82.82530878447781,40.076390378686774],[-82.82583559939519,40.07641454355054],[-82.82586761950306,40.07600346496259],[-82.82531634142123,40.075978159341844],[-82.82530622169786,40.07597703166709],[-82.82529605255891,40.07597755038146],[-82.82528610010345,40.07597970191159],[-82.82527662476053,40.07598342995773],[-82.82526787447442,40.07598863696691],[-82.82526007821663,40.075995186685674],[-82.82525343999428,40.076002907725474],[-82.82524813351183,40.07601159804743],[-82.8252442976257,40.07602103024914],[-82.82524203271072,40.07603095751521],[-82.82524139803361,40.076041120075736]]]}},{"type":"Feature","properties":{"PARCELID":"222-001264","OWNERNME1":"HOCHRADEL KIMBERLY","SITEADDRESS":"4535 NEISWANDER SQ","RESYRBLT":1998,"RESFLRAREA_AG":4030,"STATEDAREA":31019,"ACRES":0.7121018,"SCHLDSCRP":"NEW ALBANY-PLAIN LSD","CVTTXDSCRP":"PLAIN TWP-NEW ALBANY CORP","CLASSCD":"510","CLASSDSCRP":"SINGLE FAMILY DWELLING, PLATTED LOT","SALEPRICE":1450000,"SALEDATE":1742187600000},"geometry":{"type":"Polygon","coordinates":[[[-82.81900069507675,40.07598108653274],[-82.81867333933585,40.07627244873015],[-82.8189208892656,40.07649902000046],[-82.81942053155726,40.07651794583987],[-82.81944920214897,40.076073627850775],[-82.81900069507675,40.07598108653274]]]}},{"type":"Feature","properties":{"PARCELID":"222-001284","OWNERNME1":"TUMBAS DAVID D","SITEADDRESS":"7600 KING GEORGE DR","RESYRBLT":1992,"RESFLRAREA_AG":2850,"STATEDAREA":7541,"ACRES":0.1731105,"SCHLDSCRP":"NEW ALBANY-PLAIN LSD","CVTTXDSCRP":"PLAIN TWP-NEW ALBANY CORP","CLASSCD":"510","CLASSDSCRP":"SINGLE FAMILY DWELLING, PLATTED LOT","SALEPRICE":520000,"SALEDATE":1202360400000},"geometry":{"type":"Polygon","coordinates":[[[-82.82102631151369,40.07472770334065],[-82.82109235388313,40.07439964902186],[-82.82099436983857,40.07438682183214],[-82.82071430938022,40.074636288833666],[-82.82081430939199,40.07470244557246],[-82.82102631151369,40.07472770334065]]]}},{"type":"Feature","properties":{"PARCELID":"222-001285","OWNERNME1":"STAFFORD ROBERT M","SITEADDRESS":"4480 ASHTON GREEN CR","RESYRBLT":1993,"RESFLRAREA_AG":3160,"STATEDAREA":8946,"ACRES":0.20536047,"SCHLDSCRP":"NEW ALBANY-PLAIN LSD","CVTTXDSCRP":"PLAIN TWP-NEW ALBANY CORP","CLASSCD":"510","CLASSDSCRP":"SINGLE FAMILY DWELLING, PLATTED LOT","SALEPRICE":615000,"SALEDATE":1158296400000},"geometry":{"type":"Polygon","coordinates":[[[-82.82109235388313,40.07439964902186],[-82.82102631151369,40.07472770334065],[-82.8211863114438,40.07474677427589],[-82.8212054476555,40.074748382842486],[-82.82122459678237,40.07474693611327],[-82.82124327410159,40.07474247070937],[-82.82126100683324,40.074735099663776],[-82.82127734610782,40.07472500956013],[-82.82129187832844,40.07471245580974],[-82.82130423564027,40.074697756186296],[-82.82132656858998,40.07466437012238],[-82.82135222489732,40.07463346472154],[-82.82138093107149,40.074605369428845],[-82.82142301408196,40.07456798365446],[-82.82118743941949,40.07441209769022],[-82.82109235388313,40.07439964902186]]]}},{"type":"Feature","properties":{"PARCELID":"222-001286","OWNERNME1":"DRESSEL DANIEL J","SITEADDRESS":"4494 ASHTON GREEN CR","RESYRBLT":1993,"RESFLRAREA_AG":3023,"STATEDAREA":5593,"ACRES":0.12839442,"SCHLDSCRP":"NEW ALBANY-PLAIN LSD","CVTTXDSCRP":"PLAIN TWP-NEW ALBANY CORP","CLASSCD":"510","CLASSDSCRP":"SINGLE FAMILY DWELLING, PLATTED LOT","SALEPRICE":770000,"SALEDATE":1688014800000},"geometry":{"type":"Polygon","coordinates":[[[-82.82097746700494,40.075008984455295],[-82.82096442834384,40.0750751020544],[-82.82128567825727,40.07497957065451],[-82.8212717568959,40.07494152630471],[-82.82126293925194,40.07490198612251],[-82.82125761704255,40.0748869801877],[-82.82124997496942,40.074873012270515],[-82.82124020775156,40.07486043827165],[-82.82122856425639,40.074849578574934],[-82.82121534115865,40.07484070988402],[-82.82120087538112,40.07483405817198],[-82.82118553550993,40.07482979292357],[-82.82116971240296,40.07482802281676],[-82.82101672023607,40.07480992248668],[-82.82097746700494,40.075008984455295]]]}},{"type":"Feature","properties":{"PARCELID":"222-001287","OWNERNME1":"WORLEY CAROLINE","SITEADDRESS":"4502 ASHTON GREEN CR","RESYRBLT":1993,"RESFLRAREA_AG":3126,"STATEDAREA":7398,"ACRES":0.16983448,"SCHLDSCRP":"NEW ALBANY-PLAIN LSD","CVTTXDSCRP":"PLAIN TWP-NEW ALBANY CORP","CLASSCD":"510","CLASSDSCRP":"SINGLE FAMILY DWELLING, PLATTED LOT","SALEPRICE":600000,"SALEDATE":1514437200000},"geometry":{"type":"Polygon","coordinates":[[[-82.82128567825727,40.07497957065451],[-82.82096442834384,40.0750751020544],[-82.8209548981778,40.07512342759752],[-82.8212035958674,40.075288517450176],[-82.82133459000062,40.075171905541204],[-82.82134306377226,40.07516404833254],[-82.82135013387936,40.075154907538305],[-82.82135560877933,40.07514473079992],[-82.82135934014676,40.07513379382452],[-82.82136122689184,40.07512239291549],[-82.82136121789905,40.07511083694504],[-82.82135931341205,40.07509943898632],[-82.82135556502696,40.07508850783162],[-82.82135007429468,40.07507833962663],[-82.82134298996954,40.07506920984728],[-82.82132091676,40.07504129930085],[-82.82130174865635,40.075011319157696],[-82.82128567825727,40.07497957065451]]]}},{"type":"Feature","properties":{"PARCELID":"222-001288","OWNERNME1":"A&S HOLDINGS LLC","SITEADDRESS":"4514 ASHTON GREEN","RESYRBLT":1993,"RESFLRAREA_AG":3128,"STATEDAREA":7462,"ACRES":0.17131271,"SCHLDSCRP":"NEW ALBANY-PLAIN LSD","CVTTXDSCRP":"PLAIN TWP-NEW ALBANY CORP","CLASSCD":"510","CLASSDSCRP":"SINGLE FAMILY DWELLING, PLATTED LOT","SALEPRICE":0,"SALEDATE":1774328400000},"geometry":{"type":"Polygon","coordinates":[[[-82.82154646440789,40.07520416133228],[-82.82152424056895,40.075198185866824],[-82.82150132427748,40.0751960766514],[-82.82147838308418,40.075197895127395],[-82.82145608526518,40.07520358832265],[-82.82143508035512,40.07521299039461],[-82.8214159802262,40.07522582746127],[-82.82128518688631,40.07534224888188],[-82.82154095062232,40.07551163530255],[-82.82159589363872,40.075498571196896],[-82.82159800462878,40.07549115523285],[-82.8216707605525,40.075234739956876],[-82.82163358002578,40.07522841907014],[-82.82159684659143,40.07521987506765],[-82.82154646440789,40.07520416133228]]]}},{"type":"Feature","properties":{"PARCELID":"222-001290","OWNERNME1":"MILBOURNE AMY","SITEADDRESS":"4536 ASHTON GREEN","RESYRBLT":1994,"RESFLRAREA_AG":3152,"STATEDAREA":11077,"ACRES":0.25428783,"SCHLDSCRP":"NEW ALBANY-PLAIN LSD","CVTTXDSCRP":"PLAIN TWP-NEW ALBANY CORP","CLASSCD":"510","CLASSDSCRP":"SINGLE FAMILY DWELLING, PLATTED LOT","SALEPRICE":825000,"SALEDATE":1623733200000},"geometry":{"type":"Polygon","coordinates":[[[-82.82241927560854,40.075365925738105],[-82.82241945946558,40.07536588290528],[-82.82241288685945,40.075311980067575],[-82.82240168732852,40.07525884546896],[-82.82238594442586,40.075206875515335],[-82.82238477197457,40.07520609250168],[-82.82218461701423,40.075072890447785],[-82.82218443122005,40.07507276847463],[-82.82217071479322,40.075080357342124],[-82.8221582304379,40.075089837434305],[-82.82213804973617,40.075107704938056],[-82.82210444211472,40.07513477443003],[-82.82206856570951,40.075158755947164],[-82.82203070339226,40.07517946040436],[-82.82201882037013,40.07518507647463],[-82.82200807189359,40.07519264064756],[-82.82199877418883,40.075201930380935],[-82.82199120079954,40.07521267236561],[-82.82198557453907,40.07522455056636],[-82.82198206093516,40.07523721551988],[-82.82198076335999,40.075250294616126],[-82.82198171998897,40.075263403060774],[-82.82198490267753,40.07527615519603],[-82.82205590201565,40.07545229759934],[-82.82241927560854,40.075365925738105]]]}},{"type":"Feature","properties":{"PARCELID":"222-001291","OWNERNME1":"CARMEN JESSE TTEE","SITEADDRESS":"7460 KING GEORGE DR","RESYRBLT":1993,"RESFLRAREA_AG":2587,"STATEDAREA":8950,"ACRES":0.20546175,"SCHLDSCRP":"NEW ALBANY-PLAIN LSD","CVTTXDSCRP":"PLAIN TWP-NEW ALBANY CORP","CLASSCD":"510","CLASSDSCRP":"SINGLE FAMILY DWELLING, PLATTED LOT","SALEPRICE":0,"SALEDATE":1734411600000},"geometry":{"type":"Polygon","coordinates":[[[-82.82234196658035,40.07572299580296],[-82.82241512022863,40.07561650381816],[-82.82242096767331,40.075432344415326],[-82.822421117114,40.075399093156214],[-82.82241945946558,40.07536588290528],[-82.82241927560854,40.075365925738105],[-82.82205590201565,40.07545229759934],[-82.82209821263503,40.075557313936486],[-82.82210539888376,40.0755802455169],[-82.82210860910976,40.07560406135198],[-82.82210775108823,40.075628077249846],[-82.82234196658035,40.07572299580296]]]}},{"type":"Feature","properties":{"PARCELID":"222-001292","OWNERNME1":"WEIR DAVID","SITEADDRESS":"7474 KING GEORGE DR","RESYRBLT":1993,"RESFLRAREA_AG":3252,"STATEDAREA":5956,"ACRES":0.13673541,"SCHLDSCRP":"NEW ALBANY-PLAIN LSD","CVTTXDSCRP":"PLAIN TWP-NEW ALBANY CORP","CLASSCD":"510","CLASSDSCRP":"SINGLE FAMILY DWELLING, PLATTED LOT","SALEPRICE":1023000,"SALEDATE":1747285200000},"geometry":{"type":"Polygon","coordinates":[[[-82.82189848744353,40.07579446833556],[-82.82198812865776,40.076017367793305],[-82.82216982721384,40.07597409022801],[-82.82225855791344,40.07584455597629],[-82.82202469708817,40.07574958225255],[-82.82199873491773,40.075764094757936],[-82.821971304422,40.075775593236585],[-82.82194275413319,40.07578393158868],[-82.82189848744353,40.07579446833556]]]}},{"type":"Feature","properties":{"PARCELID":"222-001293","OWNERNME1":"ARENSCHIELD GEORGE V","SITEADDRESS":"7482 KING GEORGE DR","RESYRBLT":1994,"RESFLRAREA_AG":3055,"STATEDAREA":6376,"ACRES":0.14637697,"SCHLDSCRP":"NEW ALBANY-PLAIN LSD","CVTTXDSCRP":"PLAIN TWP-NEW ALBANY CORP","CLASSCD":"510","CLASSDSCRP":"SINGLE FAMILY DWELLING, PLATTED LOT","SALEPRICE":1015000,"SALEDATE":1775019600000},"geometry":{"type":"Polygon","coordinates":[[[-82.82164227413124,40.0758554517911],[-82.82173225792214,40.07607831357448],[-82.82198812865776,40.076017367793305],[-82.82189848744353,40.07579446833556],[-82.82164227413124,40.0758554517911]]]}},{"type":"Feature","properties":{"PARCELID":"222-001294","OWNERNME1":"FORNSHELL MATTHEW L TTEE","SITEADDRESS":"7492 KING GEORGE DR","RESYRBLT":1994,"RESFLRAREA_AG":2706,"STATEDAREA":6376,"ACRES":0.14636573,"SCHLDSCRP":"NEW ALBANY-PLAIN LSD","CVTTXDSCRP":"PLAIN TWP-NEW ALBANY CORP","CLASSCD":"510","CLASSDSCRP":"SINGLE FAMILY DWELLING, PLATTED LOT","SALEPRICE":975000,"SALEDATE":1695704400000},"geometry":{"type":"Polygon","coordinates":[[[-82.82138628283506,40.075916374638474],[-82.82147627654622,40.076139260899794],[-82.82160087187864,40.07610960714248],[-82.8217062360125,40.0760845116208],[-82.82173225792214,40.07607831357448],[-82.82164227413124,40.0758554517911],[-82.82159974049641,40.07586557480738],[-82.82138628283506,40.075916374638474]]]}},{"type":"Feature","properties":{"PARCELID":"222-001295","OWNERNME1":"FREDELAKE ABIGAIL","SITEADDRESS":"7502 KING GEORGE DR","RESYRBLT":1994,"RESFLRAREA_AG":3251,"STATEDAREA":6374,"ACRES":0.14632103,"SCHLDSCRP":"NEW ALBANY-PLAIN LSD","CVTTXDSCRP":"PLAIN TWP-NEW ALBANY CORP","CLASSCD":"510","CLASSDSCRP":"SINGLE FAMILY DWELLING, PLATTED LOT","SALEPRICE":540000,"SALEDATE":1491282000000},"geometry":{"type":"Polygon","coordinates":[[[-82.82113038586431,40.07597725704131],[-82.8212203835841,40.07620015698945],[-82.82134779441839,40.0761698482717],[-82.82147627654622,40.076139260899794],[-82.82138628283506,40.075916374638474],[-82.82113038586431,40.07597725704131]]]}},{"type":"Feature","properties":{"PARCELID":"222-001296","OWNERNME1":"TALBOT BRIAN P TR","SITEADDRESS":"7510 KING GEORGE DR","RESYRBLT":1995,"RESFLRAREA_AG":3405,"STATEDAREA":8927,"ACRES":0.20493671,"SCHLDSCRP":"NEW ALBANY-PLAIN LSD","CVTTXDSCRP":"PLAIN TWP-NEW ALBANY CORP","CLASSCD":"510","CLASSDSCRP":"SINGLE FAMILY DWELLING, PLATTED LOT","SALEPRICE":595000,"SALEDATE":1615957200000},"geometry":{"type":"Polygon","coordinates":[[[-82.82101971787229,40.07600358955627],[-82.82098539794073,40.076009760215875],[-82.82095061614486,40.07601224243642],[-82.82091576774556,40.07601100800992],[-82.82073597220115,40.07631543976825],[-82.82098911289498,40.07625520789536],[-82.8212203835841,40.07620015698945],[-82.82113038586431,40.07597725704131],[-82.82101971787229,40.07600358955627]]]}},{"type":"Feature","properties":{"PARCELID":"222-001297","OWNERNME1":"RISSER LANE TR","SITEADDRESS":"7518 KING GEORGE DR","RESYRBLT":1993,"RESFLRAREA_AG":3436,"STATEDAREA":8962,"ACRES":0.20574149,"SCHLDSCRP":"NEW ALBANY-PLAIN LSD","CVTTXDSCRP":"PLAIN TWP-NEW ALBANY CORP","CLASSCD":"510","CLASSDSCRP":"SINGLE FAMILY DWELLING, PLATTED LOT","SALEPRICE":0,"SALEDATE":1412917200000},"geometry":{"type":"Polygon","coordinates":[[[-82.82070944781523,40.07591885373276],[-82.82059742089388,40.076018467369984],[-82.82049626094468,40.07623802549196],[-82.82058347564393,40.07624798791974],[-82.82068930055735,40.076260055561065],[-82.82068496561361,40.076327595722695],[-82.82073597220115,40.07631543976825],[-82.82091576774556,40.07601100800992],[-82.82087971720095,40.07600592918949],[-82.82084456347557,40.075996460727275],[-82.8208108389596,40.07598274601962],[-82.82077905439832,40.075964992770686],[-82.82070944781523,40.07591885373276]]]}},{"type":"Feature","properties":{"PARCELID":"222-001300","OWNERNME1":"LORCH GWENDOLEN","SITEADDRESS":"7550 KING GEORGE DR","RESYRBLT":1996,"RESFLRAREA_AG":2848,"STATEDAREA":16183,"ACRES":0.37150853,"SCHLDSCRP":"NEW ALBANY-PLAIN LSD","CVTTXDSCRP":"PLAIN TWP-NEW ALBANY CORP","CLASSCD":"510","CLASSDSCRP":"SINGLE FAMILY DWELLING, PLATTED LOT","SALEPRICE":588000,"SALEDATE":1062565200000},"geometry":{"type":"Polygon","coordinates":[[[-82.82008225503057,40.075503026120714],[-82.81959864639506,40.075933620468724],[-82.81959850045173,40.075933750552835],[-82.81981162514167,40.07597749960035],[-82.81993195454376,40.07600219998501],[-82.82031728341073,40.075658909422486],[-82.82023252905576,40.07560272909115],[-82.82008643236146,40.075505886778316],[-82.82008225503057,40.075503026120714]]]}},{"type":"Feature","properties":{"PARCELID":"222-001301","OWNERNME1":"LANGFORD ADAM C","SITEADDRESS":"7558 KING GEORGE DR","RESYRBLT":1993,"RESFLRAREA_AG":3052,"STATEDAREA":16964,"ACRES":0.3894882,"SCHLDSCRP":"NEW ALBANY-PLAIN LSD","CVTTXDSCRP":"PLAIN TWP-NEW ALBANY CORP","CLASSCD":"510","CLASSDSCRP":"SINGLE FAMILY DWELLING, PLATTED LOT","SALEPRICE":780000,"SALEDATE":1634014800000},"geometry":{"type":"Polygon","coordinates":[[[-82.82001802989488,40.075374954671574],[-82.81989475874491,40.0753659608456],[-82.81932105208809,40.07587676765889],[-82.81959850045173,40.075933750552835],[-82.81959864639506,40.075933620468724],[-82.82008225503057,40.075503026120714],[-82.82006499811018,40.07549020996896],[-82.8200499377462,40.07547487241753],[-82.82003743841851,40.075457384654555],[-82.82002780262661,40.075438169906015],[-82.82002126356886,40.075417693193124],[-82.82001797949874,40.07539645007823],[-82.82001802989488,40.075374954671574]]]}},{"type":"Feature","properties":{"PARCELID":"222-001302","OWNERNME1":"WOLMAN HOPE E","SITEADDRESS":"7465 KING GEORGE DR","RESYRBLT":1993,"RESFLRAREA_AG":2350,"STATEDAREA":4639,"ACRES":0.10648863,"SCHLDSCRP":"NEW ALBANY-PLAIN LSD","CVTTXDSCRP":"PLAIN TWP-NEW ALBANY CORP","CLASSCD":"510","CLASSDSCRP":"SINGLE FAMILY DWELLING, PLATTED LOT","SALEPRICE":422000,"SALEDATE":1409634000000},"geometry":{"type":"Polygon","coordinates":[[[-82.82159803644439,40.07549801776548],[-82.82198678402783,40.07565696960766],[-82.82199354631366,40.07564566546019],[-82.82199832808143,40.07563339162802],[-82.8220009953205,40.07562049208945],[-82.82200147328054,40.07560732835846],[-82.8219997485666,40.07559426935309],[-82.82199586951434,40.07558168105642],[-82.82193037284311,40.07541886603698],[-82.82159803644439,40.07549801776548]]]}},{"type":"Feature","properties":{"PARCELID":"222-001304","OWNERNME1":"MASTURZO KIMBERLY JANE","SITEADDRESS":"7487 KING GEORGE DR","RESYRBLT":1995,"RESFLRAREA_AG":3451,"STATEDAREA":9021,"ACRES":0.20708815,"SCHLDSCRP":"NEW ALBANY-PLAIN LSD","CVTTXDSCRP":"PLAIN TWP-NEW ALBANY CORP","CLASSCD":"510","CLASSDSCRP":"SINGLE FAMILY DWELLING, PLATTED LOT","SALEPRICE":1030000,"SALEDATE":1725426000000},"geometry":{"type":"Polygon","coordinates":[[[-82.82129655032051,40.07564319772722],[-82.821373047772,40.07583326686841],[-82.82151676455052,40.07579904437374],[-82.82159934088949,40.07577938158834],[-82.82169965404194,40.075755540022286],[-82.82159806443963,40.07550405625383],[-82.82159589363872,40.075498571196896],[-82.82154095062232,40.07551163530255],[-82.82141315351917,40.0755420479662],[-82.8213845097906,40.07554886462392],[-82.82138423308565,40.07554911034538],[-82.82129170677155,40.07563116625955],[-82.82129655032051,40.07564319772722]]]}},{"type":"Feature","properties":{"PARCELID":"222-001309","OWNERNME1":"BRUBAKER STAFFORD R","SITEADDRESS":"4516 QUEEN ANNE ST","RESYRBLT":1994,"RESFLRAREA_AG":2869,"STATEDAREA":7215,"ACRES":0.16563103,"SCHLDSCRP":"NEW ALBANY-PLAIN LSD","CVTTXDSCRP":"PLAIN TWP-NEW ALBANY CORP","CLASSCD":"510","CLASSDSCRP":"SINGLE FAMILY DWELLING, PLATTED LOT","SALEPRICE":0,"SALEDATE":1690866000000},"geometry":{"type":"Polygon","coordinates":[[[-82.82077169988331,40.075286482632976],[-82.82102057064526,40.07545144720638],[-82.8212035958674,40.075288517450176],[-82.8209548981778,40.07512342759752],[-82.82092329223858,40.075151558778046],[-82.82077169988331,40.075286482632976]]]}},{"type":"Feature","properties":{"PARCELID":"222-001310","OWNERNME1":"BURT JEFFREY B","SITEADDRESS":"4526 QUEEN ANNE ST","RESYRBLT":1994,"RESFLRAREA_AG":3043,"STATEDAREA":7646,"ACRES":0.1755203,"SCHLDSCRP":"NEW ALBANY-PLAIN LSD","CVTTXDSCRP":"PLAIN TWP-NEW ALBANY CORP","CLASSCD":"510","CLASSDSCRP":"SINGLE FAMILY DWELLING, PLATTED LOT","SALEPRICE":805000,"SALEDATE":1627016400000},"geometry":{"type":"Polygon","coordinates":[[[-82.82072948798893,40.0753240540383],[-82.82057759270592,40.07545929367072],[-82.82082662816967,40.07562409518531],[-82.82102057064526,40.07545144720638],[-82.82077169988331,40.075286482632976],[-82.82072948798893,40.0753240540383]]]}},{"type":"Feature","properties":{"PARCELID":"222-001311","OWNERNME1":"SHOGER SUZANNE G","SITEADDRESS":"7533 KING GEORGE DR","RESYRBLT":1994,"RESFLRAREA_AG":2312,"STATEDAREA":6478,"ACRES":0.1487105,"SCHLDSCRP":"NEW ALBANY-PLAIN LSD","CVTTXDSCRP":"PLAIN TWP-NEW ALBANY CORP","CLASSCD":"510","CLASSDSCRP":"SINGLE FAMILY DWELLING, PLATTED LOT","SALEPRICE":750000,"SALEDATE":1748494800000},"geometry":{"type":"Polygon","coordinates":[[[-82.82053569558353,40.07549653001993],[-82.82040800238845,40.075610187038556],[-82.82057316963666,40.075719598034325],[-82.82059160288264,40.075729281310345],[-82.82061130565435,40.075736015638775],[-82.82063180950352,40.07573964090587],[-82.82065262693567,40.075740070918194],[-82.82067326300067,40.075737295451866],[-82.82069322706053,40.07573138049569],[-82.82071204445465,40.075722466682215],[-82.82072926778531,40.07571076594407],[-82.82082662816967,40.07562409518531],[-82.82057759270592,40.07545929367072],[-82.82053569558353,40.07549653001993]]]}},{"type":"Feature","properties":{"PARCELID":"222-001312","OWNERNME1":"JUDAY JOEL R TR","SITEADDRESS":"7551 KING GEORGE DR","RESYRBLT":1993,"RESFLRAREA_AG":3065,"STATEDAREA":7623,"ACRES":0.17476103,"SCHLDSCRP":"NEW ALBANY-PLAIN LSD","CVTTXDSCRP":"PLAIN TWP-NEW ALBANY CORP","CLASSCD":"510","CLASSDSCRP":"SINGLE FAMILY DWELLING, PLATTED LOT","SALEPRICE":0,"SALEDATE":1368680400000},"geometry":{"type":"Polygon","coordinates":[[[-82.82053569558353,40.07549653001993],[-82.8203278100568,40.075265205040445],[-82.82025636963552,40.07529726507395],[-82.82018251815656,40.075323294645514],[-82.82017209356655,40.07532556230264],[-82.82016217644478,40.075329494864285],[-82.82015303075826,40.07533498765626],[-82.82014489994053,40.07534189447525],[-82.82013800041204,40.075350031480355],[-82.82013251581962,40.07535918208643],[-82.82012859214835,40.07536910272901],[-82.82012633383577,40.075379529347344],[-82.8201258009921,40.07539018441295],[-82.82012700780017,40.07540078431671],[-82.82012992213801,40.07541104691777],[-82.8201344664338,40.07542069905335],[-82.82014051973066,40.07542948380962],[-82.82014792090612,40.07543716736005],[-82.82015647296086,40.07544354518925],[-82.82040800238845,40.075610187038556],[-82.82053569558353,40.07549653001993]]]}},{"type":"Feature","properties":{"PARCELID":"222-001313","OWNERNME1":"MARTENS LINDA M","SITEADDRESS":"7567 KING GEORGE DR","RESYRBLT":1993,"RESFLRAREA_AG":2044,"STATEDAREA":6669,"ACRES":0.15310642,"SCHLDSCRP":"NEW ALBANY-PLAIN LSD","CVTTXDSCRP":"PLAIN TWP-NEW ALBANY CORP","CLASSCD":"510","CLASSDSCRP":"SINGLE FAMILY DWELLING, PLATTED LOT","SALEPRICE":470200,"SALEDATE":1506661200000},"geometry":{"type":"Polygon","coordinates":[[[-82.8203278100568,40.075265205040445],[-82.82053569558353,40.07549653001993],[-82.82057759270592,40.07545929367072],[-82.82072948798893,40.0753240540383],[-82.82048827688132,40.075160289181184],[-82.8204375925141,40.07519943043195],[-82.82038399342206,40.075234474403274],[-82.8203278100568,40.075265205040445]]]}},{"type":"Feature","properties":{"PARCELID":"222-001314","OWNERNME1":"BARNES DOUGLAS W","SITEADDRESS":"7575 KING GEORGE DR","RESYRBLT":1993,"RESFLRAREA_AG":2133,"STATEDAREA":6470,"ACRES":0.14854059,"SCHLDSCRP":"NEW ALBANY-PLAIN LSD","CVTTXDSCRP":"PLAIN TWP-NEW ALBANY CORP","CLASSCD":"510","CLASSDSCRP":"SINGLE FAMILY DWELLING, PLATTED LOT","SALEPRICE":342000,"SALEDATE":1310706000000},"geometry":{"type":"Polygon","coordinates":[[[-82.82048827688132,40.075160289181184],[-82.82072948798893,40.0753240540383],[-82.82077169988331,40.075286482632976],[-82.82092329223858,40.075151558778046],[-82.82060666554325,40.07503166864081],[-82.82057091947902,40.07507786670952],[-82.82053136033137,40.07512084480273],[-82.82048827688132,40.075160289181184]]]}},{"type":"Feature","properties":{"PARCELID":"222-001315","OWNERNME1":"WHITE CAITLYN NICOLE","SITEADDRESS":"7583 KING GEORGE DR","RESYRBLT":1993,"RESFLRAREA_AG":2086,"STATEDAREA":5229,"ACRES":0.12004428,"SCHLDSCRP":"NEW ALBANY-PLAIN LSD","CVTTXDSCRP":"PLAIN TWP-NEW ALBANY CORP","CLASSCD":"510","CLASSDSCRP":"SINGLE FAMILY DWELLING, PLATTED LOT","SALEPRICE":650000,"SALEDATE":1649653200000},"geometry":{"type":"Polygon","coordinates":[[[-82.82067705845628,40.07489510769212],[-82.82065778566025,40.0749427085008],[-82.82063425611373,40.07498835538563],[-82.82060666554325,40.07503166864081],[-82.82092329223858,40.075151558778046],[-82.8209548981778,40.07512342759752],[-82.82096442834384,40.0750751020544],[-82.82097746700494,40.075008984455295],[-82.82097723800425,40.07500889862243],[-82.82067705845628,40.07489510769212]]]}},{"type":"Feature","properties":{"PARCELID":"222-001316","OWNERNME1":"SCHUBERT DANE A","SITEADDRESS":"7595 KING GEORGE DR","RESYRBLT":1993,"RESFLRAREA_AG":2097,"STATEDAREA":5096,"ACRES":0.11697832,"SCHLDSCRP":"NEW ALBANY-PLAIN LSD","CVTTXDSCRP":"PLAIN TWP-NEW ALBANY CORP","CLASSCD":"510","CLASSDSCRP":"SINGLE FAMILY DWELLING, PLATTED LOT","SALEPRICE":400000,"SALEDATE":1036040400000},"geometry":{"type":"Polygon","coordinates":[[[-82.82097723800425,40.07500889862243],[-82.82097746700494,40.075008984455295],[-82.82101672023607,40.07480992248668],[-82.82079813254606,40.074784073865274],[-82.82078369344026,40.07478230421378],[-82.82076915473345,40.07478279963943],[-82.82075486958857,40.07478554810774],[-82.82074118500924,40.07479048285506],[-82.82072843341062,40.07479748401033],[-82.82071692454463,40.074806381506946],[-82.82070693797569,40.07481695921384],[-82.82069871628975,40.07482896018559],[-82.82069245920162,40.074842092903914],[-82.82067705845628,40.07489510769212],[-82.82097723800425,40.07500889862243]]]}},{"type":"Feature","properties":{"PARCELID":"222-001317","OWNERNME1":"NEW ALBANY COUNTRY CLUB COMMUNITY ASSOCIATION INC","SITEADDRESS":"ASHTON GREEN CR","RESYRBLT":null,"RESFLRAREA_AG":null,"STATEDAREA":52112,"ACRES":1.1963567,"SCHLDSCRP":"NEW ALBANY-PLAIN LSD","CVTTXDSCRP":"PLAIN TWP-NEW ALBANY CORP","CLASSCD":"500","CLASSDSCRP":"RESIDENTIAL, VACANT LAND, LOT","SALEPRICE":0,"SALEDATE":743317200000},"geometry":{"type":"Polygon","coordinates":[[[-82.82145590710202,40.07440862952884],[-82.82111491238834,40.074182535786555],[-82.82110301358887,40.074176287824514],[-82.82109029512483,40.07417194511446],[-82.82107705991505,40.07416961108778],[-82.82106362318585,40.074169341334596],[-82.82105030496318,40.074171142279674],[-82.82103742245047,40.07417497102946],[-82.82102528247378,40.07418073639365],[-82.82101417417397,40.07418830105713],[-82.81915585401414,40.07584286361209],[-82.81932105208809,40.07587676765889],[-82.81989475874491,40.0753659608456],[-82.82001802989488,40.075374954671574],[-82.82002561891098,40.07534919806116],[-82.82003725190977,40.075324997452],[-82.82005262596482,40.07530298303453],[-82.82007134073154,40.0752837280702],[-82.82009290887231,40.075267733963514],[-82.82011676874687,40.075255417205376],[-82.82014229903758,40.07524709852752],[-82.82020358315664,40.075228829511154],[-82.82026264647183,40.0752043136998],[-82.82031885416389,40.07517381459222],[-82.82037160210605,40.075137659996315],[-82.82042032335741,40.075096238505836],[-82.82046449425637,40.07504999532371],[-82.82050364004904,40.07499942747697],[-82.82053733999194,40.07494507847461],[-82.82056523187424,40.07488753246597],[-82.82058701591076,40.07482740796215],[-82.82060048876315,40.074799166697694],[-82.82061817927571,40.074773357154214],[-82.82063965919306,40.074750604134195],[-82.82066440852515,40.0747314584472],[-82.82069182813528,40.07471638357576],[-82.8207212542442,40.07470574445533],[-82.82075197449888,40.074699798639806],[-82.82078324521736,40.07469869006667],[-82.82081430939199,40.07470244557246],[-82.82071430938022,40.074636288833666],[-82.82099436983857,40.07438682183214],[-82.82109235388313,40.07439964902186],[-82.82118743941949,40.07441209769022],[-82.82142301408196,40.07456798365446],[-82.82146740638414,40.074528546270976],[-82.82147598015581,40.07452035518744],[-82.82148309841938,40.07451087184763],[-82.82148856937974,40.07450035177145],[-82.82149224562689,40.07448907841272],[-82.82149402810771,40.07447735552177],[-82.8214938687949,40.07446549896116],[-82.82149177198099,40.07445382819505],[-82.82148779416269,40.07444265768155],[-82.82148204251871,40.07443228839992],[-82.8214746720218,40.07442299974095],[-82.82146588126325,40.07441504197906],[-82.82145590710202,40.07440862952884]]]}},{"type":"Feature","properties":{"PARCELID":"222-001318","OWNERNME1":"NEW ALBANY COUNTRY CLUB COMMUNITY ASSOCIATION INC","SITEADDRESS":"4471 ASHTON GREEN","RESYRBLT":null,"RESFLRAREA_AG":null,"STATEDAREA":33518,"ACRES":0.76883981,"SCHLDSCRP":"NEW ALBANY-PLAIN LSD","CVTTXDSCRP":"PLAIN TWP-NEW ALBANY CORP","CLASSCD":"500","CLASSDSCRP":"RESIDENTIAL, VACANT LAND, LOT","SALEPRICE":0,"SALEDATE":743317200000},"geometry":{"type":"Polygon","coordinates":[[[-82.82159366269771,40.074558140661246],[-82.82157743593996,40.07456391109139],[-82.82156224425644,40.07457202393818],[-82.82154842355301,40.074582299817116],[-82.82146193584352,40.074659225736156],[-82.82143164280272,40.074690646041255],[-82.8214067662087,40.0747265077055],[-82.82138794679425,40.07476588705965],[-82.82137566928076,40.074807769831224],[-82.82137024989338,40.07485107726862],[-82.82137182821634,40.07489469392587],[-82.82138036359763,40.07493749639261],[-82.8213956361961,40.07497838222914],[-82.8214172526438,40.075016298361355],[-82.82144465617772,40.07505026820418],[-82.82147714098002,40.07507941681499],[-82.82151387035746,40.075102993428956],[-82.82155389829155,40.075120390796144],[-82.82159619380472,40.07513116082209],[-82.82159633588424,40.075131209966735],[-82.82164834917342,40.07514654981121],[-82.82170176366094,40.075155908529254],[-82.8217558938911,40.07515916602262],[-82.82181004522324,40.07515628048866],[-82.82186352274594,40.07514728895676],[-82.82191564019459,40.07513230681314],[-82.82196572875807,40.07511152632017],[-82.82201314566153,40.0750852141491],[-82.82205728241486,40.07505370795788],[-82.82214055346522,40.07497963814546],[-82.8221493059865,40.0749713788764],[-82.82215654634487,40.07496176641756],[-82.82216206867369,40.074951074082044],[-82.82216571595539,40.07493960588731],[-82.82216738448604,40.07492768791098],[-82.82216702682393,40.074915659019425],[-82.82216465313857,40.07490386123268],[-82.82216033092146,40.07489262999973],[-82.82215418306711,40.074882284660625],[-82.82214638437878,40.0748731193666],[-82.82213715659825,40.074865394716404],[-82.82210033398654,40.07483686079297],[-82.82206214122233,40.07481018866743],[-82.82170465387912,40.07457347596548],[-82.82168413183084,40.07456297289176],[-82.82166214337778,40.07455604635181],[-82.82163930671229,40.0745528910812],[-82.82161626387368,40.07455359578848],[-82.82159366269771,40.074558140661246]]]}},{"type":"Feature","properties":{"PARCELID":"222-001319","OWNERNME1":"NEW ALBANY COUNTRY CLUB COMMUNITY ASSOCIATION INC","SITEADDRESS":"KING GEORGE DR","RESYRBLT":null,"RESFLRAREA_AG":null,"STATEDAREA":4089,"ACRES":0.09386346,"SCHLDSCRP":"NEW ALBANY-PLAIN LSD","CVTTXDSCRP":"PLAIN TWP-NEW ALBANY CORP","CLASSCD":"500","CLASSDSCRP":"RESIDENTIAL, VACANT LAND, LOT","SALEPRICE":0,"SALEDATE":743317200000},"geometry":{"type":"Polygon","coordinates":[[[-82.8205554462982,40.07581677584034],[-82.82033190859312,40.07601565547794],[-82.82059742089388,40.076018467369984],[-82.82070944781523,40.07591885373276],[-82.8205554462982,40.07581677584034]]]}},{"type":"Feature","properties":{"PARCELID":"222-001320","OWNERNME1":"NEW ALBANY COUNTRY CLUB COMMUNITY ASSOCIATION INC","SITEADDRESS":"KING GEORGE DR","RESYRBLT":null,"RESFLRAREA_AG":null,"STATEDAREA":3969,"ACRES":0.0911361,"SCHLDSCRP":"NEW ALBANY-PLAIN LSD","CVTTXDSCRP":"PLAIN TWP-NEW ALBANY CORP","CLASSCD":"500","CLASSDSCRP":"RESIDENTIAL, VACANT LAND, LOT","SALEPRICE":0,"SALEDATE":743317200000},"geometry":{"type":"Polygon","coordinates":[[[-82.82083397934932,40.07574387015003],[-82.8208222297316,40.075761217815206],[-82.82081365047964,40.07578033303007],[-82.82080849908041,40.07580064209429],[-82.82080693014164,40.075821535476855],[-82.82080899075152,40.07584238610971],[-82.82081461906544,40.07586256820787],[-82.82082364616218,40.075881476050895],[-82.82083580111369,40.07589854216228],[-82.82085071911632,40.07591325434094],[-82.82086795243968,40.07592517103382],[-82.82088698386423,40.07593393458811],[-82.82090724220438,40.07593928198536],[-82.82092811945152,40.075941052735445],[-82.82094898902186,40.075939193693266],[-82.82096922456202,40.0759337606538],[-82.82098821874764,40.07592491667754],[-82.82103037777632,40.07591488406624],[-82.82101375341037,40.07587321519611],[-82.82102280946863,40.075866580245105],[-82.82103057885685,40.075858476457555],[-82.82103682652338,40.0758491490019],[-82.82104136345404,40.07583888006689],[-82.82104405239053,40.075827980324384],[-82.82104481198293,40.07581677953042],[-82.82104361925089,40.075805616548905],[-82.82104051027878,40.07579482909979],[-82.82103557912409,40.07578474354183],[-82.8210289749718,40.07577566499907],[-82.82102881576914,40.07577571586782],[-82.82101444568188,40.07576312484703],[-82.8209982325672,40.07575301702207],[-82.8209806011706,40.0757456571942],[-82.8209620133932,40.07574123817357],[-82.82094295619102,40.07573987572815],[-82.82092392881793,40.075741605550796],[-82.82090542974639,40.075746382324226],[-82.82086286406985,40.07571815915306],[-82.82083397934932,40.07574387015003]]]}},{"type":"Feature","properties":{"PARCELID":"222-001321","OWNERNME1":"NEW ALBANY COUNTRY CLUB COMMUNITY ASSOCIATION INC","SITEADDRESS":"ASHTON GREEN CR","RESYRBLT":null,"RESFLRAREA_AG":null,"STATEDAREA":1054,"ACRES":0.02419683,"SCHLDSCRP":"NEW ALBANY-PLAIN LSD","CVTTXDSCRP":"PLAIN TWP-NEW ALBANY CORP","CLASSCD":"500","CLASSDSCRP":"RESIDENTIAL, VACANT LAND, LOT","SALEPRICE":0,"SALEDATE":743317200000},"geometry":{"type":"Polygon","coordinates":[[[-82.82218443122005,40.07507276847463],[-82.82218461701423,40.075072890447785],[-82.82238477197457,40.07520609250168],[-82.82238594442586,40.075206875515335],[-82.8223672892473,40.07515936921891],[-82.82234510925915,40.075113402796234],[-82.82233233118325,40.07509796384577],[-82.82231728397757,40.075084726700446],[-82.82230034216953,40.07507402083498],[-82.82228192744351,40.07506611272012],[-82.82226249814507,40.075061199190145],[-82.82224253787261,40.075059402543616],[-82.82222254344062,40.075060767499366],[-82.82220301251378,40.07506526008342],[-82.82218443122005,40.07507276847463]]]}},{"type":"Feature","properties":{"PARCELID":"222-001424","OWNERNME1":"CROWLEY KEVIN","SITEADDRESS":"7668 N ASPINWALL","RESYRBLT":1997,"RESFLRAREA_AG":3345,"STATEDAREA":16022,"ACRES":0.36780354,"SCHLDSCRP":"NEW ALBANY-PLAIN LSD","CVTTXDSCRP":"PLAIN TWP-NEW ALBANY CORP","CLASSCD":"510","CLASSDSCRP":"SINGLE FAMILY DWELLING, PLATTED LOT","SALEPRICE":865000,"SALEDATE":1680498000000},"geometry":{"type":"Polygon","coordinates":[[[-82.816545942055,40.075473710149126],[-82.81674414526478,40.07582371909535],[-82.81713219436655,40.075821169654134],[-82.81687357493651,40.07536430972315],[-82.816545942055,40.075473710149126]]]}},{"type":"Feature","properties":{"PARCELID":"222-001425","OWNERNME1":"KUEHNER BRET A TTEE","SITEADDRESS":"7654 N ASPINWALL","RESYRBLT":1999,"RESFLRAREA_AG":3198,"STATEDAREA":20268,"ACRES":0.46529498,"SCHLDSCRP":"NEW ALBANY-PLAIN LSD","CVTTXDSCRP":"PLAIN TWP-NEW ALBANY CORP","CLASSCD":"510","CLASSDSCRP":"SINGLE FAMILY DWELLING, PLATTED LOT","SALEPRICE":1480000,"SALEDATE":1748840400000},"geometry":{"type":"Polygon","coordinates":[[[-82.81687357493651,40.07536430972315],[-82.81713219436655,40.075821169654134],[-82.8172440368711,40.07582043465435],[-82.8175201742809,40.07581862091988],[-82.8172013753427,40.07525485208689],[-82.81687357493651,40.07536430972315]]]}},{"type":"Feature","properties":{"PARCELID":"222-001426","OWNERNME1":"BLOSEL MICHAEL J","SITEADDRESS":"4493 MIDDLE ASPINWALL","RESYRBLT":1998,"RESFLRAREA_AG":2848,"STATEDAREA":39707,"ACRES":0.91155788,"SCHLDSCRP":"NEW ALBANY-PLAIN LSD","CVTTXDSCRP":"PLAIN TWP-NEW ALBANY CORP","CLASSCD":"510","CLASSDSCRP":"SINGLE FAMILY DWELLING, PLATTED LOT","SALEPRICE":585000,"SALEDATE":1405486800000},"geometry":{"type":"Polygon","coordinates":[[[-82.8172013753427,40.07525485208689],[-82.8175201742809,40.07581862091988],[-82.81799975095686,40.07581546649317],[-82.81805514349622,40.07581510317655],[-82.81806219517398,40.07571488897148],[-82.81807907449713,40.07547328542924],[-82.81744614943821,40.07511315093544],[-82.81740824953043,40.075147706788385],[-82.81736722346623,40.075178486197736],[-82.8173234460916,40.075205207938936],[-82.81727731739058,40.07522762786142],[-82.81722925883075,40.075245541119386],[-82.8172013753427,40.07525485208689]]]}},{"type":"Feature","properties":{"PARCELID":"222-001427","OWNERNME1":"TORNERO MARK E","SITEADDRESS":"4481 MIDDLE ASPINWALL","RESYRBLT":2000,"RESFLRAREA_AG":3544,"STATEDAREA":24641,"ACRES":0.56567569,"SCHLDSCRP":"NEW ALBANY-PLAIN LSD","CVTTXDSCRP":"PLAIN TWP-NEW ALBANY CORP","CLASSCD":"510","CLASSDSCRP":"SINGLE FAMILY DWELLING, PLATTED LOT","SALEPRICE":689900,"SALEDATE":1498107600000},"geometry":{"type":"Polygon","coordinates":[[[-82.81755058232173,40.07489385130141],[-82.81754228297675,40.07494266826085],[-82.81752734629207,40.07498987917174],[-82.81750605634583,40.07503458613815],[-82.81747881804777,40.075075938886236],[-82.81744614943821,40.07511315093544],[-82.81807907449713,40.07547328542924],[-82.81808868521489,40.075335725151774],[-82.8181091401177,40.075042773732676],[-82.8181176785475,40.07492168481929],[-82.81755058232173,40.07489385130141]]]}},{"type":"Feature","properties":{"PARCELID":"222-001428","OWNERNME1":"WALKER MICHAEL R","SITEADDRESS":"4469 MIDDLE ASPINWALL","RESYRBLT":1998,"RESFLRAREA_AG":3643,"STATEDAREA":15856,"ACRES":0.36399854,"SCHLDSCRP":"NEW ALBANY-PLAIN LSD","CVTTXDSCRP":"PLAIN TWP-NEW ALBANY CORP","CLASSCD":"510","CLASSDSCRP":"SINGLE FAMILY DWELLING, PLATTED LOT","SALEPRICE":569000,"SALEDATE":1246510800000},"geometry":{"type":"Polygon","coordinates":[[[-82.81757318126505,40.07462012118576],[-82.81755056518796,40.07489369374159],[-82.81755058232173,40.07489385130141],[-82.8181176785475,40.07492168481929],[-82.81812658700768,40.074795397498654],[-82.81813703834891,40.07464741308819],[-82.81757318126505,40.07462012118576]]]}},{"type":"Feature","properties":{"PARCELID":"222-001429","OWNERNME1":"BROWN JAMES H TR","SITEADDRESS":"4457 MIDDLE ASPINWALL","RESYRBLT":1997,"RESFLRAREA_AG":4004,"STATEDAREA":15763,"ACRES":0.36186463,"SCHLDSCRP":"NEW ALBANY-PLAIN LSD","CVTTXDSCRP":"PLAIN TWP-NEW ALBANY CORP","CLASSCD":"510","CLASSDSCRP":"SINGLE FAMILY DWELLING, PLATTED LOT","SALEPRICE":0,"SALEDATE":1544418000000},"geometry":{"type":"Polygon","coordinates":[[[-82.81814202064584,40.074576849696605],[-82.81815447782658,40.074397952828555],[-82.81815576570864,40.07437944187855],[-82.81815618929545,40.074373390457346],[-82.81759580214832,40.07434610098196],[-82.81757318126505,40.07462012118576],[-82.81813703834891,40.07464741308819],[-82.81814202064584,40.074576849696605]]]}},{"type":"Feature","properties":{"PARCELID":"222-001430","OWNERNME1":"KROHNE SUSAN E","SITEADDRESS":"4445 MIDDLE ASPINWALL","RESYRBLT":1999,"RESFLRAREA_AG":3183,"STATEDAREA":15674,"ACRES":0.35982104,"SCHLDSCRP":"NEW ALBANY-PLAIN LSD","CVTTXDSCRP":"PLAIN TWP-NEW ALBANY CORP","CLASSCD":"510","CLASSDSCRP":"SINGLE FAMILY DWELLING, PLATTED LOT","SALEPRICE":985000,"SALEDATE":1677560400000},"geometry":{"type":"Polygon","coordinates":[[[-82.81761842050416,40.07407207985076],[-82.81759580214832,40.07434610098196],[-82.81815618929545,40.074373390457346],[-82.81816850972831,40.07419741100855],[-82.81817553355172,40.074099118703465],[-82.81761842050416,40.07407207985076]]]}},{"type":"Feature","properties":{"PARCELID":"222-001435","OWNERNME1":"BUGOSH BARBARA A TR","SITEADDRESS":"4440 MIDDLE ASPINWALL","RESYRBLT":1998,"RESFLRAREA_AG":4824,"STATEDAREA":15962,"ACRES":0.36643159,"SCHLDSCRP":"NEW ALBANY-PLAIN LSD","CVTTXDSCRP":"PLAIN TWP-NEW ALBANY CORP","CLASSCD":"510","CLASSDSCRP":"SINGLE FAMILY DWELLING, PLATTED LOT","SALEPRICE":0,"SALEDATE":1198213200000},"geometry":{"type":"Polygon","coordinates":[[[-82.81743254740084,40.074153321358715],[-82.81742908486699,40.07412896171173],[-82.81742182825406,40.074105451647696],[-82.81741095876507,40.0740833782304],[-82.81739674781925,40.07406329264948],[-82.81737955027447,40.07404569645683],[-82.81735979556622,40.074031029042466],[-82.81733797698426,40.07401965666263],[-82.81731463935479,40.074011863294096],[-82.81729036543578,40.07400784354308],[-82.81726576136505,40.074007697785746],[-82.81690907041276,40.07399033359674],[-82.81688420514821,40.07429174269066],[-82.81741899875266,40.07431774656176],[-82.81743254740084,40.074153321358715]]]}},{"type":"Feature","properties":{"PARCELID":"222-001436","OWNERNME1":"GAUDIO JOSHUA","SITEADDRESS":"4454 MIDDLE ASPINWALL","RESYRBLT":1994,"RESFLRAREA_AG":2992,"STATEDAREA":15001,"ACRES":0.34436839,"SCHLDSCRP":"NEW ALBANY-PLAIN LSD","CVTTXDSCRP":"PLAIN TWP-NEW ALBANY CORP","CLASSCD":"510","CLASSDSCRP":"SINGLE FAMILY DWELLING, PLATTED LOT","SALEPRICE":1140000,"SALEDATE":1751346000000},"geometry":{"type":"Polygon","coordinates":[[[-82.81686159906452,40.07456576451704],[-82.81739640649607,40.07459176845653],[-82.81741899875266,40.07431774656176],[-82.81688420514821,40.07429174269066],[-82.81686159906452,40.07456576451704]]]}},{"type":"Feature","properties":{"PARCELID":"222-001437","OWNERNME1":"LYAKER MICHAEL R TR","SITEADDRESS":"4466 MIDDLE ASPINWALL","RESYRBLT":1999,"RESFLRAREA_AG":3779,"STATEDAREA":14986,"ACRES":0.34402307,"SCHLDSCRP":"NEW ALBANY-PLAIN LSD","CVTTXDSCRP":"PLAIN TWP-NEW ALBANY CORP","CLASSCD":"510","CLASSDSCRP":"SINGLE FAMILY DWELLING, PLATTED LOT","SALEPRICE":0,"SALEDATE":1513227600000},"geometry":{"type":"Polygon","coordinates":[[[-82.81683901612087,40.07483950165573],[-82.81737386783276,40.07486550017776],[-82.81739640649607,40.07459176845653],[-82.81686159906452,40.07456576451704],[-82.81683901612087,40.07483950165573]]]}},{"type":"Feature","properties":{"PARCELID":"222-001438","OWNERNME1":"KRAMER JASON","SITEADDRESS":"4480 MIDDLE ASPINWALL","RESYRBLT":2001,"RESFLRAREA_AG":3950,"STATEDAREA":15386,"ACRES":0.35321597,"SCHLDSCRP":"NEW ALBANY-PLAIN LSD","CVTTXDSCRP":"PLAIN TWP-NEW ALBANY CORP","CLASSCD":"510","CLASSDSCRP":"SINGLE FAMILY DWELLING, PLATTED LOT","SALEPRICE":900000,"SALEDATE":1654750800000},"geometry":{"type":"Polygon","coordinates":[[[-82.81737386783276,40.07486550017776],[-82.81683901612087,40.07483950165573],[-82.81680620779217,40.07523718523188],[-82.8171579323619,40.075119734287846],[-82.81719781575995,40.07510648043947],[-82.81723535303496,40.075087577981336],[-82.81726974915178,40.075063427265285],[-82.81730027560467,40.075034539800676],[-82.81732628584692,40.07500152742064],[-82.81734722898464,40.07496508932354],[-82.81736266144462,40.07492599726403],[-82.81737225636914,40.07488507920736],[-82.81737386783276,40.07486550017776]]]}},{"type":"Feature","properties":{"PARCELID":"222-001512","OWNERNME1":"NEW ALBANY FIRST CHURCH OF THE NAZARENE","SITEADDRESS":"6000 JOHNSTOWN RD","RESYRBLT":null,"RESFLRAREA_AG":null,"STATEDAREA":27414,"ACRES":0.62933746,"SCHLDSCRP":"NEW ALBANY-PLAIN LSD","CVTTXDSCRP":"PLAIN TWP-NEW ALBANY CORP","CLASSCD":"685","CLASSDSCRP":"CHURCHES ETC PUBLIC WORSHIP    PRIVE","SALEPRICE":0,"SALEDATE":895208400000},"geometry":{"type":"Polygon","coordinates":[[[-82.81666349647136,40.07608128814071],[-82.8173746749364,40.07696135667916],[-82.81752846918668,40.076839350559894],[-82.81670805939464,40.07582395592556],[-82.81644868395769,40.07599073074505],[-82.81666349647136,40.07608128814071]]]}},{"type":"Feature","properties":{"PARCELID":"222-001524","OWNERNME1":"JOHNSON OLAMIDE","SITEADDRESS":"5065 YANTIS DR","RESYRBLT":2005,"RESFLRAREA_AG":5594,"STATEDAREA":32107,"ACRES":0.73707771,"SCHLDSCRP":"NEW ALBANY-PLAIN LSD","CVTTXDSCRP":"PLAIN TWP-NEW ALBANY CORP","CLASSCD":"510","CLASSDSCRP":"SINGLE FAMILY DWELLING, PLATTED LOT","SALEPRICE":1495000,"SALEDATE":1621573200000},"geometry":{"type":"Polygon","coordinates":[[[-82.82216982721384,40.07597409022801],[-82.82198812865776,40.076017367793305],[-82.82173225792214,40.07607831357448],[-82.8217062360125,40.0760845116208],[-82.82186450207716,40.07647782058942],[-82.82189125089778,40.07654335468078],[-82.82240345688697,40.07642144261081],[-82.82241297352728,40.076419532304385],[-82.82242201862746,40.07641601067461],[-82.82243032157933,40.07641098308041],[-82.82243763397808,40.076404599935564],[-82.82244373705389,40.07639705220881],[-82.82244844821705,40.07638856571042],[-82.82245162652063,40.076379394336485],[-82.82245317687723,40.076369812473],[-82.82245305290384,40.07636010678683],[-82.82243309090585,40.07625058811275],[-82.82241871364818,40.0761401973713],[-82.82240995819672,40.0760292191599],[-82.82240684712382,40.07591793959052],[-82.82216982721384,40.07597409022801]]]}},{"type":"Feature","properties":{"PARCELID":"222-001533","OWNERNME1":"NEW ALBANY COUNTY CLUB COMMUNITY ASSOCIATION INC","SITEADDRESS":"KING GEORGE DR","RESYRBLT":null,"RESFLRAREA_AG":null,"STATEDAREA":7145,"ACRES":0.16403396,"SCHLDSCRP":"NEW ALBANY-PLAIN LSD","CVTTXDSCRP":"PLAIN TWP-NEW ALBANY CORP","CLASSCD":"500","CLASSDSCRP":"RESIDENTIAL, VACANT LAND, LOT","SALEPRICE":0,"SALEDATE":821854800000},"geometry":{"type":"Polygon","coordinates":[[[-82.82241512022863,40.07561650381816],[-82.82234196658035,40.07572299580296],[-82.82210775108823,40.075628077249846],[-82.82210188366149,40.07565270018462],[-82.82209249019274,40.075676205042804],[-82.82207977128807,40.075698089856665],[-82.82206399857134,40.07571788725599],[-82.8220455088833,40.07573517444922],[-82.82202469708817,40.07574958225255],[-82.82225855791344,40.07584455597629],[-82.82216982721384,40.07597409022801],[-82.82240684712382,40.07591793959052],[-82.82240792440729,40.0758440139819],[-82.82241512022863,40.07561650381816]]]}},{"type":"Feature","properties":{"PARCELID":"222-004876","OWNERNME1":"WISSMAN STEPHANIE K TTEE","SITEADDRESS":"5892 JOHNSTOWN RD","RESYRBLT":2023,"RESFLRAREA_AG":7759,"STATEDAREA":2.563,"ACRES":2.56302824,"SCHLDSCRP":"NEW ALBANY-PLAIN LSD","CVTTXDSCRP":"PLAIN TWP-NEW ALBANY CORP","CLASSCD":"511","CLASSDSCRP":"SINGLE FAMILY, O-9.999 AC","SALEPRICE":0,"SALEDATE":1719464400000},"geometry":{"type":"Polygon","coordinates":[[[-82.81917770956544,40.07540327425278],[-82.81961291486631,40.07501532719703],[-82.81893378220998,40.07456511703109],[-82.81875033055606,40.07440688006946],[-82.81815447782658,40.074397952828555],[-82.81814202064584,40.074576849696605],[-82.81812658700768,40.074795397498654],[-82.8181176785475,40.07492168481929],[-82.8181091401177,40.075042773732676],[-82.81808868521489,40.075335725151774],[-82.81917770956544,40.07540327425278]]]}},{"type":"Feature","properties":{"PARCELID":"222-004877","OWNERNME1":"CROW SCOT C TR","SITEADDRESS":"5886 JOHNSTOWN RD","RESYRBLT":2017,"RESFLRAREA_AG":8056,"STATEDAREA":4.298,"ACRES":4.29675155,"SCHLDSCRP":"NEW ALBANY-PLAIN LSD","CVTTXDSCRP":"PLAIN TWP-NEW ALBANY CORP","CLASSCD":"511","CLASSDSCRP":"SINGLE FAMILY, O-9.999 AC","SALEPRICE":630000,"SALEDATE":1495602000000},"geometry":{"type":"Polygon","coordinates":[[[-82.81929006869726,40.07350486066233],[-82.81868500431023,40.07346727592277],[-82.81822184105796,40.07343853339096],[-82.81819165723358,40.0738690403014],[-82.81816850972831,40.07419741100855],[-82.81815618929545,40.074373390457346],[-82.81815576570864,40.07437944187855],[-82.81815447782658,40.074397952828555],[-82.81875033055606,40.07440688006946],[-82.81893378220998,40.07456511703109],[-82.81961291486631,40.07501532719703],[-82.82036811303504,40.07434212218255],[-82.81995289331942,40.07410346126104],[-82.81959687963611,40.074081452649594],[-82.81926131085986,40.073778399933495],[-82.81929006869726,40.07350486066233]]]}},{"type":"Feature","properties":{"PARCELID":"222-000166","OWNERNME1":"CROW SCOT C TR","SITEADDRESS":"5880 JOHNSTOWN RD","RESYRBLT":null,"RESFLRAREA_AG":null,"STATEDAREA":3.139,"ACRES":3.13782737,"SCHLDSCRP":"NEW ALBANY-PLAIN LSD","CVTTXDSCRP":"PLAIN TWP-NEW ALBANY CORP","CLASSCD":"501","CLASSDSCRP":"RESIDENTIAL, 0-9.999 AC","SALEPRICE":0,"SALEDATE":1492059600000},"geometry":{"type":"Polygon","coordinates":[[[-82.82126225739265,40.07354503128344],[-82.8214143372615,40.07341160487013],[-82.8211851016607,40.07328965259118],[-82.82042381920671,40.073152609153915],[-82.82025328532625,40.073302382862494],[-82.8199746280648,40.07354714592068],[-82.81997436068296,40.073547379005156],[-82.819489230329,40.073517230573636],[-82.81929006869726,40.07350486066233],[-82.81926131085986,40.073778399933495],[-82.81959687963611,40.074081452649594],[-82.81995289331942,40.07410346126104],[-82.82036811303504,40.07434212218255],[-82.82126225739265,40.07354503128344]]]}},{"type":"Feature","properties":{"PARCELID":"222-001289","OWNERNME1":"ROTH JENNETTE","SITEADDRESS":"4522 ASHTON GREEN DR","RESYRBLT":1993,"RESFLRAREA_AG":2972,"STATEDAREA":5740,"ACRES":0.13178145,"SCHLDSCRP":"NEW ALBANY-PLAIN LSD","CVTTXDSCRP":"PLAIN TWP-NEW ALBANY CORP","CLASSCD":"510","CLASSDSCRP":"SINGLE FAMILY DWELLING, PLATTED LOT","SALEPRICE":675000,"SALEDATE":1644555600000},"geometry":{"type":"Polygon","coordinates":[[[-82.8216707605525,40.075234739956876],[-82.82159800462878,40.07549115523285],[-82.82159589363872,40.075498571196896],[-82.82159803644439,40.07549801776548],[-82.82193037284311,40.07541886603698],[-82.82188278734026,40.075300517094135],[-82.82187270753346,40.07528465115838],[-82.82186012007946,40.07527069098559],[-82.82184537838796,40.0752590285264],[-82.82182889635179,40.075249991220055],[-82.82181113672628,40.07524383280108],[-82.82179259813682,40.075240726175366],[-82.82177380107925,40.07524075856562],[-82.82172216116003,40.07523979780809],[-82.8216707605525,40.075234739956876]]]}},{"type":"Feature","properties":{"PARCELID":"222-001303","OWNERNME1":"LINT JOHN ROBERT","SITEADDRESS":"7477 KING GEORGE DR","RESYRBLT":1995,"RESFLRAREA_AG":2350,"STATEDAREA":4638,"ACRES":0.10648109,"SCHLDSCRP":"NEW ALBANY-PLAIN LSD","CVTTXDSCRP":"PLAIN TWP-NEW ALBANY CORP","CLASSCD":"510","CLASSDSCRP":"SINGLE FAMILY DWELLING, PLATTED LOT","SALEPRICE":780000,"SALEDATE":1719550800000},"geometry":{"type":"Polygon","coordinates":[[[-82.82159803644439,40.07549801776548],[-82.82159589363872,40.075498571196896],[-82.82159806443963,40.07550405625383],[-82.82169965404194,40.075755540022286],[-82.82191103507112,40.07570530998437],[-82.82198678402783,40.07565696960766],[-82.82159803644439,40.07549801776548]]]}},{"type":"Feature","properties":{"PARCELID":"222-000253","OWNERNME1":"CARR TERRY G","SITEADDRESS":"5945 JOHNSTOWN RD","RESYRBLT":1942,"RESFLRAREA_AG":2536,"STATEDAREA":0.6961,"ACRES":0.6958653,"SCHLDSCRP":"NEW ALBANY-PLAIN LSD","CVTTXDSCRP":"PLAIN TWP-NEW ALBANY CORP","CLASSCD":"511","CLASSDSCRP":"SINGLE FAMILY, O-9.999 AC","SALEPRICE":0,"SALEDATE":329634000000},"geometry":{"type":"Polygon","coordinates":[[[-82.81915585401414,40.07584286361209],[-82.81908110258499,40.07582742032832],[-82.8189660113566,40.07580364238912],[-82.81881109621689,40.075941917534976],[-82.81892594118857,40.075965643157495],[-82.81900069507675,40.07598108653274],[-82.81944920214897,40.076073627850775],[-82.81973159405628,40.07613189206468],[-82.8198022270183,40.07614646534695],[-82.81993564726803,40.07617399403654],[-82.82001456190555,40.076183006823186],[-82.82049626094468,40.07623802549196],[-82.82059742089388,40.076018467369984],[-82.82033190859312,40.07601565547794],[-82.82003459260633,40.07601250359642],[-82.81997920843258,40.07601191768331],[-82.81993195454376,40.07600219998501],[-82.81959850045173,40.075933750552835],[-82.81932105208809,40.07587676765889],[-82.81915585401414,40.07584286361209]]]}},{"type":"Feature","properties":{"PARCELID":"222-000182","OWNERNME1":"THISSEN JAMES M TR","SITEADDRESS":"5896 JOHNSTOWN RD","RESYRBLT":1955,"RESFLRAREA_AG":1403,"STATEDAREA":1.002,"ACRES":1.00247043,"SCHLDSCRP":"NEW ALBANY-PLAIN LSD","CVTTXDSCRP":"PLAIN TWP-NEW ALBANY CORP","CLASSCD":"511","CLASSDSCRP":"SINGLE FAMILY, O-9.999 AC","SALEPRICE":0,"SALEDATE":1589950800000},"geometry":{"type":"Polygon","coordinates":[[[-82.8192677129437,40.07540885674036],[-82.81926748896053,40.07540884203845],[-82.81808868521489,40.075335725151774],[-82.81807907449713,40.07547328542924],[-82.81806219517398,40.07571488897148],[-82.81886829449638,40.07576486714448],[-82.81900046559556,40.075773130017254],[-82.81939994886703,40.07541707665879],[-82.8192677129437,40.07540885674036]]]}},{"type":"Feature","properties":{"PARCELID":"222-000181","OWNERNME1":"NEW ALBANY COMPANY LLC","SITEADDRESS":"5930 JOHNSTOWN RD","RESYRBLT":1966,"RESFLRAREA_AG":1194,"STATEDAREA":null,"ACRES":1.05251728,"SCHLDSCRP":"NEW ALBANY-PLAIN LSD","CVTTXDSCRP":"PLAIN TWP-NEW ALBANY CORP","CLASSCD":"511","CLASSDSCRP":"SINGLE FAMILY, O-9.999 AC","SALEPRICE":299000,"SALEDATE":1564117200000},"geometry":{"type":"Polygon","coordinates":[[[-82.81806219517398,40.07571488897148],[-82.81805514349622,40.07581510317655],[-82.8180044925794,40.07653471806136],[-82.81800448159095,40.07653487839893],[-82.81799502724336,40.076669284260944],[-82.8184749885027,40.07624149483157],[-82.81881109621689,40.075941917534976],[-82.8189660113566,40.07580364238912],[-82.81900046559556,40.075773130017254],[-82.81886829449638,40.07576486714448],[-82.81806219517398,40.07571488897148]]]}},{"type":"Feature","properties":{"PARCELID":"222-000218","OWNERNME1":"NEW ALBANY CO","SITEADDRESS":"JOHNSTOWN     RD REAR","RESYRBLT":null,"RESFLRAREA_AG":null,"STATEDAREA":0.1139,"ACRES":0.11382406,"SCHLDSCRP":"NEW ALBANY-PLAIN LSD","CVTTXDSCRP":"PLAIN TWP-NEW ALBANY CORP","CLASSCD":"501","CLASSDSCRP":"RESIDENTIAL, 0-9.999 AC","SALEPRICE":437500,"SALEDATE":663310800000},"geometry":{"type":"Polygon","coordinates":[[[-82.81794541733882,40.07658730933657],[-82.8179454008105,40.07658753993634],[-82.81793630908231,40.07671667986881],[-82.81799497765091,40.07667048580318],[-82.81799502724336,40.076669284260944],[-82.81800448159095,40.07653487839893],[-82.8180044925794,40.07653471806136],[-82.81805514349622,40.07581510317655],[-82.81799975095686,40.07581546649317],[-82.81794541733882,40.07658730933657]]]}},{"type":"Feature","properties":{"PARCELID":"222-000185","OWNERNME1":"BEAVER STEVEN CURTIS","SITEADDRESS":"5962 JOHNSTOWN RD","RESYRBLT":1963,"RESFLRAREA_AG":1847,"STATEDAREA":null,"ACRES":1.03214148,"SCHLDSCRP":"NEW ALBANY-PLAIN LSD","CVTTXDSCRP":"PLAIN TWP-NEW ALBANY CORP","CLASSCD":"511","CLASSDSCRP":"SINGLE FAMILY, O-9.999 AC","SALEPRICE":0,"SALEDATE":1637038800000},"geometry":{"type":"Polygon","coordinates":[[[-82.81713219436655,40.075821169654134],[-82.81674414526478,40.07582371909535],[-82.81670805939464,40.07582395592556],[-82.81752846918668,40.076839350559894],[-82.81756814497412,40.076888456969705],[-82.81762646969051,40.0769606432278],[-82.81781347327582,40.076813399379475],[-82.81776677104209,40.07673196228977],[-82.8172440368711,40.07582043465435],[-82.81713219436655,40.075821169654134]]]}},{"type":"Feature","properties":{"PARCELID":"222-000184","OWNERNME1":"BEAVER STEVEN CURTIS","SITEADDRESS":"5950 JOHNSTOWN RD","RESYRBLT":1949,"RESFLRAREA_AG":1162,"STATEDAREA":null,"ACRES":1.00380645,"SCHLDSCRP":"NEW ALBANY-PLAIN LSD","CVTTXDSCRP":"PLAIN TWP-NEW ALBANY CORP","CLASSCD":"511","CLASSDSCRP":"SINGLE FAMILY, O-9.999 AC","SALEPRICE":0,"SALEDATE":1637125200000},"geometry":{"type":"Polygon","coordinates":[[[-82.8175201742809,40.07581862091988],[-82.8172440368711,40.07582043465435],[-82.81776677104209,40.07673196228977],[-82.81781347327582,40.076813399379475],[-82.81793630908231,40.07671667986881],[-82.8179454008105,40.07658753993634],[-82.81794541733882,40.07658730933657],[-82.81799975095686,40.07581546649317],[-82.8175201742809,40.07581862091988]]]}},{"type":"Feature","properties":{"PARCELID":"222-000179","OWNERNME1":"NEW ALBANY FIRST CHURCH OF THE NAZARENE","SITEADDRESS":"6000 JOHNSTOWN RD","RESYRBLT":null,"RESFLRAREA_AG":null,"STATEDAREA":5.291,"ACRES":5.29065432,"SCHLDSCRP":"NEW ALBANY-PLAIN LSD","CVTTXDSCRP":"PLAIN TWP-NEW ALBANY CORP","CLASSCD":"685","CLASSDSCRP":"CHURCHES ETC PUBLIC WORSHIP    PRIVE","SALEPRICE":0,"SALEDATE":895208400000},"geometry":{"type":"Polygon","coordinates":[[[-82.81506230091449,40.07639715278083],[-82.81505390569711,40.07647647136718],[-82.81504194426172,40.0765553310012],[-82.81502644091609,40.07663357142611],[-82.8149981533963,40.07674457757013],[-82.81496305414845,40.076853621554775],[-82.81492127757681,40.076960285821755],[-82.8148784501824,40.07705375458182],[-82.81483088154931,40.07714490182515],[-82.8147786970896,40.07723348724711],[-82.81520303734818,40.07725075128626],[-82.81546322582426,40.07726131895892],[-82.81548633448618,40.07692059480543],[-82.81611611096274,40.07687580702639],[-82.81609936776033,40.0771223576978],[-82.81721375202788,40.077167670401295],[-82.81735623225332,40.07717346306029],[-82.81746442636734,40.07708823118697],[-82.81747223429356,40.07708208417993],[-82.81741394270026,40.077009949994526],[-82.81741385073806,40.07700983676656],[-82.8173746749364,40.07696135667916],[-82.81666349647136,40.07608128814071],[-82.81644868395769,40.07599073074505],[-82.81600239133599,40.07599392175207],[-82.81566830576888,40.07599630994132],[-82.81538173015316,40.07599835807251],[-82.81509515920985,40.07600040549246],[-82.81508446981887,40.076129459441624],[-82.81506405135403,40.07637601447512],[-82.81506230091449,40.07639715278083]]]}},{"type":"Feature","properties":{"PARCELID":"222-002022","OWNERNME1":"BENNOUI NADIA J","SITEADDRESS":"7505 KING GEORGE DR","RESYRBLT":1995,"RESFLRAREA_AG":2748,"STATEDAREA":5504,"ACRES":0.12635404,"SCHLDSCRP":"NEW ALBANY-PLAIN LSD","CVTTXDSCRP":"PLAIN TWP-NEW ALBANY CORP","CLASSCD":"510","CLASSDSCRP":"SINGLE FAMILY DWELLING, PLATTED LOT","SALEPRICE":612500,"SALEDATE":1567486800000},"geometry":{"type":"Polygon","coordinates":[[[-82.82126084776347,40.07566086974299],[-82.82114884962944,40.07571630280391],[-82.8210289749718,40.07577566499907],[-82.82103557952955,40.07578474341462],[-82.82104051102523,40.07579482895687],[-82.8210436202499,40.07580561647439],[-82.82104481312983,40.075816779576535],[-82.82104405357289,40.075827980508876],[-82.82104136456046,40.07583888037238],[-82.82103682745219,40.07584914937723],[-82.82103057952428,40.07585847682108],[-82.82102280981607,40.07586658048979],[-82.82101375341037,40.07587321519611],[-82.82103037777632,40.07591488406624],[-82.82133417952994,40.07584252509172],[-82.821373047772,40.07583326686841],[-82.82129655032051,40.07564319772722],[-82.82126084776347,40.07566086974299]]]}},{"type":"Feature","properties":{"PARCELID":"222-001298","OWNERNME1":"PALANIAPPAN JAWAHAR","SITEADDRESS":"7534 KING GEORGE DR","RESYRBLT":1996,"RESFLRAREA_AG":3167,"STATEDAREA":11642,"ACRES":0.26726866,"SCHLDSCRP":"NEW ALBANY-PLAIN LSD","CVTTXDSCRP":"PLAIN TWP-NEW ALBANY CORP","CLASSCD":"510","CLASSDSCRP":"SINGLE FAMILY DWELLING, PLATTED LOT","SALEPRICE":1030000,"SALEDATE":1701752400000},"geometry":{"type":"Polygon","coordinates":[[[-82.81993195454376,40.07600219998501],[-82.81997920843258,40.07601191768331],[-82.82003459260633,40.07601250359642],[-82.82033190859312,40.07601565547794],[-82.8205554462982,40.07581677584034],[-82.82038287010238,40.07570238125022],[-82.82031728341073,40.075658909422486],[-82.81993195454376,40.07600219998501]]]}},{"type":"Feature","properties":{"PARCELID":"222-001305","OWNERNME1":"CAIMI JEFFREY S","SITEADDRESS":"4531 QUEEN ANNE ST","RESYRBLT":1995,"RESFLRAREA_AG":2748,"STATEDAREA":5734,"ACRES":0.13164023,"SCHLDSCRP":"NEW ALBANY-PLAIN LSD","CVTTXDSCRP":"PLAIN TWP-NEW ALBANY CORP","CLASSCD":"510","CLASSDSCRP":"SINGLE FAMILY DWELLING, PLATTED LOT","SALEPRICE":715000,"SALEDATE":1625806800000},"geometry":{"type":"Polygon","coordinates":[[[-82.82090542974639,40.075746382324226],[-82.82092392890173,40.07574160792816],[-82.82094295590396,40.07573987969416],[-82.82096201253911,40.07574124287529],[-82.82098059981735,40.07574566177724],[-82.82099823103869,40.075753020692936],[-82.82101444453713,40.07576312693232],[-82.82102881576914,40.07577571586782],[-82.8210289749718,40.07577566499907],[-82.82114884962944,40.07571630280391],[-82.82126084776347,40.07566086974299],[-82.82129655032051,40.07564319772722],[-82.82129170677155,40.07563116625955],[-82.82126451542841,40.075613156409496],[-82.8211019958367,40.07550530710101],[-82.82086286406985,40.07571815915306],[-82.82090542974639,40.075746382324226]]]}},{"type":"Feature","properties":{"PARCELID":"222-001308","OWNERNME1":"MIRIELLO MARC J","SITEADDRESS":"4519 QUEEN ANNE ST","RESYRBLT":1994,"RESFLRAREA_AG":3073,"STATEDAREA":5983,"ACRES":0.13734529,"SCHLDSCRP":"NEW ALBANY-PLAIN LSD","CVTTXDSCRP":"PLAIN TWP-NEW ALBANY CORP","CLASSCD":"510","CLASSDSCRP":"SINGLE FAMILY DWELLING, PLATTED LOT","SALEPRICE":0,"SALEDATE":1517547600000},"geometry":{"type":"Polygon","coordinates":[[[-82.8211019958367,40.07550530710101],[-82.82126451542841,40.075613156409496],[-82.82129170677155,40.07563116625955],[-82.82138423308565,40.07554911034538],[-82.8213845097906,40.07554886462392],[-82.82141315351917,40.0755420479662],[-82.82154095062232,40.07551163530255],[-82.82128518688631,40.07534224888188],[-82.8211019958367,40.07550530710101]]]}},{"type":"Feature","properties":{"PARCELID":"222-000067","OWNERNME1":"NEW ALBANY CO LLC","SITEADDRESS":"260 MARKET","RESYRBLT":null,"RESFLRAREA_AG":null,"STATEDAREA":58987,"ACRES":1.35701481,"SCHLDSCRP":"NEW ALBANY-PLAIN LSD","CVTTXDSCRP":"PLAIN TWP-NEW ALBANY CORP","CLASSCD":"400","CLASSDSCRP":"COMMERCIAL VACANT LAND","SALEPRICE":0,"SALEDATE":1373000400000},"geometry":{"type":"Polygon","coordinates":[[[-82.81734021145002,40.08235598972288],[-82.8172809187385,40.08229180615409],[-82.8172177287945,40.08223145561873],[-82.81715088891502,40.08217517430165],[-82.81708066068128,40.08212318246262],[-82.81652460135496,40.08173396756068],[-82.81626157111016,40.08200615804062],[-82.8163017438357,40.08202906398355],[-82.81635753760108,40.082068024366016],[-82.81612647767149,40.08230564254423],[-82.81598289148823,40.08245571072334],[-82.81597757824376,40.08251934724848],[-82.81634134879249,40.082542901332914],[-82.81696996098268,40.082466268800665],[-82.81733825846489,40.082356571381425],[-82.81734021145002,40.08235598972288]]]}},{"type":"Feature","properties":{"PARCELID":"222-000326","OWNERNME1":"FREDERICK F CAMPBELL BISHOP OF THE CATHOLIC DIOCESE OF COLUMBUS","SITEADDRESS":"6290 DUBLIN GRANVILLE RD","RESYRBLT":null,"RESFLRAREA_AG":null,"STATEDAREA":80577,"ACRES":1.84979277,"SCHLDSCRP":"NEW ALBANY-PLAIN LSD","CVTTXDSCRP":"PLAIN TWP-NEW ALBANY CORP","CLASSCD":"501","CLASSDSCRP":"RESIDENTIAL, 0-9.999 AC","SALEPRICE":0,"SALEDATE":1383800400000},"geometry":{"type":"Polygon","coordinates":[[[-82.82227431947689,40.08200577646677],[-82.82227532486148,40.08199177472145],[-82.82190556833149,40.0820927062541],[-82.8218347246279,40.08311761804349],[-82.82183491929608,40.08311762651657],[-82.82271015321379,40.08315612079714],[-82.82271204342614,40.08311660072245],[-82.8227225876936,40.082896682179054],[-82.8227351404131,40.08263369753157],[-82.82274227024963,40.08248405613625],[-82.8224891238684,40.0824734924265],[-82.82227431947689,40.08200577646677]]]}},{"type":"Feature","properties":{"PARCELID":"222-000335","OWNERNME1":"RESCH PAULINE E","SITEADDRESS":"5610 MORGAN RD","RESYRBLT":2011,"RESFLRAREA_AG":2244,"STATEDAREA":41376,"ACRES":0.94986285,"SCHLDSCRP":"NEW ALBANY-PLAIN LSD","CVTTXDSCRP":"PLAIN TWP-NEW ALBANY CORP","CLASSCD":"511","CLASSDSCRP":"SINGLE FAMILY, O-9.999 AC","SALEPRICE":0,"SALEDATE":1658898000000},"geometry":{"type":"Polygon","coordinates":[[[-82.82054305060798,40.085207899806676],[-82.82150048554657,40.08526023017432],[-82.82151878534077,40.08498896536009],[-82.82004132116873,40.084904278522856],[-82.82001792614328,40.085179173791744],[-82.82054305060798,40.085207899806676]]]}},{"type":"Feature","properties":{"PARCELID":"222-000341","OWNERNME1":"FISCHER PHYLLIS L","SITEADDRESS":"5666 MORGAN RD","RESYRBLT":1976,"RESFLRAREA_AG":1520,"STATEDAREA":79125,"ACRES":1.81645032,"SCHLDSCRP":"NEW ALBANY-PLAIN LSD","CVTTXDSCRP":"PLAIN TWP-NEW ALBANY CORP","CLASSCD":"511","CLASSDSCRP":"SINGLE FAMILY, O-9.999 AC","SALEPRICE":0,"SALEDATE":811314000000},"geometry":{"type":"Polygon","coordinates":[[[-82.82133288659925,40.08606333346994],[-82.82144584997926,40.086070161921576],[-82.82150048554657,40.08526023017432],[-82.82054305060798,40.085207899806676],[-82.82048924192247,40.086014208418376],[-82.82133288659925,40.08606333346994]]]}},{"type":"Feature","properties":{"PARCELID":"222-000373","OWNERNME1":"FREDERICK F CAMPBELL BISHOP OF THE CATHOLIC DIOCESE OF COLUMBUS","SITEADDRESS":"6300 E DUBLIN-GRANVILLE RD","RESYRBLT":null,"RESFLRAREA_AG":null,"STATEDAREA":744591,"ACRES":17.0934593,"SCHLDSCRP":"NEW ALBANY-PLAIN LSD","CVTTXDSCRP":"PLAIN TWP-NEW ALBANY CORP","CLASSCD":"499","CLASSDSCRP":"OTHER COMMERCIAL STRUCTURES","SALEPRICE":0,"SALEDATE":1383800400000},"geometry":{"type":"Polygon","coordinates":[[[-82.81830654741353,40.082984064420025],[-82.81828866364701,40.08298491567753],[-82.81827115422035,40.08298865382174],[-82.81825448201747,40.082995180030075],[-82.81823908778922,40.08300432177393],[-82.81822537850157,40.0830158373797],[-82.81821371657693,40.083029422417724],[-82.81820441031311,40.083044717750276],[-82.818197705733,40.08306131902582],[-82.81819378008069,40.08307878736856],[-82.81819273713577,40.08309666098067],[-82.81819460446982,40.08311446735054],[-82.8181993327175,40.08313173574415],[-82.81833509401808,40.08340138530873],[-82.81839619140266,40.083566147339255],[-82.81843217421142,40.083672451941766],[-82.81846169678668,40.08378072866406],[-82.81848465219012,40.08389058530016],[-82.8185009572714,40.08400162392122],[-82.81851055296933,40.08411344231694],[-82.81851340452585,40.0842256354525],[-82.81850950161189,40.08433779693566],[-82.81847023461214,40.08481416740127],[-82.81949796276488,40.08487311416375],[-82.82004132116873,40.084904278522856],[-82.82151878534077,40.08498896536009],[-82.82157827154205,40.0841070932874],[-82.82163115321063,40.08333653643855],[-82.82163417673651,40.08329248505021],[-82.82172219281311,40.08215936483111],[-82.82162904698583,40.082186246974665],[-82.82018448990517,40.08259994177926],[-82.82000177139092,40.08264992904831],[-82.81981800163516,40.08269590142467],[-82.81963326884623,40.08273783684188],[-82.81944766169474,40.0827757151712],[-82.81944766169474,40.0827757151712],[-82.81944327621413,40.08277662679154],[-82.81922336060175,40.08282498770257],[-82.81858098849364,40.08294010101965],[-82.81844395180529,40.08296323041229],[-82.81830654741353,40.082984064420025]]]}},{"type":"Feature","properties":{"PARCELID":"222-000536","OWNERNME1":"FREDERICK F CAMPBELL BISHOP OF THE CATHOLIC DIOCESE OF COLUMBUS","SITEADDRESS":"5533 MORGAN RD","RESYRBLT":null,"RESFLRAREA_AG":null,"STATEDAREA":24621,"ACRES":0.5652252,"SCHLDSCRP":"NEW ALBANY-PLAIN LSD","CVTTXDSCRP":"PLAIN TWP-NEW ALBANY CORP","CLASSCD":"501","CLASSDSCRP":"RESIDENTIAL, 0-9.999 AC","SALEPRICE":0,"SALEDATE":1383800400000},"geometry":{"type":"Polygon","coordinates":[[[-82.82181576524532,40.083391905537816],[-82.82269703372563,40.083430386103046],[-82.82270153760594,40.08333622914611],[-82.82271015321379,40.08315612079714],[-82.82183491929608,40.08311762651657],[-82.8218347246279,40.08311761804349],[-82.82181576524532,40.083391905537816]]]}},{"type":"Feature","properties":{"PARCELID":"222-000582","OWNERNME1":"FREDERICK F CAMPBELL BISHOP OF THE CATHOLIC DIOCESE OF COLUMBUS","SITEADDRESS":"5549 MORGAN RD","RESYRBLT":null,"RESFLRAREA_AG":null,"STATEDAREA":24784,"ACRES":0.56896856,"SCHLDSCRP":"NEW ALBANY-PLAIN LSD","CVTTXDSCRP":"PLAIN TWP-NEW ALBANY CORP","CLASSCD":"501","CLASSDSCRP":"RESIDENTIAL, 0-9.999 AC","SALEPRICE":0,"SALEDATE":1383800400000},"geometry":{"type":"Polygon","coordinates":[[[-82.8217970822982,40.083665914857036],[-82.82268391193614,40.08370493507453],[-82.8226910585886,40.083555584593604],[-82.82269334414943,40.08350754012847],[-82.82269703372563,40.083430386103046],[-82.82181576524532,40.083391905537816],[-82.8217968242991,40.083665902954856],[-82.8217970822982,40.083665914857036]]]}},{"type":"Feature","properties":{"PARCELID":"222-000583","OWNERNME1":"FREDERICK F CAMPBELL BISHOP OF THE CATHOLIC DIOCESE OF COLUMBUS","SITEADDRESS":"5575 MORGAN RD","RESYRBLT":2009,"RESFLRAREA_AG":3026,"STATEDAREA":25327,"ACRES":0.5814208,"SCHLDSCRP":"NEW ALBANY-PLAIN LSD","CVTTXDSCRP":"PLAIN TWP-NEW ALBANY CORP","CLASSCD":"511","CLASSDSCRP":"SINGLE FAMILY, O-9.999 AC","SALEPRICE":0,"SALEDATE":1383800400000},"geometry":{"type":"Polygon","coordinates":[[[-82.82243483178196,40.08424718733874],[-82.82265752286985,40.084257859086804],[-82.82267082622506,40.083979196623645],[-82.82177789511329,40.08394019300327],[-82.82175888613095,40.08421475341857],[-82.82178956390403,40.08421622569013],[-82.82243483178196,40.08424718733874]]]}},{"type":"Feature","properties":{"PARCELID":"222-000584","OWNERNME1":"FREDERICK F CAMPBELL BISHOP OF THE CATHOLIC DIOCESE OF COLUMBUS","SITEADDRESS":"5563 MORGAN RD","RESYRBLT":null,"RESFLRAREA_AG":null,"STATEDAREA":24948,"ACRES":0.57273257,"SCHLDSCRP":"NEW ALBANY-PLAIN LSD","CVTTXDSCRP":"PLAIN TWP-NEW ALBANY CORP","CLASSCD":"501","CLASSDSCRP":"RESIDENTIAL, 0-9.999 AC","SALEPRICE":0,"SALEDATE":1383800400000},"geometry":{"type":"Polygon","coordinates":[[[-82.82177789511329,40.08394019300327],[-82.82267082622506,40.083979196623645],[-82.8226746884256,40.08389906564513],[-82.82268391193614,40.08370493507453],[-82.8217970822982,40.083665914857036],[-82.8217968242991,40.083665902954856],[-82.82177789511329,40.08394019300327]]]}},{"type":"Feature","properties":{"PARCELID":"222-001161","OWNERNME1":"ARCHER TERESA A TR","SITEADDRESS":"4703 YANTIS DR","RESYRBLT":1997,"RESFLRAREA_AG":5122,"STATEDAREA":38280,"ACRES":0.87879245,"SCHLDSCRP":"NEW ALBANY-PLAIN LSD","CVTTXDSCRP":"PLAIN TWP-NEW ALBANY CORP","CLASSCD":"510","CLASSDSCRP":"SINGLE FAMILY DWELLING, PLATTED LOT","SALEPRICE":1300000,"SALEDATE":1491973200000},"geometry":{"type":"Polygon","coordinates":[[[-82.82530878447781,40.076390378686774],[-82.82540525836404,40.076892716440284],[-82.82610155337439,40.07681366608261],[-82.82632594313651,40.07643701960877],[-82.82583559939519,40.07641454355054],[-82.82530878447781,40.076390378686774]]]}},{"type":"Feature","properties":{"PARCELID":"222-001162","OWNERNME1":"BASSELLA PROPERTIES LLC","SITEADDRESS":"4721 YANTIS DR","RESYRBLT":1992,"RESFLRAREA_AG":6615,"STATEDAREA":72628,"ACRES":1.66731929,"SCHLDSCRP":"NEW ALBANY-PLAIN LSD","CVTTXDSCRP":"PLAIN TWP-NEW ALBANY CORP","CLASSCD":"510","CLASSDSCRP":"SINGLE FAMILY DWELLING, PLATTED LOT","SALEPRICE":3100000,"SALEDATE":1694149200000},"geometry":{"type":"Polygon","coordinates":[[[-82.82614330972885,40.077030958302544],[-82.82622427241573,40.07745188843426],[-82.82633757166589,40.07743903570456],[-82.82670855309682,40.077396951054475],[-82.82672719526397,40.07719019399151],[-82.8267931084599,40.07645845752447],[-82.82632594313651,40.07643701960877],[-82.82610155337439,40.07681366608261],[-82.82540525836404,40.076892716440284],[-82.82544699149538,40.07711001166119],[-82.82614330972885,40.077030958302544]]]}},{"type":"Feature","properties":{"PARCELID":"222-001163","OWNERNME1":"VAHEDIAN TOHID","SITEADDRESS":"4737 YANTIS DR","RESYRBLT":1992,"RESFLRAREA_AG":7339,"STATEDAREA":30534,"ACRES":0.70096144,"SCHLDSCRP":"NEW ALBANY-PLAIN LSD","CVTTXDSCRP":"PLAIN TWP-NEW ALBANY CORP","CLASSCD":"510","CLASSDSCRP":"SINGLE FAMILY DWELLING, PLATTED LOT","SALEPRICE":0,"SALEDATE":1771995600000},"geometry":{"type":"Polygon","coordinates":[[[-82.82544699149538,40.07711001166119],[-82.82552782202171,40.07753089127974],[-82.82622427241573,40.07745188843426],[-82.82614330972885,40.077030958302544],[-82.82544699149538,40.07711001166119]]]}},{"type":"Feature","properties":{"PARCELID":"222-001168","OWNERNME1":"ROBINSON COREY C TR","SITEADDRESS":"4757 YANTIS DR","RESYRBLT":1999,"RESFLRAREA_AG":4646,"STATEDAREA":25226,"ACRES":0.57911215,"SCHLDSCRP":"NEW ALBANY-PLAIN LSD","CVTTXDSCRP":"PLAIN TWP-NEW ALBANY CORP","CLASSCD":"510","CLASSDSCRP":"SINGLE FAMILY DWELLING, PLATTED LOT","SALEPRICE":0,"SALEDATE":1629349200000},"geometry":{"type":"Polygon","coordinates":[[[-82.82633757166589,40.07743903570456],[-82.82622427241573,40.07745188843426],[-82.82552782202171,40.07753089127974],[-82.82559560393533,40.07788386073537],[-82.82560015619413,40.0778942221401],[-82.82560629745305,40.07790372828059],[-82.82561387157448,40.077912137469184],[-82.82562268599114,40.07791923590756],[-82.825632516602,40.077924843122375],[-82.82564311347001,40.07792881655374],[-82.82565420717643,40.07793105517965],[-82.82566551567078,40.077931502084446],[-82.82567675144168,40.07793014590586],[-82.82590645532083,40.07790402301671],[-82.82594259940919,40.07790281306337],[-82.82597848951961,40.0779072581824],[-82.82633747844972,40.07743915754513],[-82.82633757166589,40.07743903570456]]]}},{"type":"Feature","properties":{"PARCELID":"222-001169","OWNERNME1":"OZA AMISH S","SITEADDRESS":"7320 EALY CT","RESYRBLT":1996,"RESFLRAREA_AG":5133,"STATEDAREA":30894,"ACRES":0.70922432,"SCHLDSCRP":"NEW ALBANY-PLAIN LSD","CVTTXDSCRP":"PLAIN TWP-NEW ALBANY CORP","CLASSCD":"510","CLASSDSCRP":"SINGLE FAMILY DWELLING, PLATTED LOT","SALEPRICE":1150000,"SALEDATE":1601528400000},"geometry":{"type":"Polygon","coordinates":[[[-82.82670855309682,40.077396951054475],[-82.82633757166589,40.07743903570456],[-82.82633747844972,40.07743915754513],[-82.82597848951961,40.0779072581824],[-82.8260039559415,40.07791274827672],[-82.82602816112569,40.07792238097303],[-82.82605043628473,40.077935890120656],[-82.82607016595763,40.07795290246285],[-82.826086805015,40.07797294794986],[-82.82609989372091,40.07799547272638],[-82.82610907043541,40.078019854434494],[-82.82610936805438,40.07801981938577],[-82.82665802307886,40.07795762216287],[-82.82669760171599,40.077518857768666],[-82.82670855309682,40.077396951054475]]]}},{"type":"Feature","properties":{"PARCELID":"222-001170","OWNERNME1":"LIN THEODORE J TTEE","SITEADDRESS":"7319 EALY CT","RESYRBLT":1995,"RESFLRAREA_AG":5012,"STATEDAREA":28056,"ACRES":0.64408111,"SCHLDSCRP":"NEW ALBANY-PLAIN LSD","CVTTXDSCRP":"PLAIN TWP-NEW ALBANY CORP","CLASSCD":"510","CLASSDSCRP":"SINGLE FAMILY DWELLING, PLATTED LOT","SALEPRICE":0,"SALEDATE":1706763600000},"geometry":{"type":"Polygon","coordinates":[[[-82.82610936805438,40.07801981938577],[-82.82610907043541,40.078019854434494],[-82.82610997405864,40.078041372262824],[-82.8261072767588,40.07806273948175],[-82.82610105407187,40.07808335771733],[-82.8260914802598,40.078102649570376],[-82.8260788234305,40.0781200747861],[-82.82606343802955,40.0781351453836],[-82.8260457549143,40.07814743932137],[-82.82602626928795,40.07815661231635],[-82.82641409662835,40.078609706811825],[-82.82659818690013,40.0786220993431],[-82.8266192867406,40.078387890517995],[-82.82665633965993,40.0779765665765],[-82.82665802307886,40.07795762216287],[-82.82610936805438,40.07801981938577]]]}},{"type":"Feature","properties":{"PARCELID":"222-001171","OWNERNME1":"MARTIN MICHAEL","SITEADDRESS":"4789 YANTIS DR","RESYRBLT":1995,"RESFLRAREA_AG":3390,"STATEDAREA":21717,"ACRES":0.49854664,"SCHLDSCRP":"NEW ALBANY-PLAIN LSD","CVTTXDSCRP":"PLAIN TWP-NEW ALBANY CORP","CLASSCD":"510","CLASSDSCRP":"SINGLE FAMILY DWELLING, PLATTED LOT","SALEPRICE":735000,"SALEDATE":1600146000000},"geometry":{"type":"Polygon","coordinates":[[[-82.8256975181647,40.07856144521133],[-82.82569775271921,40.078561461672955],[-82.82641409662835,40.078609706811825],[-82.82602626928795,40.07815661231635],[-82.82599338343498,40.078168864442894],[-82.82595894322442,40.078175607278204],[-82.82572893853909,40.078201773426755],[-82.8257192498905,40.078202387286915],[-82.82570979275152,40.07820458028906],[-82.82570082272825,40.07820829316107],[-82.82569258226108,40.07821342555201],[-82.82568529407209,40.07821983874442],[-82.82567915514528,40.07822735940354],[-82.82567433140264,40.07823578426216],[-82.82567095321951,40.07824488561452],[-82.82566911190092,40.07825441747067],[-82.82566885721374,40.0782641222051],[-82.82568613448174,40.07835548668791],[-82.82569614791284,40.078423701533],[-82.82569995286285,40.078492542336654],[-82.8256975181647,40.07856144521133]]]}},{"type":"Feature","properties":{"PARCELID":"222-001175","OWNERNME1":"SUMON MUHAMMAD","SITEADDRESS":"2 ALBERY LP","RESYRBLT":1999,"RESFLRAREA_AG":7480,"STATEDAREA":84505,"ACRES":1.93998043,"SCHLDSCRP":"NEW ALBANY-PLAIN LSD","CVTTXDSCRP":"PLAIN TWP-NEW ALBANY CORP","CLASSCD":"510","CLASSDSCRP":"SINGLE FAMILY DWELLING, PLATTED LOT","SALEPRICE":3200000,"SALEDATE":1751432400000},"geometry":{"type":"Polygon","coordinates":[[[-82.82553320094407,40.0795866143405],[-82.82556216070093,40.07974577730418],[-82.82558967104877,40.07989860130582],[-82.8256546222497,40.08025939370153],[-82.8258186125196,40.080175763921204],[-82.82603829802503,40.08023335098151],[-82.82614023768055,40.08017761885869],[-82.82630003808858,40.0801911743858],[-82.82646402883226,40.08010809306795],[-82.8264860960943,40.07986152631761],[-82.82653772516146,40.079290412834084],[-82.82654653861641,40.079191410044764],[-82.82645594277663,40.07919245521354],[-82.8263655100189,40.079186922140984],[-82.82627571736467,40.07917484001338],[-82.82618703845891,40.07915627256242],[-82.82609994107172,40.07913131772908],[-82.8260677311713,40.07912069978642],[-82.82605595652848,40.079117165146776],[-82.82604377585736,40.079115501673705],[-82.82603148462613,40.07911574971831],[-82.8260193809848,40.079117903263736],[-82.826007758533,40.07912191007114],[-82.82599689919809,40.07912767294687],[-82.8259870663964,40.07913505210008],[-82.82597849864348,40.07914386853368],[-82.82597140376848,40.07915390838627],[-82.82591237482097,40.07929214833893],[-82.82586653455051,40.07939831807189],[-82.82584919089528,40.07943128354843],[-82.82582720351377,40.07946135147277],[-82.82582546155513,40.079463397072246],[-82.82581069256216,40.07947931747662],[-82.82580874372955,40.079481250173],[-82.82579448456808,40.07949439169619],[-82.82579236052025,40.07949621230226],[-82.8257880512529,40.07949980955418],[-82.82578586603337,40.079501586200024],[-82.82577918801867,40.07950682551529],[-82.82577691926737,40.07950854025072],[-82.82576765946882,40.07951524480006],[-82.82576529304932,40.07951688325452],[-82.82572768031245,40.0795394107494],[-82.82572503824998,40.07954077258045],[-82.82572238086179,40.07954211644184],[-82.82571970814787,40.079543442333545],[-82.8257170189274,40.07954474845761],[-82.82571431321728,40.0795460384164],[-82.82571159685828,40.07954730769071],[-82.82570886400119,40.079548558998624],[-82.82570611465023,40.07954979324063],[-82.82570335464621,40.07955100589757],[-82.82570057697592,40.079552201491914],[-82.82569778982918,40.079553376398536],[-82.82569498736095,40.079554534236046],[-82.82568933876676,40.0795567905919],[-82.82568649733463,40.07955788999783],[-82.82568364408547,40.07955896962311],[-82.82566918769278,40.079564071976286],[-82.8256662611927,40.07956503202364],[-82.82565445109117,40.07956867436761],[-82.82565147136391,40.079569534594896],[-82.8256484833326,40.079570374131194],[-82.82563643644744,40.07957352629957],[-82.82563339986588,40.07957426330101],[-82.82563035849324,40.079574978701125],[-82.82562730647606,40.079575674317326],[-82.82562424849117,40.07957634743484],[-82.82562118220224,40.079576999861395],[-82.82561811113074,40.07957763248778],[-82.8256150270614,40.0795782435356],[-82.82561193820523,40.07957883388267],[-82.82560884455378,40.079579401727834],[-82.82560574260258,40.07957994978257],[-82.8255964033172,40.07958146525241],[-82.8255932786846,40.07958192691157],[-82.82559014926092,40.07958236696938],[-82.82558701622281,40.079582786323236],[-82.8255775813406,40.07958391749802],[-82.82557442913833,40.079584250446544],[-82.82557127331741,40.07958456179046],[-82.82556811388632,40.07958485333101],[-82.82556495082814,40.07958512146574],[-82.82555861971777,40.07958559290529],[-82.82555544463976,40.079585798030735],[-82.82555227296898,40.079585979730936],[-82.82553320094407,40.0795866143405]]]}},{"type":"Feature","properties":{"PARCELID":"222-001179","OWNERNME1":"NORRIS ROBERT WESLEY","SITEADDRESS":"4880 TRUMBO CT","RESYRBLT":1997,"RESFLRAREA_AG":4791,"STATEDAREA":44229,"ACRES":1.01536883,"SCHLDSCRP":"NEW ALBANY-PLAIN LSD","CVTTXDSCRP":"PLAIN TWP-NEW ALBANY CORP","CLASSCD":"510","CLASSDSCRP":"SINGLE FAMILY DWELLING, PLATTED LOT","SALEPRICE":1740000,"SALEDATE":1691989200000},"geometry":{"type":"Polygon","coordinates":[[[-82.82389164711375,40.080378185643156],[-82.8238740557741,40.08066811081358],[-82.82463765709805,40.08057358712103],[-82.8245864672458,40.080100391370515],[-82.82458641948254,40.08009995560969],[-82.8245847492637,40.08010005568575],[-82.82455002757916,40.0800999383071],[-82.824515836921,40.08009388784844],[-82.82448318358692,40.080082082386575],[-82.82445302862821,40.08006486937926],[-82.82442625956408,40.08004275543883],[-82.82442524020998,40.080041639700994],[-82.82442423372278,40.080040517623445],[-82.82441307217785,40.08002631297996],[-82.82440419134348,40.08001058139509],[-82.82439779621618,40.07999368600138],[-82.82439403441482,40.07997601679561],[-82.82439401612132,40.07997586554447],[-82.82439390484247,40.079974884192325],[-82.82391428524993,40.080005348563844],[-82.82390828201345,40.08010391108025],[-82.82389492489152,40.08032414033217],[-82.82389164711375,40.080378185643156]]]}},{"type":"Feature","properties":{"PARCELID":"222-001181","OWNERNME1":"BYERS JESSICA","SITEADDRESS":"4879 YANTIS DR","RESYRBLT":2000,"RESFLRAREA_AG":5891,"STATEDAREA":26970,"ACRES":0.61916421,"SCHLDSCRP":"NEW ALBANY-PLAIN LSD","CVTTXDSCRP":"PLAIN TWP-NEW ALBANY CORP","CLASSCD":"510","CLASSDSCRP":"SINGLE FAMILY DWELLING, PLATTED LOT","SALEPRICE":2275000,"SALEDATE":1689310800000},"geometry":{"type":"Polygon","coordinates":[[[-82.82392490281906,40.07982991030838],[-82.82392368377556,40.07985005029119],[-82.82391428524993,40.080005348563844],[-82.82439390484247,40.079974884192325],[-82.82439358523354,40.07997147268273],[-82.82439346587039,40.07996976546541],[-82.82439337581289,40.07996805726663],[-82.82439331388447,40.07996634718898],[-82.82439327892112,40.07996463703692],[-82.82439327092283,40.07996292681046],[-82.82439329223864,40.0799612174037],[-82.82439334051529,40.07995950702194],[-82.82439341693363,40.07995779746313],[-82.82439352032546,40.07995608963106],[-82.82439365303135,40.07995438261874],[-82.82439381270653,40.079952676432555],[-82.82439399935939,40.07995097287375],[-82.82439421415394,40.07994927013789],[-82.82439445710276,40.07994757092676],[-82.82439472584848,40.079945872545025],[-82.82439502392509,40.0799441785854],[-82.82439534897517,40.079942486352515],[-82.82439570217535,40.07994079674376],[-82.82439648953404,40.07993743081191],[-82.82439692251592,40.07993575359147],[-82.82439738482867,40.07993408079308],[-82.82439838924437,40.07993074938578],[-82.82439893134725,40.07992909077689],[-82.82439950044045,40.079927437497105],[-82.82440009886875,40.07992578954001],[-82.82440072077436,40.07992414782237],[-82.82440137084268,40.07992251143059],[-82.82440204791394,40.07992088306976],[-82.8244027496307,40.07991926004454],[-82.82440347951437,40.07991764324579],[-82.82440423406041,40.079916035385054],[-82.82440501676912,40.0799144328502],[-82.82440582179959,40.079912840160404],[-82.82440665616937,40.079911253693844],[-82.8244075151973,40.07990967526469],[-82.82440839888754,40.07990810577347],[-82.82440930841256,40.07990654521704],[-82.8244102437723,40.07990499359535],[-82.82441120379019,40.07990345001103],[-82.82441218731906,40.079901919870885],[-82.82441319899797,40.079900392354894],[-82.82441423301972,40.07989887918684],[-82.8244152916996,40.079897374056216],[-82.82441637505023,40.07989587966474],[-82.82441748307164,40.0798943960124],[-82.82441861576801,40.07989292399987],[-82.82441976961795,40.079891462736164],[-82.82442094930683,40.079890011307796],[-82.82442215133011,40.07988857242621],[-82.82442337802836,40.07988714518442],[-82.82442462705258,40.07988572868824],[-82.8244258984154,40.079884325639455],[-82.82442719328081,40.079882934233666],[-82.82442851047637,40.07988155447409],[-82.82442982652478,40.0798801801213],[-82.82443112023869,40.07987879322169],[-82.82443239278206,40.07987739197076],[-82.8244336430036,40.0798759808748],[-82.82443486854163,40.079874556337906],[-82.82443607058121,40.07987312105853],[-82.82443725146709,40.07987167503032],[-82.82443840650554,40.07987021736558],[-82.8244395392137,40.07986874805456],[-82.82444064842764,40.07986726890176],[-82.82444279284715,40.07986427927918],[-82.8244438292251,40.07986276880619],[-82.82444484093648,40.0798612484946],[-82.824445826813,40.07985971924828],[-82.82444678802294,40.079858180163384],[-82.824447726911,40.079856631233405],[-82.8244486376279,40.07985507517637],[-82.82444952485056,40.079853509277505],[-82.82445038507446,40.07985193624835],[-82.82445122063173,40.07985035338055],[-82.82445203036683,40.07984876427982],[-82.82445281427135,40.07984716714493],[-82.82445891027994,40.079831802285284],[-82.824462672433,40.07981570612309],[-82.82446388675419,40.079802014416614],[-82.82446331324435,40.07978828093604],[-82.82443624786691,40.07953779654495],[-82.82443296160797,40.079527972064575],[-82.82442818477728,40.079518779578464],[-82.8244220340459,40.07951044360726],[-82.82441465964153,40.079503167751795],[-82.82440624167936,40.07949712972022],[-82.82439698576277,40.07949247698763],[-82.82438711796166,40.07948932319409],[-82.82437687929084,40.07948774536899],[-82.82436651982333,40.07948778204972],[-82.82426092804978,40.07948150423],[-82.824155966323,40.07946838670085],[-82.82405207721432,40.07944848477235],[-82.8239496987724,40.079421882361025],[-82.82392490281906,40.07982991030838]]]}},{"type":"Feature","properties":{"PARCELID":"222-001182","OWNERNME1":"TEMPELHOF MICHAEL","SITEADDRESS":"4895 YANTIS DR","RESYRBLT":1997,"RESFLRAREA_AG":4654,"STATEDAREA":24215,"ACRES":0.5559139,"SCHLDSCRP":"NEW ALBANY-PLAIN LSD","CVTTXDSCRP":"PLAIN TWP-NEW ALBANY CORP","CLASSCD":"510","CLASSDSCRP":"SINGLE FAMILY DWELLING, PLATTED LOT","SALEPRICE":1750000,"SALEDATE":1657256400000},"geometry":{"type":"Polygon","coordinates":[[[-82.82334435460702,40.0798089944496],[-82.82392490281906,40.07982991030838],[-82.8239496987724,40.079421882361025],[-82.82386926012637,40.07939553785031],[-82.82379047734958,40.07936459139494],[-82.82371361347391,40.07932914631577],[-82.82370035907931,40.07932392162723],[-82.82368643030134,40.079320927384344],[-82.82367219973915,40.079320243684045],[-82.82365804806473,40.07932188881553],[-82.8236443538398,40.07932581877102],[-82.82363148338916,40.079331928422974],[-82.82361978100141,40.07934005433629],[-82.82349247144951,40.079457222232804],[-82.82345377896233,40.07949565402653],[-82.82342032090334,40.0795387199019],[-82.82339264709307,40.07958571215188],[-82.8233712122988,40.07963585854684],[-82.82335636876121,40.07968833502466],[-82.82334836040607,40.079742279232704],[-82.82334435460702,40.0798089944496]]]}},{"type":"Feature","properties":{"PARCELID":"222-001183","OWNERNME1":"BERNARD ABIGAIL E","SITEADDRESS":"4865 BYINGTON LN","RESYRBLT":2000,"RESFLRAREA_AG":3374,"STATEDAREA":16258,"ACRES":0.37322652,"SCHLDSCRP":"NEW ALBANY-PLAIN LSD","CVTTXDSCRP":"PLAIN TWP-NEW ALBANY CORP","CLASSCD":"510","CLASSDSCRP":"SINGLE FAMILY DWELLING, PLATTED LOT","SALEPRICE":680000,"SALEDATE":1549515600000},"geometry":{"type":"Polygon","coordinates":[[[-82.82391428524993,40.080005348563844],[-82.82392368377556,40.07985005029119],[-82.82392490281906,40.07982991030838],[-82.82334435460702,40.0798089944496],[-82.8233278922689,40.08008327568813],[-82.82390828201345,40.08010391108025],[-82.82391428524993,40.080005348563844]]]}},{"type":"Feature","properties":{"PARCELID":"222-001184","OWNERNME1":"MANN SCOTT R","SITEADDRESS":"4881 BYINGTON LN","RESYRBLT":1999,"RESFLRAREA_AG":3320,"STATEDAREA":15973,"ACRES":0.36668499,"SCHLDSCRP":"NEW ALBANY-PLAIN LSD","CVTTXDSCRP":"PLAIN TWP-NEW ALBANY CORP","CLASSCD":"510","CLASSDSCRP":"SINGLE FAMILY DWELLING, PLATTED LOT","SALEPRICE":810000,"SALEDATE":1631768400000},"geometry":{"type":"Polygon","coordinates":[[[-82.82390828201345,40.08010391108025],[-82.8233278922689,40.08008327568813],[-82.82331851540958,40.08023949065142],[-82.82331908442943,40.08025673472732],[-82.82332217577896,40.08027370898711],[-82.8233277226329,40.08029004650065],[-82.82333560508569,40.080305394102254],[-82.82334565274351,40.08031942002502],[-82.82335764840758,40.08033182107259],[-82.82336998259831,40.08034521552969],[-82.82338043145157,40.08036012744465],[-82.82389164711375,40.080378185643156],[-82.82389492489152,40.08032414033217],[-82.82390828201345,40.08010391108025]]]}},{"type":"Feature","properties":{"PARCELID":"222-001185","OWNERNME1":"FISHMAN DAVID R","SITEADDRESS":"4891 BYINGTON LN","RESYRBLT":2001,"RESFLRAREA_AG":3839,"STATEDAREA":18195,"ACRES":0.41768429,"SCHLDSCRP":"NEW ALBANY-PLAIN LSD","CVTTXDSCRP":"PLAIN TWP-NEW ALBANY CORP","CLASSCD":"510","CLASSDSCRP":"SINGLE FAMILY DWELLING, PLATTED LOT","SALEPRICE":105000,"SALEDATE":872053200000},"geometry":{"type":"Polygon","coordinates":[[[-82.82333304668161,40.08052277189231],[-82.82351949248739,40.08079816451055],[-82.8238740557741,40.08066811081358],[-82.82389164711375,40.080378185643156],[-82.82338043145157,40.08036012744465],[-82.82338855984231,40.08037720878886],[-82.82339383218424,40.08039537594237],[-82.82339611092382,40.08041415493068],[-82.82339533660958,40.080433055816734],[-82.82339152944307,40.080451585483196],[-82.82338478875192,40.080469260497736],[-82.82337529039835,40.08048561972557],[-82.82336328219097,40.08050023636032],[-82.82334907741959,40.08051272905925],[-82.82333304668161,40.08052277189231]]]}},{"type":"Feature","properties":{"PARCELID":"222-001186","OWNERNME1":"CONGENI ANTHONY","SITEADDRESS":"4899 BYINGTON LN","RESYRBLT":1999,"RESFLRAREA_AG":4914,"STATEDAREA":31137,"ACRES":0.71481532,"SCHLDSCRP":"NEW ALBANY-PLAIN LSD","CVTTXDSCRP":"PLAIN TWP-NEW ALBANY CORP","CLASSCD":"510","CLASSDSCRP":"SINGLE FAMILY DWELLING, PLATTED LOT","SALEPRICE":1550000,"SALEDATE":1689570000000},"geometry":{"type":"Polygon","coordinates":[[[-82.82312281813903,40.08053365287506],[-82.82254571755726,40.08088724806748],[-82.8225291239868,40.08116152402723],[-82.82351949248739,40.08079816451055],[-82.82333304668161,40.08052277189231],[-82.82330036361711,40.08053901609231],[-82.8232654688897,40.08054971257482],[-82.82322929687915,40.08055457491901],[-82.82319281616714,40.080553472925395],[-82.8231570036015,40.08054643610216],[-82.82312281813903,40.08053365287506]]]}},{"type":"Feature","properties":{"PARCELID":"222-001187","OWNERNME1":"WRIGHT JAMES C","SITEADDRESS":"4892 BYINGTON LN","RESYRBLT":1996,"RESFLRAREA_AG":4479,"STATEDAREA":17895,"ACRES":0.41083769,"SCHLDSCRP":"NEW ALBANY-PLAIN LSD","CVTTXDSCRP":"PLAIN TWP-NEW ALBANY CORP","CLASSCD":"510","CLASSDSCRP":"SINGLE FAMILY DWELLING, PLATTED LOT","SALEPRICE":730000,"SALEDATE":1388466000000},"geometry":{"type":"Polygon","coordinates":[[[-82.82257724064375,40.08036642663291],[-82.82254571755726,40.08088724806748],[-82.82312281813903,40.08053365287506],[-82.82310409499718,40.08052494100407],[-82.82308705884873,40.08051326956958],[-82.82307217329458,40.080498956183725],[-82.82305984341198,40.08048239035346],[-82.82305040473129,40.08046402288103],[-82.82304411410517,40.08044435359635],[-82.82304114271905,40.08042391775525],[-82.8230415714326,40.0804032714737],[-82.82304538857932,40.08038297659435],[-82.82257724064375,40.08036642663291]]]}},{"type":"Feature","properties":{"PARCELID":"222-001188","OWNERNME1":"BROOKS SHARI","SITEADDRESS":"4882 BYINGTON LN","RESYRBLT":1998,"RESFLRAREA_AG":3922,"STATEDAREA":14936,"ACRES":0.34287888,"SCHLDSCRP":"NEW ALBANY-PLAIN LSD","CVTTXDSCRP":"PLAIN TWP-NEW ALBANY CORP","CLASSCD":"510","CLASSDSCRP":"SINGLE FAMILY DWELLING, PLATTED LOT","SALEPRICE":770000,"SALEDATE":1088053200000},"geometry":{"type":"Polygon","coordinates":[[[-82.82259383383793,40.080092151482916],[-82.82257724064375,40.08036642663291],[-82.82304538857932,40.08038297659435],[-82.82305309977208,40.08036555957009],[-82.82306321436623,40.08034941924131],[-82.82307552588858,40.08033488508687],[-82.82308978301921,40.08032225379817],[-82.82310560545275,40.0803083880613],[-82.82311886792458,40.0802920566528],[-82.82312919189657,40.08027372570453],[-82.82313628270144,40.08025391841929],[-82.82313993795309,40.08023320013756],[-82.82314729777356,40.08011177388971],[-82.82259383383793,40.080092151482916]]]}},{"type":"Feature","properties":{"PARCELID":"222-001189","OWNERNME1":"KELLER JOHN J","SITEADDRESS":"7446 CUMMINS CT","RESYRBLT":1994,"RESFLRAREA_AG":3446,"STATEDAREA":17313,"ACRES":0.39746037,"SCHLDSCRP":"NEW ALBANY-PLAIN LSD","CVTTXDSCRP":"PLAIN TWP-NEW ALBANY CORP","CLASSCD":"510","CLASSDSCRP":"SINGLE FAMILY DWELLING, PLATTED LOT","SALEPRICE":676750,"SALEDATE":1155877200000},"geometry":{"type":"Polygon","coordinates":[[[-82.82259383383793,40.080092151482916],[-82.82314729777356,40.08011177388971],[-82.8231626358003,40.07985948854179],[-82.82316103034829,40.079849728520294],[-82.82315791633165,40.07984034031513],[-82.82315337058634,40.079831555572945],[-82.82314750527505,40.079823591050406],[-82.82314046511978,40.0798166432659],[-82.82313242383087,40.07981088365059],[-82.82312357982086,40.0798064543185],[-82.8231141513088,40.079803464559944],[-82.8231043709359,40.079801988144894],[-82.82309448002519,40.079802061502726],[-82.82279112113592,40.07979102585239],[-82.8227449857456,40.079787113750086],[-82.82269950316251,40.079778446950144],[-82.82265516206317,40.07976511857086],[-82.82260945384016,40.07983956283373],[-82.82259383383793,40.080092151482916]]]}},{"type":"Feature","properties":{"PARCELID":"222-001190","OWNERNME1":"HUFF JAMES W","SITEADDRESS":"7460 CUMMINS CT","RESYRBLT":1996,"RESFLRAREA_AG":3980,"STATEDAREA":25689,"ACRES":0.58973353,"SCHLDSCRP":"NEW ALBANY-PLAIN LSD","CVTTXDSCRP":"PLAIN TWP-NEW ALBANY CORP","CLASSCD":"510","CLASSDSCRP":"SINGLE FAMILY DWELLING, PLATTED LOT","SALEPRICE":0,"SALEDATE":809326800000},"geometry":{"type":"Polygon","coordinates":[[[-82.82247729543988,40.079621694506066],[-82.82195218614797,40.07978811659108],[-82.8219380592328,40.0800077533398],[-82.82193366640124,40.080071450731126],[-82.82259383383793,40.080092151482916],[-82.82260945384016,40.07983956283373],[-82.82265516206317,40.07976511857086],[-82.82261197093784,40.07974743077102],[-82.82257178781762,40.07972368949009],[-82.82253545558449,40.07969439272567],[-82.82250373634409,40.0796601550073],[-82.82247729543988,40.079621694506066]]]}},{"type":"Feature","properties":{"PARCELID":"222-001191","OWNERNME1":"MEYER JASON L","SITEADDRESS":"7470 CUMMINS CT","RESYRBLT":1999,"RESFLRAREA_AG":3024,"STATEDAREA":15947,"ACRES":0.3660998,"SCHLDSCRP":"NEW ALBANY-PLAIN LSD","CVTTXDSCRP":"PLAIN TWP-NEW ALBANY CORP","CLASSCD":"510","CLASSDSCRP":"SINGLE FAMILY DWELLING, PLATTED LOT","SALEPRICE":675000,"SALEDATE":1438837200000},"geometry":{"type":"Polygon","coordinates":[[[-82.82195218614797,40.07978811659108],[-82.82247729543988,40.079621694506066],[-82.82246445024053,40.07959383672853],[-82.82245562717335,40.079564456320064],[-82.8224509996512,40.07953413073756],[-82.82245065862566,40.079503456014784],[-82.82245755068982,40.07939692526669],[-82.82197851280553,40.07937875830128],[-82.82196978415638,40.07951411070507],[-82.82195218614797,40.07978811659108]]]}},{"type":"Feature","properties":{"PARCELID":"222-001192","OWNERNME1":"OSHAUGHNESSY CHRISTOPHER T","SITEADDRESS":"7482 CUMMINS CT","RESYRBLT":1996,"RESFLRAREA_AG":3110,"STATEDAREA":16720,"ACRES":0.38384718,"SCHLDSCRP":"NEW ALBANY-PLAIN LSD","CVTTXDSCRP":"PLAIN TWP-NEW ALBANY CORP","CLASSCD":"510","CLASSDSCRP":"SINGLE FAMILY DWELLING, PLATTED LOT","SALEPRICE":610000,"SALEDATE":1212555600000},"geometry":{"type":"Polygon","coordinates":[[[-82.82199798368758,40.079075368600584],[-82.82198391448617,40.079294747684784],[-82.8219833875863,40.0793029761543],[-82.82197851280553,40.07937875830128],[-82.82245755068982,40.07939692526669],[-82.82245932705372,40.0793694744581],[-82.82245890969317,40.07935163152005],[-82.82245564410391,40.079334084994606],[-82.82244961435175,40.07931728658048],[-82.82244097566009,40.07930166871782],[-82.82243146413296,40.07928875282586],[-82.82242052817354,40.07927701850847],[-82.82240765044621,40.079263830122436],[-82.82239709245646,40.079248720581106],[-82.82238913610809,40.07923209331712],[-82.82238399383976,40.0792143922871],[-82.82238180295275,40.0791960901178],[-82.82238262194485,40.07917767548668],[-82.82238642894858,40.07915964007402],[-82.82239312231492,40.07914246543475],[-82.8224025233275,40.0791266101407],[-82.8224143809744,40.07911249753649],[-82.82241417880591,40.07911238641598],[-82.82200966096818,40.078893585504204],[-82.82199798368758,40.079075368600584]]]}},{"type":"Feature","properties":{"PARCELID":"222-001193","OWNERNME1":"PROUDFOOT JOSEPH H","SITEADDRESS":"7494 CUMMINS CT","RESYRBLT":1997,"RESFLRAREA_AG":4995,"STATEDAREA":36338,"ACRES":0.83421643,"SCHLDSCRP":"NEW ALBANY-PLAIN LSD","CVTTXDSCRP":"PLAIN TWP-NEW ALBANY CORP","CLASSCD":"510","CLASSDSCRP":"SINGLE FAMILY DWELLING, PLATTED LOT","SALEPRICE":1000000,"SALEDATE":1484629200000},"geometry":{"type":"Polygon","coordinates":[[[-82.82203666501378,40.07847245068994],[-82.8220260857082,40.07863691217324],[-82.82201203890119,40.078856278628514],[-82.82200966096818,40.078893585504204],[-82.82241417880591,40.07911238641598],[-82.8224143809744,40.07911249753649],[-82.82244046452567,40.07909130161248],[-82.82246959371028,40.07907453529369],[-82.82250102336153,40.07906262748684],[-82.82253394946345,40.079055882810856],[-82.82256752971868,40.079054473804305],[-82.82260090509573,40.07905843651163],[-82.82263322180411,40.07906766956103],[-82.82266365313565,40.07908193675774],[-82.82269142061286,40.079100873126215],[-82.82271581390347,40.07912399424675],[-82.82282217651294,40.07909287537989],[-82.82265535334864,40.07876203861601],[-82.82251849163411,40.07849062056328],[-82.8224470011502,40.078487924850215],[-82.82203666501378,40.07847245068994]]]}},{"type":"Feature","properties":{"PARCELID":"222-001194","OWNERNME1":"DICK DAVID E","SITEADDRESS":"7445 CUMMINS CT","RESYRBLT":1995,"RESFLRAREA_AG":4210,"STATEDAREA":21833,"ACRES":0.50120985,"SCHLDSCRP":"NEW ALBANY-PLAIN LSD","CVTTXDSCRP":"PLAIN TWP-NEW ALBANY CORP","CLASSCD":"510","CLASSDSCRP":"SINGLE FAMILY DWELLING, PLATTED LOT","SALEPRICE":580000,"SALEDATE":1273813200000},"geometry":{"type":"Polygon","coordinates":[[[-82.82282217651294,40.07909287537989],[-82.82271581390347,40.07912399424675],[-82.82272569800561,40.07913963107201],[-82.82273292768402,40.079156658624086],[-82.82273731321908,40.079174630069815],[-82.8227387395266,40.07919307380659],[-82.82273716917771,40.07921150583805],[-82.82273264338119,40.079229442475004],[-82.82272528090195,40.07924641302829],[-82.82271527494449,40.07926197216049],[-82.82270288808289,40.07927571157238],[-82.82268844537036,40.07928727071743],[-82.8226727154572,40.079301165202224],[-82.82265915668492,40.07931731046033],[-82.8226486008802,40.079335561067225],[-82.82264136744851,40.079355364782316],[-82.82263767526449,40.0793761223699],[-82.82262936475391,40.07951010205738],[-82.82263326775676,40.07953453531565],[-82.82264096145383,40.079558051790016],[-82.8226522547039,40.07958006724014],[-82.82266686693887,40.07960003471695],[-82.82268443513422,40.07961745815096],[-82.82270452282793,40.079631904676596],[-82.82272663096386,40.07964301538617],[-82.82275021029024,40.079650514246616],[-82.82277467500529,40.079654214957195],[-82.82279941731069,40.079654025577916],[-82.82311746756947,40.07966543420069],[-82.8231287333024,40.07966576762455],[-82.823139910272,40.079664317362536],[-82.82315071784718,40.07966111982781],[-82.82316088467157,40.079656255304016],[-82.8231701554767,40.0796498459295],[-82.82317829749144,40.079642052630724],[-82.8231851062862,40.07963307108167],[-82.82319041090594,40.07962312679089],[-82.82321001164765,40.0795701688229],[-82.82323503825216,40.07951954862421],[-82.82326521676845,40.07947182030343],[-82.82308171175397,40.0794215685175],[-82.82298573561022,40.07930022628211],[-82.82282217651294,40.07909287537989]]]}},{"type":"Feature","properties":{"PARCELID":"222-001195","OWNERNME1":"WINNESTAFFER DOUGLAS S","SITEADDRESS":"4917 YANTIS DR","RESYRBLT":1994,"RESFLRAREA_AG":4645,"STATEDAREA":18535,"ACRES":0.42551269,"SCHLDSCRP":"NEW ALBANY-PLAIN LSD","CVTTXDSCRP":"PLAIN TWP-NEW ALBANY CORP","CLASSCD":"510","CLASSDSCRP":"SINGLE FAMILY DWELLING, PLATTED LOT","SALEPRICE":950000,"SALEDATE":1597899600000},"geometry":{"type":"Polygon","coordinates":[[[-82.82282217651294,40.07909287537989],[-82.82306434978187,40.079300010248076],[-82.82326521676845,40.07947182030343],[-82.82329275140376,40.079435596734385],[-82.82332279624623,40.079401426417775],[-82.82335519867028,40.07936948293626],[-82.82343169854086,40.07929900006636],[-82.82348229847494,40.07925207259849],[-82.82348776808485,40.07924669043952],[-82.82349226724587,40.079240474185184],[-82.82349567084282,40.079233596700504],[-82.82349788422664,40.07922624923837],[-82.8234988458463,40.07921863612104],[-82.82349852896058,40.07921096905829],[-82.82349694238161,40.079203461260015],[-82.82349413022982,40.07919632150721],[-82.82349017070712,40.079189748346046],[-82.82348517392205,40.079183924566614],[-82.823479278828,40.07917901211978],[-82.82341620101,40.07912409749438],[-82.82335779150057,40.07906424136341],[-82.82330443620634,40.07899983919121],[-82.82325648764117,40.078931316477416],[-82.82282217651294,40.07909287537989]]]}},{"type":"Feature","properties":{"PARCELID":"222-001196","OWNERNME1":"FINN LINDA","SITEADDRESS":"4931 YANTIS DR","RESYRBLT":1999,"RESFLRAREA_AG":4269,"STATEDAREA":15420,"ACRES":0.35398995,"SCHLDSCRP":"NEW ALBANY-PLAIN LSD","CVTTXDSCRP":"PLAIN TWP-NEW ALBANY CORP","CLASSCD":"510","CLASSDSCRP":"SINGLE FAMILY DWELLING, PLATTED LOT","SALEPRICE":789000,"SALEDATE":1464670800000},"geometry":{"type":"Polygon","coordinates":[[[-82.82265535334864,40.07876203861601],[-82.82282217651294,40.07909287537989],[-82.82325648764117,40.078931316477416],[-82.82322302409992,40.07887380157827],[-82.82319412203907,40.07881386458555],[-82.82316995556951,40.07875186656972],[-82.82316095908256,40.078724025678014],[-82.8231458140925,40.07867418189089],[-82.82265554312245,40.07876200567335],[-82.82265535334864,40.07876203861601]]]}},{"type":"Feature","properties":{"PARCELID":"222-001197","OWNERNME1":"4945 YANT II LLC","SITEADDRESS":"4945 YANTIS DR","RESYRBLT":1999,"RESFLRAREA_AG":4670,"STATEDAREA":15575,"ACRES":0.35754208,"SCHLDSCRP":"NEW ALBANY-PLAIN LSD","CVTTXDSCRP":"PLAIN TWP-NEW ALBANY CORP","CLASSCD":"510","CLASSDSCRP":"SINGLE FAMILY DWELLING, PLATTED LOT","SALEPRICE":2200000,"SALEDATE":1761627600000},"geometry":{"type":"Polygon","coordinates":[[[-82.82251849163411,40.07849062056328],[-82.82265535334864,40.07876203861601],[-82.82265554312245,40.07876200567335],[-82.8231458140925,40.07867418189089],[-82.82306065683042,40.078393574822805],[-82.8230604858031,40.078393605012806],[-82.82251849163411,40.07849062056328]]]}},{"type":"Feature","properties":{"PARCELID":"222-001198","OWNERNME1":"SPIESS CATHERINE TTEE","SITEADDRESS":"4959 YANTIS DR","RESYRBLT":1998,"RESFLRAREA_AG":3452,"STATEDAREA":20579,"ACRES":0.47243314,"SCHLDSCRP":"NEW ALBANY-PLAIN LSD","CVTTXDSCRP":"PLAIN TWP-NEW ALBANY CORP","CLASSCD":"510","CLASSDSCRP":"SINGLE FAMILY DWELLING, PLATTED LOT","SALEPRICE":0,"SALEDATE":1755147600000},"geometry":{"type":"Polygon","coordinates":[[[-82.82247367653055,40.07807663978433],[-82.8224470011502,40.078487924850215],[-82.82251849163411,40.07849062056328],[-82.8230604858031,40.078393605012806],[-82.82306065683042,40.078393574822805],[-82.82298244074019,40.078135880707705],[-82.82297688834475,40.07812530442024],[-82.82296960247808,40.07811583852893],[-82.8229607995355,40.07810776417736],[-82.82295074097054,40.07810132117942],[-82.82293972552962,40.07809670089664],[-82.82292808037904,40.07809404055466],[-82.82291615138791,40.078093419167494],[-82.82247367653055,40.07807663978433]]]}},{"type":"Feature","properties":{"PARCELID":"222-001199","OWNERNME1":"ZOCHOWSKI NICOLE M","SITEADDRESS":"7464 OGDEN WOODS BL","RESYRBLT":1999,"RESFLRAREA_AG":3839,"STATEDAREA":17256,"ACRES":0.39615361,"SCHLDSCRP":"NEW ALBANY-PLAIN LSD","CVTTXDSCRP":"PLAIN TWP-NEW ALBANY CORP","CLASSCD":"510","CLASSDSCRP":"SINGLE FAMILY DWELLING, PLATTED LOT","SALEPRICE":682500,"SALEDATE":1472706000000},"geometry":{"type":"Polygon","coordinates":[[[-82.82203666501378,40.07847245068994],[-82.8224470011502,40.078487924850215],[-82.82247367653055,40.07807663978433],[-82.82206303738384,40.07806103236142],[-82.8220630274431,40.07806116387704],[-82.82204017229941,40.07841754829036],[-82.82203666501378,40.07847245068994]]]}},{"type":"Feature","properties":{"PARCELID":"222-001200","OWNERNME1":"CHENAULT RYAN E","SITEADDRESS":"7480 OGDEN WOODS BL","RESYRBLT":1998,"RESFLRAREA_AG":3861,"STATEDAREA":16816,"ACRES":0.38604197,"SCHLDSCRP":"NEW ALBANY-PLAIN LSD","CVTTXDSCRP":"PLAIN TWP-NEW ALBANY CORP","CLASSCD":"510","CLASSDSCRP":"SINGLE FAMILY DWELLING, PLATTED LOT","SALEPRICE":729500,"SALEDATE":1462251600000},"geometry":{"type":"Polygon","coordinates":[[[-82.82159553699849,40.078098282511874],[-82.82157617822317,40.0783998743412],[-82.82161149630723,40.078401147535374],[-82.82204017229941,40.07841754829036],[-82.8220630274431,40.07806116387704],[-82.82206303738384,40.07806103236142],[-82.821670405877,40.07804612623231],[-82.82165720827699,40.07804638788239],[-82.82164422678923,40.078048780805794],[-82.8216318033025,40.07805324198098],[-82.82162026500966,40.07805965391559],[-82.82160991579059,40.0780678477408],[-82.8216053368548,40.07807297396949],[-82.82160154008982,40.07807870366836],[-82.82159860392782,40.07808491847538],[-82.82159658902299,40.078091490007324],[-82.82159553699849,40.078098282511874]]]}},{"type":"Feature","properties":{"PARCELID":"222-001201","OWNERNME1":"SWANSON EMILY E","SITEADDRESS":"7440 ALPATH RD","RESYRBLT":1993,"RESFLRAREA_AG":2352,"STATEDAREA":10407,"ACRES":0.23890852,"SCHLDSCRP":"NEW ALBANY-PLAIN LSD","CVTTXDSCRP":"PLAIN TWP-NEW ALBANY CORP","CLASSCD":"510","CLASSDSCRP":"SINGLE FAMILY DWELLING, PLATTED LOT","SALEPRICE":440000,"SALEDATE":1560488400000},"geometry":{"type":"Polygon","coordinates":[[[-82.82157617822317,40.0783998743412],[-82.82156210658556,40.078619239025635],[-82.82161251704218,40.07862129768749],[-82.8220260857082,40.07863691217324],[-82.82203666501378,40.07847245068994],[-82.82204017229941,40.07841754829036],[-82.82161149630723,40.078401147535374],[-82.82157617822317,40.0783998743412]]]}},{"type":"Feature","properties":{"PARCELID":"222-001202","OWNERNME1":"BRUBAKER JULIE S","SITEADDRESS":"7452 ALPATH RD","RESYRBLT":1993,"RESFLRAREA_AG":3036,"STATEDAREA":10400,"ACRES":0.23875412,"SCHLDSCRP":"NEW ALBANY-PLAIN LSD","CVTTXDSCRP":"PLAIN TWP-NEW ALBANY CORP","CLASSCD":"510","CLASSDSCRP":"SINGLE FAMILY DWELLING, PLATTED LOT","SALEPRICE":0,"SALEDATE":1776747600000},"geometry":{"type":"Polygon","coordinates":[[[-82.82161251704218,40.07862129768749],[-82.82156210658556,40.078619239025635],[-82.82154804540613,40.07883860276044],[-82.82161353651006,40.07884117313984],[-82.82201203890119,40.078856278628514],[-82.8220260857082,40.07863691217324],[-82.82161251704218,40.07862129768749]]]}},{"type":"Feature","properties":{"PARCELID":"222-001203","OWNERNME1":"HALL BRIAN D","SITEADDRESS":"7464 ALPATH RD","RESYRBLT":1995,"RESFLRAREA_AG":2800,"STATEDAREA":10395,"ACRES":0.23864763,"SCHLDSCRP":"NEW ALBANY-PLAIN LSD","CVTTXDSCRP":"PLAIN TWP-NEW ALBANY CORP","CLASSCD":"510","CLASSDSCRP":"SINGLE FAMILY DWELLING, PLATTED LOT","SALEPRICE":430000,"SALEDATE":1043816400000},"geometry":{"type":"Polygon","coordinates":[[[-82.82161353651006,40.07884117313984],[-82.82154804540613,40.07883860276044],[-82.82153393490204,40.07905796751031],[-82.82153413775706,40.07905797416027],[-82.82161455598855,40.079061049474134],[-82.82199798368758,40.079075368600584],[-82.82200966096818,40.078893585504204],[-82.82201203890119,40.078856278628514],[-82.82161353651006,40.07884117313984]]]}},{"type":"Feature","properties":{"PARCELID":"222-001204","OWNERNME1":"SMITH MEGAN M","SITEADDRESS":"7472 ALPATH RD","RESYRBLT":1995,"RESFLRAREA_AG":3005,"STATEDAREA":10402,"ACRES":0.2387912,"SCHLDSCRP":"NEW ALBANY-PLAIN LSD","CVTTXDSCRP":"PLAIN TWP-NEW ALBANY CORP","CLASSCD":"510","CLASSDSCRP":"SINGLE FAMILY DWELLING, PLATTED LOT","SALEPRICE":0,"SALEDATE":1677646800000},"geometry":{"type":"Polygon","coordinates":[[[-82.82198391448617,40.079294747684784],[-82.82199798368758,40.079075368600584],[-82.82161455598855,40.079061049474134],[-82.82153413775706,40.07905797416027],[-82.82153393490204,40.07905796751031],[-82.82151985250846,40.079277345671926],[-82.82161557546934,40.07928092488923],[-82.82198370693668,40.07929474014783],[-82.82198391448617,40.079294747684784]]]}},{"type":"Feature","properties":{"PARCELID":"222-001205","OWNERNME1":"STRENCH DONALD D","SITEADDRESS":"7484 ALPATH RD","RESYRBLT":1995,"RESFLRAREA_AG":3154,"STATEDAREA":10400,"ACRES":0.23875418,"SCHLDSCRP":"NEW ALBANY-PLAIN LSD","CVTTXDSCRP":"PLAIN TWP-NEW ALBANY CORP","CLASSCD":"510","CLASSDSCRP":"SINGLE FAMILY DWELLING, PLATTED LOT","SALEPRICE":0,"SALEDATE":840776400000},"geometry":{"type":"Polygon","coordinates":[[[-82.82198370693668,40.07929474014783],[-82.82161557546934,40.07928092488923],[-82.82151985250846,40.079277345671926],[-82.82151812717086,40.07930424965949],[-82.82150586728385,40.07949671273999],[-82.82161659495655,40.07950080028571],[-82.82196978415638,40.07951411070507],[-82.82197851280553,40.07937875830128],[-82.8219833875863,40.0793029761543],[-82.82198391448617,40.079294747684784],[-82.82198370693668,40.07929474014783]]]}},{"type":"Feature","properties":{"PARCELID":"222-001206","OWNERNME1":"WALLACE DAVID A","SITEADDRESS":"7492 ALPATH RD","RESYRBLT":1996,"RESFLRAREA_AG":3402,"STATEDAREA":14950,"ACRES":0.34320805,"SCHLDSCRP":"NEW ALBANY-PLAIN LSD","CVTTXDSCRP":"PLAIN TWP-NEW ALBANY CORP","CLASSCD":"510","CLASSDSCRP":"SINGLE FAMILY DWELLING, PLATTED LOT","SALEPRICE":359999,"SALEDATE":846046800000},"geometry":{"type":"Polygon","coordinates":[[[-82.82161768572676,40.079736047891764],[-82.8219380592328,40.0800077533398],[-82.82195218614797,40.07978811659108],[-82.82196978415638,40.07951411070507],[-82.82161659495655,40.07950080028571],[-82.82150586728385,40.07949671273999],[-82.82149714064681,40.07963371320127],[-82.82161768572676,40.079736047891764]]]}},{"type":"Feature","properties":{"PARCELID":"222-001207","OWNERNME1":"MATROS KAREN J TR","SITEADDRESS":"7498 ALPATH RD","RESYRBLT":1999,"RESFLRAREA_AG":3484,"STATEDAREA":15606,"ACRES":0.35826724,"SCHLDSCRP":"NEW ALBANY-PLAIN LSD","CVTTXDSCRP":"PLAIN TWP-NEW ALBANY CORP","CLASSCD":"510","CLASSDSCRP":"SINGLE FAMILY DWELLING, PLATTED LOT","SALEPRICE":537000,"SALEDATE":1312520400000},"geometry":{"type":"Polygon","coordinates":[[[-82.82161888978173,40.07999572587039],[-82.8219380592328,40.0800077533398],[-82.82161768572676,40.079736047891764],[-82.82149714064681,40.07963371320127],[-82.82130056549373,40.079626261407974],[-82.8212779158382,40.079982658393604],[-82.82127790595824,40.07998280341797],[-82.82161888978173,40.07999572587039]]]}},{"type":"Feature","properties":{"PARCELID":"222-001208","OWNERNME1":"QUILLIN ALSTON M II","SITEADDRESS":"7506 ALPATH RD","RESYRBLT":1995,"RESFLRAREA_AG":2587,"STATEDAREA":10405,"ACRES":0.23886048,"SCHLDSCRP":"NEW ALBANY-PLAIN LSD","CVTTXDSCRP":"PLAIN TWP-NEW ALBANY CORP","CLASSCD":"510","CLASSDSCRP":"SINGLE FAMILY DWELLING, PLATTED LOT","SALEPRICE":350000,"SALEDATE":1263877200000},"geometry":{"type":"Polygon","coordinates":[[[-82.82120643387364,40.07998009789157],[-82.82127790595824,40.07998280341797],[-82.8212779158382,40.079982658393604],[-82.82130056549373,40.079626261407974],[-82.8210149987044,40.07961543551943],[-82.82099233772126,40.079971981078266],[-82.82120643387364,40.07998009789157]]]}},{"type":"Feature","properties":{"PARCELID":"222-001209","OWNERNME1":"MILLER TISH LEE","SITEADDRESS":"7516 ALPATH RD","RESYRBLT":1997,"RESFLRAREA_AG":2565,"STATEDAREA":10399,"ACRES":0.23872221,"SCHLDSCRP":"NEW ALBANY-PLAIN LSD","CVTTXDSCRP":"PLAIN TWP-NEW ALBANY CORP","CLASSCD":"510","CLASSDSCRP":"SINGLE FAMILY DWELLING, PLATTED LOT","SALEPRICE":0,"SALEDATE":1658898000000},"geometry":{"type":"Polygon","coordinates":[[[-82.82076038273165,40.079963195727196],[-82.82099233772126,40.079971981078266],[-82.8210149987044,40.07961543551943],[-82.82072977089119,40.079604622422195],[-82.82070676722861,40.07996115805116],[-82.82076038273165,40.079963195727196]]]}},{"type":"Feature","properties":{"PARCELID":"222-001210","OWNERNME1":"BERKS DAVID A","SITEADDRESS":"7528 ALPATH RD","RESYRBLT":1994,"RESFLRAREA_AG":2809,"STATEDAREA":11707,"ACRES":0.26874676,"SCHLDSCRP":"NEW ALBANY-PLAIN LSD","CVTTXDSCRP":"PLAIN TWP-NEW ALBANY CORP","CLASSCD":"510","CLASSDSCRP":"SINGLE FAMILY DWELLING, PLATTED LOT","SALEPRICE":0,"SALEDATE":1111122000000},"geometry":{"type":"Polygon","coordinates":[[[-82.82038544718114,40.07994894847715],[-82.82070676722861,40.07996115805116],[-82.82072977089119,40.079604622422195],[-82.82040846557473,40.07959245340094],[-82.82038544718114,40.07994894847715]]]}},{"type":"Feature","properties":{"PARCELID":"222-001211","OWNERNME1":"CARTER CHRISTOPHER","SITEADDRESS":"7540 ALPATH RD","RESYRBLT":1992,"RESFLRAREA_AG":3064,"STATEDAREA":11707,"ACRES":0.26876046,"SCHLDSCRP":"NEW ALBANY-PLAIN LSD","CVTTXDSCRP":"PLAIN TWP-NEW ALBANY CORP","CLASSCD":"510","CLASSDSCRP":"SINGLE FAMILY DWELLING, PLATTED LOT","SALEPRICE":1100000,"SALEDATE":1660107600000},"geometry":{"type":"Polygon","coordinates":[[[-82.82031397299195,40.079946279338834],[-82.82038544718114,40.07994894847715],[-82.82040846557473,40.07959245340094],[-82.82008714618186,40.07958025742248],[-82.82006414158562,40.079936796525025],[-82.82031397299195,40.079946279338834]]]}},{"type":"Feature","properties":{"PARCELID":"222-001212","OWNERNME1":"GALLAGHER PATRICK G","SITEADDRESS":"7552 ALPATH RD","RESYRBLT":1995,"RESFLRAREA_AG":2804,"STATEDAREA":11700,"ACRES":0.26860203,"SCHLDSCRP":"NEW ALBANY-PLAIN LSD","CVTTXDSCRP":"PLAIN TWP-NEW ALBANY CORP","CLASSCD":"510","CLASSDSCRP":"SINGLE FAMILY DWELLING, PLATTED LOT","SALEPRICE":1159000,"SALEDATE":1743570000000},"geometry":{"type":"Polygon","coordinates":[[[-82.81995727069331,40.079932742048484],[-82.82006414158562,40.079936796525025],[-82.82008714618186,40.07958025742248],[-82.81976584113255,40.07956809565049],[-82.81974317475442,40.07992460584864],[-82.81995727069331,40.079932742048484]]]}},{"type":"Feature","properties":{"PARCELID":"222-001213","OWNERNME1":"STOUGHTON MICHELLE E","SITEADDRESS":"7564 ALPATH RD","RESYRBLT":1997,"RESFLRAREA_AG":3273,"STATEDAREA":11701,"ACRES":0.26861377,"SCHLDSCRP":"NEW ALBANY-PLAIN LSD","CVTTXDSCRP":"PLAIN TWP-NEW ALBANY CORP","CLASSCD":"510","CLASSDSCRP":"SINGLE FAMILY DWELLING, PLATTED LOT","SALEPRICE":540000,"SALEDATE":1440565200000},"geometry":{"type":"Polygon","coordinates":[[[-82.81960021214687,40.079919209147704],[-82.81974317475442,40.07992460584864],[-82.81976584113255,40.07956809565049],[-82.81944487722811,40.07955590325411],[-82.81942186600675,40.07991222789946],[-82.81942185060518,40.07991244768883],[-82.81960021214687,40.079919209147704]]]}},{"type":"Feature","properties":{"PARCELID":"222-001214","OWNERNME1":"MCKIBBEN CHAD L","SITEADDRESS":"7576 ALPATH RD","RESYRBLT":1996,"RESFLRAREA_AG":2333,"STATEDAREA":11056,"ACRES":0.25381567,"SCHLDSCRP":"NEW ALBANY-PLAIN LSD","CVTTXDSCRP":"PLAIN TWP-NEW ALBANY CORP","CLASSCD":"510","CLASSDSCRP":"SINGLE FAMILY DWELLING, PLATTED LOT","SALEPRICE":447900,"SALEDATE":1485838800000},"geometry":{"type":"Polygon","coordinates":[[[-82.81927924675875,40.079907040616725],[-82.81942185060518,40.07991244768883],[-82.81942186600675,40.07991222789946],[-82.81944487722811,40.07955590325411],[-82.8191414346228,40.079544394604575],[-82.81911842521882,40.0799009425329],[-82.81927924675875,40.079907040616725]]]}},{"type":"Feature","properties":{"PARCELID":"222-001215","OWNERNME1":"HEINBACH ROBERT ALLEN III","SITEADDRESS":"7588 ALPATH RD","RESYRBLT":1996,"RESFLRAREA_AG":3416,"STATEDAREA":10406,"ACRES":0.23888085,"SCHLDSCRP":"NEW ALBANY-PLAIN LSD","CVTTXDSCRP":"PLAIN TWP-NEW ALBANY CORP","CLASSCD":"510","CLASSDSCRP":"SINGLE FAMILY DWELLING, PLATTED LOT","SALEPRICE":940000,"SALEDATE":1661403600000},"geometry":{"type":"Polygon","coordinates":[[[-82.81892220492354,40.07989351281651],[-82.81911842521882,40.0799009425329],[-82.8191414346228,40.079544394604575],[-82.81885586853657,40.079533569774625],[-82.81883284984328,40.079889945654315],[-82.8188328388893,40.07989011319646],[-82.81892220492354,40.07989351281651]]]}},{"type":"Feature","properties":{"PARCELID":"222-001216","OWNERNME1":"KREBS KENNETH J","SITEADDRESS":"7600 ALPATH RD","RESYRBLT":1998,"RESFLRAREA_AG":3984,"STATEDAREA":10405,"ACRES":0.23886404,"SCHLDSCRP":"NEW ALBANY-PLAIN LSD","CVTTXDSCRP":"PLAIN TWP-NEW ALBANY CORP","CLASSCD":"510","CLASSDSCRP":"SINGLE FAMILY DWELLING, PLATTED LOT","SALEPRICE":70000,"SALEDATE":855810000000},"geometry":{"type":"Polygon","coordinates":[[[-82.81856514671894,40.07987996326258],[-82.8188328388893,40.07989011319646],[-82.81883284984328,40.079889945654315],[-82.81885586853657,40.079533569774625],[-82.81857030024847,40.079522755964994],[-82.81854727013148,40.079879260603654],[-82.81856514671894,40.07987996326258]]]}},{"type":"Feature","properties":{"PARCELID":"222-001217","OWNERNME1":"MILLER EMILY A","SITEADDRESS":"7610 ALPATH RD","RESYRBLT":1995,"RESFLRAREA_AG":2956,"STATEDAREA":10398,"ACRES":0.23870581,"SCHLDSCRP":"NEW ALBANY-PLAIN LSD","CVTTXDSCRP":"PLAIN TWP-NEW ALBANY CORP","CLASSCD":"510","CLASSDSCRP":"SINGLE FAMILY DWELLING, PLATTED LOT","SALEPRICE":460000,"SALEDATE":1468904400000},"geometry":{"type":"Polygon","coordinates":[[[-82.81826205928674,40.079868459483926],[-82.81854727013148,40.079879260603654],[-82.81857030024847,40.079522755964994],[-82.81828473773366,40.07951190272014],[-82.81828472675775,40.07951206575932],[-82.81826205928674,40.079868459483926]]]}},{"type":"Feature","properties":{"PARCELID":"222-001218","OWNERNME1":"RIEPENHOFF JAMES P JR TR","SITEADDRESS":"7618 ALPATH RD","RESYRBLT":1994,"RESFLRAREA_AG":3794,"STATEDAREA":14957,"ACRES":0.34337333,"SCHLDSCRP":"NEW ALBANY-PLAIN LSD","CVTTXDSCRP":"PLAIN TWP-NEW ALBANY CORP","CLASSCD":"510","CLASSDSCRP":"SINGLE FAMILY DWELLING, PLATTED LOT","SALEPRICE":0,"SALEDATE":1343710800000},"geometry":{"type":"Polygon","coordinates":[[[-82.81820844633708,40.079866434170874],[-82.81826205928674,40.079868459483926],[-82.81828472675775,40.07951206575932],[-82.81828473773366,40.07951190272014],[-82.81810637618277,40.079505136565615],[-82.81761943306206,40.079844094504985],[-82.81820844633708,40.079866434170874]]]}},{"type":"Feature","properties":{"PARCELID":"222-001219","OWNERNME1":"MCCLELLAND JOHN","SITEADDRESS":"7626 ALPATH RD","RESYRBLT":1996,"RESFLRAREA_AG":2746,"STATEDAREA":16985,"ACRES":0.38992491,"SCHLDSCRP":"NEW ALBANY-PLAIN LSD","CVTTXDSCRP":"PLAIN TWP-NEW ALBANY CORP","CLASSCD":"510","CLASSDSCRP":"SINGLE FAMILY DWELLING, PLATTED LOT","SALEPRICE":459000,"SALEDATE":1428296400000},"geometry":{"type":"Polygon","coordinates":[[[-82.8176211972834,40.07981664381231],[-82.81761943306206,40.079844094504985],[-82.81810637618277,40.079505136565615],[-82.81811795893879,40.07932530037666],[-82.817829986094,40.079314279635575],[-82.81765391295264,40.07930762368664],[-82.8176534590736,40.07931475680255],[-82.817652064736,40.079336439929065],[-82.81763858138171,40.079546209199364],[-82.8176211972834,40.07981664381231]]]}},{"type":"Feature","properties":{"PARCELID":"222-001220","OWNERNME1":"SABGIR KRISTIN J","SITEADDRESS":"7638 ALPATH RD","RESYRBLT":1994,"RESFLRAREA_AG":3801,"STATEDAREA":14312,"ACRES":0.3285515,"SCHLDSCRP":"NEW ALBANY-PLAIN LSD","CVTTXDSCRP":"PLAIN TWP-NEW ALBANY CORP","CLASSCD":"510","CLASSDSCRP":"SINGLE FAMILY DWELLING, PLATTED LOT","SALEPRICE":675000,"SALEDATE":1121749200000},"geometry":{"type":"Polygon","coordinates":[[[-82.81811795893879,40.07932530037666],[-82.81811871963012,40.079313498593805],[-82.8181374261709,40.07902357208048],[-82.8176731289109,40.079005884441834],[-82.81766326655234,40.07916072417237],[-82.81765391295264,40.07930762368664],[-82.817829986094,40.079314279635575],[-82.81811795893879,40.07932530037666]]]}},{"type":"Feature","properties":{"PARCELID":"222-001222","OWNERNME1":"CALAMARI CHRISTOPHER J","SITEADDRESS":"7616 OGDEN WOODS BL","RESYRBLT":2000,"RESFLRAREA_AG":4106,"STATEDAREA":20744,"ACRES":0.47646677,"SCHLDSCRP":"NEW ALBANY-PLAIN LSD","CVTTXDSCRP":"PLAIN TWP-NEW ALBANY CORP","CLASSCD":"510","CLASSDSCRP":"SINGLE FAMILY DWELLING, PLATTED LOT","SALEPRICE":700000,"SALEDATE":1334725200000},"geometry":{"type":"Polygon","coordinates":[[[-82.81845549372672,40.07820834768693],[-82.81835540217259,40.07825509265136],[-82.81825755642916,40.078306372485635],[-82.81816216182456,40.078362079579634],[-82.8180694185432,40.07842209703269],[-82.81806284879426,40.07842594492064],[-82.8180570187058,40.07843084164519],[-82.81805209393976,40.07843664806597],[-82.8180482144333,40.07844319919355],[-82.81804549042262,40.078450308877684],[-82.81804399931043,40.07845777509676],[-82.81804378346669,40.0784653856982],[-82.81804484902459,40.07847292442682],[-82.8180471657063,40.07848017706969],[-82.81805066768334,40.07848693754302],[-82.81805525544705,40.078493013747995],[-82.81806079863617,40.0784982330293],[-82.81806713974099,40.07850244708108],[-82.81813395939166,40.07855271364987],[-82.81817305341953,40.07858417852711],[-82.81820868202158,40.07861951949808],[-82.81824046274666,40.07865835719919],[-82.81826805444823,40.078700274731546],[-82.81829116094629,40.0787448221362],[-82.81871479744676,40.07861793358245],[-82.81864295350721,40.07845891758636],[-82.81845562937563,40.07820852744046],[-82.81845549372672,40.07820834768693]]]}},{"type":"Feature","properties":{"PARCELID":"222-001223","OWNERNME1":"STERN ROZANE TOD","SITEADDRESS":"7641 ALPATH RD","RESYRBLT":1994,"RESFLRAREA_AG":3248,"STATEDAREA":14595,"ACRES":0.33504443,"SCHLDSCRP":"NEW ALBANY-PLAIN LSD","CVTTXDSCRP":"PLAIN TWP-NEW ALBANY CORP","CLASSCD":"510","CLASSDSCRP":"SINGLE FAMILY DWELLING, PLATTED LOT","SALEPRICE":0,"SALEDATE":1210136400000},"geometry":{"type":"Polygon","coordinates":[[[-82.81871479744676,40.07861793358245],[-82.81829116094629,40.0787448221362],[-82.8183068830493,40.0787870570054],[-82.8183174760045,40.078830860635385],[-82.81832278976007,40.07887561253703],[-82.81832274904541,40.07892067878873],[-82.81831836389969,40.078989314058795],[-82.81876448907806,40.07900622527655],[-82.81877113821541,40.078903268098216],[-82.81874403866586,40.078682639319915],[-82.81871479744676,40.07861793358245]]]}},{"type":"Feature","properties":{"PARCELID":"222-001224","OWNERNME1":"CHRISTIE JOHN K","SITEADDRESS":"7613 ALPATH RD","RESYRBLT":1994,"RESFLRAREA_AG":3448,"STATEDAREA":17048,"ACRES":0.39137713,"SCHLDSCRP":"NEW ALBANY-PLAIN LSD","CVTTXDSCRP":"PLAIN TWP-NEW ALBANY CORP","CLASSCD":"510","CLASSDSCRP":"SINGLE FAMILY DWELLING, PLATTED LOT","SALEPRICE":590000,"SALEDATE":1467694800000},"geometry":{"type":"Polygon","coordinates":[[[-82.81831836389969,40.078989314058795],[-82.81830240592944,40.07923778732941],[-82.81830265684194,40.07925389731164],[-82.81830520332475,40.07926980673996],[-82.81830999329097,40.07928519019561],[-82.81831692876442,40.07929973301833],[-82.81832586788371,40.07931313774251],[-82.81834935508412,40.07933674711466],[-82.8183765827154,40.07935592280584],[-82.81840672469754,40.079370083030035],[-82.81843886652983,40.07937879816935],[-82.81847203303658,40.07938180380849],[-82.81873977812461,40.07939189977134],[-82.81874478433771,40.07931180261453],[-82.81875643089636,40.07913142040514],[-82.81876448907806,40.07900622527655],[-82.81831836389969,40.078989314058795]]]}},{"type":"Feature","properties":{"PARCELID":"222-001225","OWNERNME1":"FLOWERS KATELYN E","SITEADDRESS":"7589 ALPATH RD","RESYRBLT":2000,"RESFLRAREA_AG":3272,"STATEDAREA":11790,"ACRES":0.27065338,"SCHLDSCRP":"NEW ALBANY-PLAIN LSD","CVTTXDSCRP":"PLAIN TWP-NEW ALBANY CORP","CLASSCD":"510","CLASSDSCRP":"SINGLE FAMILY DWELLING, PLATTED LOT","SALEPRICE":1080000,"SALEDATE":1707714000000},"geometry":{"type":"Polygon","coordinates":[[[-82.81875643089636,40.07913142040514],[-82.81874478433771,40.07931180261453],[-82.81873977812461,40.07939189977134],[-82.81911435932291,40.07940605325919],[-82.81912550161773,40.07940671393993],[-82.81913659954637,40.07940552095512],[-82.8191473468562,40.079402507225765],[-82.81915744697002,40.079397755917164],[-82.81916662117041,40.07939139814395],[-82.8191746162909,40.07938360935191],[-82.8191812117023,40.07937460447649],[-82.81918622540111,40.07936463201153],[-82.8191895190319,40.07935396715199],[-82.81919217889791,40.07931058860126],[-82.81920249729166,40.07914832741999],[-82.81875643089636,40.07913142040514]]]}},{"type":"Feature","properties":{"PARCELID":"222-001226","OWNERNME1":"QUAYLE JEFFREY D","SITEADDRESS":"4676 MCCURDY DR","RESYRBLT":1996,"RESFLRAREA_AG":3054,"STATEDAREA":10886,"ACRES":0.24991244,"SCHLDSCRP":"NEW ALBANY-PLAIN LSD","CVTTXDSCRP":"PLAIN TWP-NEW ALBANY CORP","CLASSCD":"510","CLASSDSCRP":"SINGLE FAMILY DWELLING, PLATTED LOT","SALEPRICE":444000,"SALEDATE":1338872400000},"geometry":{"type":"Polygon","coordinates":[[[-82.81920249729166,40.07914832741999],[-82.81920883963349,40.079048391682896],[-82.81921208758625,40.078972933096956],[-82.81921204769431,40.078897404653326],[-82.81877113821541,40.078903268098216],[-82.81876448907806,40.07900622527655],[-82.81875643089636,40.07913142040514],[-82.81920249729166,40.07914832741999]]]}},{"type":"Feature","properties":{"PARCELID":"222-001227","OWNERNME1":"SWANSON-PEWITT EILEEN E","SITEADDRESS":"4664 MCCURDY DR","RESYRBLT":1997,"RESFLRAREA_AG":3742,"STATEDAREA":10976,"ACRES":0.25196082,"SCHLDSCRP":"NEW ALBANY-PLAIN LSD","CVTTXDSCRP":"PLAIN TWP-NEW ALBANY CORP","CLASSCD":"510","CLASSDSCRP":"SINGLE FAMILY DWELLING, PLATTED LOT","SALEPRICE":0,"SALEDATE":1053320400000},"geometry":{"type":"Polygon","coordinates":[[[-82.81874403866586,40.078682639319915],[-82.81877113821541,40.078903268098216],[-82.81921204769431,40.078897404653326],[-82.81920791377671,40.078810386427],[-82.81919944204179,40.07872368296286],[-82.81918665360483,40.07863751036358],[-82.81874403866586,40.078682639319915]]]}},{"type":"Feature","properties":{"PARCELID":"222-001228","OWNERNME1":"VAN HULSE JASON TR","SITEADDRESS":"4652 MCCURDY DR","RESYRBLT":1995,"RESFLRAREA_AG":3555,"STATEDAREA":12000,"ACRES":0.27547688,"SCHLDSCRP":"NEW ALBANY-PLAIN LSD","CVTTXDSCRP":"PLAIN TWP-NEW ALBANY CORP","CLASSCD":"510","CLASSDSCRP":"SINGLE FAMILY DWELLING, PLATTED LOT","SALEPRICE":0,"SALEDATE":1637557200000},"geometry":{"type":"Polygon","coordinates":[[[-82.81864295350721,40.07845891758636],[-82.81871479744676,40.07861793358245],[-82.81874403866586,40.078682639319915],[-82.81918665360483,40.07863751036358],[-82.81916689823062,40.078539911159254],[-82.8191417346211,40.07844356453372],[-82.81912231933923,40.07837666715796],[-82.81864295350721,40.07845891758636]]]}},{"type":"Feature","properties":{"PARCELID":"222-001229","OWNERNME1":"XIAO JUN","SITEADDRESS":"7594 OGDEN WOODS BL","RESYRBLT":1996,"RESFLRAREA_AG":4726,"STATEDAREA":18390,"ACRES":0.42241836,"SCHLDSCRP":"NEW ALBANY-PLAIN LSD","CVTTXDSCRP":"PLAIN TWP-NEW ALBANY CORP","CLASSCD":"510","CLASSDSCRP":"SINGLE FAMILY DWELLING, PLATTED LOT","SALEPRICE":730000,"SALEDATE":1468213200000},"geometry":{"type":"Polygon","coordinates":[[[-82.81845549372672,40.07820834768693],[-82.81845562937563,40.07820852744046],[-82.81864295350721,40.07845891758636],[-82.81912231933923,40.07837666715796],[-82.81903801023154,40.07808618065017],[-82.81903258472461,40.07807530300925],[-82.81902538370983,40.07806550992069],[-82.81901661814466,40.078057088278065],[-82.81900654482084,40.07805028479775],[-82.81899545884158,40.07804529879119],[-82.81898368497637,40.078042276326045],[-82.81897156814668,40.078041305946975],[-82.81895946332128,40.078042416081736],[-82.81894772511725,40.07804557420836],[-82.81882190919816,40.07807746236529],[-82.81869774656157,40.07811527955353],[-82.81857551644171,40.07815894072452],[-82.81845549372672,40.07820834768693]]]}},{"type":"Feature","properties":{"PARCELID":"222-001230","OWNERNME1":"THORNTON JESSE","SITEADDRESS":"7566 OGDEN WOODS BL","RESYRBLT":1997,"RESFLRAREA_AG":4210,"STATEDAREA":20434,"ACRES":0.46936299,"SCHLDSCRP":"NEW ALBANY-PLAIN LSD","CVTTXDSCRP":"PLAIN TWP-NEW ALBANY CORP","CLASSCD":"510","CLASSDSCRP":"SINGLE FAMILY DWELLING, PLATTED LOT","SALEPRICE":930000,"SALEDATE":1591851600000},"geometry":{"type":"Polygon","coordinates":[[[-82.81931633868386,40.0784137180125],[-82.81971678444638,40.07838435591479],[-82.81974311401838,40.07797313818106],[-82.81972745888545,40.07797254313594],[-82.8196130972969,40.07797041842057],[-82.81949873730647,40.077972627480015],[-82.81938454308525,40.07797916714303],[-82.81927067856631,40.0779900280215],[-82.81926135741399,40.07799000236516],[-82.81925216692977,40.077991557851774],[-82.81924337336643,40.077994649418144],[-82.81923523147778,40.07799918750009],[-82.81922797713824,40.07800504062718],[-82.81922182050957,40.078012039231496],[-82.8192169399523,40.07801998056006],[-82.81921347685851,40.078028634548744],[-82.81921153155571,40.078037750487304],[-82.81921116040029,40.078047064282586],[-82.81921237414477,40.07805630610941],[-82.81931633868386,40.0784137180125]]]}},{"type":"Feature","properties":{"PARCELID":"222-001231","OWNERNME1":"SEVEY RYAN","SITEADDRESS":"7548 OGDEN WOODS BL","RESYRBLT":2001,"RESFLRAREA_AG":4238,"STATEDAREA":17250,"ACRES":0.39599892,"SCHLDSCRP":"NEW ALBANY-PLAIN LSD","CVTTXDSCRP":"PLAIN TWP-NEW ALBANY CORP","CLASSCD":"510","CLASSDSCRP":"SINGLE FAMILY DWELLING, PLATTED LOT","SALEPRICE":1385000,"SALEDATE":1641790800000},"geometry":{"type":"Polygon","coordinates":[[[-82.81974311401838,40.07797313818106],[-82.81971678444638,40.07838435591479],[-82.81987726369584,40.0783904514038],[-82.82012709165245,40.07839989138554],[-82.82015377428115,40.07798872843167],[-82.81974311401838,40.07797313818106]]]}},{"type":"Feature","properties":{"PARCELID":"222-001232","OWNERNME1":"AKLILU KIRUBEL","SITEADDRESS":"7532 OGDEN WOODS BL","RESYRBLT":1999,"RESFLRAREA_AG":3466,"STATEDAREA":17248,"ACRES":0.39595089,"SCHLDSCRP":"NEW ALBANY-PLAIN LSD","CVTTXDSCRP":"PLAIN TWP-NEW ALBANY CORP","CLASSCD":"510","CLASSDSCRP":"SINGLE FAMILY DWELLING, PLATTED LOT","SALEPRICE":1500000,"SALEDATE":1760504400000},"geometry":{"type":"Polygon","coordinates":[[[-82.82015377428115,40.07798872843167],[-82.82012709165245,40.07839989138554],[-82.82041265561041,40.07841071222501],[-82.82053775786196,40.07841544065636],[-82.82056407712906,40.078004311918484],[-82.82015377428115,40.07798872843167]]]}},{"type":"Feature","properties":{"PARCELID":"222-001233","OWNERNME1":"HIGGINS MICHELLE","SITEADDRESS":"7518 OGDEN WOODS BL","RESYRBLT":1994,"RESFLRAREA_AG":4950,"STATEDAREA":17238,"ACRES":0.39572116,"SCHLDSCRP":"NEW ALBANY-PLAIN LSD","CVTTXDSCRP":"PLAIN TWP-NEW ALBANY CORP","CLASSCD":"510","CLASSDSCRP":"SINGLE FAMILY DWELLING, PLATTED LOT","SALEPRICE":885000,"SALEDATE":1595566800000},"geometry":{"type":"Polygon","coordinates":[[[-82.8209480478127,40.07843096520392],[-82.82097437892646,40.07801988046732],[-82.82056407712906,40.078004311918484],[-82.82053775786196,40.07841544065636],[-82.8209480478127,40.07843096520392]]]}},{"type":"Feature","properties":{"PARCELID":"222-001234","OWNERNME1":"JONES RAY","SITEADDRESS":"7504 OGDEN WOODS BL","RESYRBLT":1995,"RESFLRAREA_AG":4623,"STATEDAREA":18654,"ACRES":0.42824679,"SCHLDSCRP":"NEW ALBANY-PLAIN LSD","CVTTXDSCRP":"PLAIN TWP-NEW ALBANY CORP","CLASSCD":"510","CLASSDSCRP":"SINGLE FAMILY DWELLING, PLATTED LOT","SALEPRICE":850000,"SALEDATE":1569992400000},"geometry":{"type":"Polygon","coordinates":[[[-82.82097437892646,40.07801988046732],[-82.8209480478127,40.07843096520392],[-82.8213941231086,40.0784478584679],[-82.82141699865392,40.07809161643332],[-82.82141542177285,40.078081867541094],[-82.82141233757989,40.07807248589906],[-82.8214078221892,40.07806370303503],[-82.8214019870353,40.07805573569968],[-82.82139497612289,40.0780487805174],[-82.82138696247294,40.07804300913384],[-82.82137814385287,40.078038563979916],[-82.82136873789574,40.078035554756745],[-82.82135897672944,40.0780340557284],[-82.82134910124797,40.078034103889124],[-82.82097437892646,40.07801988046732]]]}},{"type":"Feature","properties":{"PARCELID":"222-001235","OWNERNME1":"GEIGER FRANZ A","SITEADDRESS":"7447 ALPATH RD","RESYRBLT":1999,"RESFLRAREA_AG":3301,"STATEDAREA":11876,"ACRES":0.27264741,"SCHLDSCRP":"NEW ALBANY-PLAIN LSD","CVTTXDSCRP":"PLAIN TWP-NEW ALBANY CORP","CLASSCD":"510","CLASSDSCRP":"SINGLE FAMILY DWELLING, PLATTED LOT","SALEPRICE":77000,"SALEDATE":911451600000},"geometry":{"type":"Polygon","coordinates":[[[-82.8213941231086,40.0784478584679],[-82.8209480478127,40.07843096520392],[-82.82093785798133,40.07859020741512],[-82.82093137560626,40.07869151077093],[-82.82137739045451,40.078708407868724],[-82.8213941231086,40.0784478584679]]]}},{"type":"Feature","properties":{"PARCELID":"222-001236","OWNERNME1":"KEATON BROOKE L","SITEADDRESS":"7459 ALPATH RD","RESYRBLT":1999,"RESFLRAREA_AG":4056,"STATEDAREA":11249,"ACRES":0.25825176,"SCHLDSCRP":"NEW ALBANY-PLAIN LSD","CVTTXDSCRP":"PLAIN TWP-NEW ALBANY CORP","CLASSCD":"510","CLASSDSCRP":"SINGLE FAMILY DWELLING, PLATTED LOT","SALEPRICE":720000,"SALEDATE":1564549200000},"geometry":{"type":"Polygon","coordinates":[[[-82.82093137560626,40.07869151077093],[-82.82091558242938,40.07893834219753],[-82.8213615425117,40.07895522329682],[-82.82137739045451,40.078708407868724],[-82.82093137560626,40.07869151077093]]]}},{"type":"Feature","properties":{"PARCELID":"222-001237","OWNERNME1":"TAYLOR JAMES E","SITEADDRESS":"7471 ALPATH RD","RESYRBLT":1995,"RESFLRAREA_AG":3342,"STATEDAREA":11248,"ACRES":0.25821904,"SCHLDSCRP":"NEW ALBANY-PLAIN LSD","CVTTXDSCRP":"PLAIN TWP-NEW ALBANY CORP","CLASSCD":"510","CLASSDSCRP":"SINGLE FAMILY DWELLING, PLATTED LOT","SALEPRICE":467500,"SALEDATE":1205989200000},"geometry":{"type":"Polygon","coordinates":[[[-82.8213615425117,40.07895522329682],[-82.82091558242938,40.07893834219753],[-82.8209133007206,40.078974022292876],[-82.82089979024997,40.079185160086475],[-82.82134569452697,40.07920205400937],[-82.8213615425117,40.07895522329682]]]}},{"type":"Feature","properties":{"PARCELID":"222-001238","OWNERNME1":"BROWNHILL BARRY","SITEADDRESS":"7505 ALPATH RD","RESYRBLT":1994,"RESFLRAREA_AG":2805,"STATEDAREA":12584,"ACRES":0.28889723,"SCHLDSCRP":"NEW ALBANY-PLAIN LSD","CVTTXDSCRP":"PLAIN TWP-NEW ALBANY CORP","CLASSCD":"510","CLASSDSCRP":"SINGLE FAMILY DWELLING, PLATTED LOT","SALEPRICE":490000,"SALEDATE":1523422800000},"geometry":{"type":"Polygon","coordinates":[[[-82.82134569452697,40.07920205400937],[-82.82089979024997,40.079185160086475],[-82.82089803320827,40.079212611719576],[-82.82089206025472,40.079305960415965],[-82.82088103615168,40.07947296445679],[-82.82114874246874,40.07948313879632],[-82.82117657809654,40.07948483033175],[-82.82120430724035,40.07948186755403],[-82.82123115709135,40.07947433303551],[-82.82125637934655,40.07946243676256],[-82.82127927106393,40.07944651028327],[-82.82129919425336,40.079426997467195],[-82.82131559365727,40.079404442134816],[-82.82132801222575,40.07937947290126],[-82.82133610385438,40.07935278565685],[-82.8213390983349,40.079304739204396],[-82.82134569452697,40.07920205400937]]]}},{"type":"Feature","properties":{"PARCELID":"222-001239","OWNERNME1":"CLAPPIER JOHN A","SITEADDRESS":"7527 ALPATH RD","RESYRBLT":1996,"RESFLRAREA_AG":2714,"STATEDAREA":11782,"ACRES":0.27048757,"SCHLDSCRP":"NEW ALBANY-PLAIN LSD","CVTTXDSCRP":"PLAIN TWP-NEW ALBANY CORP","CLASSCD":"510","CLASSDSCRP":"SINGLE FAMILY DWELLING, PLATTED LOT","SALEPRICE":335000,"SALEDATE":1323234000000},"geometry":{"type":"Polygon","coordinates":[[[-82.82089803320827,40.079212611719576],[-82.82045179953727,40.07919571789728],[-82.82044466692656,40.07930718089585],[-82.82043867019256,40.079401352781765],[-82.82044055871137,40.07941215048031],[-82.8204442897514,40.079422457571916],[-82.82044975042274,40.07943196219531],[-82.82045677550202,40.079440376769455],[-82.82046515243174,40.07944744669491],[-82.8204746277514,40.0794529580572],[-82.82048491476665,40.07945674409926],[-82.82049570222364,40.079458690266954],[-82.82050666372672,40.079458737675154],[-82.82088103615168,40.07947296445679],[-82.82089206025472,40.079305960415965],[-82.82089803320827,40.079212611719576]]]}},{"type":"Feature","properties":{"PARCELID":"222-001240","OWNERNME1":"GASLIN RYAN","SITEADDRESS":"4689 CAVENDISH CT","RESYRBLT":1996,"RESFLRAREA_AG":2768,"STATEDAREA":10747,"ACRES":0.24671205,"SCHLDSCRP":"NEW ALBANY-PLAIN LSD","CVTTXDSCRP":"PLAIN TWP-NEW ALBANY CORP","CLASSCD":"510","CLASSDSCRP":"SINGLE FAMILY DWELLING, PLATTED LOT","SALEPRICE":460000,"SALEDATE":1525237200000},"geometry":{"type":"Polygon","coordinates":[[[-82.82051158463366,40.07895897137482],[-82.82049573132566,40.07897281343041],[-82.82048243226802,40.078989124927695],[-82.82047206644891,40.07900744103187],[-82.82046492926696,40.07902723978212],[-82.82046122411307,40.07904795696611],[-82.82045179953727,40.07919571789728],[-82.82089803320827,40.079212611719576],[-82.82089979024997,40.079185160086475],[-82.8209133007206,40.078974022292876],[-82.82051158463366,40.07895897137482]]]}},{"type":"Feature","properties":{"PARCELID":"222-001241","OWNERNME1":"TAYLOR AMY R","SITEADDRESS":"4679 CAVENDISH CT","RESYRBLT":2001,"RESFLRAREA_AG":3396,"STATEDAREA":10366,"ACRES":0.23797673,"SCHLDSCRP":"NEW ALBANY-PLAIN LSD","CVTTXDSCRP":"PLAIN TWP-NEW ALBANY CORP","CLASSCD":"510","CLASSDSCRP":"SINGLE FAMILY DWELLING, PLATTED LOT","SALEPRICE":665500,"SALEDATE":1059454800000},"geometry":{"type":"Polygon","coordinates":[[[-82.82091558242938,40.07893834219753],[-82.82093137560626,40.07869151077093],[-82.82093785798133,40.07859020741512],[-82.82054253851007,40.078800487653346],[-82.82055214931228,40.07881790900769],[-82.8205585942099,40.07883673277991],[-82.82056167800665,40.0788563888554],[-82.82056130730376,40.07887628191161],[-82.82055749332868,40.07889580944858],[-82.82055035159506,40.07891438003681],[-82.82054009840422,40.07893143122984],[-82.82052704429404,40.07894644659908],[-82.82051158463366,40.07895897137482],[-82.8209133007206,40.078974022292876],[-82.82091558242938,40.07893834219753]]]}},{"type":"Feature","properties":{"PARCELID":"222-001242","OWNERNME1":"PULERI THOMAS C","SITEADDRESS":"4671 CAVENDISH CT","RESYRBLT":1994,"RESFLRAREA_AG":3076,"STATEDAREA":15868,"ACRES":0.36428438,"SCHLDSCRP":"NEW ALBANY-PLAIN LSD","CVTTXDSCRP":"PLAIN TWP-NEW ALBANY CORP","CLASSCD":"510","CLASSDSCRP":"SINGLE FAMILY DWELLING, PLATTED LOT","SALEPRICE":329513,"SALEDATE":760078800000},"geometry":{"type":"Polygon","coordinates":[[[-82.82053775786196,40.07841544065636],[-82.82041265561041,40.07841071222501],[-82.82039231892578,40.07872609744031],[-82.8204211620168,40.078728278423895],[-82.82044933096216,40.078734850417995],[-82.8204761613187,40.0787456584038],[-82.8205010202176,40.07876044744479],[-82.82052332129241,40.07877886870021],[-82.82054253851007,40.078800487653346],[-82.82093785798133,40.07859020741512],[-82.8209480478127,40.07843096520392],[-82.82053775786196,40.07841544065636]]]}},{"type":"Feature","properties":{"PARCELID":"222-001243","OWNERNME1":"MORAN SHANE M","SITEADDRESS":"4670 CAVENDISH CT","RESYRBLT":1993,"RESFLRAREA_AG":2670,"STATEDAREA":15858,"ACRES":0.36405207,"SCHLDSCRP":"NEW ALBANY-PLAIN LSD","CVTTXDSCRP":"PLAIN TWP-NEW ALBANY CORP","CLASSCD":"510","CLASSDSCRP":"SINGLE FAMILY DWELLING, PLATTED LOT","SALEPRICE":462500,"SALEDATE":1415163600000},"geometry":{"type":"Polygon","coordinates":[[[-82.82039231892578,40.07872609744031],[-82.82041265561041,40.07841071222501],[-82.82012709165245,40.07839989138554],[-82.81987726369584,40.0783904514038],[-82.8198670369442,40.07854959185004],[-82.81986727330923,40.078549747011536],[-82.82023359529224,40.07878861136901],[-82.82025519057325,40.07876872638998],[-82.82027947537723,40.07875223345671],[-82.82030592162126,40.07873949121476],[-82.82033395422096,40.078730776749374],[-82.82036296359603,40.07872627956015],[-82.82039231892578,40.07872609744031]]]}},{"type":"Feature","properties":{"PARCELID":"222-001244","OWNERNME1":"EVANS MICHAEL S","SITEADDRESS":"4678 CAVENDISH CT","RESYRBLT":1995,"RESFLRAREA_AG":3003,"STATEDAREA":10371,"ACRES":0.23808558,"SCHLDSCRP":"NEW ALBANY-PLAIN LSD","CVTTXDSCRP":"PLAIN TWP-NEW ALBANY CORP","CLASSCD":"510","CLASSDSCRP":"SINGLE FAMILY DWELLING, PLATTED LOT","SALEPRICE":335500,"SALEDATE":1325048400000},"geometry":{"type":"Polygon","coordinates":[[[-82.81986727330923,40.078549747011536],[-82.8198670369442,40.07854959185004],[-82.81986355187304,40.07860383847633],[-82.81984658250563,40.07886795466787],[-82.8198423631194,40.078933563516436],[-82.81984259998116,40.07893357187799],[-82.8202439144195,40.07894879278777],[-82.82023137605378,40.078936086582424],[-82.82022100413408,40.07892155793654],[-82.82021305953121,40.07890557226938],[-82.82020774206494,40.07888853164668],[-82.82020518547826,40.078870864668055],[-82.82020545407353,40.07885301568696],[-82.82020854109514,40.07883543363455],[-82.82021436889943,40.07881856072826],[-82.82022279090756,40.078802821349356],[-82.82023359529224,40.07878861136901],[-82.81986727330923,40.078549747011536]]]}},{"type":"Feature","properties":{"PARCELID":"222-001245","OWNERNME1":"MOSS ETHAN S","SITEADDRESS":"4688 CAVENDISH CT","RESYRBLT":1994,"RESFLRAREA_AG":3587,"STATEDAREA":10736,"ACRES":0.24647572,"SCHLDSCRP":"NEW ALBANY-PLAIN LSD","CVTTXDSCRP":"PLAIN TWP-NEW ALBANY CORP","CLASSCD":"510","CLASSDSCRP":"SINGLE FAMILY DWELLING, PLATTED LOT","SALEPRICE":1105000,"SALEDATE":1686546000000},"geometry":{"type":"Polygon","coordinates":[[[-82.81984259998116,40.07893357187799],[-82.8198423631194,40.078933563516436],[-82.81982881412713,40.07914442570104],[-82.81982704845176,40.07917187644034],[-82.81982726069432,40.07917188486891],[-82.82027326897506,40.07918878437727],[-82.82028274598065,40.079041124185956],[-82.82028219723833,40.079023904403584],[-82.82027914066377,40.079006949186834],[-82.82027364174206,40.078990621790126],[-82.82026581828403,40.078975272017246],[-82.82025583790212,40.07896122872703],[-82.8202439144195,40.07894879278777],[-82.81984259998116,40.07893357187799]]]}},{"type":"Feature","properties":{"PARCELID":"222-001246","OWNERNME1":"JERWERS MARTIN","SITEADDRESS":"7551 ALPATH RD","RESYRBLT":1996,"RESFLRAREA_AG":2895,"STATEDAREA":11797,"ACRES":0.27081544,"SCHLDSCRP":"NEW ALBANY-PLAIN LSD","CVTTXDSCRP":"PLAIN TWP-NEW ALBANY CORP","CLASSCD":"510","CLASSDSCRP":"SINGLE FAMILY DWELLING, PLATTED LOT","SALEPRICE":409000,"SALEDATE":1158296400000},"geometry":{"type":"Polygon","coordinates":[[[-82.81982704845176,40.07917187644034],[-82.81981824472528,40.07930888690156],[-82.81981059803152,40.07943240044473],[-82.82018535275601,40.07944671215751],[-82.82019647808482,40.07944736832888],[-82.82020755790099,40.07944616783901],[-82.8202182845063,40.07944314402678],[-82.82022836001163,40.07943838086665],[-82.82023750460954,40.079432010636594],[-82.82024546434491,40.079424210244625],[-82.82025201816748,40.07941519631587],[-82.8202569840707,40.07940521917663],[-82.82026022414615,40.0793945559026],[-82.82026563807548,40.07930766880586],[-82.82027326897506,40.07918878437727],[-82.81982726069432,40.07917188486891],[-82.81982704845176,40.07917187644034]]]}},{"type":"Feature","properties":{"PARCELID":"222-001247","OWNERNME1":"RECZEK JOSEPH J","SITEADDRESS":"7567 ALPATH RD","RESYRBLT":1996,"RESFLRAREA_AG":3384,"STATEDAREA":13036,"ACRES":0.29925949,"SCHLDSCRP":"NEW ALBANY-PLAIN LSD","CVTTXDSCRP":"PLAIN TWP-NEW ALBANY CORP","CLASSCD":"510","CLASSDSCRP":"SINGLE FAMILY DWELLING, PLATTED LOT","SALEPRICE":570000,"SALEDATE":1403240400000},"geometry":{"type":"Polygon","coordinates":[[[-82.81938290120688,40.079127525148564],[-82.81937120776406,40.07931010232615],[-82.81936786805753,40.079360619121076],[-82.81936943229654,40.079370360930064],[-82.81937250472076,40.07937973695777],[-82.8193770093188,40.079388515242485],[-82.81938283464751,40.07939647861058],[-82.81938983658901,40.07940343004938],[-82.81939784191617,40.079409197581185],[-82.81940665257825,40.07941363851801],[-82.81941605060061,40.07941664299166],[-82.81942580347739,40.07941813667185],[-82.8194356699237,40.079418082605116],[-82.81981059803152,40.07943240044473],[-82.81981824472528,40.07930888690156],[-82.81982704845176,40.07917187644034],[-82.81982881412713,40.07914442570104],[-82.81938290120688,40.079127525148564]]]}},{"type":"Feature","properties":{"PARCELID":"222-001248","OWNERNME1":"HAMRICK BRIAN A","SITEADDRESS":"4677 MCCURDY DR","RESYRBLT":1994,"RESFLRAREA_AG":3832,"STATEDAREA":12067,"ACRES":0.27702555,"SCHLDSCRP":"NEW ALBANY-PLAIN LSD","CVTTXDSCRP":"PLAIN TWP-NEW ALBANY CORP","CLASSCD":"510","CLASSDSCRP":"SINGLE FAMILY DWELLING, PLATTED LOT","SALEPRICE":715000,"SALEDATE":1603256400000},"geometry":{"type":"Polygon","coordinates":[[[-82.81938290120688,40.079127525148564],[-82.81982881412713,40.07914442570104],[-82.8198423631194,40.078933563516436],[-82.81984658250563,40.07886795466787],[-82.81939031380008,40.078876881956106],[-82.81939107897068,40.0789659957513],[-82.81938754310626,40.079055042658275],[-82.81938290120688,40.079127525148564]]]}},{"type":"Feature","properties":{"PARCELID":"222-001249","OWNERNME1":"GRAYFER EDIT","SITEADDRESS":"4665 MCCURDY DR","RESYRBLT":1998,"RESFLRAREA_AG":2878,"STATEDAREA":11867,"ACRES":0.2724267,"SCHLDSCRP":"NEW ALBANY-PLAIN LSD","CVTTXDSCRP":"PLAIN TWP-NEW ALBANY CORP","CLASSCD":"510","CLASSDSCRP":"SINGLE FAMILY DWELLING, PLATTED LOT","SALEPRICE":511000,"SALEDATE":1357534800000},"geometry":{"type":"Polygon","coordinates":[[[-82.81936884912952,40.07864937809447],[-82.81938308541471,40.078762799432525],[-82.81939031380008,40.078876881956106],[-82.81984658250563,40.07886795466787],[-82.81986355187304,40.07860383847633],[-82.81936884912952,40.07864937809447]]]}},{"type":"Feature","properties":{"PARCELID":"222-001250","OWNERNME1":"GREER EDWARD B","SITEADDRESS":"4653 MCCURDY DR","RESYRBLT":1996,"RESFLRAREA_AG":2881,"STATEDAREA":12451,"ACRES":0.28583854,"SCHLDSCRP":"NEW ALBANY-PLAIN LSD","CVTTXDSCRP":"PLAIN TWP-NEW ALBANY CORP","CLASSCD":"510","CLASSDSCRP":"SINGLE FAMILY DWELLING, PLATTED LOT","SALEPRICE":444000,"SALEDATE":1375333200000},"geometry":{"type":"Polygon","coordinates":[[[-82.81987726369584,40.0783904514038],[-82.81971678444638,40.07838435591479],[-82.81931633868386,40.0784137180125],[-82.81933715831813,40.078491507894796],[-82.81935467222901,40.07857010805945],[-82.81936884912952,40.07864937809447],[-82.81986355187304,40.07860383847633],[-82.8198670369442,40.07854959185004],[-82.81987726369584,40.0783904514038]]]}},{"type":"Feature","properties":{"PARCELID":"222-001251","OWNERNME1":"NYQUIST GUSTAV","SITEADDRESS":"4991 YANTIS DR","RESYRBLT":1994,"RESFLRAREA_AG":4921,"STATEDAREA":23884,"ACRES":0.54830987,"SCHLDSCRP":"NEW ALBANY-PLAIN LSD","CVTTXDSCRP":"PLAIN TWP-NEW ALBANY CORP","CLASSCD":"510","CLASSDSCRP":"SINGLE FAMILY DWELLING, PLATTED LOT","SALEPRICE":2250000,"SALEDATE":1755493200000},"geometry":{"type":"Polygon","coordinates":[[[-82.82226159367332,40.07740620997681],[-82.82223652325098,40.07779272134554],[-82.82279104186684,40.07781369251277],[-82.82280149145377,40.0778149076506],[-82.8228119948491,40.077814316792185],[-82.82282224222732,40.07781193736647],[-82.82283193131484,40.07780783956092],[-82.82284077630631,40.07780214425117],[-82.82284851629524,40.077795019435506],[-82.82285492297015,40.07778667527925],[-82.82285980734918,40.07777735791542],[-82.8228630253546,40.07776734218438],[-82.82286448206278,40.07775692352667],[-82.82286413450429,40.07774640926825],[-82.82275921125178,40.07740033351616],[-82.82275193048648,40.07737631724373],[-82.82251198588675,40.077390945128776],[-82.82226159367332,40.07740620997681]]]}},{"type":"Feature","properties":{"PARCELID":"222-001253","OWNERNME1":"KUZMANOVSKI SUSAN","SITEADDRESS":"7487 OGDEN WOODS BL","RESYRBLT":1994,"RESFLRAREA_AG":4646,"STATEDAREA":34493,"ACRES":0.79185563,"SCHLDSCRP":"NEW ALBANY-PLAIN LSD","CVTTXDSCRP":"PLAIN TWP-NEW ALBANY CORP","CLASSCD":"510","CLASSDSCRP":"SINGLE FAMILY DWELLING, PLATTED LOT","SALEPRICE":1475000,"SALEDATE":1684299600000},"geometry":{"type":"Polygon","coordinates":[[[-82.82144225333143,40.077350456233845],[-82.82141593402274,40.07776166454008],[-82.82160856522836,40.077768970216916],[-82.8218262145164,40.07777720225307],[-82.82223652325098,40.07779272134554],[-82.82226159367332,40.07740620997681],[-82.82226319637944,40.07738149746745],[-82.82222853280294,40.07738018575089],[-82.82185261335893,40.0773659711179],[-82.82160665363133,40.0773566692232],[-82.82158591552117,40.077355881193625],[-82.82144225333143,40.077350456233845]]]}},{"type":"Feature","properties":{"PARCELID":"222-001254","OWNERNME1":"ROTH JAMES V TR","SITEADDRESS":"7503 OGDEN WOODS BL","RESYRBLT":1993,"RESFLRAREA_AG":4199,"STATEDAREA":17258,"ACRES":0.39619708,"SCHLDSCRP":"NEW ALBANY-PLAIN LSD","CVTTXDSCRP":"PLAIN TWP-NEW ALBANY CORP","CLASSCD":"510","CLASSDSCRP":"SINGLE FAMILY DWELLING, PLATTED LOT","SALEPRICE":0,"SALEDATE":1648530000000},"geometry":{"type":"Polygon","coordinates":[[[-82.82103159763842,40.0773348506646],[-82.82100527487896,40.07774609130595],[-82.82141593402274,40.07776166454008],[-82.82144225333143,40.077350456233845],[-82.82135469143905,40.07734710944016],[-82.82103159763842,40.0773348506646]]]}},{"type":"Feature","properties":{"PARCELID":"222-001255","OWNERNME1":"BONASERA MICHAEL D TTEE","SITEADDRESS":"7517 OGDEN WOODS BL","RESYRBLT":2001,"RESFLRAREA_AG":3924,"STATEDAREA":17245,"ACRES":0.39588045,"SCHLDSCRP":"NEW ALBANY-PLAIN LSD","CVTTXDSCRP":"PLAIN TWP-NEW ALBANY CORP","CLASSCD":"510","CLASSDSCRP":"SINGLE FAMILY DWELLING, PLATTED LOT","SALEPRICE":0,"SALEDATE":1730350800000},"geometry":{"type":"Polygon","coordinates":[[[-82.82062129988014,40.07731928231137],[-82.82061774469125,40.07737419742804],[-82.82059497237852,40.07773052917383],[-82.82100527487896,40.07774609130595],[-82.82103159763842,40.0773348506646],[-82.82062129988014,40.07731928231137]]]}},{"type":"Feature","properties":{"PARCELID":"222-001256","OWNERNME1":"GILBERT LORRAINE S TR","SITEADDRESS":"7533 OGDEN WOODS BL","RESYRBLT":1996,"RESFLRAREA_AG":3061,"STATEDAREA":16814,"ACRES":0.3859956,"SCHLDSCRP":"NEW ALBANY-PLAIN LSD","CVTTXDSCRP":"PLAIN TWP-NEW ALBANY CORP","CLASSCD":"510","CLASSDSCRP":"SINGLE FAMILY DWELLING, PLATTED LOT","SALEPRICE":482000,"SALEDATE":1462251600000},"geometry":{"type":"Polygon","coordinates":[[[-82.82015376617126,40.07735651963591],[-82.82013438321675,40.07765825005638],[-82.8201362713681,40.07766904790174],[-82.82014000212345,40.07767935518288],[-82.82014546259501,40.07768886001483],[-82.82015248755596,40.07769727479371],[-82.82016086444013,40.07770434489921],[-82.82017033977382,40.07770985639912],[-82.82018062684575,40.07771364252259],[-82.82019141438248,40.07771558870644],[-82.8202023759671,40.07771563606166],[-82.82059497237852,40.07773052917383],[-82.82061774469125,40.07737419742804],[-82.82015376617126,40.07735651963591]]]}},{"type":"Feature","properties":{"PARCELID":"222-001257","OWNERNME1":"MATSANOFF MAXWELL","SITEADDRESS":"4597 NEISWANDER SQ","RESYRBLT":1995,"RESFLRAREA_AG":4030,"STATEDAREA":10403,"ACRES":0.2388158,"SCHLDSCRP":"NEW ALBANY-PLAIN LSD","CVTTXDSCRP":"PLAIN TWP-NEW ALBANY CORP","CLASSCD":"510","CLASSDSCRP":"SINGLE FAMILY DWELLING, PLATTED LOT","SALEPRICE":889000,"SALEDATE":1654232400000},"geometry":{"type":"Polygon","coordinates":[[[-82.82016785952514,40.0771371405561],[-82.82015376617126,40.07735651963591],[-82.82061774469125,40.07737419742804],[-82.82062129988014,40.07731928231137],[-82.82063185651955,40.07715482004097],[-82.82016785952514,40.0771371405561]]]}},{"type":"Feature","properties":{"PARCELID":"222-001258","OWNERNME1":"SMITH MARK","SITEADDRESS":"4585 NEISWANDER SQ","RESYRBLT":1998,"RESFLRAREA_AG":3011,"STATEDAREA":10396,"ACRES":0.23864866,"SCHLDSCRP":"NEW ALBANY-PLAIN LSD","CVTTXDSCRP":"PLAIN TWP-NEW ALBANY CORP","CLASSCD":"510","CLASSDSCRP":"SINGLE FAMILY DWELLING, PLATTED LOT","SALEPRICE":610000,"SALEDATE":1464843600000},"geometry":{"type":"Polygon","coordinates":[[[-82.82018193419444,40.07691805060119],[-82.82016785952514,40.0771371405561],[-82.82063185651955,40.07715482004097],[-82.82064594018483,40.07693545621933],[-82.82018193419444,40.07691805060119]]]}},{"type":"Feature","properties":{"PARCELID":"222-001259","OWNERNME1":"MARRYOTT ANISSA B","SITEADDRESS":"4577 NEISWANDER SQ","RESYRBLT":1998,"RESFLRAREA_AG":3693,"STATEDAREA":10402,"ACRES":0.23879426,"SCHLDSCRP":"NEW ALBANY-PLAIN LSD","CVTTXDSCRP":"PLAIN TWP-NEW ALBANY CORP","CLASSCD":"510","CLASSDSCRP":"SINGLE FAMILY DWELLING, PLATTED LOT","SALEPRICE":0,"SALEDATE":1177563600000},"geometry":{"type":"Polygon","coordinates":[[[-82.82019602743253,40.07669868498998],[-82.82018193419444,40.07691805060119],[-82.82064594018483,40.07693545621933],[-82.8206475095426,40.07691101580298],[-82.82066002258868,40.076716092380714],[-82.82019602743253,40.07669868498998]]]}},{"type":"Feature","properties":{"PARCELID":"222-001260","OWNERNME1":"SOROKA ROGER","SITEADDRESS":"4569 NEISWANDER SQ","RESYRBLT":1994,"RESFLRAREA_AG":3320,"STATEDAREA":16241,"ACRES":0.37284534,"SCHLDSCRP":"NEW ALBANY-PLAIN LSD","CVTTXDSCRP":"PLAIN TWP-NEW ALBANY CORP","CLASSCD":"510","CLASSDSCRP":"SINGLE FAMILY DWELLING, PLATTED LOT","SALEPRICE":662500,"SALEDATE":1593579600000},"geometry":{"type":"Polygon","coordinates":[[[-82.82066002258868,40.076716092380714],[-82.82068496561361,40.076327595722695],[-82.82068930055735,40.076260055561065],[-82.82058347564393,40.07624798791974],[-82.82020572799983,40.076547683706856],[-82.82019602743253,40.07669868498998],[-82.82066002258868,40.076716092380714]]]}},{"type":"Feature","properties":{"PARCELID":"222-001261","OWNERNME1":"BHATIA ANIMESH","SITEADDRESS":"4561 NEISWANDER SQ","RESYRBLT":1996,"RESFLRAREA_AG":4335,"STATEDAREA":21907,"ACRES":0.50292002,"SCHLDSCRP":"NEW ALBANY-PLAIN LSD","CVTTXDSCRP":"PLAIN TWP-NEW ALBANY CORP","CLASSCD":"510","CLASSDSCRP":"SINGLE FAMILY DWELLING, PLATTED LOT","SALEPRICE":536100,"SALEDATE":1263877200000},"geometry":{"type":"Polygon","coordinates":[[[-82.81993564726803,40.07617399403654],[-82.8198022270183,40.07614646534695],[-82.81977757251545,40.076531469397636],[-82.81999165668046,40.07653957672971],[-82.82020572799983,40.076547683706856],[-82.82058347564393,40.07624798791974],[-82.82049626094468,40.07623802549196],[-82.82001456190555,40.076183006823186],[-82.81993564726803,40.07617399403654]]]}},{"type":"Feature","properties":{"PARCELID":"222-001263","OWNERNME1":"SPEARS JASON","SITEADDRESS":"4541 NEISWANDER SQ","RESYRBLT":2002,"RESFLRAREA_AG":3320,"STATEDAREA":15126,"ACRES":0.34725016,"SCHLDSCRP":"NEW ALBANY-PLAIN LSD","CVTTXDSCRP":"PLAIN TWP-NEW ALBANY CORP","CLASSCD":"510","CLASSDSCRP":"SINGLE FAMILY DWELLING, PLATTED LOT","SALEPRICE":1025000,"SALEDATE":1731992400000},"geometry":{"type":"Polygon","coordinates":[[[-82.8198022270183,40.07614646534695],[-82.81973159405628,40.07613189206468],[-82.81944920214897,40.076073627850775],[-82.81942053155726,40.07651794583987],[-82.81970613101332,40.0765287637827],[-82.81977757251545,40.076531469397636],[-82.8198022270183,40.07614646534695]]]}},{"type":"Feature","properties":{"PARCELID":"222-001265","OWNERNME1":"PAZ ANGELA S","SITEADDRESS":"4529 NEISWANDER SQ","RESYRBLT":1999,"RESFLRAREA_AG":3984,"STATEDAREA":33180,"ACRES":0.76170897,"SCHLDSCRP":"NEW ALBANY-PLAIN LSD","CVTTXDSCRP":"PLAIN TWP-NEW ALBANY CORP","CLASSCD":"510","CLASSDSCRP":"SINGLE FAMILY DWELLING, PLATTED LOT","SALEPRICE":900000,"SALEDATE":1650430800000},"geometry":{"type":"Polygon","coordinates":[[[-82.81846228701275,40.076460274698405],[-82.81812737020981,40.076758382418426],[-82.81799638663598,40.0768625010315],[-82.81889538586333,40.07689656613703],[-82.8189208892656,40.07649902000046],[-82.81867333933585,40.07627244873015],[-82.81846228701275,40.076460274698405]]]}},{"type":"Feature","properties":{"PARCELID":"222-001266","OWNERNME1":"PORTER SUSAN","SITEADDRESS":"4523 NEISWANDER SQ","RESYRBLT":1999,"RESFLRAREA_AG":3932,"STATEDAREA":26370,"ACRES":0.60537976,"SCHLDSCRP":"NEW ALBANY-PLAIN LSD","CVTTXDSCRP":"PLAIN TWP-NEW ALBANY CORP","CLASSCD":"510","CLASSDSCRP":"SINGLE FAMILY DWELLING, PLATTED LOT","SALEPRICE":559124,"SALEDATE":953874000000},"geometry":{"type":"Polygon","coordinates":[[[-82.81889538586333,40.07689656613703],[-82.81799638663598,40.0768625010315],[-82.81770012502285,40.07709800267149],[-82.81841564988115,40.07712790927297],[-82.81887942817882,40.077145312575695],[-82.81889538586333,40.07689656613703]]]}},{"type":"Feature","properties":{"PARCELID":"222-001267","OWNERNME1":"MCDOWELL SEAN","SITEADDRESS":"4515 NEISWANDER SQ","RESYRBLT":2000,"RESFLRAREA_AG":3091,"STATEDAREA":10401,"ACRES":0.23876993,"SCHLDSCRP":"NEW ALBANY-PLAIN LSD","CVTTXDSCRP":"PLAIN TWP-NEW ALBANY CORP","CLASSCD":"510","CLASSDSCRP":"SINGLE FAMILY DWELLING, PLATTED LOT","SALEPRICE":1048000,"SALEDATE":1716872400000},"geometry":{"type":"Polygon","coordinates":[[[-82.81887942817882,40.077145312575695],[-82.81841564988115,40.07712790927297],[-82.81840074182007,40.07734698142759],[-82.81886670814487,40.07736466254684],[-82.81886841185916,40.07731702940202],[-82.81887942817882,40.077145312575695]]]}},{"type":"Feature","properties":{"PARCELID":"222-001268","OWNERNME1":"COLETTA MICHELANGELO","SITEADDRESS":"7595 OGDEN WOODS BL","RESYRBLT":1995,"RESFLRAREA_AG":2889,"STATEDAREA":22645,"ACRES":0.51985941,"SCHLDSCRP":"NEW ALBANY-PLAIN LSD","CVTTXDSCRP":"PLAIN TWP-NEW ALBANY CORP","CLASSCD":"510","CLASSDSCRP":"SINGLE FAMILY DWELLING, PLATTED LOT","SALEPRICE":611500,"SALEDATE":1582002000000},"geometry":{"type":"Polygon","coordinates":[[[-82.81886670814487,40.07736466254684],[-82.81840074182007,40.07734698142759],[-82.81838284314907,40.077610029218675],[-82.81852948472505,40.077872060233496],[-82.81864460941564,40.077835348577885],[-82.81876102139891,40.077802949655144],[-82.81887855917483,40.077774908412756],[-82.81888764690113,40.07777341302598],[-82.81889636141922,40.0777704330721],[-82.81890446199161,40.07776605087196],[-82.81891172484092,40.07776038748334],[-82.81891794933182,40.07775359935666],[-82.8189229635135,40.07774587401312],[-82.81892662886979,40.077737424864395],[-82.81892884414566,40.07772848531722],[-82.81892954814437,40.07771930232552],[-82.81892872141803,40.07771012956833],[-82.8189019630196,40.0776175199637],[-82.81888623354557,40.07755544234002],[-82.81887507899555,40.077492381863266],[-82.81886855892486,40.07742867522003],[-82.81886670814487,40.07736466254684]]]}},{"type":"Feature","properties":{"PARCELID":"222-001269","OWNERNME1":"VINSEL HUNTER","SITEADDRESS":"7611 OGDEN WOODS BL","RESYRBLT":1997,"RESFLRAREA_AG":3496,"STATEDAREA":21797,"ACRES":0.50039739,"SCHLDSCRP":"NEW ALBANY-PLAIN LSD","CVTTXDSCRP":"PLAIN TWP-NEW ALBANY CORP","CLASSCD":"510","CLASSDSCRP":"SINGLE FAMILY DWELLING, PLATTED LOT","SALEPRICE":1147500,"SALEDATE":1700629200000},"geometry":{"type":"Polygon","coordinates":[[[-82.8181823888787,40.07801432688029],[-82.81829609282538,40.07796213217498],[-82.81841185742446,40.0779146829142],[-82.81852948472505,40.077872060233496],[-82.81838284314907,40.077610029218675],[-82.81760729164952,40.077584240976904],[-82.81779661082305,40.07772581689238],[-82.8181823888787,40.07801432688029]]]}},{"type":"Feature","properties":{"PARCELID":"222-001270","OWNERNME1":"JASIN BRYAN","SITEADDRESS":"7627 OGDEN WOODS BL","RESYRBLT":2000,"RESFLRAREA_AG":3277,"STATEDAREA":20612,"ACRES":0.47318971,"SCHLDSCRP":"NEW ALBANY-PLAIN LSD","CVTTXDSCRP":"PLAIN TWP-NEW ALBANY CORP","CLASSCD":"510","CLASSDSCRP":"SINGLE FAMILY DWELLING, PLATTED LOT","SALEPRICE":647900,"SALEDATE":1547614800000},"geometry":{"type":"Polygon","coordinates":[[[-82.8181823888787,40.07801432688029],[-82.81779661082305,40.07772581689238],[-82.81742275382888,40.07802082425489],[-82.81770782701417,40.07823388388643],[-82.81772071453197,40.078241243779985],[-82.81773465661448,40.07824633047669],[-82.81774925577115,40.07824899895416],[-82.8177640957782,40.078249173133784],[-82.81777875354514,40.078246848049666],[-82.81779281117718,40.07824208999026],[-82.81780586788945,40.078235034608426],[-82.81789661121793,40.078174252376925],[-82.8179897123542,40.07811714712536],[-82.81808502238866,40.07806381019009],[-82.8181823888787,40.07801432688029]]]}},{"type":"Feature","properties":{"PARCELID":"222-001271","OWNERNME1":"SNYDER JEFFREY E","SITEADDRESS":"7703 ALPATH RD","RESYRBLT":1996,"RESFLRAREA_AG":2858,"STATEDAREA":21842,"ACRES":0.50143454,"SCHLDSCRP":"NEW ALBANY-PLAIN LSD","CVTTXDSCRP":"PLAIN TWP-NEW ALBANY CORP","CLASSCD":"510","CLASSDSCRP":"SINGLE FAMILY DWELLING, PLATTED LOT","SALEPRICE":494000,"SALEDATE":1502341200000},"geometry":{"type":"Polygon","coordinates":[[[-82.81701796804589,40.077718274879146],[-82.81742275382888,40.07802082425489],[-82.81779661082305,40.07772581689238],[-82.81760729164952,40.077584240976904],[-82.81739036096123,40.07757702678173],[-82.81711407732215,40.07756377255698],[-82.81701687456065,40.0776406222321],[-82.81701633720742,40.077641046065246],[-82.81701046229288,40.07764587376591],[-82.81700545653695,40.07765159772626],[-82.81700145488226,40.07765806364262],[-82.81699856520345,40.077665097210065],[-82.81699686539903,40.07767250882119],[-82.81699640129146,40.0776800986775],[-82.81699718539194,40.07768766217543],[-82.81699919656307,40.077694995422],[-82.8170023805887,40.07770190073121],[-82.81700665163548,40.0777081919532],[-82.81701189456665,40.077713699492335],[-82.81701796804589,40.077718274879146]]]}},{"type":"Feature","properties":{"PARCELID":"222-001272","OWNERNME1":"SYKES BENJAMIN CAMPBELL","SITEADDRESS":"7706 ALPATH RD","RESYRBLT":1996,"RESFLRAREA_AG":2863,"STATEDAREA":23939,"ACRES":0.54956863,"SCHLDSCRP":"NEW ALBANY-PLAIN LSD","CVTTXDSCRP":"PLAIN TWP-NEW ALBANY CORP","CLASSCD":"510","CLASSDSCRP":"SINGLE FAMILY DWELLING, PLATTED LOT","SALEPRICE":480000,"SALEDATE":1515387600000},"geometry":{"type":"Polygon","coordinates":[[[-82.81650593276237,40.07804387531014],[-82.81696192597221,40.078384754986445],[-82.8172981134797,40.07811917453634],[-82.816893302072,40.07781666804086],[-82.81688168111269,40.0778098838101],[-82.81686915681182,40.077804963000176],[-82.81685602578405,40.077802022151275],[-82.81684259901323,40.07780113091191],[-82.8168291944873,40.07780231038941],[-82.8168161296674,40.07780553265006],[-82.81680371396938,40.077810721380644],[-82.81679224143582,40.077817753695776],[-82.81650593276237,40.07804387531014]]]}},{"type":"Feature","properties":{"PARCELID":"222-001273","OWNERNME1":"ORSINELLI LISA M TR","SITEADDRESS":"7651 OGDEN WOODS BL","RESYRBLT":2004,"RESFLRAREA_AG":3106,"STATEDAREA":17461,"ACRES":0.4008431,"SCHLDSCRP":"NEW ALBANY-PLAIN LSD","CVTTXDSCRP":"PLAIN TWP-NEW ALBANY CORP","CLASSCD":"510","CLASSDSCRP":"SINGLE FAMILY DWELLING, PLATTED LOT","SALEPRICE":729223,"SALEDATE":1091595600000},"geometry":{"type":"Polygon","coordinates":[[[-82.81706424009742,40.07846125023333],[-82.81729478282732,40.078633581246734],[-82.81758137021379,40.07840741918351],[-82.81758730734101,40.07840259377202],[-82.81759237224705,40.07839685959355],[-82.81759642764233,40.07839037207901],[-82.81759936360113,40.078383307079235],[-82.81760110054121,40.078375856098425],[-82.81760159138102,40.0783682211032],[-82.81760082281582,40.07836060904806],[-82.81759881567837,40.078353226265726],[-82.81759562437422,40.0783462728742],[-82.81759133540703,40.07833993735242],[-82.8175860650337,40.078334391431326],[-82.8175799561132,40.07832978543889],[-82.8172981134797,40.07811917453634],[-82.81696192597221,40.078384754986445],[-82.81706424009742,40.07846125023333]]]}},{"type":"Feature","properties":{"PARCELID":"222-001274","OWNERNME1":"POULOS GREGORY J TR","SITEADDRESS":"7573 OGDEN WOODS BL","RESYRBLT":1994,"RESFLRAREA_AG":3280,"STATEDAREA":15415,"ACRES":0.35388673,"SCHLDSCRP":"NEW ALBANY-PLAIN LSD","CVTTXDSCRP":"PLAIN TWP-NEW ALBANY CORP","CLASSCD":"510","CLASSDSCRP":"SINGLE FAMILY DWELLING, PLATTED LOT","SALEPRICE":0,"SALEDATE":1566882000000},"geometry":{"type":"Polygon","coordinates":[[[-82.81904550792169,40.0773562430406],[-82.8190465389921,40.077414721189164],[-82.81905204601,40.0774729485858],[-82.81906199662158,40.07753058314397],[-82.8190763323669,40.077587286260034],[-82.81910320291561,40.07768027107464],[-82.81910908724049,40.07769111020019],[-82.81911671617922,40.07770080098014],[-82.8191258709436,40.077709065495334],[-82.8191362889867,40.07771566673006],[-82.81914767153242,40.077720415369356],[-82.8191596921439,40.07772317522834],[-82.81917200608541,40.07772386715779],[-82.8191842602089,40.07772247131407],[-82.81933578856243,40.07770711535426],[-82.81948784149684,40.077698365921954],[-82.819509591529,40.07735964131706],[-82.81904622895468,40.07735624918897],[-82.81904550792169,40.0773562430406]]]}},{"type":"Feature","properties":{"PARCELID":"222-001275","OWNERNME1":"BUSH JOHN R","SITEADDRESS":"4512 NEISWANDER SQ","RESYRBLT":1997,"RESFLRAREA_AG":2546,"STATEDAREA":10727,"ACRES":0.24626379,"SCHLDSCRP":"NEW ALBANY-PLAIN LSD","CVTTXDSCRP":"PLAIN TWP-NEW ALBANY CORP","CLASSCD":"510","CLASSDSCRP":"SINGLE FAMILY DWELLING, PLATTED LOT","SALEPRICE":338000,"SALEDATE":894517200000},"geometry":{"type":"Polygon","coordinates":[[[-82.81905981589641,40.077122865407716],[-82.81904686742907,40.07732403189555],[-82.81904550792169,40.0773562430406],[-82.81904622895468,40.07735624918897],[-82.819509591529,40.07735964131706],[-82.8195236664823,40.07714040646719],[-82.81905981589641,40.077122865407716]]]}},{"type":"Feature","properties":{"PARCELID":"222-001276","OWNERNME1":"LEISTER ANNE","SITEADDRESS":"4524 NEISWANDER SQ","RESYRBLT":1996,"RESFLRAREA_AG":3060,"STATEDAREA":10398,"ACRES":0.23870862,"SCHLDSCRP":"NEW ALBANY-PLAIN LSD","CVTTXDSCRP":"PLAIN TWP-NEW ALBANY CORP","CLASSCD":"510","CLASSDSCRP":"SINGLE FAMILY DWELLING, PLATTED LOT","SALEPRICE":665000,"SALEDATE":1672290000000},"geometry":{"type":"Polygon","coordinates":[[[-82.81907394907975,40.07690350255145],[-82.81905981589641,40.077122865407716],[-82.8195236664823,40.07714040646719],[-82.8195377513003,40.07692104188293],[-82.81907394907975,40.07690350255145]]]}},{"type":"Feature","properties":{"PARCELID":"222-001277","OWNERNME1":"CARPENTER JAMES C","SITEADDRESS":"4540 NEISWANDER SQ","RESYRBLT":1998,"RESFLRAREA_AG":3315,"STATEDAREA":11815,"ACRES":0.2712435,"SCHLDSCRP":"NEW ALBANY-PLAIN LSD","CVTTXDSCRP":"PLAIN TWP-NEW ALBANY CORP","CLASSCD":"510","CLASSDSCRP":"SINGLE FAMILY DWELLING, PLATTED LOT","SALEPRICE":75000,"SALEDATE":775717200000},"geometry":{"type":"Polygon","coordinates":[[[-82.81907394907975,40.07690350255145],[-82.8195377513003,40.07692104188293],[-82.81955448207735,40.07666046016582],[-82.81926891005646,40.0766496021525],[-82.8192411234836,40.076647999908765],[-82.81921345589207,40.076651027316274],[-82.8191866733071,40.07665860055599],[-82.81916151725098,40.07667050994964],[-82.8191386842127,40.07668642576504],[-82.81911880636449,40.07670590734526],[-82.81910243405902,40.07672841530897],[-82.81909002059194,40.076753326484216],[-82.8190819096516,40.07677995116194],[-82.81907394907975,40.07690350255145]]]}},{"type":"Feature","properties":{"PARCELID":"222-001278","OWNERNME1":"BSA TTEE","SITEADDRESS":"4568 NEISWANDER SQ","RESYRBLT":1994,"RESFLRAREA_AG":3872,"STATEDAREA":11821,"ACRES":0.27136197,"SCHLDSCRP":"NEW ALBANY-PLAIN LSD","CVTTXDSCRP":"PLAIN TWP-NEW ALBANY CORP","CLASSCD":"510","CLASSDSCRP":"SINGLE FAMILY DWELLING, PLATTED LOT","SALEPRICE":0,"SALEDATE":1726635600000},"geometry":{"type":"Polygon","coordinates":[[[-82.81955448207735,40.07666046016582],[-82.8195377513003,40.07692104188293],[-82.8200017988209,40.07693858862373],[-82.82000971445824,40.076815311075094],[-82.8200058321425,40.07679091195462],[-82.81999816920035,40.0767674243244],[-82.81998691550066,40.0767454301502],[-82.81997234988246,40.07672547439358],[-82.81995483324596,40.07670805150916],[-82.81993479961037,40.07669359319319],[-82.81991274535994,40.076682457687205],[-82.81988921694479,40.076674920901674],[-82.81986479734122,40.07667116957962],[-82.81984009160699,40.07667129666958],[-82.81955448207735,40.07666046016582]]]}},{"type":"Feature","properties":{"PARCELID":"222-001279","OWNERNME1":"POPP JOHN","SITEADDRESS":"4586 NEISWANDER SQ","RESYRBLT":1998,"RESFLRAREA_AG":3788,"STATEDAREA":10403,"ACRES":0.23882237,"SCHLDSCRP":"NEW ALBANY-PLAIN LSD","CVTTXDSCRP":"PLAIN TWP-NEW ALBANY CORP","CLASSCD":"510","CLASSDSCRP":"SINGLE FAMILY DWELLING, PLATTED LOT","SALEPRICE":627000,"SALEDATE":1413867600000},"geometry":{"type":"Polygon","coordinates":[[[-82.8200017988209,40.07693858862373],[-82.8195377513003,40.07692104188293],[-82.8195236664823,40.07714040646719],[-82.81998771429448,40.07715795326533],[-82.8200017988209,40.07693858862373]]]}},{"type":"Feature","properties":{"PARCELID":"222-001280","OWNERNME1":"GASTINEAU JEFFREY","SITEADDRESS":"4598 NEISWANDER SQ","RESYRBLT":1996,"RESFLRAREA_AG":3168,"STATEDAREA":10400,"ACRES":0.23874661,"SCHLDSCRP":"NEW ALBANY-PLAIN LSD","CVTTXDSCRP":"PLAIN TWP-NEW ALBANY CORP","CLASSCD":"510","CLASSDSCRP":"SINGLE FAMILY DWELLING, PLATTED LOT","SALEPRICE":482500,"SALEDATE":1123045200000},"geometry":{"type":"Polygon","coordinates":[[[-82.8195236664823,40.07714040646719],[-82.819509591529,40.07735964131706],[-82.81950980959454,40.07735964252553],[-82.81997363201953,40.07737731697976],[-82.81998771429448,40.07715795326533],[-82.8195236664823,40.07714040646719]]]}},{"type":"Feature","properties":{"PARCELID":"222-001281","OWNERNME1":"BERRY SHANE","SITEADDRESS":"7557 OGDEN WOODS BL","RESYRBLT":1996,"RESFLRAREA_AG":3413,"STATEDAREA":15606,"ACRES":0.358263,"SCHLDSCRP":"NEW ALBANY-PLAIN LSD","CVTTXDSCRP":"PLAIN TWP-NEW ALBANY CORP","CLASSCD":"510","CLASSDSCRP":"SINGLE FAMILY DWELLING, PLATTED LOT","SALEPRICE":995000,"SALEDATE":1697605200000},"geometry":{"type":"Polygon","coordinates":[[[-82.81950980959454,40.07735964252553],[-82.819509591529,40.07735964131706],[-82.81948784149684,40.077698365921954],[-82.81961699392214,40.07769609632159],[-82.81974614274563,40.077698562379254],[-82.8198812387745,40.077703684904286],[-82.81989237175502,40.077704312178724],[-82.81990345442357,40.077703082875736],[-82.81991417931931,40.07770003109926],[-82.81992424890687,40.07769524151319],[-82.81993338383076,40.07768884699259],[-82.81994133066542,40.077681024937405],[-82.81994786894582,40.07767199235097],[-82.81995281728375,40.07766199981976],[-82.81995603839998,40.07765132456152],[-82.81997363201953,40.07737731697976],[-82.81950980959454,40.07735964252553]]]}},{"type":"Feature","properties":{"PARCELID":"222-001283","OWNERNME1":"NEW ALBANY COUNTRY CLUB COMMUNITY ASSOCIATION INC","SITEADDRESS":"ALBERY LP","RESYRBLT":null,"RESFLRAREA_AG":null,"STATEDAREA":15033,"ACRES":0.34511528,"SCHLDSCRP":"NEW ALBANY-PLAIN LSD","CVTTXDSCRP":"PLAIN TWP-NEW ALBANY CORP","CLASSCD":"500","CLASSDSCRP":"RESIDENTIAL, VACANT LAND, LOT","SALEPRICE":0,"SALEDATE":729493200000},"geometry":{"type":"Polygon","coordinates":[[[-82.82572497282025,40.07910765196532],[-82.82572311233332,40.079084357275484],[-82.82571736356853,40.079061706542824],[-82.82570789004379,40.07904034404495],[-82.8256949612241,40.07902087741689],[-82.82567894485692,40.07900386036754],[-82.82566029651187,40.07898977692999],[-82.82563954662263,40.078979027693606],[-82.82561728539918,40.078971918409756],[-82.8256036932102,40.07896834617994],[-82.82558969399501,40.07896710908604],[-82.82557568598985,40.07896824231969],[-82.82556206768099,40.07897171364377],[-82.825549226469,40.078977424309365],[-82.82553752764834,40.07898521186497],[-82.82552730401581,40.078994854777655],[-82.82547572962436,40.07905757322506],[-82.82541956172507,40.07911621355749],[-82.82535912173797,40.079170440206454],[-82.82529475553007,40.079219942860696],[-82.82528852737492,40.07922440606493],[-82.82528312363725,40.07922983835059],[-82.82527869331146,40.07923608993614],[-82.82527535855259,40.07924298844987],[-82.8252732113082,40.0792503436827],[-82.82527231078313,40.079257952832656],[-82.82527268180709,40.07926560609664],[-82.82527431415004,40.07927309245523],[-82.82527716280421,40.079280205490996],[-82.82528114922519,40.079286749079934],[-82.82528616349748,40.07929254279911],[-82.82538361932362,40.07939380728725],[-82.82540850226393,40.079415183123196],[-82.82543662662268,40.079432068250576],[-82.8254671907308,40.07944398136833],[-82.82549932337564,40.079450582899746],[-82.8255321086342,40.07945168467188],[-82.82556461198115,40.07944725527934],[-82.82559590692686,40.079437420979474],[-82.82562510142652,40.07942246209346],[-82.82565136330733,40.079402805015924],[-82.82567394398917,40.07937901006081],[-82.82569219982238,40.079351755489924],[-82.82570561043475,40.07932181817947],[-82.82570833207976,40.079292713889124],[-82.82572497282025,40.07910765196532]]]}},{"type":"Feature","properties":{"PARCELID":"222-001511","OWNERNME1":"WINNESTAFFER DOUGLAS S","SITEADDRESS":"BYINGTON LN","RESYRBLT":null,"RESFLRAREA_AG":null,"STATEDAREA":2413,"ACRES":0.05538422,"SCHLDSCRP":"NEW ALBANY-PLAIN LSD","CVTTXDSCRP":"PLAIN TWP-NEW ALBANY CORP","CLASSCD":"510","CLASSDSCRP":"SINGLE FAMILY DWELLING, PLATTED LOT","SALEPRICE":950000,"SALEDATE":1597899600000},"geometry":{"type":"Polygon","coordinates":[[[-82.82308171175397,40.0794215685175],[-82.82326521676845,40.07947182030343],[-82.82306434978187,40.079300010248076],[-82.82282217651294,40.07909287537989],[-82.82298573561022,40.07930022628211],[-82.82308171175397,40.0794215685175]]]}},{"type":"Feature","properties":{"PARCELID":"222-001525","OWNERNME1":"LALAMA DANNY A","SITEADDRESS":"7493 PHELPS CLOSE","RESYRBLT":1995,"RESFLRAREA_AG":3779,"STATEDAREA":15745,"ACRES":0.3614611,"SCHLDSCRP":"NEW ALBANY-PLAIN LSD","CVTTXDSCRP":"PLAIN TWP-NEW ALBANY CORP","CLASSCD":"510","CLASSDSCRP":"SINGLE FAMILY DWELLING, PLATTED LOT","SALEPRICE":725000,"SALEDATE":1074574800000},"geometry":{"type":"Polygon","coordinates":[[[-82.82134779441839,40.0761698482717],[-82.8215061261359,40.07656304855217],[-82.82160286740347,40.07654002559299],[-82.82186450207716,40.07647782058942],[-82.8217062360125,40.0760845116208],[-82.82160087187864,40.07610960714248],[-82.82147627654622,40.076139260899794],[-82.82134779441839,40.0761698482717]]]}},{"type":"Feature","properties":{"PARCELID":"222-001526","OWNERNME1":"HOLBERT SHANNON ADAMS","SITEADDRESS":"7507 PHELPS CLOSE","RESYRBLT":1996,"RESFLRAREA_AG":4436,"STATEDAREA":15749,"ACRES":0.36155054,"SCHLDSCRP":"NEW ALBANY-PLAIN LSD","CVTTXDSCRP":"PLAIN TWP-NEW ALBANY CORP","CLASSCD":"510","CLASSDSCRP":"SINGLE FAMILY DWELLING, PLATTED LOT","SALEPRICE":829900,"SALEDATE":1582002000000},"geometry":{"type":"Polygon","coordinates":[[[-82.82098911289498,40.07625520789536],[-82.82114776831325,40.07664832760273],[-82.8215061261359,40.07656304855217],[-82.82134779441839,40.0761698482717],[-82.8212203835841,40.07620015698945],[-82.82098911289498,40.07625520789536]]]}},{"type":"Feature","properties":{"PARCELID":"222-001527","OWNERNME1":"MALLORY THOMAS H JR (TTEE)","SITEADDRESS":"7517 PHELPS CLOSE","RESYRBLT":1998,"RESFLRAREA_AG":4915,"STATEDAREA":25109,"ACRES":0.57642386,"SCHLDSCRP":"NEW ALBANY-PLAIN LSD","CVTTXDSCRP":"PLAIN TWP-NEW ALBANY CORP","CLASSCD":"510","CLASSDSCRP":"SINGLE FAMILY DWELLING, PLATTED LOT","SALEPRICE":1450000,"SALEDATE":1743138000000},"geometry":{"type":"Polygon","coordinates":[[[-82.82066002258868,40.076716092380714],[-82.8206475095426,40.07691101580298],[-82.82120073974455,40.07677943445492],[-82.82114776831325,40.07664832760273],[-82.82098911289498,40.07625520789536],[-82.82073597220115,40.07631543976825],[-82.82068496561361,40.076327595722695],[-82.82066002258868,40.076716092380714]]]}},{"type":"Feature","properties":{"PARCELID":"222-001530","OWNERNME1":"HALE JAN J","SITEADDRESS":"7504 PHELPS CLOSE","RESYRBLT":2000,"RESFLRAREA_AG":4882,"STATEDAREA":36089,"ACRES":0.82849608,"SCHLDSCRP":"NEW ALBANY-PLAIN LSD","CVTTXDSCRP":"PLAIN TWP-NEW ALBANY CORP","CLASSCD":"510","CLASSDSCRP":"SINGLE FAMILY DWELLING, PLATTED LOT","SALEPRICE":0,"SALEDATE":919400400000},"geometry":{"type":"Polygon","coordinates":[[[-82.82139287845699,40.0768773905007],[-82.82158591552117,40.077355881193625],[-82.82160665363133,40.0773566692232],[-82.82185261335893,40.0773659711179],[-82.82222853280294,40.07738018575089],[-82.82209200349097,40.077041552151265],[-82.82197041910159,40.07673995806162],[-82.82157789535964,40.07683341943769],[-82.82139287845699,40.0768773905007]]]}},{"type":"Feature","properties":{"PARCELID":"222-001531","OWNERNME1":"MINOR KIMBERLY","SITEADDRESS":"5035 YANTIS DR","RESYRBLT":2002,"RESFLRAREA_AG":3877,"STATEDAREA":21967,"ACRES":0.50428343,"SCHLDSCRP":"NEW ALBANY-PLAIN LSD","CVTTXDSCRP":"PLAIN TWP-NEW ALBANY CORP","CLASSCD":"510","CLASSDSCRP":"SINGLE FAMILY DWELLING, PLATTED LOT","SALEPRICE":979900,"SALEDATE":1520917200000},"geometry":{"type":"Polygon","coordinates":[[[-82.82197041910159,40.07673995806162],[-82.82209200349097,40.077041552151265],[-82.82261282786277,40.076917492857234],[-82.82251647114512,40.07659965608759],[-82.82251585502645,40.07659775479781],[-82.82250878983727,40.07658653313172],[-82.82249988859645,40.07657670406258],[-82.8224894201196,40.07656856442622],[-82.82247770055245,40.07656236003791],[-82.8224650838235,40.076558278268884],[-82.82245195095526,40.076556442387684],[-82.82243869855758,40.07655690783754],[-82.82242572685004,40.076559660561976],[-82.82194403003427,40.076674422106876],[-82.82197041910159,40.07673995806162]]]}},{"type":"Feature","properties":{"PARCELID":"222-001532","OWNERNME1":"PARISH JAN S","SITEADDRESS":"5015 YANTIS DR","RESYRBLT":2003,"RESFLRAREA_AG":5592,"STATEDAREA":22779,"ACRES":0.52294299,"SCHLDSCRP":"NEW ALBANY-PLAIN LSD","CVTTXDSCRP":"PLAIN TWP-NEW ALBANY CORP","CLASSCD":"510","CLASSDSCRP":"SINGLE FAMILY DWELLING, PLATTED LOT","SALEPRICE":1250000,"SALEDATE":1510117200000},"geometry":{"type":"Polygon","coordinates":[[[-82.82261282786277,40.076917492857234],[-82.82209200349097,40.077041552151265],[-82.82222853280294,40.07738018575089],[-82.82226319637944,40.07738149746745],[-82.82226159367332,40.07740620997681],[-82.82251198588675,40.077390945128776],[-82.82275193048648,40.07737631724373],[-82.82261282786277,40.076917492857234]]]}},{"type":"Feature","properties":{"PARCELID":"222-001671","OWNERNME1":"MONTGOMERY SUSAN","SITEADDRESS":"7350 N HAMPSTEAD SQ NORTH","RESYRBLT":1997,"RESFLRAREA_AG":3457,"STATEDAREA":16060,"ACRES":0.36867772,"SCHLDSCRP":"NEW ALBANY-PLAIN LSD","CVTTXDSCRP":"PLAIN TWP-NEW ALBANY CORP","CLASSCD":"510","CLASSDSCRP":"SINGLE FAMILY DWELLING, PLATTED LOT","SALEPRICE":500000,"SALEDATE":1436504400000},"geometry":{"type":"Polygon","coordinates":[[[-82.82554757269483,40.08399268971385],[-82.82552363410056,40.08440561600912],[-82.82566053963106,40.08441267941341],[-82.82588643017948,40.08442432054319],[-82.82588645709619,40.084423810727074],[-82.82585570111107,40.083963003191215],[-82.82573113641644,40.083890453562596],[-82.82569968061588,40.08391917032027],[-82.82566511570829,40.083944057801524],[-82.82562790525787,40.0839647822301],[-82.82558854830931,40.083981065662144],[-82.82554757269483,40.08399268971385]]]}},{"type":"Feature","properties":{"PARCELID":"222-001672","OWNERNME1":"SHORES SERINA","SITEADDRESS":"7362 N HAMPSTED SQ","RESYRBLT":1996,"RESFLRAREA_AG":3342,"STATEDAREA":11749,"ACRES":0.26970872,"SCHLDSCRP":"NEW ALBANY-PLAIN LSD","CVTTXDSCRP":"PLAIN TWP-NEW ALBANY CORP","CLASSCD":"510","CLASSDSCRP":"SINGLE FAMILY DWELLING, PLATTED LOT","SALEPRICE":388000,"SALEDATE":1251954000000},"geometry":{"type":"Polygon","coordinates":[[[-82.82525939426473,40.08399898649659],[-82.82523068481477,40.08439052218848],[-82.82544678265549,40.08440167070595],[-82.82552363410056,40.08440561600912],[-82.82554757269483,40.08399268971385],[-82.82550668663862,40.08400054944166],[-82.82546525661594,40.08400467232098],[-82.82542362344493,40.084005024435534],[-82.82525939426473,40.08399898649659]]]}},{"type":"Feature","properties":{"PARCELID":"222-001673","OWNERNME1":"MERCER JOHN","SITEADDRESS":"7372 N HAMPSTED SQ","RESYRBLT":1999,"RESFLRAREA_AG":3208,"STATEDAREA":11335,"ACRES":0.2602102,"SCHLDSCRP":"NEW ALBANY-PLAIN LSD","CVTTXDSCRP":"PLAIN TWP-NEW ALBANY CORP","CLASSCD":"510","CLASSDSCRP":"SINGLE FAMILY DWELLING, PLATTED LOT","SALEPRICE":405000,"SALEDATE":1228366800000},"geometry":{"type":"Polygon","coordinates":[[[-82.82501783096693,40.084379550729906],[-82.82523068481477,40.08439052218848],[-82.82525939426473,40.08399898649659],[-82.82497238319537,40.08398843626032],[-82.82494849577384,40.084375976983225],[-82.82501783096693,40.084379550729906]]]}},{"type":"Feature","properties":{"PARCELID":"222-001674","OWNERNME1":"LAVELLE NOEL G","SITEADDRESS":"7384 N HAMPSTED SQ","RESYRBLT":1996,"RESFLRAREA_AG":2864,"STATEDAREA":11301,"ACRES":0.25944313,"SCHLDSCRP":"NEW ALBANY-PLAIN LSD","CVTTXDSCRP":"PLAIN TWP-NEW ALBANY CORP","CLASSCD":"510","CLASSDSCRP":"SINGLE FAMILY DWELLING, PLATTED LOT","SALEPRICE":420000,"SALEDATE":1437714000000},"geometry":{"type":"Polygon","coordinates":[[[-82.82480336124996,40.08436852481147],[-82.82494849577384,40.084375976983225],[-82.82497238319537,40.08398843626032],[-82.82468572752843,40.08397789695037],[-82.82466145041812,40.08436117973544],[-82.82480336124996,40.08436852481147]]]}},{"type":"Feature","properties":{"PARCELID":"222-001675","OWNERNME1":"HARRIS JASON K TR","SITEADDRESS":"7394 N HAMPSTED SQ","RESYRBLT":1997,"RESFLRAREA_AG":3310,"STATEDAREA":10948,"ACRES":0.25133736,"SCHLDSCRP":"NEW ALBANY-PLAIN LSD","CVTTXDSCRP":"PLAIN TWP-NEW ALBANY CORP","CLASSCD":"510","CLASSDSCRP":"SINGLE FAMILY DWELLING, PLATTED LOT","SALEPRICE":0,"SALEDATE":1628139600000},"geometry":{"type":"Polygon","coordinates":[[[-82.82458851835992,40.08435741487553],[-82.82466145041812,40.08436117973544],[-82.82468572752843,40.08397789695037],[-82.82439942961281,40.08396736946348],[-82.82438584083741,40.08434697254859],[-82.82458851835992,40.08435741487553]]]}},{"type":"Feature","properties":{"PARCELID":"222-001676","OWNERNME1":"CARPENTER JAMES P IV","SITEADDRESS":"7404 N HAMPSTED SQ","RESYRBLT":1996,"RESFLRAREA_AG":2807,"STATEDAREA":11240,"ACRES":0.25804533,"SCHLDSCRP":"NEW ALBANY-PLAIN LSD","CVTTXDSCRP":"PLAIN TWP-NEW ALBANY CORP","CLASSCD":"510","CLASSDSCRP":"SINGLE FAMILY DWELLING, PLATTED LOT","SALEPRICE":430000,"SALEDATE":1502254800000},"geometry":{"type":"Polygon","coordinates":[[[-82.82437369463517,40.084346376542484],[-82.82438584083741,40.08434697254859],[-82.82439942961281,40.08396736946348],[-82.82411312709846,40.083956842192784],[-82.824088806098,40.08433165840359],[-82.8241588518657,40.08433526221886],[-82.82437369463517,40.084346376542484]]]}},{"type":"Feature","properties":{"PARCELID":"222-001677","OWNERNME1":"FORTNER BRIAN R","SITEADDRESS":"7416 N HAMPSTED SQ","RESYRBLT":1996,"RESFLRAREA_AG":3016,"STATEDAREA":10909,"ACRES":0.25043311,"SCHLDSCRP":"NEW ALBANY-PLAIN LSD","CVTTXDSCRP":"PLAIN TWP-NEW ALBANY CORP","CLASSCD":"510","CLASSDSCRP":"SINGLE FAMILY DWELLING, PLATTED LOT","SALEPRICE":334000,"SALEDATE":933829200000},"geometry":{"type":"Polygon","coordinates":[[[-82.82394367630609,40.08432417453729],[-82.824088806098,40.08433165840359],[-82.82411312709846,40.083956842192784],[-82.82382682708742,40.0839463295284],[-82.82380247531883,40.08431689491451],[-82.82394367630609,40.08432417453729]]]}},{"type":"Feature","properties":{"PARCELID":"222-001678","OWNERNME1":"RYAN MICHAEL F TR","SITEADDRESS":"7428 N HAMPSTED SQ","RESYRBLT":1998,"RESFLRAREA_AG":2904,"STATEDAREA":10869,"ACRES":0.24952701,"SCHLDSCRP":"NEW ALBANY-PLAIN LSD","CVTTXDSCRP":"PLAIN TWP-NEW ALBANY CORP","CLASSCD":"510","CLASSDSCRP":"SINGLE FAMILY DWELLING, PLATTED LOT","SALEPRICE":0,"SALEDATE":1618376400000},"geometry":{"type":"Polygon","coordinates":[[[-82.8237284738485,40.0843130865361],[-82.82380247531883,40.08431689491451],[-82.82382682708742,40.0839463295284],[-82.82354015058871,40.08393577127235],[-82.82351203999032,40.08430192047553],[-82.8237284738485,40.0843130865361]]]}},{"type":"Feature","properties":{"PARCELID":"222-001679","OWNERNME1":"RAUSCH KATHRYN E","SITEADDRESS":"7438 N HAMPSTED SQ","RESYRBLT":1997,"RESFLRAREA_AG":2931,"STATEDAREA":14544,"ACRES":0.3338945,"SCHLDSCRP":"NEW ALBANY-PLAIN LSD","CVTTXDSCRP":"PLAIN TWP-NEW ALBANY CORP","CLASSCD":"510","CLASSDSCRP":"SINGLE FAMILY DWELLING, PLATTED LOT","SALEPRICE":0,"SALEDATE":1639371600000},"geometry":{"type":"Polygon","coordinates":[[[-82.82331948125525,40.083892297462214],[-82.82299365106643,40.08427519216379],[-82.82308218537028,40.08427975449621],[-82.82329809492985,40.08429090838011],[-82.82351203999032,40.08430192047553],[-82.82354015058871,40.08393577127235],[-82.82349588551683,40.08393414411951],[-82.82345038452034,40.083930656269374],[-82.82340549369638,40.08392245141076],[-82.82336170069871,40.083909618673914],[-82.82331948125525,40.083892297462214]]]}},{"type":"Feature","properties":{"PARCELID":"222-001680","OWNERNME1":"ALLMAN JEREMY M","SITEADDRESS":"4944 E HAMPSTED SQ","RESYRBLT":1997,"RESFLRAREA_AG":3475,"STATEDAREA":22967,"ACRES":0.52725712,"SCHLDSCRP":"NEW ALBANY-PLAIN LSD","CVTTXDSCRP":"PLAIN TWP-NEW ALBANY CORP","CLASSCD":"510","CLASSDSCRP":"SINGLE FAMILY DWELLING, PLATTED LOT","SALEPRICE":420000,"SALEDATE":1260507600000},"geometry":{"type":"Polygon","coordinates":[[[-82.82286665010268,40.084268643317486],[-82.82299365106643,40.08427519216379],[-82.82331948125525,40.083892297462214],[-82.8232835724122,40.08387315813528],[-82.82325054401252,40.083849390854006],[-82.82322098879717,40.083821422155594],[-82.82319543717597,40.08378975397758],[-82.8231743477086,40.08375495464984],[-82.8226746884256,40.08389906564513],[-82.82267082622506,40.083979196623645],[-82.82265752286985,40.084257859086804],[-82.82286665010268,40.084268643317486]]]}},{"type":"Feature","properties":{"PARCELID":"222-001681","OWNERNME1":"PASKIEVITCH BRADLEY S","SITEADDRESS":"4936 E HAMPSTED SQ","RESYRBLT":1999,"RESFLRAREA_AG":3006,"STATEDAREA":12758,"ACRES":0.29287509,"SCHLDSCRP":"NEW ALBANY-PLAIN LSD","CVTTXDSCRP":"PLAIN TWP-NEW ALBANY CORP","CLASSCD":"510","CLASSDSCRP":"SINGLE FAMILY DWELLING, PLATTED LOT","SALEPRICE":387500,"SALEDATE":1199854800000},"geometry":{"type":"Polygon","coordinates":[[[-82.8226910585886,40.083555584593604],[-82.82268391193614,40.08370493507453],[-82.8226746884256,40.08389906564513],[-82.8231743477086,40.08375495464984],[-82.82316095308958,40.08372036944793],[-82.82315363256232,40.08368401065409],[-82.82315259921617,40.08364693661728],[-82.82315744191077,40.08357378979774],[-82.8226910585886,40.083555584593604]]]}},{"type":"Feature","properties":{"PARCELID":"222-001682","OWNERNME1":"HAAS KEVIN S","SITEADDRESS":"4928 E HAMPSTED SQ","RESYRBLT":2000,"RESFLRAREA_AG":2660,"STATEDAREA":10491,"ACRES":0.24083087,"SCHLDSCRP":"NEW ALBANY-PLAIN LSD","CVTTXDSCRP":"PLAIN TWP-NEW ALBANY CORP","CLASSCD":"510","CLASSDSCRP":"SINGLE FAMILY DWELLING, PLATTED LOT","SALEPRICE":325000,"SALEDATE":987570000000},"geometry":{"type":"Polygon","coordinates":[[[-82.8226910585886,40.083555584593604],[-82.82315744191077,40.08357378979774],[-82.82317192584425,40.083354700682236],[-82.82270153760594,40.08333622914611],[-82.82269703372563,40.083430386103046],[-82.82269334414943,40.08350754012847],[-82.8226910585886,40.083555584593604]]]}},{"type":"Feature","properties":{"PARCELID":"222-001683","OWNERNME1":"MONTGOMERY CHAD","SITEADDRESS":"4916 E HAMPSTED SQ","RESYRBLT":2000,"RESFLRAREA_AG":2928,"STATEDAREA":10588,"ACRES":0.2430591,"SCHLDSCRP":"NEW ALBANY-PLAIN LSD","CVTTXDSCRP":"PLAIN TWP-NEW ALBANY CORP","CLASSCD":"510","CLASSDSCRP":"SINGLE FAMILY DWELLING, PLATTED LOT","SALEPRICE":450000,"SALEDATE":1478235600000},"geometry":{"type":"Polygon","coordinates":[[[-82.82270153760594,40.08333622914611],[-82.82317192584425,40.083354700682236],[-82.82318645300806,40.083135598818764],[-82.82271204342614,40.08311660072245],[-82.82271015321379,40.08315612079714],[-82.82270153760594,40.08333622914611]]]}},{"type":"Feature","properties":{"PARCELID":"222-001684","OWNERNME1":"KEYSE MOHAMUD ABDULLAHI","SITEADDRESS":"4904 E HAMPSTED SQ","RESYRBLT":1998,"RESFLRAREA_AG":3191,"STATEDAREA":10698,"ACRES":0.24558499,"SCHLDSCRP":"NEW ALBANY-PLAIN LSD","CVTTXDSCRP":"PLAIN TWP-NEW ALBANY CORP","CLASSCD":"510","CLASSDSCRP":"SINGLE FAMILY DWELLING, PLATTED LOT","SALEPRICE":0,"SALEDATE":1590728400000},"geometry":{"type":"Polygon","coordinates":[[[-82.82271204342614,40.08311660072245],[-82.82318645300806,40.083135598818764],[-82.82320097290176,40.08291596289671],[-82.8227225876936,40.082896682179054],[-82.82271204342614,40.08311660072245]]]}},{"type":"Feature","properties":{"PARCELID":"222-001685","OWNERNME1":"PERRY CHAD","SITEADDRESS":"4892 HAMPSTED CT","RESYRBLT":2000,"RESFLRAREA_AG":2770,"STATEDAREA":10835,"ACRES":0.24874821,"SCHLDSCRP":"NEW ALBANY-PLAIN LSD","CVTTXDSCRP":"PLAIN TWP-NEW ALBANY CORP","CLASSCD":"510","CLASSDSCRP":"SINGLE FAMILY DWELLING, PLATTED LOT","SALEPRICE":375000,"SALEDATE":1059109200000},"geometry":{"type":"Polygon","coordinates":[[[-82.8227225876936,40.082896682179054],[-82.82320097290176,40.08291596289671],[-82.82320504247961,40.08285481512266],[-82.82320445682622,40.08283762474139],[-82.8232013732617,40.082820703044426],[-82.82319585757125,40.08280441104157],[-82.82318802742734,40.082789096308645],[-82.82317804987935,40.08277508557225],[-82.82316613778966,40.08276267773935],[-82.8231540444805,40.08274976012886],[-82.82314388355904,40.08273527329132],[-82.82313585611294,40.082719503925574],[-82.82313012100776,40.082702764112085],[-82.8227351404131,40.08263369753157],[-82.8227225876936,40.082896682179054]]]}},{"type":"Feature","properties":{"PARCELID":"222-001686","OWNERNME1":"KALTMANN G ARIEH","SITEADDRESS":"4884 HAMPSTED CT","RESYRBLT":2003,"RESFLRAREA_AG":4794,"STATEDAREA":16206,"ACRES":0.3720301,"SCHLDSCRP":"NEW ALBANY-PLAIN LSD","CVTTXDSCRP":"PLAIN TWP-NEW ALBANY CORP","CLASSCD":"510","CLASSDSCRP":"SINGLE FAMILY DWELLING, PLATTED LOT","SALEPRICE":0,"SALEDATE":1293426000000},"geometry":{"type":"Polygon","coordinates":[[[-82.82275644113304,40.08218838858629],[-82.82275605012063,40.08219657705063],[-82.82274227024963,40.08248405613625],[-82.8227351404131,40.08263369753157],[-82.82313012100776,40.082702764112085],[-82.8231277496853,40.08268337206323],[-82.82312850843489,40.08266385030542],[-82.82313237774649,40.08264470081047],[-82.8231392581267,40.08262641597804],[-82.82314897265721,40.08260946597432],[-82.82316127154388,40.08259428664246],[-82.82317583853984,40.0825812682955],[-82.82319229907732,40.0825707456801],[-82.82292844122861,40.082192361593755],[-82.82275644113304,40.08218838858629]]]}},{"type":"Feature","properties":{"PARCELID":"222-001687","OWNERNME1":"CAVENDER RICHARD K","SITEADDRESS":"4876 HAMPSTED CT","RESYRBLT":1996,"RESFLRAREA_AG":3292,"STATEDAREA":14289,"ACRES":0.32802575,"SCHLDSCRP":"NEW ALBANY-PLAIN LSD","CVTTXDSCRP":"PLAIN TWP-NEW ALBANY CORP","CLASSCD":"510","CLASSDSCRP":"SINGLE FAMILY DWELLING, PLATTED LOT","SALEPRICE":0,"SALEDATE":1615784400000},"geometry":{"type":"Polygon","coordinates":[[[-82.823358211364,40.082545495792694],[-82.82356718208185,40.08222045660056],[-82.82301064801216,40.082194261161064],[-82.82292844122861,40.082192361593755],[-82.82319229907732,40.0825707456801],[-82.82322308261634,40.08255550283242],[-82.82325584957897,40.08254519279654],[-82.82328981502141,40.08254006255291],[-82.82332416528985,40.082540234998255],[-82.82335807751187,40.08254570600161],[-82.823358211364,40.082545495792694]]]}},{"type":"Feature","properties":{"PARCELID":"222-001688","OWNERNME1":"LEIMEISTER MICHAEL L","SITEADDRESS":"4883 HAMPSTED CT","RESYRBLT":1999,"RESFLRAREA_AG":3317,"STATEDAREA":24250,"ACRES":0.55670727,"SCHLDSCRP":"NEW ALBANY-PLAIN LSD","CVTTXDSCRP":"PLAIN TWP-NEW ALBANY CORP","CLASSCD":"510","CLASSDSCRP":"SINGLE FAMILY DWELLING, PLATTED LOT","SALEPRICE":547500,"SALEDATE":1574053200000},"geometry":{"type":"Polygon","coordinates":[[[-82.82416353740143,40.08249220455095],[-82.82417876458369,40.0822492417511],[-82.82356718208185,40.08222045660056],[-82.823358211364,40.082545495792694],[-82.82335807751187,40.08254570600161],[-82.82338299321391,40.082552362200495],[-82.82340655407195,40.08256284948616],[-82.82342817512426,40.082576907483485],[-82.82344731957004,40.08259418716485],[-82.82346351209685,40.082614259515665],[-82.82347635068167,40.082636626185774],[-82.82347656737304,40.08263658055928],[-82.82386320007207,40.08255532354212],[-82.82416353740143,40.08249220455095]]]}},{"type":"Feature","properties":{"PARCELID":"222-001689","OWNERNME1":"SCHOCKMAN DOUGLAS J","SITEADDRESS":"7433 S HAMPSTED SQ","RESYRBLT":1997,"RESFLRAREA_AG":3621,"STATEDAREA":14924,"ACRES":0.34260531,"SCHLDSCRP":"NEW ALBANY-PLAIN LSD","CVTTXDSCRP":"PLAIN TWP-NEW ALBANY CORP","CLASSCD":"510","CLASSDSCRP":"SINGLE FAMILY DWELLING, PLATTED LOT","SALEPRICE":386000,"SALEDATE":1054616400000},"geometry":{"type":"Polygon","coordinates":[[[-82.82344958155163,40.082943185222334],[-82.82383721158392,40.08295739136137],[-82.82386320007207,40.08255532354212],[-82.82347656737304,40.08263658055928],[-82.82347635068167,40.082636626185774],[-82.82348155046915,40.08265502601083],[-82.8234836507371,40.08267403075305],[-82.82348259419244,40.08269312198311],[-82.82347840965657,40.08271177891243],[-82.82347121127926,40.082729492599675],[-82.82346119542457,40.08274577983416],[-82.8234486353145,40.08276019631733],[-82.82343387357557,40.08277234878274],[-82.82341809033242,40.08278612551873],[-82.82340483414846,40.082802348428615],[-82.82339447862321,40.082820560301535],[-82.82338731560682,40.082840247871594],[-82.82338354697485,40.08286085628326],[-82.82338195262243,40.08288554171539],[-82.82338377446877,40.08289634089447],[-82.82338744306765,40.08290665994362],[-82.82339284705263,40.082916185611005],[-82.82339982237683,40.082924628729224],[-82.82340815729272,40.082931732993444],[-82.82341759878013,40.08293728274195],[-82.82342786022706,40.08294110950295],[-82.82343863013031,40.08294309710876],[-82.82344958155163,40.082943185222334]]]}},{"type":"Feature","properties":{"PARCELID":"222-001690","OWNERNME1":"BAY WILLIAM H TR","SITEADDRESS":"7419 S HAMPSTED SQ","RESYRBLT":2000,"RESFLRAREA_AG":3002,"STATEDAREA":13075,"ACRES":0.30016691,"SCHLDSCRP":"NEW ALBANY-PLAIN LSD","CVTTXDSCRP":"PLAIN TWP-NEW ALBANY CORP","CLASSCD":"510","CLASSDSCRP":"SINGLE FAMILY DWELLING, PLATTED LOT","SALEPRICE":530000,"SALEDATE":1632978000000},"geometry":{"type":"Polygon","coordinates":[[[-82.82386320007207,40.08255532354212],[-82.82383721158392,40.08295739136137],[-82.82412278879706,40.082967904185],[-82.82412280108372,40.08296777356357],[-82.82415715136923,40.08259462802973],[-82.82416353740143,40.08249220455095],[-82.82386320007207,40.08255532354212]]]}},{"type":"Feature","properties":{"PARCELID":"222-001691","OWNERNME1":"IRVINE KAREN B","SITEADDRESS":"7409 S HAMPSTED SQ","RESYRBLT":1998,"RESFLRAREA_AG":3001,"STATEDAREA":13812,"ACRES":0.31708953,"SCHLDSCRP":"NEW ALBANY-PLAIN LSD","CVTTXDSCRP":"PLAIN TWP-NEW ALBANY CORP","CLASSCD":"510","CLASSDSCRP":"SINGLE FAMILY DWELLING, PLATTED LOT","SALEPRICE":315900,"SALEDATE":933138000000},"geometry":{"type":"Polygon","coordinates":[[[-82.82412278879706,40.082967904185],[-82.8244090543265,40.08297841531608],[-82.82440909709621,40.08297828461051],[-82.82449402794646,40.08272244082638],[-82.82450559500398,40.0825288907348],[-82.82415715136923,40.08259462802973],[-82.82412280108372,40.08296777356357],[-82.82412278879706,40.082967904185]]]}},{"type":"Feature","properties":{"PARCELID":"222-001692","OWNERNME1":"WENKER AMY","SITEADDRESS":"7395 S HAMPSTED SQ","RESYRBLT":1998,"RESFLRAREA_AG":3412,"STATEDAREA":11349,"ACRES":0.26054317,"SCHLDSCRP":"NEW ALBANY-PLAIN LSD","CVTTXDSCRP":"PLAIN TWP-NEW ALBANY CORP","CLASSCD":"510","CLASSDSCRP":"SINGLE FAMILY DWELLING, PLATTED LOT","SALEPRICE":0,"SALEDATE":1447390800000},"geometry":{"type":"Polygon","coordinates":[[[-82.8244090543265,40.08297841531608],[-82.82483371169505,40.08299400377917],[-82.82483372603426,40.082993811010375],[-82.82485440263913,40.08267894600389],[-82.82449402794646,40.08272244082638],[-82.82440909709621,40.08297828461051],[-82.8244090543265,40.08297841531608]]]}},{"type":"Feature","properties":{"PARCELID":"222-001693","OWNERNME1":"MORMOL GREGORY S","SITEADDRESS":"7381 S HAMPSTED SQ","RESYRBLT":1997,"RESFLRAREA_AG":2949,"STATEDAREA":10638,"ACRES":0.24422247,"SCHLDSCRP":"NEW ALBANY-PLAIN LSD","CVTTXDSCRP":"PLAIN TWP-NEW ALBANY CORP","CLASSCD":"510","CLASSDSCRP":"SINGLE FAMILY DWELLING, PLATTED LOT","SALEPRICE":0,"SALEDATE":1438318800000},"geometry":{"type":"Polygon","coordinates":[[[-82.82483371169505,40.08299400377917],[-82.82514073943739,40.08300527530517],[-82.82514075475397,40.08300504110583],[-82.82516406407211,40.08264157127357],[-82.82485440263913,40.08267894600389],[-82.82483372603426,40.082993811010375],[-82.82483371169505,40.08299400377917]]]}},{"type":"Feature","properties":{"PARCELID":"222-001694","OWNERNME1":"DRISCOLL DENIS D","SITEADDRESS":"7369 S HAMPSTED SQ","RESYRBLT":1997,"RESFLRAREA_AG":3673,"STATEDAREA":11232,"ACRES":0.25784932,"SCHLDSCRP":"NEW ALBANY-PLAIN LSD","CVTTXDSCRP":"PLAIN TWP-NEW ALBANY CORP","CLASSCD":"510","CLASSDSCRP":"SINGLE FAMILY DWELLING, PLATTED LOT","SALEPRICE":349900,"SALEDATE":953874000000},"geometry":{"type":"Polygon","coordinates":[[[-82.82514073943739,40.08300527530517],[-82.825425969811,40.08301574539596],[-82.8254259827606,40.083015506700114],[-82.82545087059064,40.08260695991398],[-82.82516406407211,40.08264157127357],[-82.82514075475397,40.08300504110583],[-82.82514073943739,40.08300527530517]]]}},{"type":"Feature","properties":{"PARCELID":"222-001695","OWNERNME1":"TAYLOR HUGH R","SITEADDRESS":"7359 S HAMPSTED SQ","RESYRBLT":1998,"RESFLRAREA_AG":3780,"STATEDAREA":14174,"ACRES":0.32539576,"SCHLDSCRP":"NEW ALBANY-PLAIN LSD","CVTTXDSCRP":"PLAIN TWP-NEW ALBANY CORP","CLASSCD":"510","CLASSDSCRP":"SINGLE FAMILY DWELLING, PLATTED LOT","SALEPRICE":357261,"SALEDATE":904798800000},"geometry":{"type":"Polygon","coordinates":[[[-82.82572017374986,40.08257444973043],[-82.82545087059064,40.08260695991398],[-82.8254259827606,40.083015506700114],[-82.825425969811,40.08301574539596],[-82.8254844563935,40.08301789172045],[-82.82553011907636,40.08302087391032],[-82.82557511328005,40.08302921031824],[-82.8256188134073,40.08304278503518],[-82.82566061185365,40.083061409318944],[-82.82569992745549,40.08308482421837],[-82.82573621357056,40.083112704173814],[-82.82576896567846,40.083144661543706],[-82.8257689456757,40.0831443968216],[-82.82572017374986,40.08257444973043]]]}},{"type":"Feature","properties":{"PARCELID":"222-001696","OWNERNME1":"MOORE PATRICK","SITEADDRESS":"7352 S HAMPSTED SQ","RESYRBLT":1996,"RESFLRAREA_AG":3361,"STATEDAREA":15775,"ACRES":0.36213279,"SCHLDSCRP":"NEW ALBANY-PLAIN LSD","CVTTXDSCRP":"PLAIN TWP-NEW ALBANY CORP","CLASSCD":"510","CLASSDSCRP":"SINGLE FAMILY DWELLING, PLATTED LOT","SALEPRICE":615000,"SALEDATE":1640149200000},"geometry":{"type":"Polygon","coordinates":[[[-82.82518203581223,40.08349842442365],[-82.82563256077398,40.08351591257237],[-82.82564601982948,40.08329846056016],[-82.82564206277975,40.083274072817694],[-82.82563433379477,40.083250606181466],[-82.82562302376212,40.08322864022173],[-82.82560841201283,40.083208717445636],[-82.82559085942243,40.0831913298985],[-82.82557079949831,40.083176907011506],[-82.82554872767302,40.08316580499578],[-82.82552518906832,40.08315829804478],[-82.82550076503192,40.08315457156239],[-82.82547605877961,40.083154717583895],[-82.82520360170908,40.083144724721684],[-82.82520359297976,40.0831448634388],[-82.82518203581223,40.08349842442365]]]}},{"type":"Feature","properties":{"PARCELID":"222-001697","OWNERNME1":"MOREY ROBERT TR","SITEADDRESS":"7374 S HAMPSTED SQ","RESYRBLT":1997,"RESFLRAREA_AG":2716,"STATEDAREA":10321,"ACRES":0.23693512,"SCHLDSCRP":"NEW ALBANY-PLAIN LSD","CVTTXDSCRP":"PLAIN TWP-NEW ALBANY CORP","CLASSCD":"510","CLASSDSCRP":"SINGLE FAMILY DWELLING, PLATTED LOT","SALEPRICE":345000,"SALEDATE":1131944400000},"geometry":{"type":"Polygon","coordinates":[[[-82.8248959481296,40.08348731847963],[-82.82518203581223,40.08349842442365],[-82.82520359297976,40.0831448634388],[-82.82520360170908,40.083144724721684],[-82.8249180167382,40.083134250567554],[-82.82491800688226,40.08313439919439],[-82.8248959481296,40.08348731847963]]]}},{"type":"Feature","properties":{"PARCELID":"222-001698","OWNERNME1":"GIBBS ELISABETH M TR","SITEADDRESS":"7386 S HAMPSTED SQ","RESYRBLT":1996,"RESFLRAREA_AG":2596,"STATEDAREA":10312,"ACRES":0.23674233,"SCHLDSCRP":"NEW ALBANY-PLAIN LSD","CVTTXDSCRP":"PLAIN TWP-NEW ALBANY CORP","CLASSCD":"510","CLASSDSCRP":"SINGLE FAMILY DWELLING, PLATTED LOT","SALEPRICE":0,"SALEDATE":1642136400000},"geometry":{"type":"Polygon","coordinates":[[[-82.82460969285236,40.08347620689872],[-82.8248959481296,40.08348731847963],[-82.82491800688226,40.08313439919439],[-82.8249180167382,40.083134250567554],[-82.82463207536192,40.08312376229443],[-82.82463206443832,40.083123933439296],[-82.82460969285236,40.08347620689872]]]}},{"type":"Feature","properties":{"PARCELID":"222-001699","OWNERNME1":"ROSEN CHRISTOPHER J","SITEADDRESS":"7398 S HAMPSTED SQ","RESYRBLT":1998,"RESFLRAREA_AG":2764,"STATEDAREA":10282,"ACRES":0.23603867,"SCHLDSCRP":"NEW ALBANY-PLAIN LSD","CVTTXDSCRP":"PLAIN TWP-NEW ALBANY CORP","CLASSCD":"510","CLASSDSCRP":"SINGLE FAMILY DWELLING, PLATTED LOT","SALEPRICE":360000,"SALEDATE":1020315600000},"geometry":{"type":"Polygon","coordinates":[[[-82.82432379298352,40.08346510714948],[-82.82460969285236,40.08347620689872],[-82.82463206443832,40.083123933439296],[-82.82463207536192,40.08312376229443],[-82.82434649056366,40.083113286751754],[-82.82434647851322,40.08311346780635],[-82.82432379298352,40.08346510714948]]]}},{"type":"Feature","properties":{"PARCELID":"222-001700","OWNERNME1":"HALL TAYLOR TTEE (HALL IRREV TRUST)","SITEADDRESS":"7408 S HAMPSTED SQ","RESYRBLT":1999,"RESFLRAREA_AG":2832,"STATEDAREA":10270,"ACRES":0.23577743,"SCHLDSCRP":"NEW ALBANY-PLAIN LSD","CVTTXDSCRP":"PLAIN TWP-NEW ALBANY CORP","CLASSCD":"510","CLASSDSCRP":"SINGLE FAMILY DWELLING, PLATTED LOT","SALEPRICE":0,"SALEDATE":1741755600000},"geometry":{"type":"Polygon","coordinates":[[[-82.82403788851639,40.0834540067178],[-82.82432379298352,40.08346510714948],[-82.82434647851322,40.08311346780635],[-82.82434649056366,40.083113286751754],[-82.82406054818779,40.08310279709162],[-82.82406053625022,40.083103002462146],[-82.82403788851639,40.0834540067178]]]}},{"type":"Feature","properties":{"PARCELID":"222-001701","OWNERNME1":"HELLER MATTHEW F","SITEADDRESS":"7418 S HAMPSTED SQ","RESYRBLT":1998,"RESFLRAREA_AG":3488,"STATEDAREA":10246,"ACRES":0.23521772,"SCHLDSCRP":"NEW ALBANY-PLAIN LSD","CVTTXDSCRP":"PLAIN TWP-NEW ALBANY CORP","CLASSCD":"510","CLASSDSCRP":"SINGLE FAMILY DWELLING, PLATTED LOT","SALEPRICE":488000,"SALEDATE":1559192400000},"geometry":{"type":"Polygon","coordinates":[[[-82.82375199117126,40.08344290467078],[-82.82403788851639,40.0834540067178],[-82.82406053625022,40.083103002462146],[-82.82406054818779,40.08310279709162],[-82.82377496473461,40.08309232015723],[-82.82377495166159,40.08309253363629],[-82.82375199117126,40.08344290467078]]]}},{"type":"Feature","properties":{"PARCELID":"222-001702","OWNERNME1":"GILL PATRICK","SITEADDRESS":"7430 S HAMPSTED SQ","RESYRBLT":1998,"RESFLRAREA_AG":2807,"STATEDAREA":14387,"ACRES":0.33028296,"SCHLDSCRP":"NEW ALBANY-PLAIN LSD","CVTTXDSCRP":"PLAIN TWP-NEW ALBANY CORP","CLASSCD":"510","CLASSDSCRP":"SINGLE FAMILY DWELLING, PLATTED LOT","SALEPRICE":537500,"SALEDATE":1593061200000},"geometry":{"type":"Polygon","coordinates":[[[-82.82334823600766,40.08342722688522],[-82.82375199117126,40.08344290467078],[-82.82377495166159,40.08309253363629],[-82.82377496473461,40.08309232015723],[-82.82344115325618,40.08308007315939],[-82.82343004061144,40.08307943250704],[-82.8234189757263,40.08308064478809],[-82.8234082654175,40.083083676387346],[-82.8233982066698,40.083088443241984],[-82.82338907840087,40.08309481317252],[-82.8233811337273,40.08310260954799],[-82.8233745929459,40.08311161618373],[-82.82336963742512,40.0831215833359],[-82.82336640457596,40.08313223462667],[-82.82334823600766,40.08342722688522]]]}},{"type":"Feature","properties":{"PARCELID":"222-001703","OWNERNME1":"DE BEETHAM CHRISTOPHER TR","SITEADDRESS":"7429 N HAMPSTED SQ","RESYRBLT":1997,"RESFLRAREA_AG":3304,"STATEDAREA":14413,"ACRES":0.33107754,"SCHLDSCRP":"NEW ALBANY-PLAIN LSD","CVTTXDSCRP":"PLAIN TWP-NEW ALBANY CORP","CLASSCD":"510","CLASSDSCRP":"SINGLE FAMILY DWELLING, PLATTED LOT","SALEPRICE":0,"SALEDATE":1584334800000},"geometry":{"type":"Polygon","coordinates":[[[-82.82334823600766,40.08342722688522],[-82.82333430154496,40.0836536553256],[-82.82333811422808,40.08367808197275],[-82.82334573897013,40.083701599220724],[-82.8233569841688,40.083723616104045],[-82.82337156724319,40.083743579359904],[-82.8233891217349,40.08376098733119],[-82.8234092065167,40.08377540257257],[-82.82343131687762,40.08378646284309],[-82.82345489720585,40.08379389020897],[-82.82347935495079,40.083797498027735],[-82.82350407551317,40.083797195638425],[-82.82372824033502,40.08380536212637],[-82.82375199117126,40.08344290467078],[-82.82334823600766,40.08342722688522]]]}},{"type":"Feature","properties":{"PARCELID":"222-001704","OWNERNME1":"BRONSTEIN DAVID TR","SITEADDRESS":"7417 N HAMPSTED SQ","RESYRBLT":1998,"RESFLRAREA_AG":3456,"STATEDAREA":10588,"ACRES":0.24305632,"SCHLDSCRP":"NEW ALBANY-PLAIN LSD","CVTTXDSCRP":"PLAIN TWP-NEW ALBANY CORP","CLASSCD":"510","CLASSDSCRP":"SINGLE FAMILY DWELLING, PLATTED LOT","SALEPRICE":0,"SALEDATE":1592542800000},"geometry":{"type":"Polygon","coordinates":[[[-82.82372824033502,40.08380536212637],[-82.82401454303941,40.0838158263898],[-82.82403788851639,40.0834540067178],[-82.82375199117126,40.08344290467078],[-82.82372824033502,40.08380536212637]]]}},{"type":"Feature","properties":{"PARCELID":"222-001705","OWNERNME1":"ALLEVATO JASON S","SITEADDRESS":"7407 N HAMPSTED SQ","RESYRBLT":1997,"RESFLRAREA_AG":3096,"STATEDAREA":10562,"ACRES":0.24247263,"SCHLDSCRP":"NEW ALBANY-PLAIN LSD","CVTTXDSCRP":"PLAIN TWP-NEW ALBANY CORP","CLASSCD":"510","CLASSDSCRP":"SINGLE FAMILY DWELLING, PLATTED LOT","SALEPRICE":699900,"SALEDATE":1663045200000},"geometry":{"type":"Polygon","coordinates":[[[-82.82401454303941,40.0838158263898],[-82.82430048818364,40.08382628103589],[-82.82432379298352,40.08346510714948],[-82.82403788851639,40.0834540067178],[-82.82401454303941,40.0838158263898]]]}},{"type":"Feature","properties":{"PARCELID":"222-001706","OWNERNME1":"FAHERTY TIM P TR","SITEADDRESS":"7397 N HAMPSTED SQ","RESYRBLT":1996,"RESFLRAREA_AG":2966,"STATEDAREA":10550,"ACRES":0.24218787,"SCHLDSCRP":"NEW ALBANY-PLAIN LSD","CVTTXDSCRP":"PLAIN TWP-NEW ALBANY CORP","CLASSCD":"510","CLASSDSCRP":"SINGLE FAMILY DWELLING, PLATTED LOT","SALEPRICE":0,"SALEDATE":1652331600000},"geometry":{"type":"Polygon","coordinates":[[[-82.82430048818364,40.08382628103589],[-82.82458679456967,40.08383674209464],[-82.82460969285236,40.08347620689872],[-82.82432379298352,40.08346510714948],[-82.82430048818364,40.08382628103589]]]}},{"type":"Feature","properties":{"PARCELID":"222-001707","OWNERNME1":"JACOB ELISABETH","SITEADDRESS":"7385 N HAMPSTED SQ","RESYRBLT":1996,"RESFLRAREA_AG":2753,"STATEDAREA":10544,"ACRES":0.24204963,"SCHLDSCRP":"NEW ALBANY-PLAIN LSD","CVTTXDSCRP":"PLAIN TWP-NEW ALBANY CORP","CLASSCD":"510","CLASSDSCRP":"SINGLE FAMILY DWELLING, PLATTED LOT","SALEPRICE":535000,"SALEDATE":1626411600000},"geometry":{"type":"Polygon","coordinates":[[[-82.82458679456967,40.08383674209464],[-82.82487345401587,40.08384721498965],[-82.8248959481296,40.08348731847963],[-82.82460969285236,40.08347620689872],[-82.82458679456967,40.08383674209464]]]}},{"type":"Feature","properties":{"PARCELID":"222-001708","OWNERNME1":"SCHMELMER BROOKE","SITEADDRESS":"7373 N HAMPSTED SQ","RESYRBLT":1996,"RESFLRAREA_AG":3413,"STATEDAREA":10522,"ACRES":0.24155718,"SCHLDSCRP":"NEW ALBANY-PLAIN LSD","CVTTXDSCRP":"PLAIN TWP-NEW ALBANY CORP","CLASSCD":"510","CLASSDSCRP":"SINGLE FAMILY DWELLING, PLATTED LOT","SALEPRICE":494000,"SALEDATE":1596517200000},"geometry":{"type":"Polygon","coordinates":[[[-82.82487345401587,40.08384721498965],[-82.82516013009818,40.083857715959155],[-82.82518203581223,40.08349842442365],[-82.8248959481296,40.08348731847963],[-82.82487345401587,40.08384721498965]]]}},{"type":"Feature","properties":{"PARCELID":"222-001709","OWNERNME1":"WHITAKER LAURA A","SITEADDRESS":"7351 N HAMPSTED SQ","RESYRBLT":1996,"RESFLRAREA_AG":3122,"STATEDAREA":15974,"ACRES":0.36675042,"SCHLDSCRP":"NEW ALBANY-PLAIN LSD","CVTTXDSCRP":"PLAIN TWP-NEW ALBANY CORP","CLASSCD":"510","CLASSDSCRP":"SINGLE FAMILY DWELLING, PLATTED LOT","SALEPRICE":422000,"SALEDATE":1088658000000},"geometry":{"type":"Polygon","coordinates":[[[-82.82563256077398,40.08351591257237],[-82.82518203581223,40.08349842442365],[-82.82516013009818,40.083857715959155],[-82.82543201986428,40.08386765015712],[-82.82545983492817,40.08386928928319],[-82.82548753474843,40.083866275237696],[-82.82551434633181,40.083858692130796],[-82.82553952147222,40.08384675157726],[-82.82556235763029,40.083830786791076],[-82.82558221753845,40.08381124328677],[-82.82559854698464,40.08378866644685],[-82.82561089027807,40.08376368630232],[-82.82561890296587,40.083736999950986],[-82.82563256077398,40.08351591257237]]]}},{"type":"Feature","properties":{"PARCELID":"222-001710","OWNERNME1":"VILLAGE OF NEW ALBANY","SITEADDRESS":"7336 N HAMPSTED SQ","RESYRBLT":null,"RESFLRAREA_AG":null,"STATEDAREA":32943,"ACRES":0.7563022,"SCHLDSCRP":"NEW ALBANY-PLAIN LSD","CVTTXDSCRP":"PLAIN TWP-NEW ALBANY CORP","CLASSCD":"640","CLASSDSCRP":"EXEMPT PROPERTY OWNED BY MUNICIPALS","SALEPRICE":0,"SALEDATE":1143003600000},"geometry":{"type":"Polygon","coordinates":[[[-82.82614729210499,40.083577889015935],[-82.82587961858664,40.08356799521985],[-82.82586848503182,40.083567351957306],[-82.82585739931322,40.083568567141675],[-82.8258466694919,40.08357160700419],[-82.82583659373884,40.08357638707012],[-82.82582745204918,40.083582774506205],[-82.8258194984613,40.08359059181199],[-82.82581295399747,40.083599621752356],[-82.8258080005218,40.08360961339429],[-82.82580477568642,40.08362028908005],[-82.82579736265085,40.083744202055605],[-82.82579060205883,40.08378453507721],[-82.82577700917373,40.083823105684026],[-82.8257569886334,40.08385876569245],[-82.82573113641644,40.083890453562596],[-82.82585570111107,40.083963003191215],[-82.8258864125882,40.08442431969135],[-82.82588643017948,40.08442432054319],[-82.82619058794512,40.08443999764282],[-82.82623278282631,40.08363622075274],[-82.82622346528959,40.08362080754252],[-82.8262116564436,40.083607208472834],[-82.8261977020433,40.0835958217151],[-82.82618201066393,40.083586980665764],[-82.82616504173832,40.0835809441847],[-82.82614729210499,40.083577889015935]]]}},{"type":"Feature","properties":{"PARCELID":"222-001711","OWNERNME1":"VILLAGE OF NEW ALBANY","SITEADDRESS":"7349 HAMPSTED SQ","RESYRBLT":null,"RESFLRAREA_AG":null,"STATEDAREA":45502,"ACRES":1.0445814,"SCHLDSCRP":"NEW ALBANY-PLAIN LSD","CVTTXDSCRP":"PLAIN TWP-NEW ALBANY CORP","CLASSCD":"640","CLASSDSCRP":"EXEMPT PROPERTY OWNED BY MUNICIPALS","SALEPRICE":0,"SALEDATE":1143003600000},"geometry":{"type":"Polygon","coordinates":[[[-82.8258882229959,40.08343092290926],[-82.82615594956788,40.08344074178752],[-82.82616983222172,40.08344133373333],[-82.82618362762612,40.08343967081556],[-82.82619697195746,40.083435796890015],[-82.82620951328819,40.08342981412301],[-82.8262209208682,40.08342188029692],[-82.82623089384751,40.08341220464905],[-82.82623916921061,40.083401042353444],[-82.82624552871293,40.08338868779121],[-82.82626888907615,40.08296897852995],[-82.82627685533694,40.08284896356431],[-82.82628555673423,40.082506388401605],[-82.82626305637795,40.08250892030838],[-82.82586926520025,40.08255645313823],[-82.82572017374986,40.08257444973043],[-82.8257689456757,40.0831443968216],[-82.82576896567846,40.083144661543706],[-82.82578958437118,40.08317249583809],[-82.82580575124707,40.08320313095776],[-82.82581709357748,40.08323586060754],[-82.82582334986405,40.083269930202654],[-82.8258243758676,40.08330455426582],[-82.82582041187408,40.083373465937925],[-82.82582193299483,40.08338322934088],[-82.8258249762039,40.08339263023042],[-82.82582946519595,40.08340143288888],[-82.82583528741412,40.08340941659862],[-82.82584229687225,40.083416381176306],[-82.82585031781535,40.0834221519923],[-82.82585914912653,40.08342658434931],[-82.82586856936969,40.08342956711053],[-82.8258783423419,40.08343102548626],[-82.8258882229959,40.08343092290926]]]}},{"type":"Feature","properties":{"PARCELID":"222-001883","OWNERNME1":"GOLDEN ANGELA","SITEADDRESS":"2 WIVELISCOMBE","RESYRBLT":2002,"RESFLRAREA_AG":5426,"STATEDAREA":45181,"ACRES":1.03720261,"SCHLDSCRP":"NEW ALBANY-PLAIN LSD","CVTTXDSCRP":"PLAIN TWP-NEW ALBANY CORP","CLASSCD":"510","CLASSDSCRP":"SINGLE FAMILY DWELLING, PLATTED LOT","SALEPRICE":1018500,"SALEDATE":1561525200000},"geometry":{"type":"Polygon","coordinates":[[[-82.82697673007421,40.079707812644145],[-82.82714586071988,40.07965623453066],[-82.82722293381228,40.079632706043306],[-82.82705301449376,40.07928898027614],[-82.82696391290878,40.079107812045386],[-82.82687146686322,40.07913411465405],[-82.82682221757044,40.07914770213252],[-82.82675762500101,40.07916373941098],[-82.82669225988104,40.079176261208694],[-82.82662631339556,40.07918523090094],[-82.82654653861641,40.079191410044764],[-82.82653772516146,40.079290412834084],[-82.8264860960943,40.07986152631761],[-82.82646402883226,40.08010809306795],[-82.826647403796,40.08011911228905],[-82.82676780112863,40.08003697572683],[-82.82677673946225,40.07981048476862],[-82.82697673007421,40.079707812644145]]]}},{"type":"Feature","properties":{"PARCELID":"222-001912","OWNERNME1":"4791 YANTIS LLC","SITEADDRESS":"4791 YANTIS","RESYRBLT":1998,"RESFLRAREA_AG":3876,"STATEDAREA":35723,"ACRES":0.82008189,"SCHLDSCRP":"NEW ALBANY-PLAIN LSD","CVTTXDSCRP":"PLAIN TWP-NEW ALBANY CORP","CLASSCD":"510","CLASSDSCRP":"SINGLE FAMILY DWELLING, PLATTED LOT","SALEPRICE":0,"SALEDATE":1754542800000},"geometry":{"type":"Polygon","coordinates":[[[-82.82659818690013,40.0786220993431],[-82.82641409662835,40.078609706811825],[-82.82569775271921,40.078561461672955],[-82.8256975181647,40.07856144521133],[-82.82568783705169,40.078635775082155],[-82.82567110505373,40.0787088414485],[-82.825647474973,40.07877997704389],[-82.82564708598929,40.07878102912786],[-82.82564672164655,40.07878208564659],[-82.8256463866428,40.07878314838829],[-82.82564607745661,40.07878421646207],[-82.8256457987691,40.078785288053794],[-82.82564554589918,40.078786364977624],[-82.82564531999807,40.07878744272733],[-82.82564512461255,40.07878852759736],[-82.82564495502349,40.07878961329652],[-82.82564481592038,40.07879069981183],[-82.82564470379882,40.07879178985481],[-82.82564462099083,40.07879288071719],[-82.82564456398777,40.0787939742099],[-82.825644537458,40.078795065816955],[-82.82564453908637,40.07879616184904],[-82.82564456883485,40.07879725420083],[-82.82564462672029,40.078798346474656],[-82.82564471273426,40.078799436869325],[-82.82564482805763,40.0788005271828],[-82.82564497033717,40.07880161562042],[-82.82564514190916,40.07880270037443],[-82.82564534043735,40.07880378325258],[-82.82564556826219,40.07880486334773],[-82.8256458218582,40.07880593886845],[-82.82564610591902,40.07880701070236],[-82.82564641574673,40.07880807706128],[-82.8256467548627,40.07880913883599],[-82.82564711974979,40.078810196036336],[-82.82564751274008,40.078811245953915],[-82.82564793267382,40.078812291293865],[-82.82564837835758,40.078813327556404],[-82.8256488545062,40.07881436013212],[-82.82564935406005,40.07881538363699],[-82.8256498805405,40.078816398961756],[-82.82565043511988,40.07881740610324],[-82.82565101428959,40.07881840687236],[-82.82565161919659,40.07881939586232],[-82.82565224985359,40.07882037577486],[-82.8256529050882,40.07882134661327],[-82.82565358723673,40.07882230656984],[-82.82565429160545,40.078823254757005],[-82.8256550228965,40.07882419386351],[-82.82565577641202,40.078825122101165],[-82.82565655448819,40.0788260376623],[-82.82565735595273,40.078826940550194],[-82.82565818198218,40.0788278316621],[-82.82565903022763,40.07882871010404],[-82.82565990068477,40.07882957497533],[-82.8256607921813,40.078830426279275],[-82.82566170823004,40.07883126310545],[-82.82566264415001,40.07883208726812],[-82.82566359992853,40.07883289606546],[-82.82566458025929,40.078833690385125],[-82.8256655769314,40.078834469349175],[-82.8256665969792,40.07883523293816],[-82.82566763454078,40.078835981168346],[-82.82566869312902,40.0788367131294],[-82.82566976923101,40.07883742973162],[-82.82567086282988,40.07883812737262],[-82.8256719751107,40.078838808750966],[-82.82567310373288,40.07883947477371],[-82.82567425336906,40.07884012182556],[-82.82567541582529,40.07884075263098],[-82.82567659460598,40.078841364478414],[-82.82567778971116,40.078841957367935],[-82.82567899997689,40.07884253310391],[-82.82568022539473,40.07884308988517],[-82.82568146479231,40.078843627715024],[-82.82568271816962,40.078844146593404],[-82.82568398318189,40.078844646526804],[-82.82568526216546,40.07884512570755],[-82.8256865539648,40.07884558774129],[-82.8256878573822,40.07884602722771],[-82.8261700366003,40.079005230352564],[-82.8262459057703,40.0790267734634],[-82.82632320937637,40.07904240641168],[-82.82640148774513,40.07905203623862],[-82.82648027540695,40.079055605682015],[-82.82655910386379,40.07905309351674],[-82.82655912056758,40.079052906144454],[-82.82659818690013,40.0786220993431]]]}},{"type":"Feature","properties":{"PARCELID":"222-002501","OWNERNME1":"CAPRETTA CARA C","SITEADDRESS":"34 PICKETT PL","RESYRBLT":2001,"RESFLRAREA_AG":4469,"STATEDAREA":16647,"ACRES":0.38216158,"SCHLDSCRP":"NEW ALBANY-PLAIN LSD","CVTTXDSCRP":"PLAIN TWP-NEW ALBANY CORP","CLASSCD":"510","CLASSDSCRP":"SINGLE FAMILY DWELLING, PLATTED LOT","SALEPRICE":522000,"SALEDATE":1340082000000},"geometry":{"type":"Polygon","coordinates":[[[-82.82714586071988,40.07965623453066],[-82.82697673007421,40.079707812644145],[-82.82677673946225,40.07981048476862],[-82.82676780112863,40.08003697572683],[-82.8267915772392,40.080150618198054],[-82.82681991650487,40.08013645359873],[-82.82684995465628,40.08012638089737],[-82.8268811042521,40.08012059708081],[-82.82723398898544,40.080076921175255],[-82.82714586071988,40.07965623453066]]]}},{"type":"Feature","properties":{"PARCELID":"222-002502","OWNERNME1":"HUBER DAVID F","SITEADDRESS":"35 PICKETT PL","RESYRBLT":2000,"RESFLRAREA_AG":2885,"STATEDAREA":6281,"ACRES":0.14419819,"SCHLDSCRP":"NEW ALBANY-PLAIN LSD","CVTTXDSCRP":"PLAIN TWP-NEW ALBANY CORP","CLASSCD":"510","CLASSDSCRP":"SINGLE FAMILY DWELLING, PLATTED LOT","SALEPRICE":476500,"SALEDATE":1392958800000},"geometry":{"type":"Polygon","coordinates":[[[-82.8264472364815,40.080293954287306],[-82.82642818528099,40.08050483245654],[-82.82675428504672,40.08046443673234],[-82.82671848917761,40.0802935248959],[-82.82671625018948,40.080277181028556],[-82.82671635780038,40.08026068486271],[-82.8264472364815,40.080293954287306]]]}},{"type":"Feature","properties":{"PARCELID":"222-002503","OWNERNME1":"BALISTRERE LANCE G","SITEADDRESS":"36 PICKETT PL","RESYRBLT":2001,"RESFLRAREA_AG":3562,"STATEDAREA":7588,"ACRES":0.17419124,"SCHLDSCRP":"NEW ALBANY-PLAIN LSD","CVTTXDSCRP":"PLAIN TWP-NEW ALBANY CORP","CLASSCD":"510","CLASSDSCRP":"SINGLE FAMILY DWELLING, PLATTED LOT","SALEPRICE":561500,"SALEDATE":1396587600000},"geometry":{"type":"Polygon","coordinates":[[[-82.82675428504672,40.08046443673234],[-82.82642818528099,40.08050483245654],[-82.82640912937246,40.080715731332205],[-82.82679685889654,40.08066770644154],[-82.82675428504672,40.08046443673234]]]}},{"type":"Feature","properties":{"PARCELID":"222-002516","OWNERNME1":"THE NEW ALBANY COUNTRY CLUB ASSOCIATION INC","SITEADDRESS":"PICKETT PL","RESYRBLT":null,"RESFLRAREA_AG":null,"STATEDAREA":3732,"ACRES":0.08589852,"SCHLDSCRP":"NEW ALBANY-PLAIN LSD","CVTTXDSCRP":"PLAIN TWP-NEW ALBANY CORP","CLASSCD":"501","CLASSDSCRP":"RESIDENTIAL, 0-9.999 AC","SALEPRICE":0,"SALEDATE":1070859600000},"geometry":{"type":"Polygon","coordinates":[[[-82.82690543298077,40.08049448754849],[-82.82691008076459,40.08050401269892],[-82.82691623286988,40.080512642993554],[-82.82692372150132,40.08052014304584],[-82.82693234241057,40.080526308295916],[-82.82694186046706,40.080530970589976],[-82.82695201607096,40.08053400276648],[-82.82696253223375,40.08053532212446],[-82.82697312213278,40.08053489267917],[-82.82698349693439,40.08053272614348],[-82.82699337367148,40.08052888160847],[-82.82700248296146,40.08052346393174],[-82.8270105763534,40.08051662087746],[-82.82701743310447,40.08050853908621],[-82.82702286620052,40.08049943898443],[-82.82702672745681,40.08048956877243],[-82.8270289115597,40.08047919765486],[-82.82698326736205,40.080260920770236],[-82.82698014883506,40.08025281832423],[-82.82697567194843,40.080245379753954],[-82.82696997247142,40.08023883064686],[-82.8269632232505,40.080233369615925],[-82.82695562896745,40.080229162276304],[-82.82694741993197,40.080226336222836],[-82.8269388450972,40.08022497716045],[-82.82693016450979,40.08022512630506],[-82.82692164142352,40.0802267791336],[-82.82690414199783,40.08022902437577],[-82.82689677556255,40.0802292684695],[-82.82688956215303,40.08023078196668],[-82.82688271884656,40.08023351932074],[-82.82687645158273,40.080237398154935],[-82.82687094896592,40.08024230174125],[-82.82686637658955,40.08024808251324],[-82.82686287205276,40.08025456650681],[-82.82686054081962,40.08026155859538],[-82.82685945304527,40.08026884836201],[-82.82685964146472,40.08027621643155],[-82.82690543298077,40.08049448754849]]]}},{"type":"Feature","properties":{"PARCELID":"222-002520","OWNERNME1":"THE NEW ALBANY COUNTRY CLUB ASSOCIATION INC","SITEADDRESS":"PICKETT PL","RESYRBLT":null,"RESFLRAREA_AG":null,"STATEDAREA":5384,"ACRES":0.12354756,"SCHLDSCRP":"NEW ALBANY-PLAIN LSD","CVTTXDSCRP":"PLAIN TWP-NEW ALBANY CORP","CLASSCD":"501","CLASSDSCRP":"RESIDENTIAL, 0-9.999 AC","SALEPRICE":0,"SALEDATE":1070859600000},"geometry":{"type":"Polygon","coordinates":[[[-82.82676780112863,40.08003697572683],[-82.826647403796,40.08011911228905],[-82.82646402883226,40.08010809306795],[-82.8264472364815,40.080293954287306],[-82.82671635780038,40.08026068486271],[-82.82672083224669,40.08023803167345],[-82.82672889746142,40.08021639513111],[-82.82674034277622,40.08019634039545],[-82.82675486923245,40.080178391308486],[-82.82677209739012,40.08016301671138],[-82.8267915772392,40.080150618198054],[-82.82676780112863,40.08003697572683]]]}},{"type":"Feature","properties":{"PARCELID":"222-002687","OWNERNME1":"PLAIN LOCAL SCHOOLS DIST","SITEADDRESS":"MORGAN RD","RESYRBLT":null,"RESFLRAREA_AG":null,"STATEDAREA":102929,"ACRES":2.3629191,"SCHLDSCRP":"NEW ALBANY-PLAIN LSD","CVTTXDSCRP":"PLAIN TWP-NEW ALBANY CORP","CLASSCD":"650","CLASSDSCRP":"EXEMPT PROPERTY OWNED BY BD OF EDUC.","SALEPRICE":0,"SALEDATE":1082523600000},"geometry":{"type":"Polygon","coordinates":[[[-82.81942359429104,40.08595214647868],[-82.82048924192247,40.086014208418376],[-82.82054305060798,40.085207899806676],[-82.82001792614328,40.085179173791744],[-82.82004132116873,40.084904278522856],[-82.81949796276488,40.08487311416375],[-82.81949772205137,40.08487660105189],[-82.81942359429104,40.08595214647868]]]}},{"type":"Feature","properties":{"PARCELID":"222-002958","OWNERNME1":"PLAIN LOCAL SCHOOLS DIST","SITEADDRESS":"FODOR RD","RESYRBLT":null,"RESFLRAREA_AG":null,"STATEDAREA":953134,"ACRES":21.88082978,"SCHLDSCRP":"NEW ALBANY-PLAIN LSD","CVTTXDSCRP":"PLAIN TWP-NEW ALBANY CORP","CLASSCD":"650","CLASSDSCRP":"EXEMPT PROPERTY OWNED BY BD OF EDUC.","SALEPRICE":0,"SALEDATE":1082523600000},"geometry":{"type":"Polygon","coordinates":[[[-82.81832961890493,40.08617554081224],[-82.81835033474002,40.086273395775756],[-82.81837771227033,40.08636959978056],[-82.81841162259828,40.08646369988346],[-82.81845190606882,40.08655525304675],[-82.81849837302121,40.08664382822409],[-82.81855080468193,40.08672900838999],[-82.81860895419466,40.08681039250315],[-82.8186725477826,40.08688759739471],[-82.81874128603738,40.086960259572194],[-82.81881484532876,40.08702803693094],[-82.81889287932833,40.087090610364754],[-82.81897502064004,40.08714768526831],[-82.81906088253002,40.08719899292422],[-82.81915006074733,40.08724429176819],[-82.81924213542726,40.087283368526286],[-82.8193366730681,40.08731603921917],[-82.81943322857212,40.0873421500282],[-82.81953134734124,40.08736157801969],[-82.81963056741725,40.087374231723665],[-82.81973042165681,40.087380051564566],[-82.81983043993087,40.087379010141674],[-82.82081031291925,40.087436731061906],[-82.8209809004242,40.08745002030739],[-82.82115082922151,40.08747004291308],[-82.82131983363959,40.08749676757509],[-82.8214876494521,40.087530152511306],[-82.82165401429096,40.08757014552676],[-82.82165530447287,40.08757048242434],[-82.82178561911829,40.087607049323076],[-82.82191464596893,40.08764792861741],[-82.8221118926511,40.08771401848399],[-82.82234015366157,40.08779049968941],[-82.82248184529814,40.08783344993844],[-82.82262537939707,40.08786977081692],[-82.82277044596832,40.08789938388281],[-82.82291673171221,40.08792222518088],[-82.82306392069603,40.08793824538089],[-82.82321169503632,40.087947409884066],[-82.82335973558543,40.08794969889787],[-82.82350772262079,40.08794510747873],[-82.82365533653541,40.08793364554271],[-82.8238022585281,40.08791533784411],[-82.82394817129205,40.087890223921995],[-82.82409275970004,40.0878583580148],[-82.82412348876257,40.087850628087196],[-82.82412356220996,40.087849784921204],[-82.82416507476994,40.08737536564371],[-82.82418916489992,40.08710052276021],[-82.82421797442419,40.086771036283444],[-82.8242323803046,40.086606303380194],[-82.8242467836705,40.08644154885693],[-82.82425471061612,40.08635041213071],[-82.82176096193675,40.08622465292432],[-82.8216884858279,40.08622098768382],[-82.82167917366783,40.0862204728035],[-82.82167685376974,40.086253447508284],[-82.82167362589593,40.086271382527606],[-82.82166766475063,40.08628860312093],[-82.8216591136017,40.086304695415336],[-82.82164817796404,40.086319272655004],[-82.82162397821911,40.086341208081684],[-82.82159647437935,40.0863588242503],[-82.82156642889237,40.086371632814256],[-82.82153467466408,40.08637927870099],[-82.82150209196924,40.08638154995507],[-82.82146737106363,40.08637972235201],[-82.8214334293965,40.0863721828128],[-82.82140120006012,40.08635913860738],[-82.82137156907298,40.08634094833471],[-82.82135590229616,40.08632784096291],[-82.82134265783817,40.08631228990429],[-82.82133221150207,40.08629473641023],[-82.82132485969599,40.086275678549946],[-82.82132081102274,40.086255657078055],[-82.82132018036086,40.086235240091085],[-82.82132514820476,40.08616739132878],[-82.82133284986371,40.08606375595296],[-82.82133287093116,40.08606349472063],[-82.82048924848303,40.086014105731834],[-82.82048924192247,40.086014208418376],[-82.81942376903856,40.085952155910505],[-82.81942359429104,40.08595214647868],[-82.81949772205137,40.08487660105189],[-82.81949796276488,40.08487311416375],[-82.81847023461214,40.08481416740127],[-82.8184201889091,40.08481155883029],[-82.81833122024844,40.08606460206702],[-82.8183288075656,40.08611978989478],[-82.81832959425897,40.08617502483377],[-82.81832961890493,40.08617554081224]]]}},{"type":"Feature","properties":{"PARCELID":"222-002971","OWNERNME1":"SEDLUK ELEANOR HELENE TR","SITEADDRESS":"7658 OGDEN WOODS BL","RESYRBLT":2004,"RESFLRAREA_AG":3030,"STATEDAREA":9138,"ACRES":0.20977157,"SCHLDSCRP":"NEW ALBANY-PLAIN LSD","CVTTXDSCRP":"PLAIN TWP-NEW ALBANY CORP","CLASSCD":"510","CLASSDSCRP":"SINGLE FAMILY DWELLING, PLATTED LOT","SALEPRICE":0,"SALEDATE":1609909200000},"geometry":{"type":"Polygon","coordinates":[[[-82.81748677206278,40.078777348779546],[-82.81748660617089,40.07877747711353],[-82.81743074170427,40.07882442837885],[-82.81737879392156,40.078875679601445],[-82.81733109283404,40.07893090519511],[-82.81728794147482,40.078989754325455],[-82.81724961397366,40.07905185313866],[-82.8172505541906,40.07905210006862],[-82.81766326655234,40.07916072417237],[-82.8176731289109,40.079005884441834],[-82.81748677206278,40.078777348779546]]]}},{"type":"Feature","properties":{"PARCELID":"222-002972","OWNERNME1":"KLEIN JAMES","SITEADDRESS":"7672 OGDEN WOODS BL","RESYRBLT":2004,"RESFLRAREA_AG":2920,"STATEDAREA":10050,"ACRES":0.23070928,"SCHLDSCRP":"NEW ALBANY-PLAIN LSD","CVTTXDSCRP":"PLAIN TWP-NEW ALBANY CORP","CLASSCD":"510","CLASSDSCRP":"SINGLE FAMILY DWELLING, PLATTED LOT","SALEPRICE":575000,"SALEDATE":1399957200000},"geometry":{"type":"Polygon","coordinates":[[[-82.81743083508609,40.079315358195416],[-82.817652064736,40.079336439929065],[-82.8176534590736,40.07931475680255],[-82.81765391295264,40.07930762368664],[-82.81766326655234,40.07916072417237],[-82.8172505541906,40.07905210006862],[-82.81724961397366,40.07905185313866],[-82.81722119796623,40.07910854905468],[-82.81719777163534,40.079167482096274],[-82.81717950914876,40.07922821411382],[-82.81716654628265,40.07929029358284],[-82.81743083508609,40.079315358195416]]]}},{"type":"Feature","properties":{"PARCELID":"222-002973","OWNERNME1":"RUTKOWSKI PAUL","SITEADDRESS":"7684 OGDEN WOODS BL","RESYRBLT":2004,"RESFLRAREA_AG":2725,"STATEDAREA":11036,"ACRES":0.25334726,"SCHLDSCRP":"NEW ALBANY-PLAIN LSD","CVTTXDSCRP":"PLAIN TWP-NEW ALBANY CORP","CLASSCD":"510","CLASSDSCRP":"SINGLE FAMILY DWELLING, PLATTED LOT","SALEPRICE":1275000,"SALEDATE":1685941200000},"geometry":{"type":"Polygon","coordinates":[[[-82.81743083508609,40.079315358195416],[-82.81716654628265,40.07929029358284],[-82.81716291061717,40.079315921095535],[-82.81716077050763,40.07933530248104],[-82.81714360699132,40.07951873082708],[-82.81763858138171,40.079546209199364],[-82.817652064736,40.079336439929065],[-82.81743083508609,40.079315358195416]]]}},{"type":"Feature","properties":{"PARCELID":"222-002974","OWNERNME1":"LEVINSON SHELBY L","SITEADDRESS":"7694 OGDEN WOODS BL","RESYRBLT":2003,"RESFLRAREA_AG":3077,"STATEDAREA":12456,"ACRES":0.28595246,"SCHLDSCRP":"NEW ALBANY-PLAIN LSD","CVTTXDSCRP":"PLAIN TWP-NEW ALBANY CORP","CLASSCD":"510","CLASSDSCRP":"SINGLE FAMILY DWELLING, PLATTED LOT","SALEPRICE":855000,"SALEDATE":1758517200000},"geometry":{"type":"Polygon","coordinates":[[[-82.8176211972834,40.07981664381231],[-82.81763858138171,40.079546209199364],[-82.81714360699132,40.07951873082708],[-82.81713516557794,40.07960871050128],[-82.81712644558151,40.07967119585918],[-82.81711213285196,40.0797326418034],[-82.8176211972834,40.07981664381231]]]}},{"type":"Feature","properties":{"PARCELID":"222-002975","OWNERNME1":"MARBALLI VIKRAM M TTEE (MARBALLI FAMILY TRUST)","SITEADDRESS":"7704 OGDEN WOODS BL","RESYRBLT":2003,"RESFLRAREA_AG":2972,"STATEDAREA":11896,"ACRES":0.27309421,"SCHLDSCRP":"NEW ALBANY-PLAIN LSD","CVTTXDSCRP":"PLAIN TWP-NEW ALBANY CORP","CLASSCD":"510","CLASSDSCRP":"SINGLE FAMILY DWELLING, PLATTED LOT","SALEPRICE":0,"SALEDATE":1703048400000},"geometry":{"type":"Polygon","coordinates":[[[-82.8176211972834,40.07981664381231],[-82.81711213285196,40.0797326418034],[-82.81709489325873,40.07978591832274],[-82.8170737963098,40.079837788447406],[-82.8170489554237,40.07988797332028],[-82.81702050414665,40.07993620314427],[-82.81743742400346,40.08005266093533],[-82.81743769987519,40.08005273854295],[-82.81744022487909,40.08004983988309],[-82.81761943306206,40.079844094504985],[-82.8176211972834,40.07981664381231]]]}},{"type":"Feature","properties":{"PARCELID":"222-002976","OWNERNME1":"SHOCKET AARON","SITEADDRESS":"7714 OGDEN WOODS BL","RESYRBLT":2003,"RESFLRAREA_AG":3084,"STATEDAREA":12251,"ACRES":0.28125335,"SCHLDSCRP":"NEW ALBANY-PLAIN LSD","CVTTXDSCRP":"PLAIN TWP-NEW ALBANY CORP","CLASSCD":"510","CLASSDSCRP":"SINGLE FAMILY DWELLING, PLATTED LOT","SALEPRICE":1431000,"SALEDATE":1733115600000},"geometry":{"type":"Polygon","coordinates":[[[-82.81719261381426,40.08033411404606],[-82.81743769987519,40.08005273854295],[-82.81743742400346,40.08005266093533],[-82.81702050414665,40.07993620314427],[-82.81698518047017,40.07998747134673],[-82.81694635522908,40.08003614157746],[-82.81690421883812,40.08008197513788],[-82.81689727498853,40.0800889789463],[-82.8168922223541,40.08009474920257],[-82.81688817552877,40.08010126442911],[-82.816885242288,40.08010835111175],[-82.81688350075014,40.080115820517214],[-82.81688299729603,40.08012347371956],[-82.8168837453337,40.080131106897916],[-82.81688572494133,40.0801385167647],[-82.81688888339781,40.080145505979594],[-82.81689313658681,40.08015188840511],[-82.81689837123697,40.08015749406385],[-82.81690444793855,40.08016217366533],[-82.81691120485623,40.08016580258194],[-82.81706814140212,40.08025679073222],[-82.8171309444443,40.08029453991586],[-82.81719261381426,40.08033411404606]]]}},{"type":"Feature","properties":{"PARCELID":"222-002980","OWNERNME1":"VILLAGE OF NEW ALBANY","SITEADDRESS":"7642 ALPATH RD","RESYRBLT":null,"RESFLRAREA_AG":null,"STATEDAREA":20030,"ACRES":0.45977165,"SCHLDSCRP":"NEW ALBANY-PLAIN LSD","CVTTXDSCRP":"PLAIN TWP-NEW ALBANY CORP","CLASSCD":"640","CLASSDSCRP":"EXEMPT PROPERTY OWNED BY MUNICIPALS","SALEPRICE":0,"SALEDATE":1206334800000},"geometry":{"type":"Polygon","coordinates":[[[-82.81793855352572,40.078597802480786],[-82.8179269226647,40.07859102090735],[-82.81791438959218,40.07858610270045],[-82.81790125065747,40.07858316415298],[-82.8178878165358,40.078582274748044],[-82.81787440488216,40.078583455515954],[-82.81786133282029,40.07858667853701],[-82.81784890944415,40.07859186760162],[-82.81783742850928,40.078598900012345],[-82.81775838541206,40.07866142477371],[-82.817721465306,40.078686114549676],[-82.81768176432585,40.07870602714483],[-82.81763989739788,40.07872085413414],[-82.81759651299654,40.07873036586321],[-82.81755747537156,40.078739813505926],[-82.81752055233433,40.07875562120784],[-82.81748677206278,40.078777348779546],[-82.8176731289109,40.079005884441834],[-82.8181374261709,40.07902357208048],[-82.81814450485335,40.07891386374414],[-82.81814255847253,40.07886992502219],[-82.81813435206463,40.0788267155955],[-82.81812005413514,40.0787851227007],[-82.81809995826922,40.078746000381514],[-82.81807447710342,40.078710151952336],[-82.81804413385281,40.078678313503445],[-82.81800955156761,40.07865113878659],[-82.81793855352572,40.078597802480786]]]}},{"type":"Feature","properties":{"PARCELID":"222-003925","OWNERNME1":"BLAIR JOHN","SITEADDRESS":"7657 ODGEN WOODS BL","RESYRBLT":2018,"RESFLRAREA_AG":4134,"STATEDAREA":8377,"ACRES":0.19240262,"SCHLDSCRP":"NEW ALBANY-PLAIN LSD","CVTTXDSCRP":"PLAIN TWP-NEW ALBANY CORP","CLASSCD":"510","CLASSDSCRP":"SINGLE FAMILY DWELLING, PLATTED LOT","SALEPRICE":120000,"SALEDATE":1492750800000},"geometry":{"type":"Polygon","coordinates":[[[-82.81729478282732,40.078633581246734],[-82.81706424009742,40.07846125023333],[-82.81695455562638,40.078548028441254],[-82.81694803652634,40.07867027703278],[-82.81694863151543,40.07867879185272],[-82.81695065468497,40.07868708419591],[-82.81695404801934,40.078694916274344],[-82.8169587142126,40.07870206349836],[-82.81696451945878,40.07870832091695],[-82.81697129728892,40.0787135090948],[-82.81699162167789,40.078720013044254],[-82.81701124181028,40.07872840545451],[-82.81718411491498,40.078806288137514],[-82.8171899625198,40.07880898782334],[-82.81719618194573,40.078810661599555],[-82.81720259466742,40.078811261421286],[-82.8172090166111,40.07881077007098],[-82.81721526343824,40.07880920165258],[-82.81722115583698,40.078806601186706],[-82.81722652466912,40.078803043318366],[-82.81723121582516,40.07879863017428],[-82.81729270845914,40.07873764364919],[-82.81735860733248,40.07868144721899],[-82.81729478282732,40.078633581246734]]]}},{"type":"Feature","properties":{"PARCELID":"222-004142","OWNERNME1":"JENKINS VINCE M","SITEADDRESS":"21 S EALY CROSSING","RESYRBLT":2015,"RESFLRAREA_AG":4463,"STATEDAREA":32596,"ACRES":0.74829789,"SCHLDSCRP":"NEW ALBANY-PLAIN LSD","CVTTXDSCRP":"PLAIN TWP-NEW ALBANY CORP","CLASSCD":"510","CLASSDSCRP":"SINGLE FAMILY DWELLING, PLATTED LOT","SALEPRICE":222700,"SALEDATE":1396587600000},"geometry":{"type":"Polygon","coordinates":[[[-82.8181740934458,40.08040211307219],[-82.81820844633708,40.079866434170874],[-82.81761943306206,40.079844094504985],[-82.81744022487909,40.08004983988309],[-82.81761940230356,40.08018763469763],[-82.81777563514295,40.08030778177673],[-82.8179607979162,40.08045017908037],[-82.81803096460585,40.08043019439405],[-82.81810213702649,40.08041415573558],[-82.8181740934458,40.08040211307219]]]}},{"type":"Feature","properties":{"PARCELID":"222-004143","OWNERNME1":"DEBELLIS MARK","SITEADDRESS":"19 S EALY CROSSING","RESYRBLT":2019,"RESFLRAREA_AG":2870,"STATEDAREA":18948,"ACRES":0.43498381,"SCHLDSCRP":"NEW ALBANY-PLAIN LSD","CVTTXDSCRP":"PLAIN TWP-NEW ALBANY CORP","CLASSCD":"510","CLASSDSCRP":"SINGLE FAMILY DWELLING, PLATTED LOT","SALEPRICE":250000,"SALEDATE":1553662800000},"geometry":{"type":"Polygon","coordinates":[[[-82.81826205928674,40.079868459483926],[-82.81820844633708,40.079866434170874],[-82.8181740934458,40.08040211307219],[-82.81826326250746,40.08039269396079],[-82.81835285661414,40.08038912503005],[-82.81844249236147,40.08039142155268],[-82.81853178616693,40.08039957370106],[-82.81853179718374,40.080399419667856],[-82.81856514671894,40.07987996326258],[-82.81854727013148,40.079879260603654],[-82.81826205928674,40.079868459483926]]]}},{"type":"Feature","properties":{"PARCELID":"222-004144","OWNERNME1":"DUPLER CARRIE GEESE","SITEADDRESS":"17 S EALY CROSSING","RESYRBLT":2019,"RESFLRAREA_AG":3208,"STATEDAREA":20121,"ACRES":0.46192035,"SCHLDSCRP":"NEW ALBANY-PLAIN LSD","CVTTXDSCRP":"PLAIN TWP-NEW ALBANY CORP","CLASSCD":"510","CLASSDSCRP":"SINGLE FAMILY DWELLING, PLATTED LOT","SALEPRICE":0,"SALEDATE":1628053200000},"geometry":{"type":"Polygon","coordinates":[[[-82.8188328388893,40.07989011319646],[-82.81856514671894,40.07987996326258],[-82.81853179718374,40.080399419667856],[-82.81853178616693,40.08039957370106],[-82.81861431885898,40.08041240930239],[-82.81869584529292,40.080430570758494],[-82.81877602216476,40.08045398159232],[-82.81885451185344,40.08048254322196],[-82.81888350461307,40.08049428050564],[-82.81892220492354,40.07989351281651],[-82.8188328388893,40.07989011319646]]]}},{"type":"Feature","properties":{"PARCELID":"222-004145","OWNERNME1":"HOOPER CYNTHIA M TTEE (CYNTHIA M HOOPER TRUST)","SITEADDRESS":"15 EALY CROSSING SOUTH","RESYRBLT":2007,"RESFLRAREA_AG":3647,"STATEDAREA":24077,"ACRES":0.55272492,"SCHLDSCRP":"NEW ALBANY-PLAIN LSD","CVTTXDSCRP":"PLAIN TWP-NEW ALBANY CORP","CLASSCD":"510","CLASSDSCRP":"SINGLE FAMILY DWELLING, PLATTED LOT","SALEPRICE":0,"SALEDATE":1725339600000},"geometry":{"type":"Polygon","coordinates":[[[-82.81911842521882,40.0799009425329],[-82.81892220492354,40.07989351281651],[-82.81888350461307,40.08049428050564],[-82.81905858549374,40.08056516301539],[-82.81911562480363,40.08058496332823],[-82.81917426734286,40.08059933649259],[-82.81923399796474,40.08060815624709],[-82.81923402305246,40.08060774820513],[-82.81927924675875,40.079907040616725],[-82.81911842521882,40.0799009425329]]]}},{"type":"Feature","properties":{"PARCELID":"222-004146","OWNERNME1":"HUNTER JENNIFER F TR","SITEADDRESS":"13 S EALY CROSSING","RESYRBLT":2014,"RESFLRAREA_AG":3876,"STATEDAREA":22506,"ACRES":0.51665822,"SCHLDSCRP":"NEW ALBANY-PLAIN LSD","CVTTXDSCRP":"PLAIN TWP-NEW ALBANY CORP","CLASSCD":"510","CLASSDSCRP":"SINGLE FAMILY DWELLING, PLATTED LOT","SALEPRICE":0,"SALEDATE":1610427600000},"geometry":{"type":"Polygon","coordinates":[[[-82.81942185060518,40.07991244768883],[-82.81927924675875,40.079907040616725],[-82.81923402305246,40.08060774820513],[-82.81923399796474,40.08060815624709],[-82.81930044842025,40.08061176543999],[-82.81936693087988,40.08060880370556],[-82.81943279716384,40.08059929991963],[-82.81949740509981,40.08058334674067],[-82.81955889113145,40.08056469109932],[-82.81960021214687,40.079919209147704],[-82.81942185060518,40.07991244768883]]]}},{"type":"Feature","properties":{"PARCELID":"222-004147","OWNERNME1":"CANTISANO JOYCE TR","SITEADDRESS":"11 S EALY CROSSING","RESYRBLT":2008,"RESFLRAREA_AG":3397,"STATEDAREA":21425,"ACRES":0.49184582,"SCHLDSCRP":"NEW ALBANY-PLAIN LSD","CVTTXDSCRP":"PLAIN TWP-NEW ALBANY CORP","CLASSCD":"510","CLASSDSCRP":"SINGLE FAMILY DWELLING, PLATTED LOT","SALEPRICE":255000,"SALEDATE":1189400400000},"geometry":{"type":"Polygon","coordinates":[[[-82.81974317475442,40.07992460584864],[-82.81960021214687,40.079919209147704],[-82.81955889113145,40.08056469109932],[-82.81971205756034,40.08051821950803],[-82.8197814476822,40.08049925443048],[-82.8198517742703,40.08048412716428],[-82.81992282523353,40.080472883330295],[-82.81995727069331,40.079932742048484],[-82.81974317475442,40.07992460584864]]]}},{"type":"Feature","properties":{"PARCELID":"222-004148","OWNERNME1":" THE PATRICIA J MCCLIMON QUALIFIED PERSONAL RESIDENCE TRUST","SITEADDRESS":"9 S EALY CROSSING","RESYRBLT":2022,"RESFLRAREA_AG":5209,"STATEDAREA":19133,"ACRES":0.43923945,"SCHLDSCRP":"NEW ALBANY-PLAIN LSD","CVTTXDSCRP":"PLAIN TWP-NEW ALBANY CORP","CLASSCD":"510","CLASSDSCRP":"SINGLE FAMILY DWELLING, PLATTED LOT","SALEPRICE":0,"SALEDATE":1722229200000},"geometry":{"type":"Polygon","coordinates":[[[-82.82006414158562,40.079936796525025],[-82.81995727069331,40.079932742048484],[-82.81992282523353,40.080472883330295],[-82.81999890361612,40.080465081225526],[-82.82007529919338,40.08046154443118],[-82.82015177302002,40.080462284009414],[-82.82028063952916,40.08046714926711],[-82.82031397299195,40.079946279338834],[-82.82006414158562,40.079936796525025]]]}},{"type":"Feature","properties":{"PARCELID":"222-004149","OWNERNME1":"MULLIN BRADFORD","SITEADDRESS":"7 S EALY CROSSING","RESYRBLT":2017,"RESFLRAREA_AG":5201,"STATEDAREA":23753,"ACRES":0.54528257,"SCHLDSCRP":"NEW ALBANY-PLAIN LSD","CVTTXDSCRP":"PLAIN TWP-NEW ALBANY CORP","CLASSCD":"510","CLASSDSCRP":"SINGLE FAMILY DWELLING, PLATTED LOT","SALEPRICE":270000,"SALEDATE":1454562000000},"geometry":{"type":"Polygon","coordinates":[[[-82.82028063952916,40.08046714926711],[-82.82072669835968,40.080484026218],[-82.82076038273165,40.079963195727196],[-82.82070676722861,40.07996115805116],[-82.82038544718114,40.07994894847715],[-82.82031397299195,40.079946279338834],[-82.82028063952916,40.08046714926711]]]}},{"type":"Feature","properties":{"PARCELID":"222-004150","OWNERNME1":"WOLT CINDY B TR","SITEADDRESS":"5 S EALY CROSSING","RESYRBLT":2015,"RESFLRAREA_AG":3919,"STATEDAREA":23750,"ACRES":0.54522374,"SCHLDSCRP":"NEW ALBANY-PLAIN LSD","CVTTXDSCRP":"PLAIN TWP-NEW ALBANY CORP","CLASSCD":"510","CLASSDSCRP":"SINGLE FAMILY DWELLING, PLATTED LOT","SALEPRICE":0,"SALEDATE":1667970000000},"geometry":{"type":"Polygon","coordinates":[[[-82.82072669835968,40.080484026218],[-82.82117311145653,40.08050089690644],[-82.82120643387364,40.07998009789157],[-82.82099233772126,40.079971981078266],[-82.82076038273165,40.079963195727196],[-82.82072669835968,40.080484026218]]]}},{"type":"Feature","properties":{"PARCELID":"222-004151","OWNERNME1":"DONALDSON JEFFREY H TR","SITEADDRESS":"3 S EALY CROSSING","RESYRBLT":2011,"RESFLRAREA_AG":4868,"STATEDAREA":38866,"ACRES":0.89224485,"SCHLDSCRP":"NEW ALBANY-PLAIN LSD","CVTTXDSCRP":"PLAIN TWP-NEW ALBANY CORP","CLASSCD":"510","CLASSDSCRP":"SINGLE FAMILY DWELLING, PLATTED LOT","SALEPRICE":2150000,"SALEDATE":1634014800000},"geometry":{"type":"Polygon","coordinates":[[[-82.82127790595824,40.07998280341797],[-82.82120643387364,40.07998009789157],[-82.82117311145653,40.08050089690644],[-82.82126210657763,40.080504260639096],[-82.82162131064679,40.08051782675739],[-82.82190202827177,40.080528579801985],[-82.82193366640124,40.080071450731126],[-82.8219380592328,40.0800077533398],[-82.82161888978173,40.07999572587039],[-82.82127790595824,40.07998280341797]]]}},{"type":"Feature","properties":{"PARCELID":"222-004152","OWNERNME1":"ECHEVERRY KAILEN","SITEADDRESS":"1 S EALY CROSSING","RESYRBLT":2021,"RESFLRAREA_AG":5179,"STATEDAREA":26130,"ACRES":0.59987398,"SCHLDSCRP":"NEW ALBANY-PLAIN LSD","CVTTXDSCRP":"PLAIN TWP-NEW ALBANY CORP","CLASSCD":"510","CLASSDSCRP":"SINGLE FAMILY DWELLING, PLATTED LOT","SALEPRICE":420000,"SALEDATE":1568782800000},"geometry":{"type":"Polygon","coordinates":[[[-82.82126210657763,40.080504260639096],[-82.82124460603222,40.080778450663864],[-82.82123655636708,40.0809045626806],[-82.8216231715135,40.080919149020936],[-82.82187435489784,40.080928614919365],[-82.82188306886414,40.08080265233947],[-82.82190202827177,40.080528579801985],[-82.82162131064679,40.08051782675739],[-82.82126210657763,40.080504260639096]]]}},{"type":"Feature","properties":{"PARCELID":"222-004154","OWNERNME1":"VANDERVOORT CRAIG M TTEE","SITEADDRESS":"25 N EALY CROSSING","RESYRBLT":2011,"RESFLRAREA_AG":3916,"STATEDAREA":23891,"ACRES":0.54846518,"SCHLDSCRP":"NEW ALBANY-PLAIN LSD","CVTTXDSCRP":"PLAIN TWP-NEW ALBANY CORP","CLASSCD":"510","CLASSDSCRP":"SINGLE FAMILY DWELLING, PLATTED LOT","SALEPRICE":3200000,"SALEDATE":1780549200000},"geometry":{"type":"Polygon","coordinates":[[[-82.8216231715135,40.080919149020936],[-82.82123655636708,40.0809045626806],[-82.8212285056212,40.08103070081106],[-82.82121312884593,40.08127163646396],[-82.8216248783834,40.08128725555789],[-82.82184896579767,40.081295699609946],[-82.82186562558523,40.08105481439337],[-82.82187435489784,40.080928614919365],[-82.8216231715135,40.080919149020936]]]}},{"type":"Feature","properties":{"PARCELID":"222-004155","OWNERNME1":"WORLEY STEPHANIE L","SITEADDRESS":"16 S EALY CROSSING","RESYRBLT":2018,"RESFLRAREA_AG":3573,"STATEDAREA":8202,"ACRES":0.1882725,"SCHLDSCRP":"NEW ALBANY-PLAIN LSD","CVTTXDSCRP":"PLAIN TWP-NEW ALBANY CORP","CLASSCD":"510","CLASSDSCRP":"SINGLE FAMILY DWELLING, PLATTED LOT","SALEPRICE":0,"SALEDATE":1754542800000},"geometry":{"type":"Polygon","coordinates":[[[-82.81798825796925,40.08056059004711],[-82.81798851784298,40.08056101352876],[-82.81808274691993,40.08071504202124],[-82.81815427337823,40.08083196303836],[-82.81830067125144,40.08080658665548],[-82.81834459320079,40.080799056643606],[-82.81831111832015,40.08050069061248],[-82.81831102667027,40.0804998803167],[-82.81822890257048,40.08050629052263],[-82.81814745255424,40.08051859309804],[-82.81806709884151,40.08053672426894],[-82.81798825796925,40.08056059004711]]]}},{"type":"Feature","properties":{"PARCELID":"222-004156","OWNERNME1":"HORNING HEATH M","SITEADDRESS":"14 S EALY CROSSING","RESYRBLT":2016,"RESFLRAREA_AG":3778,"STATEDAREA":7634,"ACRES":0.17524456,"SCHLDSCRP":"NEW ALBANY-PLAIN LSD","CVTTXDSCRP":"PLAIN TWP-NEW ALBANY CORP","CLASSCD":"510","CLASSDSCRP":"SINGLE FAMILY DWELLING, PLATTED LOT","SALEPRICE":925000,"SALEDATE":1594098000000},"geometry":{"type":"Polygon","coordinates":[[[-82.81831102667027,40.0804998803167],[-82.81831111832015,40.08050069061248],[-82.81834459320079,40.080799056643606],[-82.81852367885548,40.080810100151965],[-82.81862739972593,40.080529108782585],[-82.81862745183875,40.08052896814705],[-82.81854926852567,40.080513655651295],[-82.81847022720466,40.08050367704691],[-82.81839069134006,40.08049907821962],[-82.81831102667027,40.0804998803167]]]}},{"type":"Feature","properties":{"PARCELID":"222-004157","OWNERNME1":"ANGART JEFFREY L","SITEADDRESS":"12 S EALY CROSSING","RESYRBLT":2015,"RESFLRAREA_AG":3320,"STATEDAREA":7772,"ACRES":0.17841814,"SCHLDSCRP":"NEW ALBANY-PLAIN LSD","CVTTXDSCRP":"PLAIN TWP-NEW ALBANY CORP","CLASSCD":"510","CLASSDSCRP":"SINGLE FAMILY DWELLING, PLATTED LOT","SALEPRICE":124100,"SALEDATE":1398920400000},"geometry":{"type":"Polygon","coordinates":[[[-82.81862745183875,40.08052896814705],[-82.81862739972593,40.080529108782585],[-82.81852367885548,40.080810100151965],[-82.81881924122854,40.08082850969336],[-82.81883817647375,40.08078297273612],[-82.81886088729065,40.080739196295184],[-82.81888721162909,40.08069749273188],[-82.81889205393017,40.08068808606911],[-82.81889521777133,40.08067799036243],[-82.81889661010241,40.08066750253147],[-82.81889618997432,40.08065693102842],[-82.81889396974321,40.08064658676634],[-82.81889001470716,40.080636773974994],[-82.8188844411857,40.080627781253334],[-82.8188774130988,40.08061987308169],[-82.81886913714592,40.08061328204322],[-82.81885985672686,40.08060820198356],[-82.81884984478323,40.080604782309756],[-82.81878777611804,40.08057962295462],[-82.81870859806175,40.08055118089179],[-82.81862745183875,40.08052896814705]]]}},{"type":"Feature","properties":{"PARCELID":"222-004158","OWNERNME1":"MORGAN KAREN TR","SITEADDRESS":"10 EALY CROSSING SOUTH","RESYRBLT":2021,"RESFLRAREA_AG":3860,"STATEDAREA":12002,"ACRES":0.2755331,"SCHLDSCRP":"NEW ALBANY-PLAIN LSD","CVTTXDSCRP":"PLAIN TWP-NEW ALBANY CORP","CLASSCD":"510","CLASSDSCRP":"SINGLE FAMILY DWELLING, PLATTED LOT","SALEPRICE":150000,"SALEDATE":1483419600000},"geometry":{"type":"Polygon","coordinates":[[[-82.81955126779133,40.08068526042499],[-82.81926394616332,40.08077268017523],[-82.81913434120138,40.080720053155716],[-82.8191185927577,40.0807146745036],[-82.81910218739814,40.08071188030341],[-82.81908554635454,40.08071174230039],[-82.81906909691028,40.080714264037944],[-82.81905326142913,40.080719380766745],[-82.81903844651048,40.08072696110723],[-82.81902503254922,40.080736810422955],[-82.81901336396864,40.08074867581819],[-82.81898359435554,40.08079754975365],[-82.81895992220934,40.08084965081818],[-82.81894269155352,40.080904221835496],[-82.8189435959667,40.08090432475231],[-82.81953296343384,40.08097070179054],[-82.81954028788843,40.08085675363437],[-82.81955126779133,40.08068526042499]]]}},{"type":"Feature","properties":{"PARCELID":"222-004159","OWNERNME1":"CONNOLLY PATRICK","SITEADDRESS":"8 S EALY CROSSING","RESYRBLT":2007,"RESFLRAREA_AG":4935,"STATEDAREA":17245,"ACRES":0.39589692,"SCHLDSCRP":"NEW ALBANY-PLAIN LSD","CVTTXDSCRP":"PLAIN TWP-NEW ALBANY CORP","CLASSCD":"510","CLASSDSCRP":"SINGLE FAMILY DWELLING, PLATTED LOT","SALEPRICE":2750000,"SALEDATE":1727067600000},"geometry":{"type":"Polygon","coordinates":[[[-82.8197648144671,40.080620288307436],[-82.81955126779133,40.08068526042499],[-82.81954028788843,40.08085675363437],[-82.81998626835158,40.08087367774137],[-82.82018248926363,40.080881121895814],[-82.82020216041902,40.08057411621842],[-82.82014477807154,40.08057195345534],[-82.82006783692168,40.08057149210924],[-82.81999103407732,40.08057612638131],[-82.81991470663777,40.080585835931004],[-82.81983918961582,40.08060057814165],[-82.8197648144671,40.080620288307436]]]}},{"type":"Feature","properties":{"PARCELID":"222-004160","OWNERNME1":"MENDOZA SANDRA L TTEE","SITEADDRESS":"6 S EALY CROSSING","RESYRBLT":2016,"RESFLRAREA_AG":3318,"STATEDAREA":8400,"ACRES":0.19282883,"SCHLDSCRP":"NEW ALBANY-PLAIN LSD","CVTTXDSCRP":"PLAIN TWP-NEW ALBANY CORP","CLASSCD":"510","CLASSDSCRP":"SINGLE FAMILY DWELLING, PLATTED LOT","SALEPRICE":2300000,"SALEDATE":1756962000000},"geometry":{"type":"Polygon","coordinates":[[[-82.82023610310092,40.08088315621427],[-82.82045020199388,40.08089127800448],[-82.82046985757796,40.08058420297612],[-82.82020216041902,40.08057411621842],[-82.82018248926363,40.080881121895814],[-82.82023610310092,40.08088315621427]]]}},{"type":"Feature","properties":{"PARCELID":"222-004161","OWNERNME1":"DILLON RODERICK H JR","SITEADDRESS":"4 S EALY CROSSING","RESYRBLT":2015,"RESFLRAREA_AG":4339,"STATEDAREA":11204,"ACRES":0.2572126,"SCHLDSCRP":"NEW ALBANY-PLAIN LSD","CVTTXDSCRP":"PLAIN TWP-NEW ALBANY CORP","CLASSCD":"510","CLASSDSCRP":"SINGLE FAMILY DWELLING, PLATTED LOT","SALEPRICE":182400,"SALEDATE":1409202000000},"geometry":{"type":"Polygon","coordinates":[[[-82.82052167502118,40.080893991194415],[-82.82080711451907,40.08090481953818],[-82.82082692636013,40.08059764855695],[-82.82046985757796,40.08058420297612],[-82.82045020199388,40.08089127800448],[-82.82052167502118,40.080893991194415]]]}},{"type":"Feature","properties":{"PARCELID":"222-004162","OWNERNME1":"HARPER MATTHEW","SITEADDRESS":"2 S EALY CROSSING","RESYRBLT":2018,"RESFLRAREA_AG":4404,"STATEDAREA":8316,"ACRES":0.19091503,"SCHLDSCRP":"NEW ALBANY-PLAIN LSD","CVTTXDSCRP":"PLAIN TWP-NEW ALBANY CORP","CLASSCD":"510","CLASSDSCRP":"SINGLE FAMILY DWELLING, PLATTED LOT","SALEPRICE":1325000,"SALEDATE":1558414800000},"geometry":{"type":"Polygon","coordinates":[[[-82.82082692636013,40.08059764855695],[-82.82080711451907,40.08090481953818],[-82.82109273821212,40.08091565479135],[-82.82110283650867,40.080759436288425],[-82.82109851786636,40.080732582392514],[-82.82109004351716,40.08070673731943],[-82.82107762294929,40.08068253996645],[-82.8210615632026,40.08066058849877],[-82.82104226127844,40.08064142556267],[-82.82102019432561,40.08062552487117],[-82.82099590784526,40.08061327949371],[-82.8209700022058,40.08060499213939],[-82.82094311780175,40.08060086767386],[-82.82091591922293,40.08060100805504],[-82.82082692636013,40.08059764855695]]]}},{"type":"Feature","properties":{"PARCELID":"222-004163","OWNERNME1":"MCBURNEY SHANNON","SITEADDRESS":"27 N EALY CROSSING","RESYRBLT":2014,"RESFLRAREA_AG":4018,"STATEDAREA":7224,"ACRES":0.16584654,"SCHLDSCRP":"NEW ALBANY-PLAIN LSD","CVTTXDSCRP":"PLAIN TWP-NEW ALBANY CORP","CLASSCD":"510","CLASSDSCRP":"SINGLE FAMILY DWELLING, PLATTED LOT","SALEPRICE":164200,"SALEDATE":1294981200000},"geometry":{"type":"Polygon","coordinates":[[[-82.82109273821212,40.08091565479135],[-82.82080711451907,40.08090481953818],[-82.82078926305728,40.08118162395888],[-82.82090071360429,40.0811764123724],[-82.82092899687817,40.08117569505614],[-82.82095680995657,40.08117050942278],[-82.82098345141496,40.08116098625003],[-82.8210082493761,40.08114736570502],[-82.82103057845443,40.081129991287476],[-82.82104987552765,40.081109301166904],[-82.82106565393833,40.08108581713233],[-82.82107751576706,40.081060131433134],[-82.82108516186756,40.081032891842995],[-82.82109273821212,40.08091565479135]]]}},{"type":"Feature","properties":{"PARCELID":"222-004164","OWNERNME1":"DILLON RODERICK H JR","SITEADDRESS":"29 N EALY CROSSING","RESYRBLT":null,"RESFLRAREA_AG":null,"STATEDAREA":8426,"ACRES":0.19344017,"SCHLDSCRP":"NEW ALBANY-PLAIN LSD","CVTTXDSCRP":"PLAIN TWP-NEW ALBANY CORP","CLASSCD":"500","CLASSDSCRP":"RESIDENTIAL, VACANT LAND, LOT","SALEPRICE":397900,"SALEDATE":1585285200000},"geometry":{"type":"Polygon","coordinates":[[[-82.82052167502118,40.080893991194415],[-82.82050235157487,40.08119501953325],[-82.82078926305728,40.08118162395888],[-82.82080711451907,40.08090481953818],[-82.82052167502118,40.080893991194415]]]}},{"type":"Feature","properties":{"PARCELID":"222-004165","OWNERNME1":"DILLON RODERICK H JR","SITEADDRESS":"31 N EALY CROSSING","RESYRBLT":null,"RESFLRAREA_AG":null,"STATEDAREA":9141,"ACRES":0.20983926,"SCHLDSCRP":"NEW ALBANY-PLAIN LSD","CVTTXDSCRP":"PLAIN TWP-NEW ALBANY CORP","CLASSCD":"500","CLASSDSCRP":"RESIDENTIAL, VACANT LAND, LOT","SALEPRICE":397900,"SALEDATE":1585285200000},"geometry":{"type":"Polygon","coordinates":[[[-82.82023610310092,40.08088315621427],[-82.82021510476218,40.08120843513371],[-82.82050235157487,40.08119501953325],[-82.82052167502118,40.080893991194415],[-82.82045020199388,40.08089127800448],[-82.82023610310092,40.08088315621427]]]}},{"type":"Feature","properties":{"PARCELID":"222-004166","OWNERNME1":"WILLIAMS PAUL S","SITEADDRESS":"33 N EALY CROSSING","RESYRBLT":2009,"RESFLRAREA_AG":3243,"STATEDAREA":8575,"ACRES":0.19685695,"SCHLDSCRP":"NEW ALBANY-PLAIN LSD","CVTTXDSCRP":"PLAIN TWP-NEW ALBANY CORP","CLASSCD":"510","CLASSDSCRP":"SINGLE FAMILY DWELLING, PLATTED LOT","SALEPRICE":1250000,"SALEDATE":1630040400000},"geometry":{"type":"Polygon","coordinates":[[[-82.81998626835158,40.08087367774137],[-82.81996392458824,40.081220165002684],[-82.82021510476218,40.08120843513371],[-82.82023610310092,40.08088315621427],[-82.82018248926363,40.080881121895814],[-82.81998626835158,40.08087367774137]]]}},{"type":"Feature","properties":{"PARCELID":"222-004167","OWNERNME1":"EBBING WILLIAM G","SITEADDRESS":"35 N EALY CROSSING","RESYRBLT":2009,"RESFLRAREA_AG":3917,"STATEDAREA":17064,"ACRES":0.39172493,"SCHLDSCRP":"NEW ALBANY-PLAIN LSD","CVTTXDSCRP":"PLAIN TWP-NEW ALBANY CORP","CLASSCD":"510","CLASSDSCRP":"SINGLE FAMILY DWELLING, PLATTED LOT","SALEPRICE":262000,"SALEDATE":1191301200000},"geometry":{"type":"Polygon","coordinates":[[[-82.81953296343384,40.08097070179054],[-82.81952423008353,40.08110763989294],[-82.8195137041002,40.08127207650453],[-82.81964546304437,40.08124877033053],[-82.81977824544677,40.08123226485487],[-82.81991170052848,40.081222603681006],[-82.81996392458824,40.081220165002684],[-82.81998626835158,40.08087367774137],[-82.81954028788843,40.08085675363437],[-82.81953296343384,40.08097070179054]]]}},{"type":"Feature","properties":{"PARCELID":"222-004168","OWNERNME1":"DAVIS TODD C","SITEADDRESS":"17 HAYSTOWN","RESYRBLT":2015,"RESFLRAREA_AG":4428,"STATEDAREA":9378,"ACRES":0.2152883,"SCHLDSCRP":"NEW ALBANY-PLAIN LSD","CVTTXDSCRP":"PLAIN TWP-NEW ALBANY CORP","CLASSCD":"510","CLASSDSCRP":"SINGLE FAMILY DWELLING, PLATTED LOT","SALEPRICE":2085000,"SALEDATE":1746507600000},"geometry":{"type":"Polygon","coordinates":[[[-82.81897025088654,40.081188813648595],[-82.81899378802424,40.08123425207951],[-82.8190218344895,40.08127705445844],[-82.81906463070518,40.08133595579721],[-82.81907761049276,40.081348492744524],[-82.81909256657481,40.08135859054344],[-82.81910904633357,40.081365943602975],[-82.81912655104,40.081370329396584],[-82.819144550947,40.081371615196424],[-82.81916250132112,40.08136976209019],[-82.8191798589279,40.08136482615866],[-82.81928964613114,40.08132868911729],[-82.81940100983186,40.08129774979097],[-82.8195137041002,40.08127207650453],[-82.81952423008353,40.08110763989294],[-82.81952385632405,40.081107693143906],[-82.81897025088654,40.081188813648595]]]}},{"type":"Feature","properties":{"PARCELID":"222-004169","OWNERNME1":"ALLEN CHRISTOPHER E","SITEADDRESS":"15 HAYS TOWN","RESYRBLT":2013,"RESFLRAREA_AG":3826,"STATEDAREA":12774,"ACRES":0.29325708,"SCHLDSCRP":"NEW ALBANY-PLAIN LSD","CVTTXDSCRP":"PLAIN TWP-NEW ALBANY CORP","CLASSCD":"510","CLASSDSCRP":"SINGLE FAMILY DWELLING, PLATTED LOT","SALEPRICE":1415100,"SALEDATE":1649048400000},"geometry":{"type":"Polygon","coordinates":[[[-82.8189435959667,40.08090432475231],[-82.81894269155352,40.080904221835496],[-82.81893378309064,40.08095194152398],[-82.81893028510467,40.08100035942845],[-82.81893224177189,40.08104886407599],[-82.81893962838143,40.08109684289818],[-82.8189523516473,40.08114368996729],[-82.81897025088654,40.081188813648595],[-82.81952385632405,40.081107693143906],[-82.81952423008353,40.08110763989294],[-82.81953296343384,40.08097070179054],[-82.8189435959667,40.08090432475231]]]}},{"type":"Feature","properties":{"PARCELID":"222-004172","OWNERNME1":"ZYCK RAYMOND","SITEADDRESS":"16 HAYS TOWN","RESYRBLT":2018,"RESFLRAREA_AG":3807,"STATEDAREA":8778,"ACRES":0.20151044,"SCHLDSCRP":"NEW ALBANY-PLAIN LSD","CVTTXDSCRP":"PLAIN TWP-NEW ALBANY CORP","CLASSCD":"510","CLASSDSCRP":"SINGLE FAMILY DWELLING, PLATTED LOT","SALEPRICE":2325027,"SALEDATE":1678856400000},"geometry":{"type":"Polygon","coordinates":[[[-82.8185275384933,40.08133960894878],[-82.81884401462179,40.08124324100094],[-82.81882211225833,40.08119353542613],[-82.81880538566665,40.081141857782775],[-82.81879400876898,40.08108874541236],[-82.81878809986169,40.08103475057458],[-82.81841410502274,40.08107309786896],[-82.81847443834417,40.08121485253571],[-82.8185275384933,40.08133960894878]]]}},{"type":"Feature","properties":{"PARCELID":"222-004173","OWNERNME1":"CLARK CHRISTOPHER M","SITEADDRESS":"14 HAYS TOWN","RESYRBLT":2015,"RESFLRAREA_AG":4463,"STATEDAREA":10888,"ACRES":0.2499464,"SCHLDSCRP":"NEW ALBANY-PLAIN LSD","CVTTXDSCRP":"PLAIN TWP-NEW ALBANY CORP","CLASSCD":"510","CLASSDSCRP":"SINGLE FAMILY DWELLING, PLATTED LOT","SALEPRICE":134700,"SALEDATE":1370840400000},"geometry":{"type":"Polygon","coordinates":[[[-82.81834459320079,40.080799056643606],[-82.81830067125144,40.08080658665548],[-82.8183086097225,40.0808252346867],[-82.81839437006326,40.081026726977626],[-82.81841410502274,40.08107309786896],[-82.81878809986169,40.08103475057458],[-82.81878798611044,40.08098226965985],[-82.81879318297403,40.0809300465619],[-82.81880363711305,40.0808786172869],[-82.81881924122854,40.08082850969336],[-82.81852367885548,40.080810100151965],[-82.81834459320079,40.080799056643606]]]}},{"type":"Feature","properties":{"PARCELID":"222-004177","OWNERNME1":"VILLAGE OF NEW ALBANY OHIO","SITEADDRESS":"42 N EALY CROSSING","RESYRBLT":null,"RESFLRAREA_AG":null,"STATEDAREA":92825,"ACRES":2.13129237,"SCHLDSCRP":"NEW ALBANY-PLAIN LSD","CVTTXDSCRP":"PLAIN TWP-NEW ALBANY CORP","CLASSCD":"640","CLASSDSCRP":"EXEMPT PROPERTY OWNED BY MUNICIPALS","SALEPRICE":0,"SALEDATE":1183006800000},"geometry":{"type":"Polygon","coordinates":[[[-82.82162558098409,40.08143877849539],[-82.82183922187124,40.08142611576893],[-82.82184896579767,40.081295699609946],[-82.8216248783834,40.08128725555789],[-82.82121312884593,40.08127163646396],[-82.81992010010106,40.08133247614791],[-82.81979861209044,40.08134011310223],[-82.81967772557911,40.08135439985053],[-82.81955780427563,40.081375293408605],[-82.81943920898455,40.08140273091447],[-82.81932229652084,40.0814366298175],[-82.81920741863642,40.08147688812684],[-82.81909492096185,40.08152338471821],[-82.81898514196631,40.081575979698364],[-82.81887841193944,40.08163451482594],[-82.81877505199748,40.081698813987636],[-82.81831835120867,40.08201161460278],[-82.8183251030506,40.082081044585806],[-82.81823737381978,40.08214930742823],[-82.81805364690213,40.082292262176736],[-82.81789779216587,40.08241352856894],[-82.81775418273772,40.082421327910126],[-82.8177782099182,40.082463520469794],[-82.81780065768115,40.08250657410416],[-82.818202079567,40.08252854724983],[-82.8184328916957,40.08236321803232],[-82.81867815468098,40.08207624603906],[-82.81885532797091,40.08190392587073],[-82.81905446702912,40.08176750602231],[-82.81939044398794,40.08162522223275],[-82.81980021431204,40.08152144380341],[-82.82039603658312,40.08154397916102],[-82.82080138314059,40.08148824661574],[-82.82162558098409,40.08143877849539]]]}},{"type":"Feature","properties":{"PARCELID":"222-004247","OWNERNME1":"VILLAGE OF NEW ALBANY OH","SITEADDRESS":"MARKET ST","RESYRBLT":null,"RESFLRAREA_AG":null,"STATEDAREA":6562,"ACRES":0.15064573,"SCHLDSCRP":"NEW ALBANY-PLAIN LSD","CVTTXDSCRP":"PLAIN TWP-NEW ALBANY CORP","CLASSCD":"660","CLASSDSCRP":"EXEMPT PROPERTY OWNED PARK DIST.PUB","SALEPRICE":0,"SALEDATE":941778000000},"geometry":{"type":"Polygon","coordinates":[[[-82.818202079567,40.08252854724983],[-82.81780065768115,40.08250657410416],[-82.81787101633526,40.08264749135549],[-82.81788606732493,40.08266762654185],[-82.81790423212755,40.08268500463052],[-82.81792501355154,40.0826991499632],[-82.81794784278541,40.082709675365834],[-82.81797209496675,40.082716292746035],[-82.81799710628539,40.08271882097849],[-82.81802219215277,40.08271719086256],[-82.81818390515713,40.08269743891844],[-82.818202079567,40.08252854724983]]]}},{"type":"Feature","properties":{"PARCELID":"222-004428","OWNERNME1":"LUCAS ROBERTA R TR","SITEADDRESS":"101 KESWICK DR","RESYRBLT":2012,"RESFLRAREA_AG":2459,"STATEDAREA":6968,"ACRES":0.15996047,"SCHLDSCRP":"NEW ALBANY-PLAIN LSD","CVTTXDSCRP":"PLAIN TWP-NEW ALBANY CORP","CLASSCD":"510","CLASSDSCRP":"SINGLE FAMILY DWELLING, PLATTED LOT","SALEPRICE":660000,"SALEDATE":1603774800000},"geometry":{"type":"Polygon","coordinates":[[[-82.81765963773661,40.0822821213413],[-82.81770901631924,40.0823502942368],[-82.81775418273772,40.082421327910126],[-82.81789779216587,40.08241352856894],[-82.81805364690213,40.082292262176736],[-82.81776170010471,40.08212974882646],[-82.81771610757187,40.082175321118875],[-82.81766805670229,40.082218293514885],[-82.81766266902034,40.08222302452834],[-82.81765810273512,40.082228552515716],[-82.81765447419053,40.08223473662998],[-82.8176518758379,40.08224141930673],[-82.81765037388035,40.08224843027875],[-82.81765000658613,40.0822555909142],[-82.81765078331348,40.082262718768],[-82.81765268427226,40.082269632230286],[-82.81765566102813,40.082276155153686],[-82.81765963773661,40.0822821213413]]]}},{"type":"Feature","properties":{"PARCELID":"222-004429","OWNERNME1":"SKASKO ANDREW E","SITEADDRESS":"109 KESWICK DR","RESYRBLT":2014,"RESFLRAREA_AG":2518,"STATEDAREA":6857,"ACRES":0.15740837,"SCHLDSCRP":"NEW ALBANY-PLAIN LSD","CVTTXDSCRP":"PLAIN TWP-NEW ALBANY CORP","CLASSCD":"510","CLASSDSCRP":"SINGLE FAMILY DWELLING, PLATTED LOT","SALEPRICE":0,"SALEDATE":1766466000000},"geometry":{"type":"Polygon","coordinates":[[[-82.81776170010471,40.08212974882646],[-82.81805364690213,40.082292262176736],[-82.81823737381978,40.08214930742823],[-82.81786622913067,40.08200020795658],[-82.8178165365903,40.08206705376581],[-82.81776170010471,40.08212974882646]]]}},{"type":"Feature","properties":{"PARCELID":"222-004430","OWNERNME1":"JOHNSON SCOTT A","SITEADDRESS":"117 KESWICK DR","RESYRBLT":2013,"RESFLRAREA_AG":2533,"STATEDAREA":7072,"ACRES":0.16234542,"SCHLDSCRP":"NEW ALBANY-PLAIN LSD","CVTTXDSCRP":"PLAIN TWP-NEW ALBANY CORP","CLASSCD":"510","CLASSDSCRP":"SINGLE FAMILY DWELLING, PLATTED LOT","SALEPRICE":1300000,"SALEDATE":1715058000000},"geometry":{"type":"Polygon","coordinates":[[[-82.81786622913067,40.08200020795658],[-82.81823737381978,40.08214930742823],[-82.8183251030506,40.082081044585806],[-82.81831835120867,40.08201161460278],[-82.81814644445383,40.08192481776681],[-82.81810660722265,40.08190686057308],[-82.81806544742156,40.081892186222305],[-82.81802323506218,40.08188089097943],[-82.81800821328441,40.081877997698946],[-82.81799292541332,40.0818774446376],[-82.8179777338395,40.08187924490539],[-82.81796299867086,40.081883355827955],[-82.81794906919647,40.08188967995815],[-82.8179362756069,40.081898067385936],[-82.81792492116712,40.081908319291934],[-82.81791527502791,40.08192019266036],[-82.81789172772372,40.081960798336084],[-82.81786622913067,40.08200020795658]]]}},{"type":"Feature","properties":{"PARCELID":"222-004431","OWNERNME1":"RABE STEVEN DAVID","SITEADDRESS":"125 KESWICK DR","RESYRBLT":2011,"RESFLRAREA_AG":2516,"STATEDAREA":8358,"ACRES":0.19186507,"SCHLDSCRP":"NEW ALBANY-PLAIN LSD","CVTTXDSCRP":"PLAIN TWP-NEW ALBANY CORP","CLASSCD":"510","CLASSDSCRP":"SINGLE FAMILY DWELLING, PLATTED LOT","SALEPRICE":679900,"SALEDATE":1509339600000},"geometry":{"type":"Polygon","coordinates":[[[-82.81801602822429,40.08161088959421],[-82.81800951726068,40.08165463916466],[-82.81800065937267,40.08169797454722],[-82.81800021165962,40.08170902426051],[-82.81800151837345,40.08172000556781],[-82.81800454657623,40.08173064166666],[-82.818009219937,40.0817406644562],[-82.81801542065577,40.08174982129505],[-82.81802299243293,40.081757881369576],[-82.81803174440903,40.08176464151198],[-82.8180414559757,40.08176993132141],[-82.81805188233645,40.08177361745928],[-82.81806276067722,40.08177560701023],[-82.81812695493997,40.081793189603346],[-82.81818924417374,40.08181664386325],[-82.81822672013374,40.08182901343574],[-82.8182656952321,40.081835209854844],[-82.81830515958377,40.08183507256494],[-82.81834409062667,40.08182860512336],[-82.81838147961727,40.08181597510819],[-82.81841635776823,40.08179750977616],[-82.81850820402241,40.08173461674302],[-82.81841424952508,40.081639376631124],[-82.81801602822429,40.08161088959421]]]}},{"type":"Feature","properties":{"PARCELID":"222-004432","OWNERNME1":"CANN WILLIAM H","SITEADDRESS":"133 KESWICK DR","RESYRBLT":2016,"RESFLRAREA_AG":2451,"STATEDAREA":6598,"ACRES":0.15148044,"SCHLDSCRP":"NEW ALBANY-PLAIN LSD","CVTTXDSCRP":"PLAIN TWP-NEW ALBANY CORP","CLASSCD":"510","CLASSDSCRP":"SINGLE FAMILY DWELLING, PLATTED LOT","SALEPRICE":650000,"SALEDATE":1559624400000},"geometry":{"type":"Polygon","coordinates":[[[-82.81801950572513,40.081451335478846],[-82.81802186353914,40.08150455808966],[-82.818020702684,40.081557820252634],[-82.81801602822429,40.08161088959421],[-82.81841424952508,40.081639376631124],[-82.81839050738853,40.081615308353975],[-82.81838686741534,40.081447595117595],[-82.81801950572513,40.081451335478846]]]}},{"type":"Feature","properties":{"PARCELID":"222-004433","OWNERNME1":"WALTERS SUSAN J","SITEADDRESS":"141 KESWICK DR","RESYRBLT":2011,"RESFLRAREA_AG":2572,"STATEDAREA":9318,"ACRES":0.21392153,"SCHLDSCRP":"NEW ALBANY-PLAIN LSD","CVTTXDSCRP":"PLAIN TWP-NEW ALBANY CORP","CLASSCD":"510","CLASSDSCRP":"SINGLE FAMILY DWELLING, PLATTED LOT","SALEPRICE":659900,"SALEDATE":1614229200000},"geometry":{"type":"Polygon","coordinates":[[[-82.81799164896687,40.08129412033299],[-82.81800433041792,40.08134588571339],[-82.81801362904638,40.081398364369214],[-82.81801950572513,40.081451335478846],[-82.81838686741534,40.081447595117595],[-82.81838642713812,40.08142728318492],[-82.81850116897392,40.08135587686344],[-82.8185275384933,40.08133960894878],[-82.81847443834417,40.08121485253571],[-82.81799164896687,40.08129412033299]]]}},{"type":"Feature","properties":{"PARCELID":"222-004434","OWNERNME1":"ROBINS BARBARA G","SITEADDRESS":"149 KESWICK DR","RESYRBLT":2011,"RESFLRAREA_AG":2390,"STATEDAREA":8500,"ACRES":0.19512973,"SCHLDSCRP":"NEW ALBANY-PLAIN LSD","CVTTXDSCRP":"PLAIN TWP-NEW ALBANY CORP","CLASSCD":"510","CLASSDSCRP":"SINGLE FAMILY DWELLING, PLATTED LOT","SALEPRICE":555000,"SALEDATE":1372136400000},"geometry":{"type":"Polygon","coordinates":[[[-82.81841410502274,40.08107309786896],[-82.81839437006326,40.081026726977626],[-82.81793932229539,40.081154495313434],[-82.81796847840674,40.081223186233494],[-82.81799164896687,40.08129412033299],[-82.81847443834417,40.08121485253571],[-82.81841410502274,40.08107309786896]]]}},{"type":"Feature","properties":{"PARCELID":"222-004435","OWNERNME1":"EBLE ROBIN J TTEE","SITEADDRESS":"157 KESWICK DR","RESYRBLT":2014,"RESFLRAREA_AG":2591,"STATEDAREA":9231,"ACRES":0.21190802,"SCHLDSCRP":"NEW ALBANY-PLAIN LSD","CVTTXDSCRP":"PLAIN TWP-NEW ALBANY CORP","CLASSCD":"510","CLASSDSCRP":"SINGLE FAMILY DWELLING, PLATTED LOT","SALEPRICE":0,"SALEDATE":1723179600000},"geometry":{"type":"Polygon","coordinates":[[[-82.81785669594149,40.08101365983054],[-82.81790103494562,40.08108230235836],[-82.81793932229539,40.081154495313434],[-82.81839437006326,40.081026726977626],[-82.8183086097225,40.0808252346867],[-82.81785669594149,40.08101365983054]]]}},{"type":"Feature","properties":{"PARCELID":"222-004436","OWNERNME1":"MARTZ GARY R","SITEADDRESS":"165 KESWICK DR","RESYRBLT":2015,"RESFLRAREA_AG":2476,"STATEDAREA":7362,"ACRES":0.16901106,"SCHLDSCRP":"NEW ALBANY-PLAIN LSD","CVTTXDSCRP":"PLAIN TWP-NEW ALBANY CORP","CLASSCD":"510","CLASSDSCRP":"SINGLE FAMILY DWELLING, PLATTED LOT","SALEPRICE":0,"SALEDATE":1500008400000},"geometry":{"type":"Polygon","coordinates":[[[-82.81808274691993,40.08071504202124],[-82.8177451506078,40.080861500805845],[-82.81784612722039,40.0809989752367],[-82.81785669594149,40.08101365983054],[-82.8183086097225,40.0808252346867],[-82.81830067125144,40.08080658665548],[-82.81815427337823,40.08083196303836],[-82.81808274691993,40.08071504202124]]]}},{"type":"Feature","properties":{"PARCELID":"222-004437","OWNERNME1":"BEANE EVAN J","SITEADDRESS":"173 KESWICK DR","RESYRBLT":2011,"RESFLRAREA_AG":2572,"STATEDAREA":6597,"ACRES":0.1514533,"SCHLDSCRP":"NEW ALBANY-PLAIN LSD","CVTTXDSCRP":"PLAIN TWP-NEW ALBANY CORP","CLASSCD":"510","CLASSDSCRP":"SINGLE FAMILY DWELLING, PLATTED LOT","SALEPRICE":645189,"SALEDATE":1317013200000},"geometry":{"type":"Polygon","coordinates":[[[-82.81808274691993,40.08071504202124],[-82.81798851784298,40.08056101352876],[-82.81798825796925,40.08056059004711],[-82.81791495764696,40.08058910732725],[-82.8178440840814,40.08062321172898],[-82.81771301590149,40.08069288376546],[-82.81770400460651,40.080697304590814],[-82.81769586408188,40.08070317647234],[-82.81768882572749,40.080710332497866],[-82.81768308961328,40.080718569252554],[-82.81767881879217,40.080727652601105],[-82.8176761346651,40.08073732434323],[-82.81767511353021,40.08074730955317],[-82.81767578441392,40.080757324394604],[-82.81767812824594,40.080767084188935],[-82.81768207840125,40.08077631150745],[-82.81768752259403,40.08078474405741],[-82.8177238897506,40.08083255431262],[-82.8177451506078,40.080861500805845],[-82.81808274691993,40.08071504202124]]]}},{"type":"Feature","properties":{"PARCELID":"222-004438","OWNERNME1":"WIDMAN SUSAN L","SITEADDRESS":"181 KESWICK DR","RESYRBLT":2013,"RESFLRAREA_AG":2568,"STATEDAREA":7462,"ACRES":0.17131353,"SCHLDSCRP":"NEW ALBANY-PLAIN LSD","CVTTXDSCRP":"PLAIN TWP-NEW ALBANY CORP","CLASSCD":"510","CLASSDSCRP":"SINGLE FAMILY DWELLING, PLATTED LOT","SALEPRICE":0,"SALEDATE":1603861200000},"geometry":{"type":"Polygon","coordinates":[[[-82.8179607979162,40.08045017908037],[-82.81777563514295,40.08030778177673],[-82.81744439069662,40.08052766323772],[-82.81750990837527,40.080588487824485],[-82.81751094609608,40.080589540529814],[-82.81752597473957,40.080600164997016],[-82.81754257414552,40.080608114786365],[-82.81756027284196,40.08061316410046],[-82.81757856813384,40.08061516952393],[-82.81759694038107,40.08061407409685],[-82.81761486775775,40.08060990893256],[-82.81763184107366,40.08060279233398],[-82.81776195665185,40.08053326525588],[-82.817826514694,40.08050156233189],[-82.8178928765472,40.080473832913654],[-82.8179607979162,40.08045017908037]]]}},{"type":"Feature","properties":{"PARCELID":"222-004439","OWNERNME1":"FRAIM JOHN P III TR","SITEADDRESS":"189 KESWICK DR","RESYRBLT":2015,"RESFLRAREA_AG":2517,"STATEDAREA":6920,"ACRES":0.1588574,"SCHLDSCRP":"NEW ALBANY-PLAIN LSD","CVTTXDSCRP":"PLAIN TWP-NEW ALBANY CORP","CLASSCD":"510","CLASSDSCRP":"SINGLE FAMILY DWELLING, PLATTED LOT","SALEPRICE":0,"SALEDATE":1500958800000},"geometry":{"type":"Polygon","coordinates":[[[-82.81761940230356,40.08018763469763],[-82.81731643264641,40.08042227776481],[-82.81738140588674,40.0804737633345],[-82.81744439069662,40.08052766323772],[-82.81777563514295,40.08030778177673],[-82.81761940230356,40.08018763469763]]]}},{"type":"Feature","properties":{"PARCELID":"222-004440","OWNERNME1":"CHRISTIE MARCIA L","SITEADDRESS":"197 KESWICK DR","RESYRBLT":2015,"RESFLRAREA_AG":2537,"STATEDAREA":7165,"ACRES":0.1644853,"SCHLDSCRP":"NEW ALBANY-PLAIN LSD","CVTTXDSCRP":"PLAIN TWP-NEW ALBANY CORP","CLASSCD":"510","CLASSDSCRP":"SINGLE FAMILY DWELLING, PLATTED LOT","SALEPRICE":690000,"SALEDATE":1628744400000},"geometry":{"type":"Polygon","coordinates":[[[-82.81744022487909,40.08004983988309],[-82.81743769987519,40.08005273854295],[-82.81719261381426,40.08033411404606],[-82.8171927666918,40.080334215401834],[-82.81725531895523,40.08037723648999],[-82.81731643264641,40.08042227776481],[-82.81761940230356,40.08018763469763],[-82.81744022487909,40.08004983988309]]]}},{"type":"Feature","properties":{"PARCELID":"222-004563","OWNERNME1":"JACKSON RICHARD W","SITEADDRESS":"7695 OGDEN WOODS BL","RESYRBLT":2015,"RESFLRAREA_AG":4176,"STATEDAREA":8828,"ACRES":0.20265517,"SCHLDSCRP":"NEW ALBANY-PLAIN LSD","CVTTXDSCRP":"PLAIN TWP-NEW ALBANY CORP","CLASSCD":"510","CLASSDSCRP":"SINGLE FAMILY DWELLING, PLATTED LOT","SALEPRICE":130000,"SALEDATE":1388120400000},"geometry":{"type":"Polygon","coordinates":[[[-82.81660257450866,40.07951113279889],[-82.81696336871752,40.07953073570322],[-82.81698280949927,40.07932395846978],[-82.81698346541538,40.0793174075031],[-82.8169835577028,40.079316565188805],[-82.81698592925486,40.079296251957054],[-82.81662545733255,40.079268137540254],[-82.81662073650497,40.07931754302403],[-82.81660257450866,40.07951113279889]]]}},{"type":"Feature","properties":{"PARCELID":"222-004564","OWNERNME1":"KENYON JARED","SITEADDRESS":"7705 OGDEN WOODS BL","RESYRBLT":2017,"RESFLRAREA_AG":4845,"STATEDAREA":8706,"ACRES":0.19987376,"SCHLDSCRP":"NEW ALBANY-PLAIN LSD","CVTTXDSCRP":"PLAIN TWP-NEW ALBANY CORP","CLASSCD":"510","CLASSDSCRP":"SINGLE FAMILY DWELLING, PLATTED LOT","SALEPRICE":2432000,"SALEDATE":1778734800000},"geometry":{"type":"Polygon","coordinates":[[[-82.81656851698418,40.07970884150187],[-82.81690081608288,40.07980088851891],[-82.81690130677235,40.079801024988555],[-82.81692173685981,40.07975255857231],[-82.81693789638248,40.079702506081816],[-82.81694966411189,40.0796512430101],[-82.81695695176668,40.07959915393192],[-82.81696336871752,40.07953073570322],[-82.81660257450866,40.07951113279889],[-82.81659446119347,40.07959763161256],[-82.81659313429968,40.079609762728644],[-82.81658371003294,40.07966001877698],[-82.81656851698418,40.07970884150187]]]}},{"type":"Feature","properties":{"PARCELID":"545-230482","OWNERNME1":"SESTAK STEPHANIE L TR","SITEADDRESS":"4853 MEADWAY DR","RESYRBLT":1997,"RESFLRAREA_AG":3520,"STATEDAREA":17754,"ACRES":0.40757051,"SCHLDSCRP":"NEW ALBANY-PLAIN LSD","CVTTXDSCRP":"COLUMBUS-PLAIN LSD","CLASSCD":"510","CLASSDSCRP":"SINGLE FAMILY DWELLING, PLATTED LOT","SALEPRICE":0,"SALEDATE":1019451600000},"geometry":{"type":"Polygon","coordinates":[[[-82.82672606747585,40.08153773316742],[-82.82707832981141,40.081549977127715],[-82.82710338179574,40.08110358137107],[-82.82673070730905,40.081150059603615],[-82.82672009479577,40.08115126684814],[-82.82670984612227,40.08115427476581],[-82.8267002644651,40.08115899437632],[-82.82669163326916,40.08116528606399],[-82.82668420786273,40.08117296370794],[-82.82667820790441,40.08118180018787],[-82.82667381088515,40.08119153410276],[-82.82667114687773,40.08120187750364],[-82.82665744100417,40.081480421201825],[-82.82665946045503,40.08149122848251],[-82.82666330565236,40.08150152848034],[-82.82666886237206,40.081511015227086],[-82.8266759655481,40.08151940691272],[-82.82668440417599,40.08152645425669],[-82.82669392758073,40.081531947913014],[-82.82670425286334,40.081535724689026],[-82.82671507330447,40.081537672393104],[-82.82672606747585,40.08153773316742]]]}},{"type":"Feature","properties":{"PARCELID":"545-230496","OWNERNME1":"BONO YUSRA","SITEADDRESS":"7300 HALCYON PL","RESYRBLT":1996,"RESFLRAREA_AG":3293,"STATEDAREA":8653,"ACRES":0.19863582,"SCHLDSCRP":"NEW ALBANY-PLAIN LSD","CVTTXDSCRP":"COLUMBUS-PLAIN LSD","CLASSCD":"510","CLASSDSCRP":"SINGLE FAMILY DWELLING, PLATTED LOT","SALEPRICE":750000,"SALEDATE":1777611600000},"geometry":{"type":"Polygon","coordinates":[[[-82.82702108502629,40.08312745167707],[-82.82703573733663,40.083127956681274],[-82.82705305626868,40.08278516838719],[-82.82680572063532,40.08277648997161],[-82.8267887548339,40.083119334883996],[-82.82702108502629,40.08312745167707]]]}},{"type":"Feature","properties":{"PARCELID":"545-230497","OWNERNME1":"MARTIN JOHN STEVEN TR","SITEADDRESS":"4931 MEADWAY DR","RESYRBLT":1996,"RESFLRAREA_AG":3079,"STATEDAREA":12129,"ACRES":0.27844906,"SCHLDSCRP":"NEW ALBANY-PLAIN LSD","CVTTXDSCRP":"COLUMBUS-PLAIN LSD","CLASSCD":"510","CLASSDSCRP":"SINGLE FAMILY DWELLING, PLATTED LOT","SALEPRICE":0,"SALEDATE":1289192400000},"geometry":{"type":"Polygon","coordinates":[[[-82.82643863971589,40.083107121904106],[-82.82677410016528,40.08311882625315],[-82.8267887548339,40.083119334883996],[-82.82680572063532,40.08277648997161],[-82.82653024847328,40.08276682287912],[-82.82651944148704,40.08276625310896],[-82.82650868605926,40.08276745159241],[-82.82649826957959,40.082770386305484],[-82.82648847038088,40.08277497883139],[-82.82647955030195,40.08278110645583],[-82.82647174769117,40.08278860544606],[-82.82646527103765,40.082797275425804],[-82.8264602934004,40.082806884729465],[-82.82645694778401,40.08281717659229],[-82.82645025334544,40.08289496532886],[-82.82644542847704,40.082972892369675],[-82.82643863971589,40.083107121904106]]]}},{"type":"Feature","properties":{"PARCELID":"545-230498","OWNERNME1":"KNAPP DAVID J","SITEADDRESS":"4937 MEADWAY PL","RESYRBLT":1996,"RESFLRAREA_AG":3044,"STATEDAREA":12143,"ACRES":0.27877086,"SCHLDSCRP":"NEW ALBANY-PLAIN LSD","CVTTXDSCRP":"COLUMBUS-PLAIN LSD","CLASSCD":"510","CLASSDSCRP":"SINGLE FAMILY DWELLING, PLATTED LOT","SALEPRICE":270650,"SALEDATE":842245200000},"geometry":{"type":"Polygon","coordinates":[[[-82.82677410016528,40.08311882625315],[-82.82643863971589,40.083107121904106],[-82.82642403116735,40.08339518815483],[-82.82642195926196,40.08340194631915],[-82.82642102472428,40.08340895290292],[-82.82642125290364,40.083416017852386],[-82.82642263761069,40.08342294953063],[-82.82642747531253,40.08343261273328],[-82.82643374756567,40.083441412715395],[-82.82644130381743,40.08344913825125],[-82.82644996269528,40.08345560390503],[-82.82645951636047,40.083460654481854],[-82.82646973549663,40.08346416875286],[-82.82648037481415,40.083466062365126],[-82.8264911789378,40.083466289866315],[-82.82675575557316,40.08347541725894],[-82.82675576735856,40.083475181268035],[-82.82677410016528,40.08311882625315]]]}},{"type":"Feature","properties":{"PARCELID":"545-230499","OWNERNME1":"SMIDT AMANDA LEIGH","SITEADDRESS":"4943 CADOGAN PL","RESYRBLT":1995,"RESFLRAREA_AG":2462,"STATEDAREA":8993,"ACRES":0.2064406,"SCHLDSCRP":"NEW ALBANY-PLAIN LSD","CVTTXDSCRP":"COLUMBUS-PLAIN LSD","CLASSCD":"510","CLASSDSCRP":"SINGLE FAMILY DWELLING, PLATTED LOT","SALEPRICE":0,"SALEDATE":1724043600000},"geometry":{"type":"Polygon","coordinates":[[[-82.82675575557316,40.08347541725894],[-82.82700274577583,40.08348391212134],[-82.82702108502629,40.08312745167707],[-82.8267887548339,40.083119334883996],[-82.82677410016528,40.08311882625315],[-82.82675576735856,40.083475181268035],[-82.82675575557316,40.08347541725894]]]}},{"type":"Feature","properties":{"PARCELID":"545-230523","OWNERNME1":"GREEN LESLIE M","SITEADDRESS":"5003 MEADWAY DR","RESYRBLT":1996,"RESFLRAREA_AG":3263,"STATEDAREA":17457,"ACRES":0.40075272,"SCHLDSCRP":"NEW ALBANY-PLAIN LSD","CVTTXDSCRP":"COLUMBUS-PLAIN LSD","CLASSCD":"510","CLASSDSCRP":"SINGLE FAMILY DWELLING, PLATTED LOT","SALEPRICE":335353,"SALEDATE":832222800000},"geometry":{"type":"Polygon","coordinates":[[[-82.82685895845577,40.084518834341154],[-82.82689827053518,40.08444241330749],[-82.82636871123844,40.084424400142915],[-82.8263511249543,40.08474506373149],[-82.82635278507072,40.08475505863252],[-82.82635607397236,40.08476464180313],[-82.82636090123117,40.08477354975495],[-82.82636713412208,40.084781537564645],[-82.82637460127238,40.084788385608135],[-82.82638309737341,40.08479390559909],[-82.8263923888257,40.08479794576587],[-82.82640222016158,40.08480039502446],[-82.82641232106941,40.08480118603272],[-82.82650491426088,40.084812875709694],[-82.82659664643661,40.08483006162221],[-82.82668719164272,40.08485268270319],[-82.82685895845577,40.084518834341154]]]}},{"type":"Feature","properties":{"PARCELID":"545-230524","OWNERNME1":"IQBAL FAISAL","SITEADDRESS":"4995 MEADWAY DR","RESYRBLT":1996,"RESFLRAREA_AG":3310,"STATEDAREA":10394,"ACRES":0.23861083,"SCHLDSCRP":"NEW ALBANY-PLAIN LSD","CVTTXDSCRP":"COLUMBUS-PLAIN LSD","CLASSCD":"510","CLASSDSCRP":"SINGLE FAMILY DWELLING, PLATTED LOT","SALEPRICE":555000,"SALEDATE":1675659600000},"geometry":{"type":"Polygon","coordinates":[[[-82.82636871123844,40.084424400142915],[-82.82689827053518,40.08444241330749],[-82.82690807557502,40.08426395489842],[-82.82690880114473,40.08425023128715],[-82.82637925269232,40.084232218142624],[-82.82636871123844,40.084424400142915]]]}},{"type":"Feature","properties":{"PARCELID":"545-230525","OWNERNME1":"MILLER PAUL A","SITEADDRESS":"4983 MEADWAY DR","RESYRBLT":1996,"RESFLRAREA_AG":2528,"STATEDAREA":10395,"ACRES":0.23862603,"SCHLDSCRP":"NEW ALBANY-PLAIN LSD","CVTTXDSCRP":"COLUMBUS-PLAIN LSD","CLASSCD":"510","CLASSDSCRP":"SINGLE FAMILY DWELLING, PLATTED LOT","SALEPRICE":354900,"SALEDATE":1366261200000},"geometry":{"type":"Polygon","coordinates":[[[-82.82637925269232,40.084232218142624],[-82.82690880114473,40.08425023128715],[-82.82691868000828,40.08407177536032],[-82.82691940908276,40.08405804993702],[-82.82638979291528,40.08404003613041],[-82.82637925269232,40.084232218142624]]]}},{"type":"Feature","properties":{"PARCELID":"545-230526","OWNERNME1":"LAYNE ERIC M","SITEADDRESS":"4975 MEADWAY DR","RESYRBLT":1996,"RESFLRAREA_AG":3013,"STATEDAREA":10384,"ACRES":0.23838927,"SCHLDSCRP":"NEW ALBANY-PLAIN LSD","CVTTXDSCRP":"COLUMBUS-PLAIN LSD","CLASSCD":"510","CLASSDSCRP":"SINGLE FAMILY DWELLING, PLATTED LOT","SALEPRICE":413500,"SALEDATE":1187758800000},"geometry":{"type":"Polygon","coordinates":[[[-82.82638979291528,40.08404003613041],[-82.82691940908276,40.08405804993702],[-82.82692885419922,40.083879868985626],[-82.8269298611343,40.08386614098728],[-82.82640033190738,40.08384785410621],[-82.82638979291528,40.08404003613041]]]}},{"type":"Feature","properties":{"PARCELID":"545-230527","OWNERNME1":"SAVOIA RONALD A","SITEADDRESS":"4963 MEADWAY DR","RESYRBLT":1995,"RESFLRAREA_AG":3550,"STATEDAREA":14001,"ACRES":0.32141199,"SCHLDSCRP":"NEW ALBANY-PLAIN LSD","CVTTXDSCRP":"COLUMBUS-PLAIN LSD","CLASSCD":"510","CLASSDSCRP":"SINGLE FAMILY DWELLING, PLATTED LOT","SALEPRICE":274855,"SALEDATE":813819600000},"geometry":{"type":"Polygon","coordinates":[[[-82.82640033190738,40.08384785410621],[-82.8269298611343,40.08386614098728],[-82.82694328864746,40.08360553560908],[-82.8264850633009,40.08358957787618],[-82.82647416168989,40.08358900439093],[-82.82646331466508,40.08359023567501],[-82.82645281896201,40.08359323804493],[-82.82644296170538,40.08359792936663],[-82.82643401255423,40.08360418130245],[-82.82642621632513,40.083611822821915],[-82.82641978629488,40.08362064488056],[-82.82641489836594,40.083630406138596],[-82.82641168625446,40.08364083956314],[-82.82640033190738,40.08384785410621]]]}},{"type":"Feature","properties":{"PARCELID":"545-230534","OWNERNME1":"WALLIS STEVEN R","SITEADDRESS":"4913 MEADWAY DR","RESYRBLT":1995,"RESFLRAREA_AG":3169,"STATEDAREA":13843,"ACRES":0.31779479,"SCHLDSCRP":"NEW ALBANY-PLAIN LSD","CVTTXDSCRP":"COLUMBUS-PLAIN LSD","CLASSCD":"510","CLASSDSCRP":"SINGLE FAMILY DWELLING, PLATTED LOT","SALEPRICE":424900,"SALEDATE":1504587600000},"geometry":{"type":"Polygon","coordinates":[[[-82.82653063744851,40.08238223237782],[-82.82650981264372,40.08247466586762],[-82.82649170797825,40.0825676704031],[-82.82649229382159,40.08257807170226],[-82.82649462969798,40.082588224234854],[-82.82649864835935,40.08259783571743],[-82.82650423411161,40.08260662944293],[-82.82651122614533,40.0826143522469],[-82.82651942316532,40.08262078179586],[-82.82652858918581,40.082625732988134],[-82.82653846032426,40.08262906328277],[-82.82654875239831,40.08263067680321],[-82.82655916910723,40.08263052709746],[-82.82705170563743,40.08264767243677],[-82.82706422625904,40.08240101349597],[-82.82653093646618,40.08238224145385],[-82.82653063744851,40.08238223237782]]]}},{"type":"Feature","properties":{"PARCELID":"545-230535","OWNERNME1":"FAHEY SEARS JENNIFER","SITEADDRESS":"4901 MEADWAY DR","RESYRBLT":1996,"RESFLRAREA_AG":3882,"STATEDAREA":12858,"ACRES":0.29518406,"SCHLDSCRP":"NEW ALBANY-PLAIN LSD","CVTTXDSCRP":"COLUMBUS-PLAIN LSD","CLASSCD":"510","CLASSDSCRP":"SINGLE FAMILY DWELLING, PLATTED LOT","SALEPRICE":424000,"SALEDATE":1391144400000},"geometry":{"type":"Polygon","coordinates":[[[-82.82653063744851,40.08238223237782],[-82.82653093646618,40.08238224145385],[-82.82706422625904,40.08240101349597],[-82.82706532923314,40.08237931757713],[-82.82707576749799,40.08217368422004],[-82.82707675657056,40.082154190593215],[-82.82659074026296,40.0821366039668],[-82.82658414834023,40.0821651489164],[-82.8265792296055,40.082185500023726],[-82.82653574343247,40.0823613043674],[-82.82653063744851,40.08238223237782]]]}},{"type":"Feature","properties":{"PARCELID":"545-230536","OWNERNME1":"WILHIDE JEREMY","SITEADDRESS":"4893 MEADWAY DR","RESYRBLT":1996,"RESFLRAREA_AG":2528,"STATEDAREA":9238,"ACRES":0.21206704,"SCHLDSCRP":"NEW ALBANY-PLAIN LSD","CVTTXDSCRP":"COLUMBUS-PLAIN LSD","CLASSCD":"510","CLASSDSCRP":"SINGLE FAMILY DWELLING, PLATTED LOT","SALEPRICE":675000,"SALEDATE":1689051600000},"geometry":{"type":"Polygon","coordinates":[[[-82.82662550746349,40.08194627365172],[-82.82661002726924,40.082041786500056],[-82.82659074026296,40.0821366039668],[-82.82707675657056,40.082154190593215],[-82.82708620569244,40.08196804904453],[-82.82708649745508,40.0819622933718],[-82.82662550746349,40.08194627365172]]]}},{"type":"Feature","properties":{"PARCELID":"545-230537","OWNERNME1":"ALL EARS COMPANY LLC","SITEADDRESS":"4881 MEADWAY DR","RESYRBLT":1994,"RESFLRAREA_AG":3023,"STATEDAREA":12628,"ACRES":0.28988881,"SCHLDSCRP":"NEW ALBANY-PLAIN LSD","CVTTXDSCRP":"COLUMBUS-PLAIN LSD","CLASSCD":"510","CLASSDSCRP":"SINGLE FAMILY DWELLING, PLATTED LOT","SALEPRICE":0,"SALEDATE":1720155600000},"geometry":{"type":"Polygon","coordinates":[[[-82.82710041475933,40.08168815573942],[-82.8267197687946,40.08167480463994],[-82.82670871432921,40.08167415399083],[-82.82669770819273,40.08167537444533],[-82.82668706482877,40.081678431135245],[-82.82667708831661,40.08168323673141],[-82.82666806368364,40.08168965393869],[-82.82666024876224,40.08169749941846],[-82.82665386682349,40.08170654902659],[-82.82664910019841,40.08171654421717],[-82.82664608506872,40.08172719942915],[-82.82663833100054,40.08183697462762],[-82.82662550746349,40.08194627365172],[-82.82708649745508,40.0819622933718],[-82.82710041475933,40.08168815573942]]]}},{"type":"Feature","properties":{"PARCELID":"545-230542","OWNERNME1":"HAMPSTED VILLAGE ASSOCIATION INC","SITEADDRESS":"MEADWAY DR","RESYRBLT":null,"RESFLRAREA_AG":null,"STATEDAREA":13424,"ACRES":0.30816385,"SCHLDSCRP":"NEW ALBANY-PLAIN LSD","CVTTXDSCRP":"COLUMBUS-PLAIN LSD","CLASSCD":"501","CLASSDSCRP":"RESIDENTIAL, 0-9.999 AC","SALEPRICE":0,"SALEDATE":985323600000},"geometry":{"type":"Polygon","coordinates":[[[-82.826373732658,40.08119510883483],[-82.82635194568304,40.081197914365376],[-82.82629502361843,40.08231982271408],[-82.82628555673423,40.082506388401605],[-82.82627685533694,40.08284896356431],[-82.82629048301905,40.082719773203266],[-82.82630913999344,40.082591212787854],[-82.82633279785809,40.08246347802929],[-82.82636142059793,40.082336763381875],[-82.82638523956751,40.0822292883375],[-82.82640397068971,40.082120810812015],[-82.82641757239894,40.0820115715243],[-82.82642601451207,40.08190181288363],[-82.82645620659395,40.081254995168884],[-82.82645476151104,40.08124450523846],[-82.82645165179551,40.08123438315496],[-82.82644695805074,40.08122489128133],[-82.82644080193792,40.08121627564556],[-82.82643334302257,40.08120875956367],[-82.82642477463874,40.081202537851425],[-82.82641531887765,40.0811977717747],[-82.82640522083129,40.081194584869515],[-82.82639474223956,40.08119305973998],[-82.826384154706,40.08119323591725],[-82.826373732658,40.08119510883483]]]}},{"type":"Feature","properties":{"PARCELID":"545-230975","OWNERNME1":"SCHIRNER IAN M","SITEADDRESS":"7492 TOTTENHAM PL","RESYRBLT":1996,"RESFLRAREA_AG":3115,"STATEDAREA":9648,"ACRES":0.22147699,"SCHLDSCRP":"NEW ALBANY-PLAIN LSD","CVTTXDSCRP":"COLUMBUS-PLAIN LSD","CLASSCD":"510","CLASSDSCRP":"SINGLE FAMILY DWELLING, PLATTED LOT","SALEPRICE":305000,"SALEDATE":1292389200000},"geometry":{"type":"Polygon","coordinates":[[[-82.82165146410087,40.085253771431475],[-82.8221798089606,40.085277580245474],[-82.82219201457876,40.08509911033855],[-82.82166384922766,40.08507503451186],[-82.82165146410087,40.085253771431475]]]}},{"type":"Feature","properties":{"PARCELID":"545-230976","OWNERNME1":"SAWYER SHELBY","SITEADDRESS":"7500 TOTTENHAM PL","RESYRBLT":1995,"RESFLRAREA_AG":2002,"STATEDAREA":9659,"ACRES":0.22174027,"SCHLDSCRP":"NEW ALBANY-PLAIN LSD","CVTTXDSCRP":"COLUMBUS-PLAIN LSD","CLASSCD":"510","CLASSDSCRP":"SINGLE FAMILY DWELLING, PLATTED LOT","SALEPRICE":495000,"SALEDATE":1738731600000},"geometry":{"type":"Polygon","coordinates":[[[-82.82166384922766,40.08507503451186],[-82.82219201457876,40.08509911033855],[-82.82220423183064,40.08492038191293],[-82.82167624240068,40.08489602377306],[-82.82166384922766,40.08507503451186]]]}},{"type":"Feature","properties":{"PARCELID":"545-230977","OWNERNME1":"STOLL WANDA S TTEE (WARFIELD TRUST)","SITEADDRESS":"7506 TOTTENHAM PL","RESYRBLT":1995,"RESFLRAREA_AG":2258,"STATEDAREA":9656,"ACRES":0.22167657,"SCHLDSCRP":"NEW ALBANY-PLAIN LSD","CVTTXDSCRP":"COLUMBUS-PLAIN LSD","CLASSCD":"510","CLASSDSCRP":"SINGLE FAMILY DWELLING, PLATTED LOT","SALEPRICE":0,"SALEDATE":1722834000000},"geometry":{"type":"Polygon","coordinates":[[[-82.82167624240068,40.08489602377306],[-82.82220423183064,40.08492038191293],[-82.8222164455105,40.084741655284496],[-82.82221627194231,40.08474164675422],[-82.8216886226125,40.08471701305585],[-82.82167624240068,40.08489602377306]]]}},{"type":"Feature","properties":{"PARCELID":"545-230978","OWNERNME1":"SPENCER WILLIAM G","SITEADDRESS":"7512 TOTTENHAM PL","RESYRBLT":1995,"RESFLRAREA_AG":2739,"STATEDAREA":18824,"ACRES":0.43215107,"SCHLDSCRP":"NEW ALBANY-PLAIN LSD","CVTTXDSCRP":"COLUMBUS-PLAIN LSD","CLASSCD":"510","CLASSDSCRP":"SINGLE FAMILY DWELLING, PLATTED LOT","SALEPRICE":220735,"SALEDATE":807253200000},"geometry":{"type":"Polygon","coordinates":[[[-82.8217899876884,40.08421659017498],[-82.82178956390403,40.08421622569013],[-82.82175888613095,40.08421475341857],[-82.82172349931157,40.08421320306569],[-82.8216886226125,40.08471701305585],[-82.82221627194231,40.08474164675422],[-82.8222164455105,40.084741655284496],[-82.82222665456553,40.0845922883954],[-82.8217899876884,40.08421659017498]]]}},{"type":"Feature","properties":{"PARCELID":"545-230979","OWNERNME1":"MARGULIS PAUL J","SITEADDRESS":"4889 HEATH GATE DR","RESYRBLT":1995,"RESFLRAREA_AG":1990,"STATEDAREA":14937,"ACRES":0.34289555,"SCHLDSCRP":"NEW ALBANY-PLAIN LSD","CVTTXDSCRP":"COLUMBUS-PLAIN LSD","CLASSCD":"510","CLASSDSCRP":"SINGLE FAMILY DWELLING, PLATTED LOT","SALEPRICE":211200,"SALEDATE":823496400000},"geometry":{"type":"Polygon","coordinates":[[[-82.82222665456553,40.0845922883954],[-82.82240646801667,40.08460126973021],[-82.82243483178196,40.08424718733874],[-82.82178956390403,40.08421622569013],[-82.8217899876884,40.08421659017498],[-82.82222665456553,40.0845922883954]]]}},{"type":"Feature","properties":{"PARCELID":"545-230980","OWNERNME1":"MAGALSKI JONATHAN M","SITEADDRESS":"4895 HEATH GATE DR","RESYRBLT":1996,"RESFLRAREA_AG":2424,"STATEDAREA":7951,"ACRES":0.18253584,"SCHLDSCRP":"NEW ALBANY-PLAIN LSD","CVTTXDSCRP":"COLUMBUS-PLAIN LSD","CLASSCD":"510","CLASSDSCRP":"SINGLE FAMILY DWELLING, PLATTED LOT","SALEPRICE":312500,"SALEDATE":1149224400000},"geometry":{"type":"Polygon","coordinates":[[[-82.82240646801667,40.08460126973021],[-82.8226223626854,40.084612056550405],[-82.82265752286985,40.084257859086804],[-82.82243483178196,40.08424718733874],[-82.82240646801667,40.08460126973021]]]}},{"type":"Feature","properties":{"PARCELID":"545-230981","OWNERNME1":"MALE PAUL D","SITEADDRESS":"4901 HEATH GATE DR","RESYRBLT":1995,"RESFLRAREA_AG":2270,"STATEDAREA":7708,"ACRES":0.17695556,"SCHLDSCRP":"NEW ALBANY-PLAIN LSD","CVTTXDSCRP":"COLUMBUS-PLAIN LSD","CLASSCD":"510","CLASSDSCRP":"SINGLE FAMILY DWELLING, PLATTED LOT","SALEPRICE":271900,"SALEDATE":1079499600000},"geometry":{"type":"Polygon","coordinates":[[[-82.8226223626854,40.084612056550405],[-82.82283827965215,40.084622833006364],[-82.82286663799789,40.08426881356475],[-82.82286665010268,40.084268643317486],[-82.82265752286985,40.084257859086804],[-82.8226223626854,40.084612056550405]]]}},{"type":"Feature","properties":{"PARCELID":"545-230982","OWNERNME1":"CROLEY MICHAEL J","SITEADDRESS":"4907 HEATH GATE DR","RESYRBLT":1995,"RESFLRAREA_AG":2146,"STATEDAREA":7810,"ACRES":0.17928761,"SCHLDSCRP":"NEW ALBANY-PLAIN LSD","CVTTXDSCRP":"COLUMBUS-PLAIN LSD","CLASSCD":"510","CLASSDSCRP":"SINGLE FAMILY DWELLING, PLATTED LOT","SALEPRICE":445500,"SALEDATE":1608267600000},"geometry":{"type":"Polygon","coordinates":[[[-82.82283827965215,40.084622833006364],[-82.82305381907818,40.084633594793154],[-82.82308218537028,40.08427975449621],[-82.82299365106643,40.08427519216379],[-82.82286665010268,40.084268643317486],[-82.82286663799789,40.08426881356475],[-82.82283827965215,40.084622833006364]]]}},{"type":"Feature","properties":{"PARCELID":"545-230983","OWNERNME1":"PEPLINSKI JORDAN","SITEADDRESS":"4913 HEATH GATE DR","RESYRBLT":1996,"RESFLRAREA_AG":2178,"STATEDAREA":7809,"ACRES":0.17926178,"SCHLDSCRP":"NEW ALBANY-PLAIN LSD","CVTTXDSCRP":"COLUMBUS-PLAIN LSD","CLASSCD":"510","CLASSDSCRP":"SINGLE FAMILY DWELLING, PLATTED LOT","SALEPRICE":444900,"SALEDATE":1603256400000},"geometry":{"type":"Polygon","coordinates":[[[-82.82305381907818,40.084633594793154],[-82.82326935971419,40.084644349877344],[-82.82329809492985,40.08429090838011],[-82.82308218537028,40.08427975449621],[-82.82305381907818,40.084633594793154]]]}},{"type":"Feature","properties":{"PARCELID":"545-230984","OWNERNME1":"HATHAWAY TED","SITEADDRESS":"4919 HEATH GATE DR","RESYRBLT":1995,"RESFLRAREA_AG":2258,"STATEDAREA":7766,"ACRES":0.17827608,"SCHLDSCRP":"NEW ALBANY-PLAIN LSD","CVTTXDSCRP":"COLUMBUS-PLAIN LSD","CLASSCD":"510","CLASSDSCRP":"SINGLE FAMILY DWELLING, PLATTED LOT","SALEPRICE":307000,"SALEDATE":1374555600000},"geometry":{"type":"Polygon","coordinates":[[[-82.82326935971419,40.084644349877344],[-82.82348492042891,40.08465512162269],[-82.82351203999032,40.08430192047553],[-82.82329809492985,40.08429090838011],[-82.82326935971419,40.084644349877344]]]}},{"type":"Feature","properties":{"PARCELID":"545-230985","OWNERNME1":"NINI RICHARD B","SITEADDRESS":"4925 HEATH GATE DR","RESYRBLT":1995,"RESFLRAREA_AG":2455,"STATEDAREA":7796,"ACRES":0.17898119,"SCHLDSCRP":"NEW ALBANY-PLAIN LSD","CVTTXDSCRP":"COLUMBUS-PLAIN LSD","CLASSCD":"510","CLASSDSCRP":"SINGLE FAMILY DWELLING, PLATTED LOT","SALEPRICE":221915,"SALEDATE":811054800000},"geometry":{"type":"Polygon","coordinates":[[[-82.82348492042891,40.08465512162269],[-82.8237001047077,40.084665864289576],[-82.8237284738485,40.0843130865361],[-82.82351203999032,40.08430192047553],[-82.82348492042891,40.08465512162269]]]}},{"type":"Feature","properties":{"PARCELID":"545-230986","OWNERNME1":"WELTY LAUREN K","SITEADDRESS":"4931 HEATH GATE DR","RESYRBLT":1995,"RESFLRAREA_AG":2146,"STATEDAREA":7766,"ACRES":0.17829101,"SCHLDSCRP":"NEW ALBANY-PLAIN LSD","CVTTXDSCRP":"COLUMBUS-PLAIN LSD","CLASSCD":"510","CLASSDSCRP":"SINGLE FAMILY DWELLING, PLATTED LOT","SALEPRICE":390000,"SALEDATE":1533013200000},"geometry":{"type":"Polygon","coordinates":[[[-82.8237001047077,40.084665864289576],[-82.8239152855189,40.08467660296983],[-82.82394366408614,40.0843243195681],[-82.82394367630609,40.08432417453729],[-82.82380247531883,40.08431689491451],[-82.8237284738485,40.0843130865361],[-82.8237001047077,40.084665864289576]]]}},{"type":"Feature","properties":{"PARCELID":"545-230987","OWNERNME1":"PAUL MILROY","SITEADDRESS":"4937 HEATH GATE DR","RESYRBLT":1995,"RESFLRAREA_AG":2270,"STATEDAREA":7752,"ACRES":0.17795432,"SCHLDSCRP":"NEW ALBANY-PLAIN LSD","CVTTXDSCRP":"COLUMBUS-PLAIN LSD","CLASSCD":"510","CLASSDSCRP":"SINGLE FAMILY DWELLING, PLATTED LOT","SALEPRICE":275000,"SALEDATE":1103259600000},"geometry":{"type":"Polygon","coordinates":[[[-82.8239152855189,40.08467660296983],[-82.82413011569639,40.084687314304404],[-82.8241588518657,40.08433526221886],[-82.824088806098,40.08433165840359],[-82.82394367630609,40.08432417453729],[-82.82394366408614,40.0843243195681],[-82.8239152855189,40.08467660296983]]]}},{"type":"Feature","properties":{"PARCELID":"545-230988","OWNERNME1":"KEINATH JAMES M","SITEADDRESS":"4943 HEATH GATE DR","RESYRBLT":1996,"RESFLRAREA_AG":2318,"STATEDAREA":7745,"ACRES":0.17779276,"SCHLDSCRP":"NEW ALBANY-PLAIN LSD","CVTTXDSCRP":"COLUMBUS-PLAIN LSD","CLASSCD":"510","CLASSDSCRP":"SINGLE FAMILY DWELLING, PLATTED LOT","SALEPRICE":275000,"SALEDATE":999838800000},"geometry":{"type":"Polygon","coordinates":[[[-82.82413011569639,40.084687314304404],[-82.82434532255728,40.084698078243484],[-82.82437369463517,40.084346376542484],[-82.8241588518657,40.08433526221886],[-82.82413011569639,40.084687314304404]]]}},{"type":"Feature","properties":{"PARCELID":"545-230989","OWNERNME1":"MATSUZAKI WILLIAM","SITEADDRESS":"4949 HEATH GATE DR","RESYRBLT":1995,"RESFLRAREA_AG":2146,"STATEDAREA":7730,"ACRES":0.17746074,"SCHLDSCRP":"NEW ALBANY-PLAIN LSD","CVTTXDSCRP":"COLUMBUS-PLAIN LSD","CLASSCD":"510","CLASSDSCRP":"SINGLE FAMILY DWELLING, PLATTED LOT","SALEPRICE":725000,"SALEDATE":1779426000000},"geometry":{"type":"Polygon","coordinates":[[[-82.82434532255728,40.084698078243484],[-82.82456014941349,40.08470880231071],[-82.82458851835992,40.08435741487553],[-82.82438584083741,40.08434697254859],[-82.82437369463517,40.084346376542484],[-82.82434532255728,40.084698078243484]]]}},{"type":"Feature","properties":{"PARCELID":"545-230990","OWNERNME1":"SMITH JOFFREY","SITEADDRESS":"4955 HEATH GATE DR","RESYRBLT":1995,"RESFLRAREA_AG":2455,"STATEDAREA":7723,"ACRES":0.17728824,"SCHLDSCRP":"NEW ALBANY-PLAIN LSD","CVTTXDSCRP":"COLUMBUS-PLAIN LSD","CLASSCD":"510","CLASSDSCRP":"SINGLE FAMILY DWELLING, PLATTED LOT","SALEPRICE":500000,"SALEDATE":1632459600000},"geometry":{"type":"Polygon","coordinates":[[[-82.82456014941349,40.08470880231071],[-82.82477497748332,40.08471952057854],[-82.82480336124996,40.08436852481147],[-82.82466145041812,40.08436117973544],[-82.82458851835992,40.08435741487553],[-82.82456014941349,40.08470880231071]]]}},{"type":"Feature","properties":{"PARCELID":"545-230991","OWNERNME1":"NOREIKIS KRISTINA","SITEADDRESS":"4961 HEATH GATE DR","RESYRBLT":1995,"RESFLRAREA_AG":2258,"STATEDAREA":7708,"ACRES":0.17694997,"SCHLDSCRP":"NEW ALBANY-PLAIN LSD","CVTTXDSCRP":"COLUMBUS-PLAIN LSD","CLASSCD":"510","CLASSDSCRP":"SINGLE FAMILY DWELLING, PLATTED LOT","SALEPRICE":0,"SALEDATE":1308200400000},"geometry":{"type":"Polygon","coordinates":[[[-82.82477497748332,40.08471952057854],[-82.82498980441328,40.08473023125222],[-82.82501783096693,40.084379550729906],[-82.82494849577384,40.084375976983225],[-82.82480336124996,40.08436852481147],[-82.82477497748332,40.08471952057854]]]}},{"type":"Feature","properties":{"PARCELID":"545-230992","OWNERNME1":"RENNER BRIAN C","SITEADDRESS":"4967 HEATH GATE DR","RESYRBLT":1995,"RESFLRAREA_AG":2134,"STATEDAREA":7678,"ACRES":0.17626522,"SCHLDSCRP":"NEW ALBANY-PLAIN LSD","CVTTXDSCRP":"COLUMBUS-PLAIN LSD","CLASSCD":"510","CLASSDSCRP":"SINGLE FAMILY DWELLING, PLATTED LOT","SALEPRICE":321900,"SALEDATE":1144213200000},"geometry":{"type":"Polygon","coordinates":[[[-82.82498980441328,40.08473023125222],[-82.8252049892637,40.08474099367895],[-82.8252050002157,40.084740828838264],[-82.82523068481477,40.08439052218848],[-82.82501783096693,40.084379550729906],[-82.82498980441328,40.08473023125222]]]}},{"type":"Feature","properties":{"PARCELID":"545-230993","OWNERNME1":"SCHULTZ GEOFFREY D","SITEADDRESS":"4973 HEATH GATE DR","RESYRBLT":1996,"RESFLRAREA_AG":2318,"STATEDAREA":7729,"ACRES":0.17739411,"SCHLDSCRP":"NEW ALBANY-PLAIN LSD","CVTTXDSCRP":"COLUMBUS-PLAIN LSD","CLASSCD":"510","CLASSDSCRP":"SINGLE FAMILY DWELLING, PLATTED LOT","SALEPRICE":385000,"SALEDATE":1552971600000},"geometry":{"type":"Polygon","coordinates":[[[-82.8252050002157,40.084740828838264],[-82.82542019401157,40.084751734042364],[-82.82544678265549,40.08440167070595],[-82.82523068481477,40.08439052218848],[-82.8252050002157,40.084740828838264]]]}},{"type":"Feature","properties":{"PARCELID":"545-230994","OWNERNME1":"CROUGH JOHN B TR","SITEADDRESS":"4979 HEATH GATE DR","RESYRBLT":1995,"RESFLRAREA_AG":2545,"STATEDAREA":7679,"ACRES":0.1762868,"SCHLDSCRP":"NEW ALBANY-PLAIN LSD","CVTTXDSCRP":"COLUMBUS-PLAIN LSD","CLASSCD":"510","CLASSDSCRP":"SINGLE FAMILY DWELLING, PLATTED LOT","SALEPRICE":0,"SALEDATE":1151557200000},"geometry":{"type":"Polygon","coordinates":[[[-82.82542019401157,40.084751734042364],[-82.82563537883904,40.0847624623593],[-82.82566053963106,40.08441267941341],[-82.82552363410056,40.08440561600912],[-82.82544678265549,40.08440167070595],[-82.82542019401157,40.084751734042364]]]}},{"type":"Feature","properties":{"PARCELID":"545-230995","OWNERNME1":"SPARKS RODNEY D","SITEADDRESS":"4985 HEATH GATE DR","RESYRBLT":1995,"RESFLRAREA_AG":2739,"STATEDAREA":8214,"ACRES":0.18857521,"SCHLDSCRP":"NEW ALBANY-PLAIN LSD","CVTTXDSCRP":"COLUMBUS-PLAIN LSD","CLASSCD":"510","CLASSDSCRP":"SINGLE FAMILY DWELLING, PLATTED LOT","SALEPRICE":249500,"SALEDATE":815288400000},"geometry":{"type":"Polygon","coordinates":[[[-82.82563537883904,40.0847624623593],[-82.82586880388702,40.08477412678319],[-82.82588643017948,40.08442432054319],[-82.82566053963106,40.08441267941341],[-82.82563537883904,40.0847624623593]]]}},{"type":"Feature","properties":{"PARCELID":"545-230996","OWNERNME1":"NORMAN THOMAS B","SITEADDRESS":"7355 TOTTENHAM PL","RESYRBLT":1995,"RESFLRAREA_AG":2994,"STATEDAREA":12086,"ACRES":0.27746021,"SCHLDSCRP":"NEW ALBANY-PLAIN LSD","CVTTXDSCRP":"COLUMBUS-PLAIN LSD","CLASSCD":"510","CLASSDSCRP":"SINGLE FAMILY DWELLING, PLATTED LOT","SALEPRICE":377500,"SALEDATE":1090818000000},"geometry":{"type":"Polygon","coordinates":[[[-82.82526572500865,40.085152428286],[-82.8257330046712,40.085175550713444],[-82.82574997042826,40.0849630415289],[-82.82574816002038,40.084952177090166],[-82.82574450080898,40.084941788453214],[-82.8257391027228,40.08493218770994],[-82.82573212792936,40.08492366328257],[-82.82572378596295,40.08491647125904],[-82.82571432743012,40.084910827699666],[-82.82570403648086,40.08490690214633],[-82.82569322227235,40.084904812529146],[-82.82568220968133,40.0849046216237],[-82.82560259346769,40.084902100317635],[-82.82552294611918,40.084903282829096],[-82.82544343984755,40.08490816660129],[-82.82528344461231,40.08493085071346],[-82.82526572500865,40.085152428286]]]}},{"type":"Feature","properties":{"PARCELID":"545-230997","OWNERNME1":"COUNTS JACOB","SITEADDRESS":"7361 TOTTENHAM PL","RESYRBLT":1995,"RESFLRAREA_AG":2194,"STATEDAREA":7786,"ACRES":0.17874086,"SCHLDSCRP":"NEW ALBANY-PLAIN LSD","CVTTXDSCRP":"COLUMBUS-PLAIN LSD","CLASSCD":"510","CLASSDSCRP":"SINGLE FAMILY DWELLING, PLATTED LOT","SALEPRICE":625000,"SALEDATE":1723179600000},"geometry":{"type":"Polygon","coordinates":[[[-82.82525269182155,40.08531550861428],[-82.82572000174868,40.085338101456706],[-82.8257330046712,40.085175550713444],[-82.82526572500865,40.085152428286],[-82.82525269182155,40.08531550861428]]]}},{"type":"Feature","properties":{"PARCELID":"545-231008","OWNERNME1":"BACCHIONI KRISTA","SITEADDRESS":"7445 TOTTENHAM DR","RESYRBLT":1996,"RESFLRAREA_AG":2195,"STATEDAREA":9376,"ACRES":0.21524233,"SCHLDSCRP":"NEW ALBANY-PLAIN LSD","CVTTXDSCRP":"COLUMBUS-PLAIN LSD","CLASSCD":"510","CLASSDSCRP":"SINGLE FAMILY DWELLING, PLATTED LOT","SALEPRICE":333000,"SALEDATE":1440651600000},"geometry":{"type":"Polygon","coordinates":[[[-82.82322752977039,40.08563155187],[-82.82346023110324,40.085643626539266],[-82.8234944748524,40.08525036242208],[-82.82349449255783,40.08525013632203],[-82.82326141286994,40.08523861213056],[-82.82322752977039,40.08563155187]]]}},{"type":"Feature","properties":{"PARCELID":"545-231009","OWNERNME1":"DOYLE ERIK M","SITEADDRESS":"7453 TOTTENHAM PL","RESYRBLT":1995,"RESFLRAREA_AG":2270,"STATEDAREA":8637,"ACRES":0.19828607,"SCHLDSCRP":"NEW ALBANY-PLAIN LSD","CVTTXDSCRP":"COLUMBUS-PLAIN LSD","CLASSCD":"510","CLASSDSCRP":"SINGLE FAMILY DWELLING, PLATTED LOT","SALEPRICE":237500,"SALEDATE":919832400000},"geometry":{"type":"Polygon","coordinates":[[[-82.82301268657017,40.08562040302627],[-82.82322752977039,40.08563155187],[-82.82326141286994,40.08523861213056],[-82.82304657562995,40.08522797937947],[-82.82301268657017,40.08562040302627]]]}},{"type":"Feature","properties":{"PARCELID":"545-231010","OWNERNME1":"RECH LORI A","SITEADDRESS":"7461 TOTTENHAM PL","RESYRBLT":1995,"RESFLRAREA_AG":2533,"STATEDAREA":8626,"ACRES":0.19802966,"SCHLDSCRP":"NEW ALBANY-PLAIN LSD","CVTTXDSCRP":"COLUMBUS-PLAIN LSD","CLASSCD":"510","CLASSDSCRP":"SINGLE FAMILY DWELLING, PLATTED LOT","SALEPRICE":255000,"SALEDATE":1007701200000},"geometry":{"type":"Polygon","coordinates":[[[-82.82279819645493,40.08560927353441],[-82.82301268657017,40.08562040302627],[-82.82304657562995,40.08522797937947],[-82.82283138425262,40.08521732289217],[-82.82282264191552,40.085320564999016],[-82.82279819645493,40.08560927353441]]]}},{"type":"Feature","properties":{"PARCELID":"545-231012","OWNERNME1":"BLUESTONE CHARLES L","SITEADDRESS":"7485 TOTTENHAM PL","RESYRBLT":1995,"RESFLRAREA_AG":2545,"STATEDAREA":9612,"ACRES":0.22066405,"SCHLDSCRP":"NEW ALBANY-PLAIN LSD","CVTTXDSCRP":"COLUMBUS-PLAIN LSD","CLASSCD":"510","CLASSDSCRP":"SINGLE FAMILY DWELLING, PLATTED LOT","SALEPRICE":266300,"SALEDATE":1272603600000},"geometry":{"type":"Polygon","coordinates":[[[-82.82236095453875,40.085299587023485],[-82.82282264191552,40.085320564999016],[-82.82283138425262,40.08521732289217],[-82.8228391103345,40.085117929145994],[-82.82237485524908,40.08509642241976],[-82.82236095453875,40.085299587023485]]]}},{"type":"Feature","properties":{"PARCELID":"545-231013","OWNERNME1":"BARNT RYAN Z","SITEADDRESS":"7499 TOTTENHAM PL","RESYRBLT":1995,"RESFLRAREA_AG":3035,"STATEDAREA":13144,"ACRES":0.30173411,"SCHLDSCRP":"NEW ALBANY-PLAIN LSD","CVTTXDSCRP":"COLUMBUS-PLAIN LSD","CLASSCD":"510","CLASSDSCRP":"SINGLE FAMILY DWELLING, PLATTED LOT","SALEPRICE":523000,"SALEDATE":1586408400000},"geometry":{"type":"Polygon","coordinates":[[[-82.82237485524908,40.08509642241976],[-82.8228391103345,40.085117929145994],[-82.82286138589521,40.08483139155547],[-82.82257266768892,40.08481696214709],[-82.82254498477263,40.084815173059724],[-82.82251738763513,40.08481799133729],[-82.82249063780446,40.08482533921093],[-82.82246547342778,40.08483701392005],[-82.82244258890242,40.08485269330737],[-82.82242261571452,40.08487194470866],[-82.82240610501336,40.08489423689193],[-82.82239351240284,40.084918954716414],[-82.82238518536923,40.08494541610713],[-82.82237485524908,40.08509642241976]]]}},{"type":"Feature","properties":{"PARCELID":"545-231014","OWNERNME1":"BARBER WILLARD J","SITEADDRESS":"4908 HEATH GATE DR","RESYRBLT":1995,"RESFLRAREA_AG":2517,"STATEDAREA":8504,"ACRES":0.19523203,"SCHLDSCRP":"NEW ALBANY-PLAIN LSD","CVTTXDSCRP":"COLUMBUS-PLAIN LSD","CLASSCD":"510","CLASSDSCRP":"SINGLE FAMILY DWELLING, PLATTED LOT","SALEPRICE":0,"SALEDATE":1451365200000},"geometry":{"type":"Polygon","coordinates":[[[-82.82283138425262,40.08521732289217],[-82.82304657562995,40.08522797937947],[-82.82307692602332,40.08484216410614],[-82.82286138589521,40.08483139155547],[-82.8228391103345,40.085117929145994],[-82.82283138425262,40.08521732289217]]]}},{"type":"Feature","properties":{"PARCELID":"545-231015","OWNERNME1":"WICHMAN KENNETH G","SITEADDRESS":"4916 HEATH GATE DR","RESYRBLT":1995,"RESFLRAREA_AG":2763,"STATEDAREA":8488,"ACRES":0.19486803,"SCHLDSCRP":"NEW ALBANY-PLAIN LSD","CVTTXDSCRP":"COLUMBUS-PLAIN LSD","CLASSCD":"510","CLASSDSCRP":"SINGLE FAMILY DWELLING, PLATTED LOT","SALEPRICE":0,"SALEDATE":1252386000000},"geometry":{"type":"Polygon","coordinates":[[[-82.82304657562995,40.08522797937947],[-82.82326141286994,40.08523861213056],[-82.82329213081009,40.08485292007251],[-82.82307692602332,40.08484216410614],[-82.82304657562995,40.08522797937947]]]}},{"type":"Feature","properties":{"PARCELID":"545-231016","OWNERNME1":"BERGERE BRIAN R","SITEADDRESS":"4922 HEATH GATE DR","RESYRBLT":1995,"RESFLRAREA_AG":3039,"STATEDAREA":9198,"ACRES":0.21116426,"SCHLDSCRP":"NEW ALBANY-PLAIN LSD","CVTTXDSCRP":"COLUMBUS-PLAIN LSD","CLASSCD":"510","CLASSDSCRP":"SINGLE FAMILY DWELLING, PLATTED LOT","SALEPRICE":288000,"SALEDATE":913957200000},"geometry":{"type":"Polygon","coordinates":[[[-82.82326141286994,40.08523861213056],[-82.82349449255783,40.08525013632203],[-82.82352519927215,40.084864576620795],[-82.82329213081009,40.08485292007251],[-82.82326141286994,40.08523861213056]]]}},{"type":"Feature","properties":{"PARCELID":"545-231017","OWNERNME1":"DITOMMASO JAMES A","SITEADDRESS":"4928 HEATH GATE DR","RESYRBLT":1995,"RESFLRAREA_AG":2146,"STATEDAREA":8489,"ACRES":0.19489013,"SCHLDSCRP":"NEW ALBANY-PLAIN LSD","CVTTXDSCRP":"COLUMBUS-PLAIN LSD","CLASSCD":"510","CLASSDSCRP":"SINGLE FAMILY DWELLING, PLATTED LOT","SALEPRICE":432000,"SALEDATE":1596430800000},"geometry":{"type":"Polygon","coordinates":[[[-82.82349449255783,40.08525013632203],[-82.82370966413514,40.085260776340235],[-82.82374038421543,40.08487532101423],[-82.82352519927215,40.084864576620795],[-82.82349449255783,40.08525013632203]]]}},{"type":"Feature","properties":{"PARCELID":"545-231018","OWNERNME1":"AYRES THOMAS S III TR","SITEADDRESS":"4934 HEATH GATE DR","RESYRBLT":1995,"RESFLRAREA_AG":2533,"STATEDAREA":8481,"ACRES":0.1946869,"SCHLDSCRP":"NEW ALBANY-PLAIN LSD","CVTTXDSCRP":"COLUMBUS-PLAIN LSD","CLASSCD":"510","CLASSDSCRP":"SINGLE FAMILY DWELLING, PLATTED LOT","SALEPRICE":0,"SALEDATE":1220331600000},"geometry":{"type":"Polygon","coordinates":[[[-82.82370966413514,40.085260776340235],[-82.82392449925865,40.0852714132894],[-82.82395556574578,40.084886073128764],[-82.82374038421543,40.08487532101423],[-82.82370966413514,40.085260776340235]]]}},{"type":"Feature","properties":{"PARCELID":"545-231019","OWNERNME1":"WARD JASON L","SITEADDRESS":"4940 HEATH GATE DR","RESYRBLT":1995,"RESFLRAREA_AG":2998,"STATEDAREA":9188,"ACRES":0.21093507,"SCHLDSCRP":"NEW ALBANY-PLAIN LSD","CVTTXDSCRP":"COLUMBUS-PLAIN LSD","CLASSCD":"510","CLASSDSCRP":"SINGLE FAMILY DWELLING, PLATTED LOT","SALEPRICE":805000,"SALEDATE":1779339600000},"geometry":{"type":"Polygon","coordinates":[[[-82.82392449925865,40.0852714132894],[-82.82415756794951,40.08528279390171],[-82.82418863556114,40.084897719352455],[-82.82395556574578,40.084886073128764],[-82.82392449925865,40.0852714132894]]]}},{"type":"Feature","properties":{"PARCELID":"545-231020","OWNERNME1":"BABBITT WILLIAM M","SITEADDRESS":"4946 HEATH GATE DR","RESYRBLT":1995,"RESFLRAREA_AG":2146,"STATEDAREA":8470,"ACRES":0.19444685,"SCHLDSCRP":"NEW ALBANY-PLAIN LSD","CVTTXDSCRP":"COLUMBUS-PLAIN LSD","CLASSCD":"510","CLASSDSCRP":"SINGLE FAMILY DWELLING, PLATTED LOT","SALEPRICE":221310,"SALEDATE":815288400000},"geometry":{"type":"Polygon","coordinates":[[[-82.82415756794951,40.08528279390171],[-82.8243727529952,40.08529326065437],[-82.82440346188956,40.08490845451552],[-82.82418863556114,40.084897719352455],[-82.82415756794951,40.08528279390171]]]}},{"type":"Feature","properties":{"PARCELID":"545-231021","OWNERNME1":"PATEL VRAJESH S","SITEADDRESS":"4952 HEATH GATE DR","RESYRBLT":1995,"RESFLRAREA_AG":2437,"STATEDAREA":8472,"ACRES":0.19448463,"SCHLDSCRP":"NEW ALBANY-PLAIN LSD","CVTTXDSCRP":"COLUMBUS-PLAIN LSD","CLASSCD":"510","CLASSDSCRP":"SINGLE FAMILY DWELLING, PLATTED LOT","SALEPRICE":234055,"SALEDATE":818053200000},"geometry":{"type":"Polygon","coordinates":[[[-82.8243727529952,40.08529326065437],[-82.82458793242884,40.0853037666553],[-82.82458794464762,40.0853036216245],[-82.82461866943264,40.084919208046735],[-82.82440346188956,40.08490845451552],[-82.8243727529952,40.08529326065437]]]}},{"type":"Feature","properties":{"PARCELID":"545-231022","OWNERNME1":"KELLEY BRENNAN T TR","SITEADDRESS":"4958 HEATH GATE DR","RESYRBLT":1995,"RESFLRAREA_AG":2560,"STATEDAREA":9155,"ACRES":0.21016533,"SCHLDSCRP":"NEW ALBANY-PLAIN LSD","CVTTXDSCRP":"COLUMBUS-PLAIN LSD","CLASSCD":"510","CLASSDSCRP":"SINGLE FAMILY DWELLING, PLATTED LOT","SALEPRICE":0,"SALEDATE":1416200400000},"geometry":{"type":"Polygon","coordinates":[[[-82.82458793242884,40.0853037666553],[-82.8248206493851,40.08531510279509],[-82.8248513818985,40.08493086114853],[-82.82461866943264,40.084919208046735],[-82.82458794464762,40.0853036216245],[-82.82458793242884,40.0853037666553]]]}},{"type":"Feature","properties":{"PARCELID":"545-231023","OWNERNME1":"KATEL PRAJA","SITEADDRESS":"4964 HEATH GATE DR","RESYRBLT":1995,"RESFLRAREA_AG":2285,"STATEDAREA":8459,"ACRES":0.19419521,"SCHLDSCRP":"NEW ALBANY-PLAIN LSD","CVTTXDSCRP":"COLUMBUS-PLAIN LSD","CLASSCD":"510","CLASSDSCRP":"SINGLE FAMILY DWELLING, PLATTED LOT","SALEPRICE":600000,"SALEDATE":1706504400000},"geometry":{"type":"Polygon","coordinates":[[[-82.8248206493851,40.08531510279509],[-82.82503582895015,40.08532560707553],[-82.82503584225184,40.085325443129015],[-82.82506656719372,40.084941590505906],[-82.8248513818985,40.08493086114853],[-82.8248206493851,40.08531510279509]]]}},{"type":"Feature","properties":{"PARCELID":"545-231024","OWNERNME1":"GANGULY SUGATO TTEE","SITEADDRESS":"4970 HEATH GATE DR","RESYRBLT":1995,"RESFLRAREA_AG":2533,"STATEDAREA":8576,"ACRES":0.1968739,"SCHLDSCRP":"NEW ALBANY-PLAIN LSD","CVTTXDSCRP":"COLUMBUS-PLAIN LSD","CLASSCD":"510","CLASSDSCRP":"SINGLE FAMILY DWELLING, PLATTED LOT","SALEPRICE":0,"SALEDATE":1757307600000},"geometry":{"type":"Polygon","coordinates":[[[-82.82503582895015,40.08532560707553],[-82.82525103433281,40.08533610188476],[-82.82525269182155,40.08531550861428],[-82.82526572500865,40.085152428286],[-82.82528344461231,40.08493085071346],[-82.82517094357897,40.0849468009242],[-82.82506656719372,40.084941590505906],[-82.82503584225184,40.085325443129015],[-82.82503582895015,40.08532560707553]]]}},{"type":"Feature","properties":{"PARCELID":"545-231042","OWNERNME1":"HAMPSTED VILLAGE ASSOCIATION INC","SITEADDRESS":"HEATH GATE DR","RESYRBLT":null,"RESFLRAREA_AG":null,"STATEDAREA":10758,"ACRES":0.24697365,"SCHLDSCRP":"NEW ALBANY-PLAIN LSD","CVTTXDSCRP":"COLUMBUS-PLAIN LSD","CLASSCD":"500","CLASSDSCRP":"RESIDENTIAL, VACANT LAND, LOT","SALEPRICE":0,"SALEDATE":985323600000},"geometry":{"type":"Polygon","coordinates":[[[-82.82619058794512,40.08443999764282],[-82.82588643017948,40.08442432054319],[-82.82586880388702,40.08477412678319],[-82.82610315308548,40.084785822403084],[-82.8261140089465,40.08478587067458],[-82.82612473384927,40.084784188857356],[-82.82613505384194,40.084780819910954],[-82.82614470531549,40.08477584989016],[-82.82615344173726,40.08476940574683],[-82.8261610399482,40.08476165208712],[-82.82616730586322,40.084752786966845],[-82.82617207942874,40.08474303683245],[-82.82617523871106,40.084732650736754],[-82.82619058794512,40.08443999764282]]]}},{"type":"Feature","properties":{"PARCELID":"545-234111","OWNERNME1":"HAMPSTED VILLAGE ASSOCIATION INC","SITEADDRESS":"HEATH GATE DR","RESYRBLT":null,"RESFLRAREA_AG":null,"STATEDAREA":1530,"ACRES":0.03511761,"SCHLDSCRP":"NEW ALBANY-PLAIN LSD","CVTTXDSCRP":"COLUMBUS-PLAIN LSD","CLASSCD":"500","CLASSDSCRP":"RESIDENTIAL, VACANT LAND, LOT","SALEPRICE":0,"SALEDATE":985323600000},"geometry":{"type":"Polygon","coordinates":[[[-82.82464005721678,40.08483160405881],[-82.82515992466921,40.08485730604871],[-82.82516231894262,40.0848579160603],[-82.82516478268847,40.08485810211287],[-82.82516724141816,40.0848578585813],[-82.82516962079465,40.08485719282853],[-82.82517184888013,40.08485612498285],[-82.82517385831085,40.0848546873294],[-82.82517558833389,40.08485292333406],[-82.8251769866439,40.084850886329306],[-82.8251780109645,40.08484863790173],[-82.8251786303265,40.08484624603008],[-82.82517882600415,40.084843783029974],[-82.82517859208136,40.08484132336752],[-82.82517793563052,40.08483894140791],[-82.8251768764987,40.08483670916709],[-82.8251754467076,40.084834694134415],[-82.8251736894854,40.08483295723219],[-82.82517165795976,40.08483155097373],[-82.82516941355163,40.084830517875744],[-82.82516702411826,40.0848298891728],[-82.82516456190152,40.08482968387305],[-82.82516210134384,40.08482990818351],[-82.82464243208365,40.08480442180099],[-82.82464005815982,40.084803793812654],[-82.82463761131557,40.08480358684178],[-82.82463516563656,40.08480380715503],[-82.82463279517317,40.084804448081755],[-82.8246305716984,40.08480549021595],[-82.82462856253473,40.08480690200383],[-82.82462682851566,40.08480864069921],[-82.82462542214394,40.0848106536578],[-82.82462438600173,40.08481287993116],[-82.8246237514614,40.08481525211207],[-82.82462353773559,40.084817698375545],[-82.8246237512955,40.08482014465351],[-82.82462438567495,40.08482251687746],[-82.82462542166617,40.08482474322108],[-82.82462682790137,40.08482675627504],[-82.82462856180251,40.084828495088026],[-82.82463057087044,40.08482990701216],[-82.82463279427454,40.08483094929714],[-82.82463516469444,40.084831590384624],[-82.82463761035851,40.08483181086374],[-82.82464005721678,40.08483160405881]]]}},{"type":"Feature","properties":{"PARCELID":"545-234112","OWNERNME1":"HAMPSTED VILLAGE ASSOCIATION INC","SITEADDRESS":"HEATH GATE DR","RESYRBLT":null,"RESFLRAREA_AG":null,"STATEDAREA":2544,"ACRES":0.05840836,"SCHLDSCRP":"NEW ALBANY-PLAIN LSD","CVTTXDSCRP":"COLUMBUS-PLAIN LSD","CLASSCD":"500","CLASSDSCRP":"RESIDENTIAL, VACANT LAND, LOT","SALEPRICE":0,"SALEDATE":985323600000},"geometry":{"type":"Polygon","coordinates":[[[-82.82365060798178,40.08478268181182],[-82.82452924407657,40.084826145261104],[-82.8245316327665,40.08482680422936],[-82.8245340995099,40.0848270392946],[-82.82453656966824,40.08482684334426],[-82.8245389684996,40.08482622230738],[-82.82454122342031,40.084825194975245],[-82.82454326620112,40.08482379243282],[-82.82454503503172,40.08482205711813],[-82.82454647639092,40.08482004153822],[-82.82454754666618,40.084817806680384],[-82.82454821347318,40.084815420166784],[-82.82454845663572,40.08481295420842],[-82.8245482687962,40.08481048342007],[-82.82454765563827,40.084808082562716],[-82.82454663571481,40.084805824281325],[-82.82454523988659,40.08480377690683],[-82.8245435103885,40.08480200238857],[-82.82454149955157,40.084800554419786],[-82.8245392682196,40.08479947681303],[-82.82453688390805,40.08479880217446],[-82.8245344187613,40.08479855091725],[-82.82453194736958,40.08479873064391],[-82.82365325317727,40.0847553061012],[-82.82365086690076,40.08475465256413],[-82.82364840347296,40.08475442245596],[-82.82364593744121,40.08475462274012],[-82.82364354343169,40.08475524735571],[-82.82364129389099,40.084756277400814],[-82.8236392568939,40.08475768170461],[-82.82363749408327,40.08475941777056],[-82.82363605880464,40.08476143306249],[-82.82363499449187,40.08476366659436],[-82.8236343333528,40.08476605077586],[-82.8236340953946,40.084768513457774],[-82.82363428781824,40.084770980115316],[-82.82363490480068,40.084773376103406],[-82.82363592767105,40.084775628915544],[-82.82363732547559,40.08477767037795],[-82.82363905591446,40.08477943871265],[-82.82364106662176,40.084780880406946],[-82.8236432967502,40.08478195183281],[-82.82364567881248,40.084782620567154],[-82.82364814072349,40.08478286637298],[-82.82365060798178,40.08478268181182]]]}},{"type":"Feature","properties":{"PARCELID":"545-234113","OWNERNME1":"HAMPSTED VILLAGE ASSOCIATION INC","SITEADDRESS":"HEATH GATE DR","RESYRBLT":null,"RESFLRAREA_AG":null,"STATEDAREA":2587,"ACRES":0.05938976,"SCHLDSCRP":"NEW ALBANY-PLAIN LSD","CVTTXDSCRP":"COLUMBUS-PLAIN LSD","CLASSCD":"500","CLASSDSCRP":"RESIDENTIAL, VACANT LAND, LOT","SALEPRICE":0,"SALEDATE":985323600000},"geometry":{"type":"Polygon","coordinates":[[[-82.82264185459762,40.08473087275951],[-82.82353988753961,40.08477695254626],[-82.82354228332042,40.08477757010964],[-82.82354474988965,40.08477776294764],[-82.82354721253772,40.084777525219415],[-82.82354959667384,40.08477686412549],[-82.82355183008525,40.08477579968964],[-82.82355384512448,40.0847743641524],[-82.82355558075828,40.08477260099457],[-82.8235569844163,40.084770563620175],[-82.82355801358332,40.08476831373897],[-82.82355863708707,40.08476591949727],[-82.82355883604232,40.08476345341393],[-82.82355860442296,40.084760990183796],[-82.82355794924445,40.08475860441529],[-82.82355689035141,40.08475636837062],[-82.8235554598165,40.08475434977702],[-82.823553700969,40.084752609775386],[-82.82355166708237,40.08475120106838],[-82.82354941976074,40.08475016632413],[-82.82354702707288,40.08474953688385],[-82.82354456149059,40.08474933181257],[-82.82354209769355,40.084749557321665],[-82.82264458902145,40.08470368955631],[-82.82264222147047,40.08470303169307],[-82.82263977574034,40.08470279402582],[-82.82263732582437,40.084702983745004],[-82.82263494584255,40.08470359511082],[-82.82263270779906,40.084704609626954],[-82.82263067940387,40.08470599660014],[-82.82262892202426,40.08470771406878],[-82.82262748882812,40.0847097100724],[-82.8226264231755,40.08471192422375],[-82.82262575730678,40.08471428953566],[-82.82262551136719,40.084716734447795],[-82.8226256927974,40.084719184991556],[-82.82262629610842,40.08472156702796],[-82.82262730304762,40.08472380849067],[-82.82262868315098,40.08472584156627],[-82.82263039466471,40.0847276047459],[-82.82263238580852,40.08472904468616],[-82.82263459634217,40.08473011782297],[-82.82263695938796,40.08473079168956],[-82.82263940345412,40.0847310458987],[-82.82264185459762,40.08473087275951]]]}},{"type":"Feature","properties":{"PARCELID":"545-234146","OWNERNME1":"LIEBMAN RICHARD H","SITEADDRESS":"7356 TOTTENHAM PL","RESYRBLT":1996,"RESFLRAREA_AG":3337,"STATEDAREA":14206,"ACRES":0.32612419,"SCHLDSCRP":"NEW ALBANY-PLAIN LSD","CVTTXDSCRP":"COLUMBUS-PLAIN LSD","CLASSCD":"510","CLASSDSCRP":"SINGLE FAMILY DWELLING, PLATTED LOT","SALEPRICE":294165,"SALEDATE":844318800000},"geometry":{"type":"Polygon","coordinates":[[[-82.82591528011271,40.08517257606524],[-82.82589786733163,40.08538866729438],[-82.82651760849716,40.08541686383321],[-82.82657663222906,40.085201214394715],[-82.82591528011271,40.08517257606524]]]}},{"type":"Feature","properties":{"PARCELID":"545-234147","OWNERNME1":"SMITH JUSTIN P","SITEADDRESS":"5016 HEATH GATE DR","RESYRBLT":1996,"RESFLRAREA_AG":3675,"STATEDAREA":14801,"ACRES":0.33985792,"SCHLDSCRP":"NEW ALBANY-PLAIN LSD","CVTTXDSCRP":"COLUMBUS-PLAIN LSD","CLASSCD":"510","CLASSDSCRP":"SINGLE FAMILY DWELLING, PLATTED LOT","SALEPRICE":445000,"SALEDATE":1331269200000},"geometry":{"type":"Polygon","coordinates":[[[-82.82657663222906,40.085201214394715],[-82.82651760849716,40.08541686383321],[-82.82650954959735,40.08552091036273],[-82.82708716733495,40.085233536114],[-82.82702886582592,40.08518345639206],[-82.82696714110108,40.08513766225655],[-82.82690230752526,40.08509638693762],[-82.82683469529677,40.085059840651034],[-82.82676464876558,40.08502820952753],[-82.82669252467964,40.085001654664836],[-82.82657663222906,40.085201214394715]]]}},{"type":"Feature","properties":{"PARCELID":"545-234150","OWNERNME1":"HAMPSTED VILLAGE ASSOCIATION INC","SITEADDRESS":"5000 HEATH GATE DR","RESYRBLT":null,"RESFLRAREA_AG":null,"STATEDAREA":18274,"ACRES":0.4195508,"SCHLDSCRP":"NEW ALBANY-PLAIN LSD","CVTTXDSCRP":"COLUMBUS-PLAIN LSD","CLASSCD":"500","CLASSDSCRP":"RESIDENTIAL, VACANT LAND, LOT","SALEPRICE":0,"SALEDATE":985323600000},"geometry":{"type":"Polygon","coordinates":[[[-82.82591528011271,40.08517257606524],[-82.82657663222906,40.085201214394715],[-82.82669252467964,40.085001654664836],[-82.82660196969684,40.08497455049676],[-82.82650972059055,40.08495393634564],[-82.82641624187065,40.08493991601169],[-82.8263220042386,40.0849325600927],[-82.82620777326963,40.08492626598666],[-82.82609344534167,40.084922088076645],[-82.82593560167946,40.084919794284076],[-82.82591528011271,40.08517257606524]]]}},{"type":"Feature","properties":{"PARCELID":"222-003131","OWNERNME1":"DFB LLC","SITEADDRESS":"1 KESWICK CM","RESYRBLT":2003,"RESFLRAREA_AG":2892,"STATEDAREA":0.0534,"ACRES":0.05337715,"SCHLDSCRP":"NEW ALBANY-PLAIN LSD","CVTTXDSCRP":"PLAIN TWP-NEW ALBANY CORP","CLASSCD":"550","CLASSDSCRP":"CONDOMINIUM","SALEPRICE":635000,"SALEDATE":1219813200000},"geometry":{"type":"Polygon","coordinates":[[[-82.81746718850303,40.08200213917034],[-82.81753945956504,40.08205422582485],[-82.81763034153256,40.08197432638638],[-82.81757427725334,40.08193480806065],[-82.8175977164996,40.081916066211306],[-82.8176352052683,40.081886094590466],[-82.81765947114523,40.08189732529453],[-82.81767938479722,40.081861426544485],[-82.81769359353348,40.08183581099393],[-82.81761481038772,40.08180922731544],[-82.81758032999342,40.08186759134776],[-82.81753413623683,40.0819073841354],[-82.81748817640614,40.08194578483935],[-82.81744223988657,40.08198416654903],[-82.81746718850303,40.08200213917034]]]}},{"type":"Feature","properties":{"PARCELID":"222-003132","OWNERNME1":"MENZER ZACHARY PAUL","SITEADDRESS":"2 KESWICK CM","RESYRBLT":2003,"RESFLRAREA_AG":2500,"STATEDAREA":0.0544,"ACRES":0.05438148,"SCHLDSCRP":"NEW ALBANY-PLAIN LSD","CVTTXDSCRP":"PLAIN TWP-NEW ALBANY CORP","CLASSCD":"550","CLASSDSCRP":"CONDOMINIUM","SALEPRICE":940000,"SALEDATE":1695963600000},"geometry":{"type":"Polygon","coordinates":[[[-82.81734654838647,40.08191519549842],[-82.81744223988657,40.08198416654903],[-82.81748817640614,40.08194578483935],[-82.81753413623683,40.0819073841354],[-82.81749817655488,40.08188157899597],[-82.81754126684459,40.08185151392288],[-82.8175947267822,40.08179956316065],[-82.8175285245352,40.08175849884546],[-82.81743753948437,40.08183684494892],[-82.81734654838647,40.08191519549842]]]}},{"type":"Feature","properties":{"PARCELID":"222-003133","OWNERNME1":"DALEY RICHARD C","SITEADDRESS":"3 KESWICK CM","RESYRBLT":2003,"RESFLRAREA_AG":2832,"STATEDAREA":0.0497,"ACRES":0.04974774,"SCHLDSCRP":"NEW ALBANY-PLAIN LSD","CVTTXDSCRP":"PLAIN TWP-NEW ALBANY CORP","CLASSCD":"550","CLASSDSCRP":"CONDOMINIUM","SALEPRICE":689000,"SALEDATE":1636434000000},"geometry":{"type":"Polygon","coordinates":[[[-82.81724687007225,40.08185094078356],[-82.81734654838647,40.08191519549842],[-82.81743753948437,40.08183684494892],[-82.8175285245352,40.08175849884546],[-82.8174647351273,40.08171894549401],[-82.81740593668471,40.081769282321474],[-82.8174270681751,40.081782992794224],[-82.81739347050409,40.08181061497547],[-82.81733638329172,40.0817719395599],[-82.81729162553917,40.08181144108432],[-82.81724687007225,40.08185094078356]]]}},{"type":"Feature","properties":{"PARCELID":"222-003134","OWNERNME1":"HSU KERRY L","SITEADDRESS":"4 KESWICK CM","RESYRBLT":2003,"RESFLRAREA_AG":2892,"STATEDAREA":0.0534,"ACRES":0.05340082,"SCHLDSCRP":"NEW ALBANY-PLAIN LSD","CVTTXDSCRP":"PLAIN TWP-NEW ALBANY CORP","CLASSCD":"550","CLASSDSCRP":"CONDOMINIUM","SALEPRICE":560000,"SALEDATE":1489122000000},"geometry":{"type":"Polygon","coordinates":[[[-82.81714890053819,40.08178778821514],[-82.81724687007225,40.08185094078356],[-82.81729162553917,40.08181144108432],[-82.81733638329172,40.0817719395599],[-82.81729412867699,40.081745311086856],[-82.8173228924093,40.08172307498549],[-82.81739077802486,40.08167059724431],[-82.81733174609018,40.08162351633489],[-82.81727693049667,40.08166438960867],[-82.81723652700826,40.08170333269485],[-82.81714890053819,40.08178778821514]]]}},{"type":"Feature","properties":{"PARCELID":"222-003135","OWNERNME1":"KRITEK WILLIAM J","SITEADDRESS":"5 KESWICK CM","RESYRBLT":2003,"RESFLRAREA_AG":2877,"STATEDAREA":0.0497,"ACRES":0.04966462,"SCHLDSCRP":"NEW ALBANY-PLAIN LSD","CVTTXDSCRP":"PLAIN TWP-NEW ALBANY CORP","CLASSCD":"550","CLASSDSCRP":"CONDOMINIUM","SALEPRICE":565000,"SALEDATE":1513832400000},"geometry":{"type":"Polygon","coordinates":[[[-82.81712173306126,40.08177246928657],[-82.81714890053819,40.08178778821514],[-82.81723652700826,40.08170333269485],[-82.81727693049667,40.08166438960867],[-82.81733174609018,40.08162351633489],[-82.81727544415843,40.08157859307889],[-82.8172155917691,40.0816233101878],[-82.81723461064033,40.08163860155296],[-82.81718952921346,40.08168243762035],[-82.81713033235411,40.08164618411628],[-82.81712612242721,40.081652660008956],[-82.81708679992659,40.08169161994072],[-82.81704746804355,40.08173058888992],[-82.81712173306126,40.08177246928657]]]}},{"type":"Feature","properties":{"PARCELID":"222-003136","OWNERNME1":"BARRETT WILLIAM","SITEADDRESS":"6 KESWICK CM","RESYRBLT":2003,"RESFLRAREA_AG":2671,"STATEDAREA":0.0543,"ACRES":0.0542742,"SCHLDSCRP":"NEW ALBANY-PLAIN LSD","CVTTXDSCRP":"PLAIN TWP-NEW ALBANY CORP","CLASSCD":"550","CLASSDSCRP":"CONDOMINIUM","SALEPRICE":540000,"SALEDATE":1478667600000},"geometry":{"type":"Polygon","coordinates":[[[-82.81694598053821,40.081673373413835],[-82.81704746804355,40.08173058888992],[-82.81708679992659,40.08169161994072],[-82.81712612242721,40.081652660008956],[-82.81707748194565,40.08162121244122],[-82.81709218040865,40.081604201812176],[-82.81716584563452,40.08157442184109],[-82.81717960808392,40.0815921977543],[-82.8172553205511,40.081560414663294],[-82.81720959173965,40.081508312043184],[-82.81707680925183,40.08156561997167],[-82.81703305932993,40.08158450205589],[-82.81696489619739,40.08165146475352],[-82.81694598053821,40.081673373413835]]]}},{"type":"Feature","properties":{"PARCELID":"222-003137","OWNERNME1":"RUTHERFORD KATHLEEN C","SITEADDRESS":"7 KESWICK CM","RESYRBLT":2003,"RESFLRAREA_AG":4026,"STATEDAREA":0.067,"ACRES":0.06701013,"SCHLDSCRP":"NEW ALBANY-PLAIN LSD","CVTTXDSCRP":"PLAIN TWP-NEW ALBANY CORP","CLASSCD":"550","CLASSDSCRP":"CONDOMINIUM","SALEPRICE":770000,"SALEDATE":1465448400000},"geometry":{"type":"Polygon","coordinates":[[[-82.81692366438197,40.08162488382263],[-82.81696489619739,40.08165146475352],[-82.81703305932993,40.08158450205589],[-82.81707680925183,40.08156561997167],[-82.81720959173965,40.081508312043184],[-82.81716201268166,40.08145411148613],[-82.81709163444387,40.08148477598924],[-82.81710516095166,40.08150429341569],[-82.81706758955171,40.08152209253096],[-82.81708033478947,40.08154228571909],[-82.81704348501363,40.08156098618564],[-82.81698435751535,40.08152473422096],[-82.81691481465053,40.08152938872212],[-82.8168452729447,40.08153404227835],[-82.81682104171999,40.081560116130575],[-82.8167968092964,40.08158618817956],[-82.81684920739356,40.081616889041214],[-82.81690160671366,40.0816475907766],[-82.81692366438197,40.08162488382263]]]}},{"type":"Feature","properties":{"PARCELID":"222-003138","OWNERNME1":"HOUSE 9 LLC","SITEADDRESS":"8 KESWICK CM","RESYRBLT":2003,"RESFLRAREA_AG":3042,"STATEDAREA":0.057,"ACRES":0.05701189,"SCHLDSCRP":"NEW ALBANY-PLAIN LSD","CVTTXDSCRP":"PLAIN TWP-NEW ALBANY CORP","CLASSCD":"550","CLASSDSCRP":"CONDOMINIUM","SALEPRICE":0,"SALEDATE":1600750800000},"geometry":{"type":"Polygon","coordinates":[[[-82.81685322514446,40.081432825374335],[-82.8168452729447,40.08153404227835],[-82.81691481465053,40.08152938872212],[-82.81698435751535,40.08152473422096],[-82.81698713694156,40.081444599986376],[-82.81702293190189,40.081433943874735],[-82.8170261282009,40.08144528376612],[-82.81713965794188,40.08141156061884],[-82.81711019474596,40.08135515691836],[-82.81698170943298,40.08139399166874],[-82.81685322514446,40.081432825374335]]]}},{"type":"Feature","properties":{"PARCELID":"222-003139","OWNERNME1":"BILLMAN SCOTT","SITEADDRESS":"9 KESWICK CM","RESYRBLT":2003,"RESFLRAREA_AG":2892,"STATEDAREA":0.0554,"ACRES":0.05538423,"SCHLDSCRP":"NEW ALBANY-PLAIN LSD","CVTTXDSCRP":"PLAIN TWP-NEW ALBANY CORP","CLASSCD":"550","CLASSDSCRP":"CONDOMINIUM","SALEPRICE":0,"SALEDATE":1530853200000},"geometry":{"type":"Polygon","coordinates":[[[-82.81680430635308,40.08134063990321],[-82.81685322514446,40.081432825374335],[-82.81698170943298,40.08139399166874],[-82.81711019474596,40.08135515691836],[-82.8170802465922,40.08129781068448],[-82.8170034097486,40.081323132162574],[-82.81698068324832,40.08133004344197],[-82.81694972130417,40.08133946078823],[-82.81691682132946,40.08127959717769],[-82.81686056445429,40.081310119002815],[-82.81680430635308,40.08134063990321]]]}},{"type":"Feature","properties":{"PARCELID":"222-003140","OWNERNME1":"KERBY JEFFERY SCOTT","SITEADDRESS":"10 KESWICK CM","RESYRBLT":2003,"RESFLRAREA_AG":2832,"STATEDAREA":0.0495,"ACRES":0.04947955,"SCHLDSCRP":"NEW ALBANY-PLAIN LSD","CVTTXDSCRP":"PLAIN TWP-NEW ALBANY CORP","CLASSCD":"550","CLASSDSCRP":"CONDOMINIUM","SALEPRICE":1025000,"SALEDATE":1748926800000},"geometry":{"type":"Polygon","coordinates":[[[-82.81679722705258,40.081333932370114],[-82.81680430635308,40.08134063990321],[-82.81686056445429,40.081310119002815],[-82.81691682132946,40.08127959717769],[-82.81702925856753,40.0812169802962],[-82.81698273338863,40.08116934582566],[-82.81691223810749,40.08120437036542],[-82.81692920899549,40.08122129649603],[-82.81688186481705,40.08124895649885],[-82.81683264955005,40.081199391121295],[-82.81677863926473,40.08123226373397],[-82.8167246148962,40.081265144464666],[-82.81679722705258,40.081333932370114]]]}},{"type":"Feature","properties":{"PARCELID":"222-003507","OWNERNME1":"FRASER MARGO LYNN","SITEADDRESS":"30 KESWICK DR","RESYRBLT":2005,"RESFLRAREA_AG":2832,"STATEDAREA":0.0497,"ACRES":0.04967401,"SCHLDSCRP":"NEW ALBANY-PLAIN LSD","CVTTXDSCRP":"PLAIN TWP-NEW ALBANY CORP","CLASSCD":"550","CLASSDSCRP":"CONDOMINIUM","SALEPRICE":620000,"SALEDATE":1575867600000},"geometry":{"type":"Polygon","coordinates":[[[-82.81741413227704,40.08120312878802],[-82.81744854537719,40.08125998286004],[-82.81752880583228,40.08123601715785],[-82.81751797583266,40.08121624032525],[-82.8175695413981,40.0811990228738],[-82.81760063109829,40.081251849372315],[-82.8177217152938,40.0812101709254],[-82.81766951394206,40.08112004805341],[-82.81754183664405,40.08116158305042],[-82.81741413227704,40.08120312878802]]]}},{"type":"Feature","properties":{"PARCELID":"222-003508","OWNERNME1":"MARSH PIEDAD M TTEE","SITEADDRESS":"31 KESWICK DR","RESYRBLT":2005,"RESFLRAREA_AG":2512,"STATEDAREA":0.0512,"ACRES":0.05119912,"SCHLDSCRP":"NEW ALBANY-PLAIN LSD","CVTTXDSCRP":"PLAIN TWP-NEW ALBANY CORP","CLASSCD":"550","CLASSDSCRP":"CONDOMINIUM","SALEPRICE":0,"SALEDATE":1700110800000},"geometry":{"type":"Polygon","coordinates":[[[-82.81737989905572,40.081146627255976],[-82.81741413227704,40.08120312878802],[-82.81754183664405,40.08116158305042],[-82.81766951394206,40.08112004805341],[-82.81761684716622,40.081029133881366],[-82.8175552447633,40.08104997548237],[-82.81749364465995,40.08107081524346],[-82.81751386097378,40.081108750825386],[-82.81743109025687,40.08113215321518],[-82.81737989905572,40.081146627255976]]]}},{"type":"Feature","properties":{"PARCELID":"222-003509","OWNERNME1":"SCHELL DEBORAH","SITEADDRESS":"32 KESWICK DR","RESYRBLT":2005,"RESFLRAREA_AG":2944,"STATEDAREA":0.0517,"ACRES":0.05170908,"SCHLDSCRP":"NEW ALBANY-PLAIN LSD","CVTTXDSCRP":"PLAIN TWP-NEW ALBANY CORP","CLASSCD":"550","CLASSDSCRP":"CONDOMINIUM","SALEPRICE":1000000,"SALEDATE":1724648400000},"geometry":{"type":"Polygon","coordinates":[[[-82.81730447203208,40.08104079014243],[-82.81734450338634,40.08109460125139],[-82.81746476554618,40.08103805631028],[-82.81749364465995,40.08107081524346],[-82.8175552447633,40.08104997548237],[-82.81761684716622,40.081029133881366],[-82.817545301423,40.080938322017474],[-82.81742487219225,40.08098956293616],[-82.81730447203208,40.08104079014243]]]}},{"type":"Feature","properties":{"PARCELID":"222-003510","OWNERNME1":"HARRISON JAMES W","SITEADDRESS":"33 KESWICK DR","RESYRBLT":2005,"RESFLRAREA_AG":2832,"STATEDAREA":0.0499,"ACRES":0.04991827,"SCHLDSCRP":"NEW ALBANY-PLAIN LSD","CVTTXDSCRP":"PLAIN TWP-NEW ALBANY CORP","CLASSCD":"550","CLASSDSCRP":"CONDOMINIUM","SALEPRICE":0,"SALEDATE":1498626000000},"geometry":{"type":"Polygon","coordinates":[[[-82.817264326155,40.08098679110172],[-82.81730447203208,40.08104079014243],[-82.81742487219225,40.08098956293616],[-82.817545301423,40.080938322017474],[-82.81747752831103,40.08085228572945],[-82.81736010859179,40.080902200871705],[-82.81739692526912,40.08095117719491],[-82.81734968089462,40.08097058848661],[-82.81733592570883,40.080954126551234],[-82.817264326155,40.08098679110172]]]}},{"type":"Feature","properties":{"PARCELID":"222-003511","OWNERNME1":"LOMBARDI THOMAS J","SITEADDRESS":"34 KESWICK DR","RESYRBLT":2005,"RESFLRAREA_AG":2832,"STATEDAREA":0.0491,"ACRES":0.04910862,"SCHLDSCRP":"NEW ALBANY-PLAIN LSD","CVTTXDSCRP":"PLAIN TWP-NEW ALBANY CORP","CLASSCD":"550","CLASSDSCRP":"CONDOMINIUM","SALEPRICE":630000,"SALEDATE":1504587600000},"geometry":{"type":"Polygon","coordinates":[[[-82.81714722048955,40.080852391124196],[-82.81719935741309,40.08089990412127],[-82.81726950139698,40.08086225328954],[-82.81725369071346,40.08084521780319],[-82.81729584733597,40.08082030498159],[-82.8173441366249,40.08086478335785],[-82.81744932791518,40.08080334109817],[-82.81736725385987,40.0807267879994],[-82.81725723260529,40.080789594129676],[-82.81714722048955,40.080852391124196]]]}},{"type":"Feature","properties":{"PARCELID":"222-003512","OWNERNME1":"MIRZA ZEYN T","SITEADDRESS":"35 KESWICK DR","RESYRBLT":2005,"RESFLRAREA_AG":2512,"STATEDAREA":0.052,"ACRES":0.05201255,"SCHLDSCRP":"NEW ALBANY-PLAIN LSD","CVTTXDSCRP":"PLAIN TWP-NEW ALBANY CORP","CLASSCD":"550","CLASSDSCRP":"CONDOMINIUM","SALEPRICE":1050000,"SALEDATE":1728450000000},"geometry":{"type":"Polygon","coordinates":[[[-82.81709564056663,40.08080539715008],[-82.81714722048955,40.080852391124196],[-82.81725723260529,40.080789594129676],[-82.81736725385987,40.0807267879994],[-82.81727786911893,40.08064339106842],[-82.81722778544741,40.08067744299621],[-82.81717770289914,40.08071149489906],[-82.8172123224678,40.08074334771788],[-82.81709564056663,40.08080539715008]]]}},{"type":"Feature","properties":{"PARCELID":"222-003513","OWNERNME1":"KOUVAS PATRICE P TTEE","SITEADDRESS":"36 KESWICK DR","RESYRBLT":2005,"RESFLRAREA_AG":2944,"STATEDAREA":0.0527,"ACRES":0.05267885,"SCHLDSCRP":"NEW ALBANY-PLAIN LSD","CVTTXDSCRP":"PLAIN TWP-NEW ALBANY CORP","CLASSCD":"550","CLASSDSCRP":"CONDOMINIUM","SALEPRICE":0,"SALEDATE":1726462800000},"geometry":{"type":"Polygon","coordinates":[[[-82.816980496391,40.080711400021094],[-82.81703584798404,40.08075816682924],[-82.8171402891171,40.08068238294234],[-82.81717770289914,40.08071149489906],[-82.81722778544741,40.08067744299621],[-82.81727786911893,40.08064339106842],[-82.8171862272799,40.080569391659814],[-82.81708336136485,40.080640398139515],[-82.816980496391,40.080711400021094]]]}},{"type":"Feature","properties":{"PARCELID":"222-003514","OWNERNME1":"WINICK MICHAEL","SITEADDRESS":"37 KESWICK DR","RESYRBLT":2005,"RESFLRAREA_AG":2832,"STATEDAREA":0.0489,"ACRES":0.04891815,"SCHLDSCRP":"NEW ALBANY-PLAIN LSD","CVTTXDSCRP":"PLAIN TWP-NEW ALBANY CORP","CLASSCD":"550","CLASSDSCRP":"CONDOMINIUM","SALEPRICE":860000,"SALEDATE":1675918800000},"geometry":{"type":"Polygon","coordinates":[[[-82.81692783903777,40.08066692966818],[-82.816980496391,40.080711400021094],[-82.81708336136485,40.080640398139515],[-82.8171862272799,40.080569391659814],[-82.81709662373733,40.08049702668038],[-82.81699770466106,40.080568646559094],[-82.81704809575716,40.08060928281791],[-82.81700663037539,40.080635876017524],[-82.81698789694676,40.08062268495061],[-82.81692783903777,40.08066692966818]]]}},{"type":"Feature","properties":{"PARCELID":"222-003551","OWNERNME1":"JOHNSON KYLE","SITEADDRESS":"27 KESWICK DR","RESYRBLT":2005,"RESFLRAREA_AG":2824,"STATEDAREA":0.0681,"ACRES":0.06805035,"SCHLDSCRP":"NEW ALBANY-PLAIN LSD","CVTTXDSCRP":"PLAIN TWP-NEW ALBANY CORP","CLASSCD":"550","CLASSDSCRP":"CONDOMINIUM","SALEPRICE":665000,"SALEDATE":1543899600000},"geometry":{"type":"Polygon","coordinates":[[[-82.81767670878594,40.081688268351776],[-82.81776050096983,40.081703698879174],[-82.81778380009688,40.08163853573699],[-82.81776983075714,40.081635264681054],[-82.81779100264906,40.081568478093374],[-82.81779058716074,40.081477792893274],[-82.81771896210635,40.08148294973232],[-82.81764734291578,40.081488109213616],[-82.81764798776128,40.08149630296792],[-82.81763403478121,40.081496340670775],[-82.81762541631582,40.08149636395823],[-82.81762351937986,40.08154502421646],[-82.81764821418827,40.08154574551735],[-82.81764730652587,40.08158615266856],[-82.81766126219563,40.081586954319846],[-82.81763604708998,40.08166694115386],[-82.81767992370831,40.08167344202638],[-82.81767670878594,40.081688268351776]]]}},{"type":"Feature","properties":{"PARCELID":"222-003552","OWNERNME1":"28 KESWICK LLC","SITEADDRESS":"28 KESWICK DR","RESYRBLT":2005,"RESFLRAREA_AG":2512,"STATEDAREA":0.0537,"ACRES":0.05370106,"SCHLDSCRP":"NEW ALBANY-PLAIN LSD","CVTTXDSCRP":"PLAIN TWP-NEW ALBANY CORP","CLASSCD":"550","CLASSDSCRP":"CONDOMINIUM","SALEPRICE":877850,"SALEDATE":1676264400000},"geometry":{"type":"Polygon","coordinates":[[[-82.8176445742095,40.08145265090777],[-82.81764734291578,40.081488109213616],[-82.81771896210635,40.08148294973232],[-82.81779058716074,40.081477792893274],[-82.81779054960819,40.08146959659731],[-82.81777262224037,40.08137958825652],[-82.81762983222754,40.08139253039068],[-82.81748705037245,40.08140547322973],[-82.81749764625258,40.08146707564883],[-82.8176445742095,40.08145265090777]]]}},{"type":"Feature","properties":{"PARCELID":"222-003553","OWNERNME1":"CABRAL LUCIO P","SITEADDRESS":"29 KESWICK DR","RESYRBLT":2005,"RESFLRAREA_AG":2944,"STATEDAREA":0.0542,"ACRES":0.0541654,"SCHLDSCRP":"NEW ALBANY-PLAIN LSD","CVTTXDSCRP":"PLAIN TWP-NEW ALBANY CORP","CLASSCD":"550","CLASSDSCRP":"CONDOMINIUM","SALEPRICE":634000,"SALEDATE":1552626000000},"geometry":{"type":"Polygon","coordinates":[[[-82.81747670438831,40.08134518411468],[-82.81748705037245,40.08140547322973],[-82.81762983222754,40.08139253039068],[-82.81777262224037,40.08137958825652],[-82.81775190384987,40.08127561097914],[-82.81761703385838,40.081293681344334],[-82.81762363710737,40.08133159874854],[-82.81747670438831,40.08134518411468]]]}},{"type":"Feature","properties":{"PARCELID":"222-004170","OWNERNME1":"VON KAENEL DOUGLAS A","SITEADDRESS":"41 N EALY CROSSING","RESYRBLT":2017,"RESFLRAREA_AG":4509,"STATEDAREA":16368,"ACRES":0.375762,"SCHLDSCRP":"NEW ALBANY-PLAIN LSD","CVTTXDSCRP":"PLAIN TWP-NEW ALBANY CORP","CLASSCD":"510","CLASSDSCRP":"SINGLE FAMILY DWELLING, PLATTED LOT","SALEPRICE":1650000,"SALEDATE":1528174800000},"geometry":{"type":"Polygon","coordinates":[[[-82.81884401462179,40.08124324100094],[-82.8185275384933,40.08133960894878],[-82.81850116897392,40.08135587686344],[-82.81838642713812,40.08142728318492],[-82.81838686741534,40.081447595117595],[-82.81839050738853,40.081615308353975],[-82.81841424952508,40.081639376631124],[-82.81850820402241,40.08173461674302],[-82.81867997702872,40.08161699522394],[-82.81873646453465,40.08157963001594],[-82.81882252024718,40.081527782177965],[-82.81891100646503,40.08148020095043],[-82.8189200694999,40.081476028185],[-82.8189283149026,40.08147041000857],[-82.81893551426022,40.08146350205502],[-82.81894146813718,40.08145549568748],[-82.81894601160009,40.08144661269716],[-82.81894901878658,40.081437099159345],[-82.81895040639203,40.08142721861668],[-82.81895013597718,40.0814172447785],[-82.81894821503303,40.0814074539386],[-82.8189446967733,40.081398117321406],[-82.81893967866029,40.08138949356851],[-82.81889700461124,40.08133037210685],[-82.81886867686042,40.08128792116991],[-82.81884401462179,40.08124324100094]]]}},{"type":"Feature","properties":{"PARCELID":"222-004873","OWNERNME1":"O S U CHABAD HOUSE","SITEADDRESS":"DUBLIN GRANVILLE RD","RESYRBLT":null,"RESFLRAREA_AG":null,"STATEDAREA":0.2124,"ACRES":0.2116062,"SCHLDSCRP":"NEW ALBANY-PLAIN LSD","CVTTXDSCRP":"PLAIN TWP-NEW ALBANY CORP","CLASSCD":"685","CLASSDSCRP":"CHURCHES ETC PUBLIC WORSHIP    PRIVE","SALEPRICE":0,"SALEDATE":1448427600000},"geometry":{"type":"Polygon","coordinates":[[[-82.82628555673423,40.082506388401605],[-82.82629502361843,40.08231982271408],[-82.82588471032734,40.082304250205866],[-82.82586926520025,40.08255645313823],[-82.82626305637795,40.08250892030838],[-82.82628555673423,40.082506388401605]]]}},{"type":"Feature","properties":{"PARCELID":"222-000445","OWNERNME1":"O S U CHABAD HOUSE","SITEADDRESS":"6196 DUBLIN GRANVILLE RD","RESYRBLT":1961,"RESFLRAREA_AG":2146,"STATEDAREA":null,"ACRES":5.20418821,"SCHLDSCRP":"NEW ALBANY-PLAIN LSD","CVTTXDSCRP":"PLAIN TWP-NEW ALBANY CORP","CLASSCD":"685","CLASSDSCRP":"CHURCHES ETC PUBLIC WORSHIP    PRIVE","SALEPRICE":0,"SALEDATE":1448427600000},"geometry":{"type":"Polygon","coordinates":[[[-82.82450559500398,40.0825288907348],[-82.82449402794646,40.08272244082638],[-82.82485440263913,40.08267894600389],[-82.82516406407211,40.08264157127357],[-82.82545087059064,40.08260695991398],[-82.82572017374986,40.08257444973043],[-82.82586926520025,40.08255645313823],[-82.82588471032734,40.082304250205866],[-82.82629502361843,40.08231982271408],[-82.82635194568304,40.081197914365376],[-82.82488637924713,40.08138064131092],[-82.82472857649613,40.08140386596941],[-82.82457124836262,40.08143011385295],[-82.82450559500398,40.0825288907348]]]}},{"type":"Feature","properties":{"PARCELID":"222-004872","OWNERNME1":"O S U CHABAD HOUSE","SITEADDRESS":"6220 DUBLIN GRANVILLE RD","RESYRBLT":null,"RESFLRAREA_AG":null,"STATEDAREA":3.198,"ACRES":3.19139839,"SCHLDSCRP":"NEW ALBANY-PLAIN LSD","CVTTXDSCRP":"PLAIN TWP-NEW ALBANY CORP","CLASSCD":"685","CLASSDSCRP":"CHURCHES ETC PUBLIC WORSHIP    PRIVE","SALEPRICE":0,"SALEDATE":1448427600000},"geometry":{"type":"Polygon","coordinates":[[[-82.82450559500398,40.0825288907348],[-82.82457124836262,40.08143011385295],[-82.82436389459265,40.081466812481075],[-82.8241575410522,40.08150877188493],[-82.82395232119015,40.08155596492936],[-82.82374836772219,40.08160836109463],[-82.82303059600426,40.081796998529875],[-82.82277183283485,40.08186661003657],[-82.82254589530865,40.08192514984115],[-82.82227532486148,40.08199177472145],[-82.82227431947689,40.08200577646677],[-82.8224891238684,40.0824734924265],[-82.82274227024963,40.08248405613625],[-82.82275605012063,40.08219657705063],[-82.82275644113304,40.08218838858629],[-82.82292844122861,40.082192361593755],[-82.82301064801216,40.082194261161064],[-82.82356718208185,40.08222045660056],[-82.82417876458369,40.0822492417511],[-82.82415715136923,40.08259462802973],[-82.82450559500398,40.0825288907348]]]}},{"type":"Feature","properties":{"PARCELID":"222-004561","OWNERNME1":"KO RICHARD J TR","SITEADDRESS":"7665 OGDEN WOODS BL","RESYRBLT":2017,"RESFLRAREA_AG":3860,"STATEDAREA":0.4349,"ACRES":0.43502125,"SCHLDSCRP":"NEW ALBANY-PLAIN LSD","CVTTXDSCRP":"PLAIN TWP-NEW ALBANY CORP","CLASSCD":"510","CLASSDSCRP":"SINGLE FAMILY DWELLING, PLATTED LOT","SALEPRICE":0,"SALEDATE":1576731600000},"geometry":{"type":"Polygon","coordinates":[[[-82.81697310345311,40.07877472014546],[-82.81695051784317,40.078765619069316],[-82.81692673738564,40.0787603817796],[-82.81690241807544,40.07875915274936],[-82.81687823077198,40.07876196588197],[-82.8168548426932,40.07876874357586],[-82.81683289901005,40.078779298865214],[-82.81681300504917,40.078793340577505],[-82.81679570959464,40.07881048136561],[-82.81675812335477,40.07886819007789],[-82.81672458856215,40.07892834353651],[-82.81669526352893,40.07899065776705],[-82.81667013337761,40.07905586839387],[-82.8166501689997,40.079122841328484],[-82.81663549217318,40.07919116805179],[-82.81662619242321,40.07926043178694],[-82.81662545733255,40.079268137540254],[-82.81698592925486,40.079296251957054],[-82.81699922770463,40.07922211413327],[-82.81701921048787,40.07914949213898],[-82.81704571213513,40.07907898732798],[-82.81707551377484,40.07901604980707],[-82.81710995397472,40.07895552591179],[-82.81714883854922,40.07889775689643],[-82.81715071335869,40.078895491213686],[-82.81715229534034,40.078893012189106],[-82.81715366827099,40.07888956964589],[-82.81715443681135,40.078885943988965],[-82.81715457864728,40.078882240487246],[-82.81715408966065,40.07887856666982],[-82.81715298404892,40.07887502920391],[-82.8171512939129,40.07887173079783],[-82.81714906832474,40.078868767218964],[-82.81714637190312,40.07886622451314],[-82.81714328293715,40.0788641765064],[-82.8171398911132,40.07886268266146],[-82.81713785408274,40.07886178485055],[-82.81697310345311,40.07877472014546]]]}},{"type":"Feature","properties":{"PARCELID":"222-000217","OWNERNME1":"NEW ALBANY CO","SITEADDRESS":"JOHNSTOWN RD","RESYRBLT":null,"RESFLRAREA_AG":null,"STATEDAREA":0.4214,"ACRES":0.41564606,"SCHLDSCRP":"NEW ALBANY-PLAIN LSD","CVTTXDSCRP":"PLAIN TWP-NEW ALBANY CORP","CLASSCD":"501","CLASSDSCRP":"RESIDENTIAL, 0-9.999 AC","SALEPRICE":0,"SALEDATE":599202000000},"geometry":{"type":"Polygon","coordinates":[[[-82.8184749885027,40.07624149483157],[-82.81799502724336,40.076669284260944],[-82.81799497765091,40.07667048580318],[-82.81746442636734,40.07708823118697],[-82.81770012502285,40.07709800267149],[-82.81799638663598,40.0768625010315],[-82.81812737020981,40.076758382418426],[-82.81846228701275,40.076460274698405],[-82.8184749885027,40.07624149483157]]]}},{"type":"Feature","properties":{"PARCELID":"222-000283","OWNERNME1":"VILLAGE OF NEW ALBANY","SITEADDRESS":"JOHNSTOWN RD","RESYRBLT":null,"RESFLRAREA_AG":null,"STATEDAREA":null,"ACRES":0.07147473,"SCHLDSCRP":"NEW ALBANY-PLAIN LSD","CVTTXDSCRP":"PLAIN TWP-NEW ALBANY CORP","CLASSCD":"640","CLASSDSCRP":"EXEMPT PROPERTY OWNED BY MUNICIPALS","SALEPRICE":0,"SALEDATE":862462800000},"geometry":{"type":"Polygon","coordinates":[[[-82.8173746749364,40.07696135667916],[-82.81741385073806,40.07700983676656],[-82.81741394270026,40.077009949994526],[-82.81747223429356,40.07708208417993],[-82.81762646969051,40.0769606432278],[-82.81756814497412,40.076888456969705],[-82.81752846918668,40.076839350559894],[-82.8173746749364,40.07696135667916]]]}},{"type":"Feature","properties":{"PARCELID":"222-000258","OWNERNME1":"NEW ALBANY FIRST CHURCH OF THE NAZARENE","SITEADDRESS":"6000 JOHNSTOWN RD","RESYRBLT":1985,"RESFLRAREA_AG":null,"STATEDAREA":0.9992,"ACRES":0.99924228,"SCHLDSCRP":"NEW ALBANY-PLAIN LSD","CVTTXDSCRP":"PLAIN TWP-NEW ALBANY CORP","CLASSCD":"685","CLASSDSCRP":"CHURCHES ETC PUBLIC WORSHIP    PRIVE","SALEPRICE":64754,"SALEDATE":749365200000},"geometry":{"type":"Polygon","coordinates":[[[-82.81548633448618,40.07692059480543],[-82.81546322582426,40.07726131895892],[-82.81701515142818,40.07732412621968],[-82.81715765763072,40.07732989293221],[-82.81735623225332,40.07717346306029],[-82.81721375202788,40.077167670401295],[-82.81609936776033,40.0771223576978],[-82.81611611096274,40.07687580702639],[-82.81548633448618,40.07692059480543]]]}},{"type":"Feature","properties":{"PARCELID":"222-000251","OWNERNME1":"NEW ALBANY FIRST CHURCH OF THE NAZARENE","SITEADDRESS":"6060 JOHNSTOWN RD","RESYRBLT":null,"RESFLRAREA_AG":null,"STATEDAREA":0.4274,"ACRES":0.42742617,"SCHLDSCRP":"NEW ALBANY-PLAIN LSD","CVTTXDSCRP":"PLAIN TWP-NEW ALBANY CORP","CLASSCD":"685","CLASSDSCRP":"CHURCHES ETC PUBLIC WORSHIP    PRIVE","SALEPRICE":300000,"SALEDATE":1080882000000},"geometry":{"type":"Polygon","coordinates":[[[-82.81519616902175,40.07734659231831],[-82.81689907836086,40.07741557507646],[-82.81704156365161,40.07742134468825],[-82.81715765763072,40.07732989293221],[-82.81701515142818,40.07732412621968],[-82.81546322582426,40.07726131895892],[-82.81520303734818,40.07725075128626],[-82.81519616902175,40.07734659231831]]]}},{"type":"Feature","properties":{"PARCELID":"222-000173","OWNERNME1":"NEW ALBANY FIRST CHURCH OF THE NAZARENE","SITEADDRESS":"6060 JOHNSTOWN RD","RESYRBLT":1956,"RESFLRAREA_AG":1308,"STATEDAREA":0.8583,"ACRES":0.85831274,"SCHLDSCRP":"NEW ALBANY-PLAIN LSD","CVTTXDSCRP":"PLAIN TWP-NEW ALBANY CORP","CLASSCD":"685","CLASSDSCRP":"CHURCHES ETC PUBLIC WORSHIP    PRIVE","SALEPRICE":300000,"SALEDATE":1080882000000},"geometry":{"type":"Polygon","coordinates":[[[-82.81518153164482,40.07755085373895],[-82.81654473454488,40.077619384907145],[-82.81663480446065,40.077623809254284],[-82.81677543837733,40.07763098641893],[-82.81704156365161,40.07742134468825],[-82.81689907836086,40.07741557507646],[-82.81519616902175,40.07734659231831],[-82.81518153164482,40.07755085373895]]]}},{"type":"Feature","properties":{"PARCELID":"222-001178","OWNERNME1":"SHIRCK JEFFREY","SITEADDRESS":"4883 TRUMBO CT","RESYRBLT":1999,"RESFLRAREA_AG":6553,"STATEDAREA":54772,"ACRES":1.25740138,"SCHLDSCRP":"NEW ALBANY-PLAIN LSD","CVTTXDSCRP":"PLAIN TWP-NEW ALBANY CORP","CLASSCD":"510","CLASSDSCRP":"SINGLE FAMILY DWELLING, PLATTED LOT","SALEPRICE":0,"SALEDATE":1516856400000},"geometry":{"type":"Polygon","coordinates":[[[-82.8245864672458,40.080100391370515],[-82.82463765709805,40.08057358712103],[-82.8253551461145,40.08048476894614],[-82.82533248381611,40.08037640156677],[-82.82559508768347,40.08028975499517],[-82.8256546222497,40.08025939370153],[-82.82558967104877,40.07989860130582],[-82.82474979765307,40.07995225547833],[-82.82474956090529,40.07995227234331],[-82.82474984696341,40.07997048009319],[-82.82474712356175,40.07998848528877],[-82.82474146541945,40.08000579394009],[-82.82473302777314,40.08002193116753],[-82.82471472103555,40.080044015028285],[-82.82469320874075,40.08006299013619],[-82.82466901220185,40.080078396662486],[-82.82464271777991,40.080089861256766],[-82.82461496267456,40.08009710609452],[-82.82458641948254,40.08009995560969],[-82.8245864672458,40.080100391370515]]]}},{"type":"Feature","properties":{"PARCELID":"222-000147","OWNERNME1":"DUNN SEAN P","SITEADDRESS":"6057 JOHNSTOWN RD","RESYRBLT":2011,"RESFLRAREA_AG":4047,"STATEDAREA":1.406,"ACRES":1.40570432,"SCHLDSCRP":"NEW ALBANY-PLAIN LSD","CVTTXDSCRP":"PLAIN TWP-NEW ALBANY CORP","CLASSCD":"511","CLASSDSCRP":"SINGLE FAMILY, O-9.999 AC","SALEPRICE":130000,"SALEDATE":1273208400000},"geometry":{"type":"Polygon","coordinates":[[[-82.81687462386358,40.07755285273929],[-82.81711407732215,40.07756377255698],[-82.81739036096123,40.07757702678173],[-82.81760729164952,40.077584240976904],[-82.81838284314907,40.077610029218675],[-82.81840074182007,40.07734698142759],[-82.81841564988115,40.07712790927297],[-82.81770012502285,40.07709800267149],[-82.81746442636734,40.07708823118697],[-82.81687462386358,40.07755285273929]]]}},{"type":"Feature","properties":{"PARCELID":"222-003130","OWNERNME1":"VILLAGE OF NEW ALBANY","SITEADDRESS":"DUBLIN GRANVILLE RD","RESYRBLT":null,"RESFLRAREA_AG":null,"STATEDAREA":null,"ACRES":6.12515501,"SCHLDSCRP":"NEW ALBANY-PLAIN LSD","CVTTXDSCRP":"PLAIN TWP-NEW ALBANY CORP","CLASSCD":"660","CLASSDSCRP":"EXEMPT PROPERTY OWNED PARK DIST.PUB","SALEPRICE":0,"SALEDATE":1069304400000},"geometry":{"type":"Polygon","coordinates":[[[-82.8216282922569,40.082023485586255],[-82.82162829148851,40.082023319877194],[-82.82173359534227,40.081992899306066],[-82.82180129326252,40.08197315288266],[-82.82180673790457,40.08189527985845],[-82.82183922187124,40.08142611576893],[-82.82162558098409,40.08143877849539],[-82.82080138314059,40.08148824661574],[-82.82039603658312,40.08154397916102],[-82.81980021431204,40.08152144380341],[-82.81939044398794,40.08162522223275],[-82.81905446702912,40.08176750602231],[-82.81885532797091,40.08190392587073],[-82.81867815468098,40.08207624603906],[-82.8184328916957,40.08236321803232],[-82.818202079567,40.08252854724983],[-82.81818390515713,40.08269743891844],[-82.81817636487213,40.082761798450804],[-82.81816541605951,40.08284912269139],[-82.81817155230488,40.082848268521886],[-82.81834992708083,40.082821145273925],[-82.8185275886365,40.08278968731928],[-82.81877940846672,40.08274900980463],[-82.81902995798103,40.08270394385314],[-82.81923420907523,40.0826634214668],[-82.81927910944614,40.082654513235184],[-82.8193845911134,40.082634270219465],[-82.81938552149455,40.08254885353428],[-82.81938552917265,40.08254822939503],[-82.81938995932366,40.08214046898538],[-82.8198738408362,40.08214327174986],[-82.81987090212216,40.082436535269935],[-82.8198700347695,40.082523031616674],[-82.81998954850003,40.08249093768574],[-82.82010856830266,40.08245705791633],[-82.8216282922569,40.082023485586255]]]}},{"type":"Feature","properties":{"PARCELID":"222-003432","OWNERNME1":"NEW ALBANY-PLAIN TOWNSHIP HISTORICAL SOCIETY","SITEADDRESS":"6359 DUBLIN-GRANVILLE RD","RESYRBLT":1860,"RESFLRAREA_AG":2280,"STATEDAREA":0.4977,"ACRES":0.49767846,"SCHLDSCRP":"NEW ALBANY-PLAIN LSD","CVTTXDSCRP":"PLAIN TWP-NEW ALBANY CORP","CLASSCD":"630","CLASSDSCRP":"EXEMPT PROPERTY OWNED BY TOWNSHIP","SALEPRICE":170000,"SALEDATE":1092978000000},"geometry":{"type":"Polygon","coordinates":[[[-82.81938552917265,40.08254822939503],[-82.81938552149455,40.08254885353428],[-82.8193845911134,40.082634270219465],[-82.81954712464193,40.08260037622177],[-82.81970896006577,40.08256329190477],[-82.8198700347695,40.082523031616674],[-82.81987090212216,40.082436535269935],[-82.8198738408362,40.08214327174986],[-82.81938995932366,40.08214046898538],[-82.81938552917265,40.08254822939503]]]}},{"type":"Feature","properties":{"PARCELID":"222-004302","OWNERNME1":"VILLAGE OF NEW ALBANY OH","SITEADDRESS":"DUBLIN GRANVILLE RD","RESYRBLT":null,"RESFLRAREA_AG":null,"STATEDAREA":6.867,"ACRES":6.87199029,"SCHLDSCRP":"NEW ALBANY-PLAIN LSD","CVTTXDSCRP":"PLAIN TWP-NEW ALBANY CORP","CLASSCD":"640","CLASSDSCRP":"EXEMPT PROPERTY OWNED BY MUNICIPALS","SALEPRICE":0,"SALEDATE":1183006800000},"geometry":{"type":"Polygon","coordinates":[[[-82.82630003808858,40.0801911743858],[-82.82614023768055,40.08017761885869],[-82.82603829802503,40.08023335098151],[-82.8258186125196,40.080175763921204],[-82.8256546222497,40.08025939370153],[-82.82559508768347,40.08028975499517],[-82.82533248381611,40.08037640156677],[-82.8253551461145,40.08048476894614],[-82.82463765709805,40.08057358712103],[-82.8238740557741,40.08066811081358],[-82.82351949248739,40.08079816451055],[-82.8225291239868,40.08116152402723],[-82.8225019688453,40.08170103975256],[-82.82249624883958,40.08179138423756],[-82.82255274237421,40.08177639899008],[-82.82277892938582,40.081716400404495],[-82.82367665908666,40.08147168113022],[-82.8240388378656,40.08139176336515],[-82.8244641877261,40.0813088539425],[-82.82457970594145,40.08128948004661],[-82.82486263075444,40.08124202918301],[-82.82636288449172,40.081057385194484],[-82.82637867028524,40.081055438389185],[-82.82638625121955,40.08096997969175],[-82.82639134269418,40.080912594343665],[-82.82640912937246,40.080715731332205],[-82.82642818528099,40.08050483245654],[-82.8264472364815,40.080293954287306],[-82.82646402883226,40.08010809306795],[-82.82630003808858,40.0801911743858]]]}},{"type":"Feature","properties":{"PARCELID":"222-000651","OWNERNME1":"FLICKINGER RUSSELL","SITEADDRESS":"6265 DUBLIN GRANVILLE RD","RESYRBLT":1966,"RESFLRAREA_AG":6929,"STATEDAREA":2.827,"ACRES":2.82677586,"SCHLDSCRP":"NEW ALBANY-PLAIN LSD","CVTTXDSCRP":"PLAIN TWP-NEW ALBANY CORP","CLASSCD":"511","CLASSDSCRP":"SINGLE FAMILY, O-9.999 AC","SALEPRICE":0,"SALEDATE":1522213200000},"geometry":{"type":"Polygon","coordinates":[[[-82.82180673790457,40.08189527985845],[-82.82180129326252,40.08197315288266],[-82.8222795719814,40.081848058191525],[-82.82249624883958,40.08179138423756],[-82.8225019688453,40.08170103975256],[-82.8225291239868,40.08116152402723],[-82.82254571755726,40.08088724806748],[-82.82257724064375,40.08036642663291],[-82.82259383383793,40.080092151482916],[-82.82193366640124,40.080071450731126],[-82.82190202827177,40.080528579801985],[-82.82188306886414,40.08080265233947],[-82.82187435489784,40.080928614919365],[-82.82186562558523,40.08105481439337],[-82.82184896579767,40.081295699609946],[-82.82183922187124,40.08142611576893],[-82.82180673790457,40.08189527985845]]]}},{"type":"Feature","properties":{"PARCELID":"222-001176","OWNERNME1":"LEWIS WILLIAM L TTEE (WILLIAM L LEWIS TRUST 5/4/2016)","SITEADDRESS":"4853 YANTIS DR","RESYRBLT":2001,"RESFLRAREA_AG":6682,"STATEDAREA":43080,"ACRES":0.98897733,"SCHLDSCRP":"NEW ALBANY-PLAIN LSD","CVTTXDSCRP":"PLAIN TWP-NEW ALBANY CORP","CLASSCD":"510","CLASSDSCRP":"SINGLE FAMILY DWELLING, PLATTED LOT","SALEPRICE":0,"SALEDATE":1682917200000},"geometry":{"type":"Polygon","coordinates":[[[-82.82553320094407,40.0795866143405],[-82.82547949859294,40.07958504430157],[-82.82542648352822,40.07957633738183],[-82.82537509995761,40.07956064865307],[-82.82532626303161,40.079538257534345],[-82.82528084254456,40.07950956281543],[-82.82523964744335,40.07947507555437],[-82.82514267520968,40.07937416084858],[-82.8251313863286,40.07936543536068],[-82.82511881162154,40.07935869372009],[-82.82510529632107,40.07935412101532],[-82.82509121148331,40.0793518427878],[-82.82507694380072,40.07935192158517],[-82.82506288498571,40.07935435524409],[-82.8250494210163,40.079359076949615],[-82.82495745197242,40.07939543339893],[-82.8248633462716,40.079425834279014],[-82.82476748912862,40.07945015514611],[-82.82467027292765,40.079468296444524],[-82.82466049960841,40.07946963324966],[-82.82465108579115,40.07947258025857],[-82.82464229481731,40.07947705503185],[-82.82463437260496,40.079482932392516],[-82.82462754076948,40.07949004792771],[-82.82462199042418,40.07949820258796],[-82.82461787683397,40.0795071682554],[-82.82461531507215,40.07951669412508],[-82.82461437680125,40.079526513721035],[-82.8246412502545,40.0797769364623],[-82.82464362858524,40.07979063755978],[-82.82464772984271,40.0798039250056],[-82.82465629074058,40.07982157163775],[-82.82466729306495,40.07983780867742],[-82.82468050951452,40.079852300677274],[-82.82469566704549,40.079864748241434],[-82.82471202576724,40.079878136198005],[-82.8247259393763,40.079894050237144],[-82.82473702302433,40.07991205017895],[-82.82474497013932,40.07993163814775],[-82.82474956090529,40.07995227234331],[-82.82474979765307,40.07995225547833],[-82.82558967104877,40.07989860130582],[-82.82556216070093,40.07974577730418],[-82.82553320094407,40.0795866143405]]]}},{"type":"Feature","properties":{"PARCELID":"222-000255","OWNERNME1":"VILLAGE OF NEW ALBANY OH","SITEADDRESS":"WORTH GRANVILLE RD","RESYRBLT":null,"RESFLRAREA_AG":null,"STATEDAREA":5.088,"ACRES":5.09582154,"SCHLDSCRP":"NEW ALBANY-PLAIN LSD","CVTTXDSCRP":"PLAIN TWP-NEW ALBANY CORP","CLASSCD":"660","CLASSDSCRP":"EXEMPT PROPERTY OWNED PARK DIST.PUB","SALEPRICE":0,"SALEDATE":1165986000000},"geometry":{"type":"Polygon","coordinates":[[[-82.81634134879249,40.082542901332914],[-82.81597757824376,40.08251934724848],[-82.81549612935306,40.08249562880782],[-82.81463023245908,40.0824516918551],[-82.81435833395146,40.08245634590525],[-82.81424718758977,40.0824803433613],[-82.81412707086285,40.082504779455604],[-82.81400575840895,40.08252234189621],[-82.81388364324319,40.082532973786186],[-82.81376112098125,40.08253664068146],[-82.81374745200371,40.0826687146463],[-82.81334438442501,40.082598416903295],[-82.81335465505123,40.082498745851574],[-82.81326810675141,40.08248010469454],[-82.81318244481038,40.082457741045545],[-82.81309782925564,40.08243169668277],[-82.81269572344043,40.08235062113315],[-82.81230656875283,40.08227173789444],[-82.81220783356164,40.08225172307578],[-82.81213109095113,40.08274569444674],[-82.8129665837019,40.08291547300543],[-82.81308467909118,40.082936804276144],[-82.81320358212773,40.08295304040807],[-82.81332307308963,40.08296415139833],[-82.81344293116854,40.082970116714826],[-82.81356293487771,40.0829709253342],[-82.8146002145301,40.0829511757551],[-82.81486651390124,40.08294575265307],[-82.81513274528983,40.082937652478],[-82.81513514910218,40.082887907506134],[-82.81541761702134,40.08287615698174],[-82.81569994239477,40.082861372405425],[-82.81738750761545,40.08276379586696],[-82.81740664040657,40.08276465146652],[-82.81742564611685,40.08276228953436],[-82.81744398748883,40.08275677683809],[-82.81746114604474,40.08274826921176],[-82.81747663674287,40.082737007150776],[-82.8174900216889,40.082723309013446],[-82.81750092251434,40.082707562021625],[-82.81750903107233,40.08269021131461],[-82.81751411814844,40.08267174736587],[-82.81751603994013,40.08265269211822],[-82.8175147421218,40.08263358422943],[-82.81751026138042,40.082614963845344],[-82.8175001628818,40.08259495268957],[-82.8174658051324,40.0825316094587],[-82.81742759399573,40.08247051339602],[-82.81738567589296,40.08241189861545],[-82.81734021145002,40.08235598972288],[-82.81733825846489,40.082356571381425],[-82.81696996098268,40.082466268800665],[-82.81634134879249,40.082542901332914]]]}},{"type":"Feature","properties":{"PARCELID":"222-000922","OWNERNME1":"NEW ALBANY-PLAIN LOCAL SCHOOL DISTRICT","SITEADDRESS":"55 N HIGH ST","RESYRBLT":null,"RESFLRAREA_AG":null,"STATEDAREA":77.46,"ACRES":77.47365532,"SCHLDSCRP":"NEW ALBANY-PLAIN LSD","CVTTXDSCRP":"PLAIN TWP-NEW ALBANY CORP","CLASSCD":"650","CLASSDSCRP":"EXEMPT PROPERTY OWNED BY BD OF EDUC.","SALEPRICE":0,"SALEDATE":1785992400000},"geometry":{"type":"Polygon","coordinates":[[[-82.80895046936294,40.08409648875665],[-82.80905841435516,40.08410059815673],[-82.80905295187229,40.08415798271886],[-82.80900440099646,40.08416963986513],[-82.80885588228367,40.08436328150479],[-82.80878712660315,40.084572633407014],[-82.80878583795241,40.08460448030066],[-82.80879147873854,40.084747207397925],[-82.80882823055953,40.084944465299664],[-82.80882992063549,40.084953533529685],[-82.808847051472,40.085429753217475],[-82.808848750481,40.085610920223736],[-82.80884878096414,40.085614079456526],[-82.8088490936239,40.08564742973934],[-82.80887570900761,40.08585900134259],[-82.81047062642872,40.08589950142716],[-82.81087054337728,40.08590965347507],[-82.81126548961045,40.08591967863124],[-82.8112196688114,40.08701812111077],[-82.8112165801934,40.08709176880118],[-82.81158583793209,40.08710195185678],[-82.81198241206955,40.0871128844144],[-82.81197806495398,40.0871810571029],[-82.81271764146788,40.08721203164653],[-82.8131019078459,40.08722830401711],[-82.81315035344007,40.087230401269935],[-82.81454996315921,40.08729098397238],[-82.81583431594721,40.087346562375],[-82.81782680546668,40.08743275680064],[-82.81792433259132,40.086176637551155],[-82.81793855173754,40.08604952949558],[-82.81800842198554,40.08510085193644],[-82.81803126910282,40.084790651326855],[-82.81805773653859,40.08432803903205],[-82.81806130567776,40.08423132420145],[-82.81805911039122,40.08413456843712],[-82.8180511584674,40.084038115007324],[-82.81803747811794,40.08394230610767],[-82.81801811787777,40.083847481647155],[-82.81799314643274,40.08375397804216],[-82.81796265237608,40.083662127023004],[-82.817926743894,40.083572254456946],[-82.81788554838197,40.083484679192175],[-82.8177035893421,40.08311965399361],[-82.81763888834239,40.083144016344455],[-82.81761221614859,40.08311896157437],[-82.81759724408094,40.08310781582039],[-82.81758079496957,40.083098994404615],[-82.81756322689944,40.083092689362736],[-82.81754492231443,40.083089037950835],[-82.81752627969179,40.08308811965746],[-82.81750770486764,40.08308995447317],[-82.81725300939492,40.08312858904143],[-82.81713050510423,40.08314379988304],[-82.81700736191729,40.0831524269597],[-82.81622019077376,40.08318654010919],[-82.81553727263409,40.08320247951353],[-82.81508146963077,40.08320209630846],[-82.81505072281733,40.0832020706426],[-82.81481016481416,40.08320033542674],[-82.8145696487152,40.08319552190324],[-82.81456670455704,40.08325728595318],[-82.81369248667872,40.08323242291522],[-82.81369398450342,40.083200666347636],[-82.81358185602186,40.08320250553991],[-82.8135058659478,40.08320281714934],[-82.81342988995983,40.08320132125233],[-82.81342490389333,40.08320115532623],[-82.81330232630489,40.08319475974114],[-82.81318009068485,40.08318359632359],[-82.81305838241427,40.08316768200389],[-82.81293738607445,40.083147040917495],[-82.81290763660813,40.08314119864187],[-82.81273995012576,40.08312775126413],[-82.81267370783227,40.08312243919867],[-82.8124640634233,40.08307899945444],[-82.81237104084867,40.08303304122195],[-82.81221012225289,40.08300059579029],[-82.81192178491186,40.082942458165554],[-82.81135131843821,40.08282743510292],[-82.81098066694963,40.08377246899965],[-82.81055898995544,40.083765042424375],[-82.81058220336585,40.08361125716531],[-82.80978721250868,40.083406104467784],[-82.8096037665932,40.08338050988735],[-82.8094815754184,40.083734938846376],[-82.8093628000132,40.08407920884341],[-82.80920087756239,40.084071399737034],[-82.80914189616259,40.084068535135955],[-82.80878480587381,40.08405135712014],[-82.80878486575449,40.08406480746629],[-82.80887459694424,40.08407170901274],[-82.80895046936294,40.08409648875665]]]}},{"type":"Feature","properties":{"PARCELID":"222-001528","OWNERNME1":"LEE DIANA E TTEE","SITEADDRESS":"7514 PHELPS CLOSE","RESYRBLT":2001,"RESFLRAREA_AG":4811,"STATEDAREA":41667,"ACRES":0.95654065,"SCHLDSCRP":"NEW ALBANY-PLAIN LSD","CVTTXDSCRP":"PLAIN TWP-NEW ALBANY CORP","CLASSCD":"510","CLASSDSCRP":"SINGLE FAMILY DWELLING, PLATTED LOT","SALEPRICE":0,"SALEDATE":1782709200000},"geometry":{"type":"Polygon","coordinates":[[[-82.82064594018483,40.07693545621933],[-82.82063185651955,40.07715482004097],[-82.82062129988014,40.07731928231137],[-82.82103159763842,40.0773348506646],[-82.82135469143905,40.07734710944016],[-82.82144225333143,40.077350456233845],[-82.82158591552117,40.077355881193625],[-82.82139287845699,40.0768773905007],[-82.82125368053644,40.07691046390878],[-82.82120073974455,40.07677943445492],[-82.8206475095426,40.07691101580298],[-82.82064594018483,40.07693545621933]]]}},{"type":"Feature","properties":{"PARCELID":"222-000462","OWNERNME1":"HENNESSY BRUCE LIAM","SITEADDRESS":"5170 HARLEM RD","RESYRBLT":2018,"RESFLRAREA_AG":7538,"STATEDAREA":null,"ACRES":2.06748368,"SCHLDSCRP":"NEW ALBANY-PLAIN LSD","CVTTXDSCRP":"PLAIN TWP-NEW ALBANY CORP","CLASSCD":"510","CLASSDSCRP":"SINGLE FAMILY DWELLING, PLATTED LOT","SALEPRICE":0,"SALEDATE":1643259600000},"geometry":{"type":"Polygon","coordinates":[[[-82.8304092217351,40.07717688829471],[-82.83211654023658,40.07725950666668],[-82.83201048470485,40.07671453249858],[-82.8305566944625,40.07664008708683],[-82.8304580319598,40.076635014004026],[-82.8304092217351,40.07717688829471]]]}}]}