{"type":"FeatureCollection","features":[{"type":"Feature","geometry":{"type":"Polygon","coordinates":[[[-82.842590333527113,40.06218005383775],[-82.842288861487333,40.062625633560963],[-82.84182672504528,40.063093639459382],[-82.841455986544631,40.06325942191404],[-82.841236314617689,40.063468694647362],[-82.841640681869436,40.063547116727619],[-82.841899073141079,40.063565033148265],[-82.842324533700747,40.063620294436213],[-82.842326190257964,40.063583302413093],[-82.845633394017355,40.0637418708924],[-82.845686524957287,40.063004665125341],[-82.845908435518211,40.063014168355927],[-82.846013223555701,40.061460425342041],[-82.846339822273947,40.061473462373201],[-82.846469525920085,40.059546039850076],[-82.845934275082286,40.059526754039425],[-82.845548718889347,40.059509221402884],[-82.844290186942033,40.059460070135721],[-82.843979746638652,40.059447943785678],[-82.843451628536911,40.059424712630125],[-82.84326936493423,40.06179458558853],[-82.842296395600243,40.0617491499221],[-82.842297042757892,40.061749656882718],[-82.842596873719486,40.061985135207337],[-82.842590333527113,40.06218005383775]]]},"properties":{"PARCELID":"010-214639","OWNERNME1":"ALBANY GLEN II LLC","SITEADDRESS":"5100 MORSE RD","RESYRBLT":null,"RESFLRAREA_AG":null,"STATEDAREA":null,"ACRES":32.56444329,"SCHLDSCRP":"COLUMBUS CSD","CVTTXDSCRP":"CITY OF COLUMBUS","CLASSCD":"403","CLASSDSCRP":"APARTMENTS 40 OR MORE RENTAL UNITS","SALEPRICE":0,"SALEDATE":1446181200000}},{"type":"Feature","geometry":{"type":"Polygon","coordinates":[[[-82.842596510587114,40.063792763244855],[-82.842600282299941,40.063760910244824],[-82.842611030296482,40.063701943823133],[-82.842521331070841,40.063698309247613],[-82.842516665390917,40.06375731107012],[-82.841886589651736,40.063787143944218],[-82.841426310822712,40.063763228031974],[-82.841158909278988,40.063729691313618],[-82.841091137979902,40.064721127353017],[-82.841180754152802,40.064902596041783],[-82.841233469323825,40.06552337701968],[-82.841256595949829,40.065794521475539],[-82.840996408639356,40.066104928116403],[-82.840960301601569,40.066571115724393],[-82.841889082482538,40.0666128869413],[-82.843886949646674,40.066705536168499],[-82.843235988356227,40.066386083402577],[-82.842317689816866,40.065934453399926],[-82.842371738047319,40.065520066517344],[-82.842596510587114,40.063792763244855]]]},"properties":{"PARCELID":"010-268340","OWNERNME1":"NEW ALBANY PLAIN LOCAL JOINT PARK DISTRICT","SITEADDRESS":"5600 THOMPSON RD","RESYRBLT":null,"RESFLRAREA_AG":null,"STATEDAREA":431597,"ACRES":9.8953992599999996,"SCHLDSCRP":"COLUMBUS CSD","CVTTXDSCRP":"CITY OF COLUMBUS","CLASSCD":"660","CLASSDSCRP":"EXEMPT PROPERTY OWNED PARK DIST.PUB","SALEPRICE":0,"SALEDATE":1084942800000}},{"type":"Feature","geometry":{"type":"Polygon","coordinates":[[[-82.84182672504528,40.063093639459382],[-82.842288861487333,40.062625633560963],[-82.842590333527113,40.06218005383775],[-82.842596873719486,40.061985135207337],[-82.842297042757892,40.061749656882718],[-82.842296395600243,40.0617491499221],[-82.841861280069196,40.06172882792702],[-82.84186108870297,40.061729240063272],[-82.841528088056762,40.062447769690337],[-82.841543809281134,40.06247849852366],[-82.841554414925469,40.062511345721425],[-82.841559632093734,40.062545466085552],[-82.841559326541883,40.062579981657848],[-82.841553506132144,40.062614004310937],[-82.841542320630666,40.062646658600855],[-82.84152605785394,40.062677104293265],[-82.841505136262853,40.062704557983714],[-82.841480094195219,40.062728313255583],[-82.841451576013696,40.062747758857029],[-82.841420315525554,40.062762394429228],[-82.841251417262626,40.063143350038402],[-82.841006449094479,40.063424113364739],[-82.841236314617689,40.063468694647362],[-82.841455986544631,40.06325942191404],[-82.84182672504528,40.063093639459382]]]},"properties":{"PARCELID":"010-233937","OWNERNME1":"NEW ALBANY OM PROPCO LLC","SITEADDRESS":"5691 THOMPSON RD","RESYRBLT":null,"RESFLRAREA_AG":null,"STATEDAREA":117586,"ACRES":2.69939441,"SCHLDSCRP":"COLUMBUS CSD","CVTTXDSCRP":"CITY OF COLUMBUS","CLASSCD":"400","CLASSDSCRP":"COMMERCIAL VACANT LAND","SALEPRICE":16805656,"SALEDATE":1659502800000}},{"type":"Feature","geometry":{"type":"Polygon","coordinates":[[[-82.841528088056762,40.062447769690337],[-82.84186108870297,40.061729240063272],[-82.841861280069196,40.06172882792702],[-82.839396618461464,40.061613834501614],[-82.839221764480868,40.061605673674904],[-82.839183731529914,40.062209976739545],[-82.839656027354025,40.062226452851945],[-82.839602121899347,40.063037501979096],[-82.840231187014169,40.063240190542849],[-82.840307025135544,40.063260558930985],[-82.840640809803702,40.063353198725267],[-82.841006449094479,40.063424113364739],[-82.841251417262626,40.063143350038402],[-82.841420315525554,40.062762394429228],[-82.841451576013696,40.062747758857029],[-82.841480094195219,40.062728313255583],[-82.841505136262853,40.062704557983714],[-82.84152605785394,40.062677104293265],[-82.841542320630666,40.062646658600855],[-82.841553506132144,40.062614004310937],[-82.841559326541883,40.062579981657848],[-82.841559632093734,40.062545466085552],[-82.841554414925469,40.062511345721425],[-82.841543809281134,40.06247849852366],[-82.841528088056762,40.062447769690337]]]},"properties":{"PARCELID":"010-292789","OWNERNME1":"NEW ALBANY OM PROPCO LLC","SITEADDRESS":"5691 THOMPSON RD","RESYRBLT":null,"RESFLRAREA_AG":null,"STATEDAREA":335897,"ACRES":7.7106344,"SCHLDSCRP":"COLUMBUS CSD","CVTTXDSCRP":"CITY OF COLUMBUS","CLASSCD":"413","CLASSDSCRP":"NURSING HOME - CUSTODIAL","SALEPRICE":16805656,"SALEDATE":1659502800000}},{"type":"Feature","geometry":{"type":"Polygon","coordinates":[[[-82.838359850431573,40.060210556549301],[-82.838359704354474,40.060210645229887],[-82.837765090998758,40.060565746951951],[-82.837710449403275,40.061431627918935],[-82.838282877687377,40.061452428372021],[-82.838359850431573,40.060210556549301]]]},"properties":{"PARCELID":"220-001737","OWNERNME1":"FIXARI MARK P","SITEADDRESS":"THOMPSON RD","RESYRBLT":null,"RESFLRAREA_AG":null,"STATEDAREA":61594,"ACRES":1.41400631,"SCHLDSCRP":"NEW ALBANY-PLAIN LSD","CVTTXDSCRP":"PLAIN TOWNSHIP","CLASSCD":"501","CLASSDSCRP":"RESIDENTIAL, 0-9.999 AC","SALEPRICE":230000,"SALEDATE":991890000000}},{"type":"Feature","geometry":{"type":"Polygon","coordinates":[[[-82.829900322081656,40.062525732566193],[-82.829761001066899,40.063053999568531],[-82.829969217354318,40.062663890102996],[-82.829914535902944,40.062554237530186],[-82.829900322081656,40.062525732566193]]]},"properties":{"PARCELID":"222-000309","OWNERNME1":"VILLAGE OF NEW ALBANY OH","SITEADDRESS":"4354 HARLEM RD","RESYRBLT":null,"RESFLRAREA_AG":null,"STATEDAREA":2837,"ACRES":0.065126699999999996,"SCHLDSCRP":"NEW ALBANY-PLAIN LSD","CVTTXDSCRP":"PLAIN TWP-NEW ALBANY CORP","CLASSCD":"640","CLASSDSCRP":"EXEMPT PROPERTY OWNED BY MUNICIPALS","SALEPRICE":0,"SALEDATE":1071550800000}},{"type":"Feature","geometry":{"type":"Polygon","coordinates":[[[-82.830268126306308,40.062188703102237],[-82.829813330251966,40.061811708349886],[-82.829726926130462,40.061736940400614],[-82.82964361899036,40.061658736571673],[-82.829588069662648,40.061602699231756],[-82.82953411738049,40.061545122652099],[-82.829700897238538,40.062134295849894],[-82.82988986530502,40.062505447737948],[-82.829956221141913,40.062485497540891],[-82.830186590104077,40.062321792173783],[-82.830264343649773,40.062266458988937],[-82.83027060708126,40.062262030112826],[-82.830276058765847,40.062256633386717],[-82.830280550874576,40.062250415149286],[-82.830283961598553,40.062243544015494],[-82.830286198451901,40.062236206304362],[-82.830287200779665,40.062228600986714],[-82.830286941402534,40.062220934289833],[-82.830285427353829,40.062213414105386],[-82.83028269968878,40.062206244352183],[-82.83027883237132,40.062199619446666],[-82.830273930268362,40.062193719031072],[-82.830268126306308,40.062188703102237]]]},"properties":{"PARCELID":"222-000372","OWNERNME1":"SCHUMACHER ELIZABETH S","SITEADDRESS":"4335 HARLEM RD","RESYRBLT":null,"RESFLRAREA_AG":null,"STATEDAREA":27776,"ACRES":0.63765017999999996,"SCHLDSCRP":"NEW ALBANY-PLAIN LSD","CVTTXDSCRP":"PLAIN TWP-NEW ALBANY CORP","CLASSCD":"501","CLASSDSCRP":"RESIDENTIAL, 0-9.999 AC","SALEPRICE":0,"SALEDATE":1579842000000}},{"type":"Feature","geometry":{"type":"Polygon","coordinates":[[[-82.837765090998758,40.060565746951951],[-82.837681144297107,40.06061587940453],[-82.837574963171946,40.060679289446895],[-82.837174807485141,40.060966748169157],[-82.837142313333118,40.061410994288124],[-82.837710449403275,40.061431627918935],[-82.837765090998758,40.060565746951951]]]},"properties":{"PARCELID":"222-000821","OWNERNME1":"FIXARI MARK P","SITEADDRESS":"THOMPSON RD","RESYRBLT":null,"RESFLRAREA_AG":null,"STATEDAREA":38315,"ACRES":0.87958826000000001,"SCHLDSCRP":"NEW ALBANY-PLAIN LSD","CVTTXDSCRP":"PLAIN TWP-NEW ALBANY CORP","CLASSCD":"511","CLASSDSCRP":"SINGLE FAMILY, O-9.999 AC","SALEPRICE":300000,"SALEDATE":1109739600000}},{"type":"Feature","geometry":{"type":"Polygon","coordinates":[[[-82.83065779652442,40.060068687275638],[-82.832170264848969,40.060938452052085],[-82.832576695926221,40.060657733745629],[-82.83196431863972,40.060305748136088],[-82.831643639536679,40.060121399514628],[-82.831468164695096,40.060020562250273],[-82.831265954885637,40.0600124091144],[-82.830760085920772,40.059992012213264],[-82.83062178174491,40.059986435754517],[-82.83065779652442,40.060068687275638]]]},"properties":{"PARCELID":"222-000874","OWNERNME1":"WELKER LLOYD M JR","SITEADDRESS":"5150 JOHNSTOWN RD","RESYRBLT":1979,"RESFLRAREA_AG":3273,"STATEDAREA":72149,"ACRES":1.6576036999999999,"SCHLDSCRP":"NEW ALBANY-PLAIN LSD","CVTTXDSCRP":"PLAIN TWP-NEW ALBANY CORP","CLASSCD":"511","CLASSDSCRP":"SINGLE FAMILY, O-9.999 AC","SALEPRICE":0,"SALEDATE":1160024400000}},{"type":"Feature","geometry":{"type":"Polygon","coordinates":[[[-82.830760085920772,40.059992012213264],[-82.831265784898648,40.060012401488066],[-82.831265954885637,40.0600124091144],[-82.831945324615987,40.059543485082067],[-82.831844912249977,40.059457633233976],[-82.8317790241437,40.059397026908435],[-82.831717803539647,40.059331709170522],[-82.830760085920772,40.059992012213264]]]},"properties":{"PARCELID":"222-001103","OWNERNME1":"STRAHLER FRANCIS L","SITEADDRESS":"4186 JAMES RIVER RD","RESYRBLT":1993,"RESFLRAREA_AG":3243,"STATEDAREA":30673,"ACRES":0.70416657999999999,"SCHLDSCRP":"NEW ALBANY-PLAIN LSD","CVTTXDSCRP":"PLAIN TWP-NEW ALBANY CORP","CLASSCD":"510","CLASSDSCRP":"SINGLE FAMILY DWELLING, PLATTED LOT","SALEPRICE":0,"SALEDATE":1663218000000}},{"type":"Feature","geometry":{"type":"Polygon","coordinates":[[[-82.831265954885637,40.0600124091144],[-82.831468164695096,40.060020562250273],[-82.831643639536679,40.060121399514628],[-82.832184153894403,40.059747643620241],[-82.831945324615987,40.059543485082067],[-82.831265954885637,40.0600124091144]]]},"properties":{"PARCELID":"222-001104","OWNERNME1":"AYERS STEPHEN F","SITEADDRESS":"4200 JAMES RIVER RD","RESYRBLT":1995,"RESFLRAREA_AG":2441,"STATEDAREA":22004,"ACRES":0.50542160000000003,"SCHLDSCRP":"NEW ALBANY-PLAIN LSD","CVTTXDSCRP":"PLAIN TWP-NEW ALBANY CORP","CLASSCD":"510","CLASSDSCRP":"SINGLE FAMILY DWELLING, PLATTED LOT","SALEPRICE":406000,"SALEDATE":1367557200000}},{"type":"Feature","geometry":{"type":"Polygon","coordinates":[[[-82.831643639536679,40.060121399514628],[-82.83196431863972,40.060305748136088],[-82.83244699441201,40.059972337036548],[-82.832184153894403,40.059747643620241],[-82.831643639536679,40.060121399514628]]]},"properties":{"PARCELID":"222-001105","OWNERNME1":"FLYNN NANCY N","SITEADDRESS":"4214 JAMES RIVER RD","RESYRBLT":1996,"RESFLRAREA_AG":2656,"STATEDAREA":21189,"ACRES":0.48643693999999998,"SCHLDSCRP":"NEW ALBANY-PLAIN LSD","CVTTXDSCRP":"PLAIN TWP-NEW ALBANY CORP","CLASSCD":"510","CLASSDSCRP":"SINGLE FAMILY DWELLING, PLATTED LOT","SALEPRICE":0,"SALEDATE":1649221200000}},{"type":"Feature","geometry":{"type":"Polygon","coordinates":[[[-82.83244699441201,40.059972337036548],[-82.83196431863972,40.060305748136088],[-82.832576695926221,40.060657733745629],[-82.832895247628187,40.060437712038535],[-82.832901590212515,40.060433411737129],[-82.832907141741472,40.060428129550594],[-82.832911751907687,40.060422008493852],[-82.832915295891169,40.060415214294167],[-82.832917677738749,40.060407930904141],[-82.832918832962051,40.060400355521161],[-82.832918730283467,40.060392693248303],[-82.832917372482996,40.060385151541198],[-82.83291479632301,40.060377934591145],[-82.832911071552928,40.060371237796687],[-82.832906299020678,40.060365242473168],[-82.832900607942307,40.060360110943648],[-82.83244699441201,40.059972337036548]]]},"properties":{"PARCELID":"222-001106","OWNERNME1":"KAVANAUGH SCOTT M","SITEADDRESS":"4236 JAMES RIVER RD","RESYRBLT":1995,"RESFLRAREA_AG":3027,"STATEDAREA":33675,"ACRES":0.77306116999999996,"SCHLDSCRP":"NEW ALBANY-PLAIN LSD","CVTTXDSCRP":"PLAIN TWP-NEW ALBANY CORP","CLASSCD":"510","CLASSDSCRP":"SINGLE FAMILY DWELLING, PLATTED LOT","SALEPRICE":540000,"SALEDATE":1540789200000}},{"type":"Feature","geometry":{"type":"Polygon","coordinates":[[[-82.833161214377157,40.060254045838121],[-82.833427797210064,40.060070095379402],[-82.83278154953139,40.059519752964768],[-82.832463185229543,40.059739676654878],[-82.83306033398037,40.06024995302149],[-82.833071573239238,40.060257336273118],[-82.833083814680151,40.06026290228322],[-82.833096766760391,40.060266518491439],[-82.833110121012581,40.060268098773975],[-82.833123559391197,40.060267605494744],[-82.833136761847186,40.060265050401711],[-82.833149413950196,40.060260494347098],[-82.833161214377157,40.060254045838121]]]},"properties":{"PARCELID":"222-001343","OWNERNME1":"PARSONS ROBERT","SITEADDRESS":"4235 JAMES RIVER RD","RESYRBLT":1999,"RESFLRAREA_AG":4090,"STATEDAREA":32332,"ACRES":0.74224425000000005,"SCHLDSCRP":"NEW ALBANY-PLAIN LSD","CVTTXDSCRP":"PLAIN TWP-NEW ALBANY CORP","CLASSCD":"510","CLASSDSCRP":"SINGLE FAMILY DWELLING, PLATTED LOT","SALEPRICE":0,"SALEDATE":1706245200000}},{"type":"Feature","geometry":{"type":"Polygon","coordinates":[[[-82.833100500692566,40.059299444865019],[-82.832781924519367,40.05951949342716],[-82.83278154953139,40.059519752964768],[-82.833427797210064,40.060070095379402],[-82.833525117531408,40.060002938860919],[-82.833692928546313,40.059886096185252],[-82.833699254436297,40.059881788525246],[-82.833704789165878,40.059876502734177],[-82.83370938318312,40.059870381637516],[-82.833712912354727,40.059863590631217],[-82.833715281320224,40.059856313212634],[-82.833716426068634,40.059848746022283],[-82.833716315668127,40.059841093530501],[-82.83371495310179,40.059833562512523],[-82.833712375187062,40.059826356461294],[-82.833708651580821,40.059819670088935],[-82.833703882897311,40.059813684065517],[-82.83369819798942,40.059808560137235],[-82.833482934103884,40.059625336468301],[-82.833100500692566,40.059299444865019]]]},"properties":{"PARCELID":"222-001344","OWNERNME1":"FRIEDMAN RACHEL S","SITEADDRESS":"5124 WHYTE HOUSE LN","RESYRBLT":1993,"RESFLRAREA_AG":3016,"STATEDAREA":32312,"ACRES":0.74178458000000003,"SCHLDSCRP":"NEW ALBANY-PLAIN LSD","CVTTXDSCRP":"PLAIN TWP-NEW ALBANY CORP","CLASSCD":"510","CLASSDSCRP":"SINGLE FAMILY DWELLING, PLATTED LOT","SALEPRICE":497000,"SALEDATE":1357880400000}},{"type":"Feature","geometry":{"type":"Polygon","coordinates":[[[-82.83952130685168,40.063168400659023],[-82.839403399924038,40.063132864493539],[-82.839335452717037,40.063114599871],[-82.83926684457397,40.063099000445376],[-82.839194915601851,40.063087055372364],[-82.839122515098524,40.063078416569297],[-82.83907059915316,40.063859537532657],[-82.839407585709907,40.063876133896692],[-82.839511595728254,40.063228271623267],[-82.83952130685168,40.063168400659023]]]},"properties":{"PARCELID":"222-001793","OWNERNME1":"STANDLEY GREGORY L","SITEADDRESS":"5714 THOMPSON RD","RESYRBLT":1905,"RESFLRAREA_AG":2104,"STATEDAREA":28689,"ACRES":0.65861818000000005,"SCHLDSCRP":"NEW ALBANY-PLAIN LSD","CVTTXDSCRP":"PLAIN TWP-NEW ALBANY CORP","CLASSCD":"511","CLASSDSCRP":"SINGLE FAMILY, O-9.999 AC","SALEPRICE":0,"SALEDATE":1228712400000}},{"type":"Feature","geometry":{"type":"Polygon","coordinates":[[[-82.829897444433371,40.064606489903746],[-82.830422747203613,40.064623967494512],[-82.830418870849414,40.064445273883912],[-82.829907482944208,40.064428314695284],[-82.829897444433371,40.064606489903746]]]},"properties":{"PARCELID":"222-003223","OWNERNME1":"ROBINSON FONDA","SITEADDRESS":"4071 WESTBURY","RESYRBLT":2004,"RESFLRAREA_AG":3923,"STATEDAREA":9436,"ACRES":0.21662872,"SCHLDSCRP":"NEW ALBANY-PLAIN LSD","CVTTXDSCRP":"PLAIN TWP-NEW ALBANY CORP","CLASSCD":"510","CLASSDSCRP":"SINGLE FAMILY DWELLING, PLATTED LOT","SALEPRICE":650000,"SALEDATE":1518411600000}},{"type":"Feature","geometry":{"type":"Polygon","coordinates":[[[-82.829907482944208,40.064428314695284],[-82.830418870849414,40.064445273883912],[-82.830414994523778,40.064266582062189],[-82.829917522502839,40.064250124160431],[-82.829907482944208,40.064428314695284]]]},"properties":{"PARCELID":"222-003224","OWNERNME1":"CARDONE III JOSEPH ALBERT","SITEADDRESS":"4061 WESTBURY","RESYRBLT":2004,"RESFLRAREA_AG":3376,"STATEDAREA":9183,"ACRES":0.21082055,"SCHLDSCRP":"NEW ALBANY-PLAIN LSD","CVTTXDSCRP":"PLAIN TWP-NEW ALBANY CORP","CLASSCD":"510","CLASSDSCRP":"SINGLE FAMILY DWELLING, PLATTED LOT","SALEPRICE":892500,"SALEDATE":1690779600000}},{"type":"Feature","geometry":{"type":"Polygon","coordinates":[[[-82.829917522502839,40.064250124160431],[-82.830414994523778,40.064266582062189],[-82.830411119377359,40.064087887523129],[-82.829927576009794,40.064071673296908],[-82.829917522502839,40.064250124160431]]]},"properties":{"PARCELID":"222-003225","OWNERNME1":"TAN ZHENXIN","SITEADDRESS":"4051 WESTBURY","RESYRBLT":2004,"RESFLRAREA_AG":3697,"STATEDAREA":8937,"ACRES":0.20515463,"SCHLDSCRP":"NEW ALBANY-PLAIN LSD","CVTTXDSCRP":"PLAIN TWP-NEW ALBANY CORP","CLASSCD":"510","CLASSDSCRP":"SINGLE FAMILY DWELLING, PLATTED LOT","SALEPRICE":575000,"SALEDATE":1200632400000}},{"type":"Feature","geometry":{"type":"Polygon","coordinates":[[[-82.830411604535669,40.063909178011066],[-82.829938144126828,40.063893488456827],[-82.82993623841206,40.063917928271827],[-82.829927576009794,40.064071673296908],[-82.830411119377359,40.064087887523129],[-82.830408404056072,40.063962720201133],[-82.830408927472334,40.063935884739067],[-82.830411604535669,40.063909178011066]]]},"properties":{"PARCELID":"222-003226","OWNERNME1":"FLANNAGAN SUSAN A","SITEADDRESS":"4041 WESTBURY","RESYRBLT":2011,"RESFLRAREA_AG":4513,"STATEDAREA":8688,"ACRES":0.19945514,"SCHLDSCRP":"NEW ALBANY-PLAIN LSD","CVTTXDSCRP":"PLAIN TWP-NEW ALBANY CORP","CLASSCD":"510","CLASSDSCRP":"SINGLE FAMILY DWELLING, PLATTED LOT","SALEPRICE":0,"SALEDATE":1658725200000}},{"type":"Feature","geometry":{"type":"Polygon","coordinates":[[[-82.830018444069992,40.063633571022052],[-82.82998865445856,40.063695188413156],[-82.829965194596667,40.063759482726411],[-82.829948301038229,40.063825805659995],[-82.829938144126828,40.063893488456827],[-82.830411604535669,40.063909178011066],[-82.83042166251245,40.063862174406978],[-82.8304379092354,40.063816935643871],[-82.83046005348551,40.063774272616776],[-82.830018444069992,40.063633571022052]]]},"properties":{"PARCELID":"222-003227","OWNERNME1":"TWOMEY MAURICE J","SITEADDRESS":"4031 WESTBURY","RESYRBLT":2011,"RESFLRAREA_AG":4081,"STATEDAREA":9907,"ACRES":0.22742333000000001,"SCHLDSCRP":"NEW ALBANY-PLAIN LSD","CVTTXDSCRP":"PLAIN TWP-NEW ALBANY CORP","CLASSCD":"510","CLASSDSCRP":"SINGLE FAMILY DWELLING, PLATTED LOT","SALEPRICE":520131,"SALEDATE":1323147600000}},{"type":"Feature","geometry":{"type":"Polygon","coordinates":[[[-82.830195617148306,40.063411243937082],[-82.830144340143164,40.063460926700593],[-82.83009749631708,40.063514809575445],[-82.830055428371921,40.063572498363222],[-82.830018444069992,40.063633571022052],[-82.83046005348551,40.063774272616776],[-82.83047537435489,40.06375062272916],[-82.830502677708722,40.063715637225727],[-82.830533222278731,40.063683442694753],[-82.830566724325394,40.063654338202831],[-82.830474529245706,40.063593871120716],[-82.830196435498905,40.063411779302356],[-82.830195617148306,40.063411243937082]]]},"properties":{"PARCELID":"222-003228","OWNERNME1":"SABO CARL W","SITEADDRESS":"4021 WESTBURY","RESYRBLT":2005,"RESFLRAREA_AG":3105,"STATEDAREA":10026,"ACRES":0.23017193,"SCHLDSCRP":"NEW ALBANY-PLAIN LSD","CVTTXDSCRP":"PLAIN TWP-NEW ALBANY CORP","CLASSCD":"510","CLASSDSCRP":"SINGLE FAMILY DWELLING, PLATTED LOT","SALEPRICE":1100000,"SALEDATE":1683867600000}},{"type":"Feature","geometry":{"type":"Polygon","coordinates":[[[-82.830474529245706,40.063593871120716],[-82.830566724325394,40.063654338202831],[-82.830613662316409,40.063621070065444],[-82.830663666835207,40.063592618491406],[-82.83071624533838,40.063569263728091],[-82.830472966760155,40.063265840664656],[-82.830453225880035,40.06324149772859],[-82.830384358069296,40.063276785538015],[-82.830318236940485,40.063316985055103],[-82.830255212192512,40.063361883674162],[-82.830195617148306,40.063411243937082],[-82.830196435498905,40.063411779302356],[-82.830474529245706,40.063593871120716]]]},"properties":{"PARCELID":"222-003229","OWNERNME1":"LAKE SUSAN E","SITEADDRESS":"4011 WESTBURY","RESYRBLT":2006,"RESFLRAREA_AG":3953,"STATEDAREA":10207,"ACRES":0.23431447999999999,"SCHLDSCRP":"NEW ALBANY-PLAIN LSD","CVTTXDSCRP":"PLAIN TWP-NEW ALBANY CORP","CLASSCD":"510","CLASSDSCRP":"SINGLE FAMILY DWELLING, PLATTED LOT","SALEPRICE":1566900,"SALEDATE":1784696400000}},{"type":"Feature","geometry":{"type":"Polygon","coordinates":[[[-82.830453225880035,40.06324149772859],[-82.830472966760155,40.063265840664656],[-82.83071624533838,40.063569263728091],[-82.830778607866321,40.063548315285352],[-82.830842701423947,40.06353348497808],[-82.830852910331018,40.063531767513489],[-82.830862674486042,40.063528327637805],[-82.830871705578062,40.063523266921933],[-82.830879736941597,40.063516734796103],[-82.83088653143065,40.063508924137579],[-82.830891888421036,40.063500065575504],[-82.830895649734288,40.063490420680957],[-82.830897704308242,40.063480274243453],[-82.83087300668393,40.063201878531871],[-82.830871144980023,40.063193412239023],[-82.83086793647756,40.063185359316073],[-82.830863465921055,40.063177932460704],[-82.830857851389027,40.063171327834596],[-82.830851241175168,40.063165719882313],[-82.830843809871638,40.063161256723795],[-82.830830782259923,40.063153018586263],[-82.830819065953065,40.063146709626196],[-82.830806529203727,40.063142248153405],[-82.830793461321022,40.063139737124764],[-82.830780163870941,40.063139234487004],[-82.830766943717194,40.063140751839427],[-82.830691657436773,40.063157003663214],[-82.830617470752188,40.06317770346093],[-82.830544646206576,40.063202777976954],[-82.830473441522585,40.063232138473772],[-82.830472807606526,40.063232427551263],[-82.830453225880035,40.06324149772859]]]},"properties":{"PARCELID":"222-003230","OWNERNME1":"DREVEN CHELSEA B","SITEADDRESS":"4001 WESTBURY","RESYRBLT":2010,"RESFLRAREA_AG":3090,"STATEDAREA":12473,"ACRES":0.28634917999999998,"SCHLDSCRP":"NEW ALBANY-PLAIN LSD","CVTTXDSCRP":"PLAIN TWP-NEW ALBANY CORP","CLASSCD":"510","CLASSDSCRP":"SINGLE FAMILY DWELLING, PLATTED LOT","SALEPRICE":0,"SALEDATE":1737608400000}},{"type":"Feature","geometry":{"type":"Polygon","coordinates":[[[-82.831106170652646,40.062984968054828],[-82.831107345241819,40.062986712831218],[-82.831108723843457,40.062988716408746],[-82.831117601208817,40.063004467703671],[-82.831123787188361,40.063021457246478],[-82.831127115702571,40.063039228906526],[-82.831127497388408,40.063057305555098],[-82.83112492199848,40.063075201875229],[-82.831119458676142,40.063092437391376],[-82.831111254099199,40.063108549369062],[-82.831100528541924,40.063123105238276],[-82.831577001392034,40.06313837992829],[-82.831586553347577,40.063016552559276],[-82.831584218892573,40.063000459915848],[-82.831579378711695,40.062984935886028],[-82.831572153652289,40.062970368066381],[-82.831562724106178,40.06295712017927],[-82.831551325505771,40.062945522991612],[-82.831538242445887,40.062935866056449],[-82.831523801578101,40.062928390483535],[-82.831508363455114,40.0629232829194],[-82.831492313528614,40.062920670887259],[-82.831476052525488,40.062920619603091],[-82.831175031401159,40.062906569473121],[-82.831165243578084,40.062904828451252],[-82.831155302242635,40.062904778580261],[-82.831145497444851,40.062906421315191],[-82.831136115251127,40.062909708727346],[-82.831127429397895,40.062914544902632],[-82.831119693305055,40.062920788740016],[-82.83111313268212,40.062928258068254],[-82.831107938942893,40.062936734960999],[-82.831104263620801,40.062945972095029],[-82.831102213947617,40.062955699966203],[-82.831101849724945,40.062965634752544],[-82.831103181579437,40.062975486595079],[-82.831106170652646,40.062984968054828]]]},"properties":{"PARCELID":"222-003231","OWNERNME1":"CHIODO CATHERINE A TR","SITEADDRESS":"3995 HOLKHAM","RESYRBLT":2010,"RESFLRAREA_AG":3720,"STATEDAREA":10103,"ACRES":0.23192976000000001,"SCHLDSCRP":"NEW ALBANY-PLAIN LSD","CVTTXDSCRP":"PLAIN TWP-NEW ALBANY CORP","CLASSCD":"510","CLASSDSCRP":"SINGLE FAMILY DWELLING, PLATTED LOT","SALEPRICE":527876,"SALEDATE":1297314000000}},{"type":"Feature","geometry":{"type":"Polygon","coordinates":[[[-82.831072909062499,40.063149244026519],[-82.831066318512669,40.063154503275555],[-82.831060740936564,40.063160826699651],[-82.831056345680267,40.063168022307302],[-82.831053266192328,40.063175871625837],[-82.831051595972014,40.063184136334634],[-82.831051385730461,40.063192565501019],[-82.831064453677385,40.063339929857818],[-82.831563244589887,40.063313839721026],[-82.831577001392034,40.06313837992829],[-82.831100528541924,40.063123105238276],[-82.831087539988928,40.063137042337104],[-82.831072909062499,40.063149244026519]]]},"properties":{"PARCELID":"222-003232","OWNERNME1":"GUEVARA BERENICE OCAMPO","SITEADDRESS":"4005 HOLKHAM","RESYRBLT":2005,"RESFLRAREA_AG":3394,"STATEDAREA":10205,"ACRES":0.23427935999999999,"SCHLDSCRP":"NEW ALBANY-PLAIN LSD","CVTTXDSCRP":"PLAIN TWP-NEW ALBANY CORP","CLASSCD":"510","CLASSDSCRP":"SINGLE FAMILY DWELLING, PLATTED LOT","SALEPRICE":565000,"SALEDATE":1510117200000}},{"type":"Feature","geometry":{"type":"Polygon","coordinates":[[[-82.831563244589887,40.063313839721026],[-82.831064453677385,40.063339929857818],[-82.831080214153999,40.063517770491508],[-82.831553995299132,40.063493132391436],[-82.831556026565977,40.063420766016854],[-82.831560524499224,40.063348511004484],[-82.831563244589887,40.063313839721026]]]},"properties":{"PARCELID":"222-003233","OWNERNME1":"SOLOVE LADONNA J TR","SITEADDRESS":"4015 HOLKHAM","RESYRBLT":2011,"RESFLRAREA_AG":4190,"STATEDAREA":8842,"ACRES":0.20298624000000001,"SCHLDSCRP":"NEW ALBANY-PLAIN LSD","CVTTXDSCRP":"PLAIN TWP-NEW ALBANY CORP","CLASSCD":"510","CLASSDSCRP":"SINGLE FAMILY DWELLING, PLATTED LOT","SALEPRICE":0,"SALEDATE":1395378000000}},{"type":"Feature","geometry":{"type":"Polygon","coordinates":[[[-82.831553995299132,40.063493132391436],[-82.831080214153999,40.063517770491508],[-82.831096002968081,40.063695883015875],[-82.831559504731729,40.063671532334034],[-82.831554872873667,40.063582390333529],[-82.831553995299132,40.063493132391436]]]},"properties":{"PARCELID":"222-003234","OWNERNME1":"CHASE MICHELLE","SITEADDRESS":"4025 HOLKHAM","RESYRBLT":2010,"RESFLRAREA_AG":3147,"STATEDAREA":8522,"ACRES":0.19563774,"SCHLDSCRP":"NEW ALBANY-PLAIN LSD","CVTTXDSCRP":"PLAIN TWP-NEW ALBANY CORP","CLASSCD":"510","CLASSDSCRP":"SINGLE FAMILY DWELLING, PLATTED LOT","SALEPRICE":503401,"SALEDATE":1642568400000}},{"type":"Feature","geometry":{"type":"Polygon","coordinates":[[[-82.831559504731729,40.063671532334034],[-82.831096002968081,40.063695883015875],[-82.831111794216099,40.063873997320641],[-82.831575035712049,40.063849632906077],[-82.831562223592741,40.063705276849795],[-82.831559504731729,40.063671532334034]]]},"properties":{"PARCELID":"222-003235","OWNERNME1":"DOUGLAS BARBARA ELAINE","SITEADDRESS":"4035 HOLKHAM","RESYRBLT":2010,"RESFLRAREA_AG":3817,"STATEDAREA":8452,"ACRES":0.19403231000000001,"SCHLDSCRP":"NEW ALBANY-PLAIN LSD","CVTTXDSCRP":"PLAIN TWP-NEW ALBANY CORP","CLASSCD":"510","CLASSDSCRP":"SINGLE FAMILY DWELLING, PLATTED LOT","SALEPRICE":1425000,"SALEDATE":1782795600000}},{"type":"Feature","geometry":{"type":"Polygon","coordinates":[[[-82.831111794216099,40.063873997320641],[-82.831127558447449,40.064051837001372],[-82.831590846970229,40.064027745281948],[-82.831575035712049,40.063849632906077],[-82.831111794216099,40.063873997320641]]]},"properties":{"PARCELID":"222-003236","OWNERNME1":"RHEE MIN J","SITEADDRESS":"4045 HOLKHAM","RESYRBLT":2011,"RESFLRAREA_AG":4183,"STATEDAREA":8446,"ACRES":0.19389775000000001,"SCHLDSCRP":"NEW ALBANY-PLAIN LSD","CVTTXDSCRP":"PLAIN TWP-NEW ALBANY CORP","CLASSCD":"510","CLASSDSCRP":"SINGLE FAMILY DWELLING, PLATTED LOT","SALEPRICE":0,"SALEDATE":1675054800000}},{"type":"Feature","geometry":{"type":"Polygon","coordinates":[[[-82.831127558447449,40.064051837001372],[-82.83114334741866,40.064229931471253],[-82.831606634734882,40.064205584825181],[-82.831590846970229,40.064027745281948],[-82.831127558447449,40.064051837001372]]]},"properties":{"PARCELID":"222-003237","OWNERNME1":"FERENC LUKE TTEE","SITEADDRESS":"4055 HOLKHAM","RESYRBLT":2005,"RESFLRAREA_AG":3976,"STATEDAREA":8446,"ACRES":0.19389745,"SCHLDSCRP":"NEW ALBANY-PLAIN LSD","CVTTXDSCRP":"PLAIN TWP-NEW ALBANY CORP","CLASSCD":"510","CLASSDSCRP":"SINGLE FAMILY DWELLING, PLATTED LOT","SALEPRICE":0,"SALEDATE":1708491600000}},{"type":"Feature","geometry":{"type":"Polygon","coordinates":[[[-82.83114334741866,40.064229931471253],[-82.831159108442961,40.064408047620546],[-82.831622446064898,40.064383678260143],[-82.831606634734882,40.064205584825181],[-82.83114334741866,40.064229931471253]]]},"properties":{"PARCELID":"222-003238","OWNERNME1":"MCWHORTER JOHN B III","SITEADDRESS":"4065 HOLKHAM","RESYRBLT":2011,"RESFLRAREA_AG":3844,"STATEDAREA":8453,"ACRES":0.19406090000000001,"SCHLDSCRP":"NEW ALBANY-PLAIN LSD","CVTTXDSCRP":"PLAIN TWP-NEW ALBANY CORP","CLASSCD":"510","CLASSDSCRP":"SINGLE FAMILY DWELLING, PLATTED LOT","SALEPRICE":850000,"SALEDATE":1615784400000}},{"type":"Feature","geometry":{"type":"Polygon","coordinates":[[[-82.831159108442961,40.064408047620546],[-82.831174902211686,40.064585885375017],[-82.831638256398676,40.064561791497347],[-82.831622446064898,40.064383678260143],[-82.831159108442961,40.064408047620546]]]},"properties":{"PARCELID":"222-003239","OWNERNME1":"MCDONALD KENNETH D","SITEADDRESS":"4075 HOLKHAM","RESYRBLT":2010,"RESFLRAREA_AG":3434,"STATEDAREA":8448,"ACRES":0.19393067,"SCHLDSCRP":"NEW ALBANY-PLAIN LSD","CVTTXDSCRP":"PLAIN TWP-NEW ALBANY CORP","CLASSCD":"510","CLASSDSCRP":"SINGLE FAMILY DWELLING, PLATTED LOT","SALEPRICE":478700,"SALEDATE":1284958800000}},{"type":"Feature","geometry":{"type":"Polygon","coordinates":[[[-82.830479254718071,40.064585924432507],[-82.830480028764043,40.064622432998547],[-82.830996632012614,40.064595174855903],[-82.830980834001593,40.064417335290102],[-82.83047613361984,40.064443762857984],[-82.830479254718071,40.064585924432507]]]},"properties":{"PARCELID":"222-003250","OWNERNME1":"SPAHR JENNIFER E","SITEADDRESS":"4070 HOLKHAM","RESYRBLT":2006,"RESFLRAREA_AG":3769,"STATEDAREA":9308,"ACRES":0.21369004999999999,"SCHLDSCRP":"NEW ALBANY-PLAIN LSD","CVTTXDSCRP":"PLAIN TWP-NEW ALBANY CORP","CLASSCD":"510","CLASSDSCRP":"SINGLE FAMILY DWELLING, PLATTED LOT","SALEPRICE":749500,"SALEDATE":1527656400000}},{"type":"Feature","geometry":{"type":"Polygon","coordinates":[[[-82.830472212494357,40.06426504774776],[-82.83047613361984,40.064443762857984],[-82.830980834001593,40.064417335290102],[-82.83096501836431,40.064239223775665],[-82.830477724876587,40.064264756659995],[-82.830472212494357,40.06426504774776]]]},"properties":{"PARCELID":"222-003251","OWNERNME1":"BLOCK MICHAEL I","SITEADDRESS":"4060 HOLKHAM","RESYRBLT":2005,"RESFLRAREA_AG":3060,"STATEDAREA":9100,"ACRES":0.20890122,"SCHLDSCRP":"NEW ALBANY-PLAIN LSD","CVTTXDSCRP":"PLAIN TWP-NEW ALBANY CORP","CLASSCD":"510","CLASSDSCRP":"SINGLE FAMILY DWELLING, PLATTED LOT","SALEPRICE":0,"SALEDATE":1358485200000}},{"type":"Feature","geometry":{"type":"Polygon","coordinates":[[[-82.830468291492039,40.06408635423962],[-82.830472212494357,40.06426504774776],[-82.830477724876587,40.064264756659995],[-82.83096501836431,40.064239223775665],[-82.830949272166222,40.064061400247091],[-82.830476873662391,40.064086055420184],[-82.830468291492039,40.06408635423962]]]},"properties":{"PARCELID":"222-003252","OWNERNME1":"DURON ROBERTO OSCAR","SITEADDRESS":"4050 HOLKHAM","RESYRBLT":2006,"RESFLRAREA_AG":3567,"STATEDAREA":8872,"ACRES":0.20366865000000001,"SCHLDSCRP":"NEW ALBANY-PLAIN LSD","CVTTXDSCRP":"PLAIN TWP-NEW ALBANY CORP","CLASSCD":"510","CLASSDSCRP":"SINGLE FAMILY DWELLING, PLATTED LOT","SALEPRICE":1420000,"SALEDATE":1779166800000}},{"type":"Feature","geometry":{"type":"Polygon","coordinates":[[[-82.830949272166222,40.064061400247091],[-82.830933468403742,40.063883286870066],[-82.830476022452558,40.063907354168272],[-82.830469591149992,40.063907646939484],[-82.830469386075663,40.063907657422853],[-82.830466239863298,40.063934746915344],[-82.830465563578699,40.06396201011205],[-82.830468291492039,40.06408635423962],[-82.830476873662391,40.064086055420184],[-82.830949272166222,40.064061400247091]]]},"properties":{"PARCELID":"222-003253","OWNERNME1":"KASS LESLEE S","SITEADDRESS":"4040 HOLKHAM","RESYRBLT":2012,"RESFLRAREA_AG":3937,"STATEDAREA":8653,"ACRES":0.1986549,"SCHLDSCRP":"NEW ALBANY-PLAIN LSD","CVTTXDSCRP":"PLAIN TWP-NEW ALBANY CORP","CLASSCD":"510","CLASSDSCRP":"SINGLE FAMILY DWELLING, PLATTED LOT","SALEPRICE":555097,"SALEDATE":1353992400000}},{"type":"Feature","geometry":{"type":"Polygon","coordinates":[[[-82.830475725914255,40.063877827583923],[-82.830469386075663,40.063907657422853],[-82.830469591149992,40.063907646939484],[-82.830476022452558,40.063907354168272],[-82.830933468403742,40.063883286870066],[-82.83091123467598,40.063632736556016],[-82.830907129654818,40.063621671789015],[-82.830901274678709,40.063611424861563],[-82.830893826597631,40.06360227028042],[-82.830884984939573,40.063594453289298],[-82.830874986565277,40.063588183298954],[-82.830864099322966,40.063583628277271],[-82.830852614872924,40.063580910249549],[-82.830840840874117,40.063580102029505],[-82.830829092742306,40.063581225268699],[-82.830817685200259,40.063584249876456],[-82.830766707501837,40.063596656686578],[-82.830717538871824,40.063614962436922],[-82.830670859330397,40.063638913952254],[-82.830627314472764,40.063668179974314],[-82.830587506540283,40.063702355743288],[-82.830551986091265,40.063740968595745],[-82.830521244386546,40.063783484501769],[-82.830495706595201,40.063829315450775],[-82.830475725914255,40.063877827583923]]]},"properties":{"PARCELID":"222-003254","OWNERNME1":"TERAN WOLFGANG E TR","SITEADDRESS":"4030 HOLKHAM","RESYRBLT":2005,"RESFLRAREA_AG":3546,"STATEDAREA":10846,"ACRES":0.24899325,"SCHLDSCRP":"NEW ALBANY-PLAIN LSD","CVTTXDSCRP":"PLAIN TWP-NEW ALBANY CORP","CLASSCD":"510","CLASSDSCRP":"SINGLE FAMILY DWELLING, PLATTED LOT","SALEPRICE":600000,"SALEDATE":1640754000000}},{"type":"Feature","geometry":{"type":"Polygon","coordinates":[[[-82.830136293244465,40.062713380461737],[-82.829492343294831,40.063957605405122],[-82.82854840185172,40.065090023202082],[-82.828544014867092,40.065096364856224],[-82.82854070142497,40.065103327852178],[-82.828538547259242,40.06511073202541],[-82.828537608107993,40.065118385796133],[-82.828537908271386,40.065126091126324],[-82.828539439982819,40.065133648643865],[-82.828542163609896,40.065140862801258],[-82.828546008679965,40.065147546935272],[-82.828550875703485,40.065153528096815],[-82.828556638748296,40.06515865152592],[-82.828563148698123,40.065162784656046],[-82.828570237110796,40.065165820544237],[-82.828660481472468,40.065210311413985],[-82.828771118028925,40.065260774871106],[-82.828883937831435,40.065306147773725],[-82.828998706799752,40.065346335981467],[-82.829115186809489,40.065381256111223],[-82.829233136186147,40.065410835710189],[-82.829352310206588,40.065435013406159],[-82.829472461606741,40.065453739034886],[-82.829593341094665,40.065466973744151],[-82.829604991619448,40.065468277623566],[-82.829616693058981,40.06546756268164],[-82.829628098185538,40.065464850133509],[-82.82963886856416,40.065460220471145],[-82.829648684595341,40.065453811074839],[-82.829657254998835,40.065445812136581],[-82.82966432545706,40.065436461016347],[-82.829669686161708,40.065426035198641],[-82.829673178039585,40.065414844058481],[-82.829757934328114,40.06391211543874],[-82.829771905681469,40.063830263647326],[-82.829792601955461,40.063749848606967],[-82.829819881204571,40.063671421844703],[-82.82985355633393,40.063595521250924],[-82.829893396382431,40.063522667390309],[-82.829939128106901,40.063453359931472],[-82.829990437856026,40.063388074220043],[-82.830046973721593,40.06332725801844],[-82.830108347952034,40.063271328434944],[-82.830174139611842,40.063220669062936],[-82.83024389746852,40.063175627349999],[-82.830317143087399,40.063136512215003],[-82.830393374112987,40.063103591929313],[-82.830472067714354,40.063077092276913],[-82.830472659746206,40.063076869061788],[-82.830564117086155,40.063046298165872],[-82.830657322038419,40.063021562329922],[-82.830751902725623,40.063002760247173],[-82.830762212691596,40.063000536544266],[-82.83077210056139,40.062996866355725],[-82.830781364517151,40.062991824592487],[-82.830789815475526,40.062985514160211],[-82.830797280946953,40.062978063858921],[-82.830820593943528,40.062956601576701],[-82.830846913571719,40.062938954975351],[-82.830875621259779,40.062925538790566],[-82.830906042311028,40.062916668333521],[-82.830937461760854,40.062912552080348],[-82.830969141179949,40.062913286772456],[-82.831000336029177,40.06291885514289],[-82.831014679457468,40.062919670746076],[-82.831028950909101,40.062918020045529],[-82.831042729441236,40.062913951729392],[-82.831055608649919,40.062907585794463],[-82.83106720865716,40.062899110006839],[-82.831085908615478,40.062885211247789],[-82.831106538891262,40.062874382782297],[-82.831128599642042,40.062866886968827],[-82.831151556366891,40.062862905420367],[-82.831174852856748,40.062862534604236],[-82.831479666506567,40.062876773972718],[-82.831490444770566,40.062739765143661],[-82.830470235375813,40.062692402377195],[-82.830184362111538,40.062679205923892],[-82.830136293244465,40.062713380461737]]]},"properties":{"PARCELID":"222-003255","OWNERNME1":"VILLAGE OF NEW ALBANY OHIO","SITEADDRESS":"WESTBURY RD","RESYRBLT":null,"RESFLRAREA_AG":null,"STATEDAREA":173106,"ACRES":3.9739302300000001,"SCHLDSCRP":"NEW ALBANY-PLAIN LSD","CVTTXDSCRP":"PLAIN TWP-NEW ALBANY CORP","CLASSCD":"660","CLASSDSCRP":"EXEMPT PROPERTY OWNED PARK DIST.PUB","SALEPRICE":0,"SALEDATE":1189573200000}},{"type":"Feature","geometry":{"type":"Polygon","coordinates":[[[-82.830611069210335,40.065000467541203],[-82.830592278089881,40.065001798219029],[-82.830573536936683,40.064999888745739],[-82.830555400315632,40.064994795624088],[-82.830538404903052,40.064986669563403],[-82.830523053606029,40.064975751019951],[-82.830509800681043,40.06496236308169],[-82.830499038292189,40.064946901907831],[-82.83049108490664,40.064929825006182],[-82.83048617587113,40.064911637695175],[-82.830483824403828,40.064801125921932],[-82.830480028764043,40.064622432998547],[-82.830479254718071,40.064585924432507],[-82.83047613361984,40.064443762857984],[-82.830472212494357,40.06426504774776],[-82.830468291492039,40.06408635423962],[-82.830465563578699,40.06396201011205],[-82.830466239858751,40.063934746915024],[-82.830469386075663,40.063907657422853],[-82.830475725914255,40.063877827583923],[-82.830495706606101,40.063829315458044],[-82.830521244404608,40.063783484515966],[-82.830551986113022,40.063740968615782],[-82.830587506562665,40.063702355767383],[-82.830627314493199,40.063668180000079],[-82.83067085934691,40.063638913976781],[-82.830717538883107,40.06361496245691],[-82.830766707507365,40.063596656698437],[-82.830817685200259,40.063584249876456],[-82.830829092734731,40.063581225433566],[-82.830840840828841,40.063580102320984],[-82.830852614772198,40.063580910624886],[-82.830864099161914,40.063583628692264],[-82.830874986351745,40.063588183710941],[-82.830884984693327,40.06359445366013],[-82.830893826349012,40.063602270579104],[-82.830901274466626,40.063611425066597],[-82.830907129524462,40.063621671890253],[-82.83091123467598,40.063632736556016],[-82.830897704308242,40.063480274243453],[-82.830895649816199,40.063490420721585],[-82.830891888553197,40.063500065661025],[-82.830886531583019,40.063508924262862],[-82.830879737088011,40.063516734947449],[-82.830871705698229,40.063523267078359],[-82.830862674567143,40.063528327772715],[-82.830852910368918,40.0635317675967],[-82.830842701423947,40.06353348497808],[-82.830778607868737,40.063548315293922],[-82.83071624533838,40.063569263728091],[-82.830663666847968,40.063592618515678],[-82.830613662330748,40.063621070088821],[-82.830566724325394,40.063654338202831],[-82.830533222268542,40.063683442684457],[-82.830502677697908,40.063715637216099],[-82.83047537435489,40.06375062272916],[-82.83046005348551,40.063774272616776],[-82.830437909239507,40.063816935645555],[-82.830421662516699,40.063862174408293],[-82.830411604535669,40.063909178011066],[-82.830408927477308,40.063935884739365],[-82.830408404056072,40.063962720201133],[-82.830411119377359,40.064087887523129],[-82.830414994523778,40.064266582062189],[-82.830418870849414,40.064445273883912],[-82.830422747203613,40.064623967494512],[-82.830426622401333,40.064802660195561],[-82.830429005527492,40.064912454994911],[-82.830425511176941,40.064928935944451],[-82.830419469672506,40.064944662749838],[-82.830411031220009,40.064959244406218],[-82.830400405618931,40.064972318379795],[-82.830387857046361,40.064983559621268],[-82.830373697488909,40.064992688647308],[-82.830358278986026,40.064999478489156],[-82.83034198487745,40.065003760335586],[-82.830325220272485,40.065005427729979],[-82.830308401978115,40.065004439217034],[-82.830245267779773,40.065002581265013],[-82.829947274173975,40.064992805472983],[-82.829936292405847,40.064992798266736],[-82.829925477760952,40.064990889670618],[-82.829915156941595,40.064987137341888],[-82.829905641731941,40.064981654635574],[-82.829897219579323,40.064974607180105],[-82.829890144910635,40.064966207873816],[-82.829884631446291,40.064956710453416],[-82.829880845743901,40.064946401828841],[-82.829878902166683,40.064935593415875],[-82.829870242898281,40.065089311349389],[-82.82987344106995,40.065078632711973],[-82.829878368473871,40.065068633597534],[-82.829884888226417,40.065059591782131],[-82.829892819208439,40.065051758448021],[-82.829901941096693,40.065045351205747],[-82.829912000484541,40.065040548048934],[-82.829922717921477,40.065037482409608],[-82.829933795676396,40.06503623945143],[-82.829944926008508,40.065036853703866],[-82.830244286885417,40.06504670221203],[-82.830364279210755,40.065049074742475],[-82.830484293602836,40.065048497912962],[-82.83049502724937,40.065048293010207],[-82.830646202548422,40.065042827967709],[-82.830744714588434,40.065037743309858],[-82.830963348581676,40.065026357408478],[-82.830974225560453,40.065025640136447],[-82.830985079113603,40.065026651833179],[-82.830995636139136,40.065029367041895],[-82.831005630996387,40.065033717441288],[-82.831014812190233,40.065039593564649],[-82.831022948699342,40.065046847554306],[-82.831029835789195,40.065055296882079],[-82.831035300163705,40.065064728942168],[-82.831039204325805,40.065074906400824],[-82.831026059750485,40.064926770530583],[-82.831023951390819,40.064937181939982],[-82.831020126904662,40.064947092335125],[-82.831014694615106,40.064956221018292],[-82.831007808383944,40.064964309432639],[-82.830999663253806,40.064971128485439],[-82.830990489923778,40.064976485036816],[-82.830980548215294,40.064980227370135],[-82.830970119712973,40.064982249489177],[-82.830959499789159,40.064982494120329],[-82.830640896232197,40.064999057030441],[-82.830611069210335,40.065000467541203]]]},"properties":{"PARCELID":"222-003256","OWNERNME1":"LANSDOWNE HOMEOWNERS ASSOCIATION INC","SITEADDRESS":"HOLKHAM","RESYRBLT":null,"RESFLRAREA_AG":null,"STATEDAREA":15815,"ACRES":0.36306713000000002,"SCHLDSCRP":"NEW ALBANY-PLAIN LSD","CVTTXDSCRP":"PLAIN TWP-NEW ALBANY CORP","CLASSCD":"501","CLASSDSCRP":"RESIDENTIAL, 0-9.999 AC","SALEPRICE":0,"SALEDATE":1152507600000}},{"type":"Feature","geometry":{"type":"Polygon","coordinates":[[[-82.831747745386281,40.06438767277205],[-82.831796329849311,40.064364909578543],[-82.831793874829629,40.064361854434146],[-82.83175926385762,40.06431556738211],[-82.831728709796124,40.064266507623699],[-82.831702433507573,40.064215029791292],[-82.831680624932218,40.064161505996481],[-82.831663441715094,40.06410632314028],[-82.831652983730777,40.064057693652352],[-82.831646558798369,40.064008369046157],[-82.831631808486861,40.063842335373842],[-82.831619372396716,40.063702370540227],[-82.831615746866163,40.063655997519128],[-82.831611662031307,40.063566555033006],[-82.831611442995126,40.063477019586273],[-82.831613560289696,40.063414184092082],[-82.8316175836962,40.063351441805963],[-82.831621726442862,40.063298565162093],[-82.831635664679737,40.063120633572822],[-82.831643609865026,40.063019224879966],[-82.831640150222938,40.062995341331735],[-82.831632972806489,40.062972300548495],[-82.831622256709423,40.062950677452903],[-82.831608269323965,40.062931011592951],[-82.831591359668892,40.062913793678895],[-82.831571949680537,40.062899453338893],[-82.831550523684569,40.062888348398744],[-82.831527616310836,40.062880755953266],[-82.83150379915314,40.062876865452161],[-82.831479666506567,40.062876773972718],[-82.831174852856748,40.062862534604236],[-82.831151556366891,40.062862905420367],[-82.831128599642042,40.062866886968827],[-82.831106538891262,40.062874382782297],[-82.831085908615478,40.062885211247789],[-82.83106720865716,40.062899110006839],[-82.831055608649919,40.062907585794463],[-82.831042729441236,40.062913951729392],[-82.831028950909101,40.062918020045529],[-82.831014679457468,40.062919670746076],[-82.831000336029177,40.06291885514289],[-82.831024902931702,40.062925638896878],[-82.831048237209941,40.062935888944537],[-82.831069852653314,40.062949391708166],[-82.831089298866189,40.062965865834023],[-82.831106170652646,40.062984968054828],[-82.831103181579437,40.062975486595079],[-82.831101849724945,40.062965634752544],[-82.831102213947617,40.062955699966203],[-82.831104263620801,40.062945972095029],[-82.831107938942893,40.062936734960999],[-82.83111313268212,40.062928258068254],[-82.831119693305055,40.062920788740016],[-82.831127429397895,40.062914544902632],[-82.831136115251127,40.062909708727346],[-82.831145497444851,40.062906421315191],[-82.831155302242635,40.062904778580261],[-82.831165243578084,40.062904828451252],[-82.831175031401159,40.062906569473121],[-82.831476052525488,40.062920619603091],[-82.831492313528614,40.062920670887259],[-82.831508363455114,40.0629232829194],[-82.831523801578101,40.062928390483535],[-82.831538242445887,40.062935866056449],[-82.831551325505771,40.062945522991612],[-82.831562724106178,40.06295712017927],[-82.831572153652289,40.062970368066381],[-82.831579378711695,40.062984935886028],[-82.831584218892573,40.063000459915848],[-82.831586553347577,40.063016552559276],[-82.831577001392034,40.06313837992829],[-82.831563244589887,40.063313839721026],[-82.831560524499224,40.063348511004484],[-82.831556026565977,40.063420766016854],[-82.831553995299132,40.063493132391436],[-82.831554872873667,40.063582390333529],[-82.831559504731729,40.063671532334034],[-82.831562223592741,40.063705276849795],[-82.831575035712049,40.063849632906077],[-82.831590846970229,40.064027745281948],[-82.831606634734882,40.064205584825181],[-82.831622446064898,40.064383678260143],[-82.831638256398676,40.064561791497347],[-82.831654044402072,40.064739630097471],[-82.831664293440127,40.06485481625009],[-82.831662112619043,40.064870916575671],[-82.831657412479032,40.064886469232945],[-82.831650311369287,40.064901082607122],[-82.831640988095231,40.064914388734479],[-82.831629677416231,40.064926052567692],[-82.831616664134387,40.06493578041227],[-82.831602275923203,40.064943327321792],[-82.831586875076795,40.064948503265612],[-82.83157084938739,40.064951177913841],[-82.831554602380663,40.064951283919029],[-82.831280286217208,40.064965782796982],[-82.831269122347393,40.064966560950751],[-82.831257982275346,40.064965494973656],[-82.831247168559571,40.064962613817073],[-82.831236974894878,40.064957995731696],[-82.831227678135861,40.064951766142293],[-82.831219530777602,40.064944094241241],[-82.831212754098061,40.064935188393342],[-82.831207532148298,40.064925290476744],[-82.831204006753737,40.064914669313644],[-82.831217602286415,40.065068059855868],[-82.831218927732493,40.065058296603056],[-82.831221776855557,40.065048864720389],[-82.831226078296922,40.065040000437286],[-82.831231724323402,40.065031925767151],[-82.831238573525511,40.065024842946862],[-82.83124645435926,40.065018929371597],[-82.831255169442528,40.065014333151808],[-82.831264500498762,40.065011169403675],[-82.831274213823846,40.06500951736593],[-82.831284066139389,40.065009418415229],[-82.831495514989086,40.06499835168033],[-82.831704829676866,40.064987368941431],[-82.831754497128955,40.064984598063667],[-82.831868167050317,40.064976359937376],[-82.83198161171903,40.0649654500846],[-82.832002914312554,40.064963207727949],[-82.831994970434792,40.064919570384617],[-82.831972741286336,40.064922184607418],[-82.831850794895288,40.06493370648618],[-82.831831967293169,40.064935489171056],[-82.831813105869344,40.064934109584918],[-82.831794738043229,40.064929606304929],[-82.831777377431862,40.064922105255697],[-82.831761509487634,40.064911816188051],[-82.83174757792375,40.064899026813777],[-82.831735972306603,40.064884094760423],[-82.831727017162493,40.064867437570953],[-82.831720962902921,40.064849521028101],[-82.831681676195061,40.064404108070974],[-82.83168355535004,40.064397875856265],[-82.831686475508533,40.064392058262428],[-82.831690350137649,40.064386827681886],[-82.831695064420742,40.064382339112129],[-82.831700478659741,40.064378725562662],[-82.831706432414805,40.064376094113591],[-82.831712749258671,40.064374522742497],[-82.831719242004695,40.064374058013726],[-82.831725718253679,40.064374713698555],[-82.831731986095349,40.064376470367108],[-82.831737859795112,40.064379275964143],[-82.831743165297979,40.064383047351555],[-82.831747745386281,40.06438767277205]]]},"properties":{"PARCELID":"222-003257","OWNERNME1":"LANSDOWNE HOMEOWNERS ASSOCIATION INC","SITEADDRESS":"HOLKHAM","RESYRBLT":null,"RESFLRAREA_AG":null,"STATEDAREA":20127,"ACRES":0.46204106,"SCHLDSCRP":"NEW ALBANY-PLAIN LSD","CVTTXDSCRP":"PLAIN TWP-NEW ALBANY CORP","CLASSCD":"501","CLASSDSCRP":"RESIDENTIAL, 0-9.999 AC","SALEPRICE":0,"SALEDATE":1152507600000}},{"type":"Feature","geometry":{"type":"Polygon","coordinates":[[[-82.832259667382885,40.064745942078424],[-82.832309133593881,40.064775811003294],[-82.832361379470541,40.064800497580137],[-82.832415863892251,40.064819746125352],[-82.832472022553432,40.064833357278061],[-82.832529273808035,40.064841190064932],[-82.832587024693822,40.064843163360294],[-82.832644677073773,40.064839256726358],[-82.832700813582193,40.064833079942019],[-82.832710421194378,40.064832525210186],[-82.832719815381822,40.06483043638719],[-82.832728752806176,40.064826867579974],[-82.832737001960695,40.064821911231611],[-82.832744349166887,40.064815695726779],[-82.832750604109535,40.064808382066154],[-82.832755604766376,40.064800159696041],[-82.832759221605045,40.064791241601107],[-82.832761360938278,40.064781858787427],[-82.832761967350777,40.064772254298731],[-82.832761780481675,40.064771173194806],[-82.832745531576819,40.064681371609744],[-82.832737384048158,40.064622780899995],[-82.83273442400845,40.064563700516977],[-82.832736674423884,40.064504588850426],[-82.832735621749819,40.064495208992611],[-82.83273307706115,40.064486119745396],[-82.832729106354847,40.064477556840117],[-82.832723812611931,40.064469742357332],[-82.83271733312661,40.064462878967113],[-82.83270983594555,40.06445714467278],[-82.832701515509555,40.064452688194322],[-82.83269258761068,40.064449625111358],[-82.832683283795689,40.064448034865514],[-82.832624327300564,40.064434288365668],[-82.832566418842788,40.06441664055864],[-82.83250981627404,40.064395170025662],[-82.832259906053594,40.064745603674794],[-82.832259667382885,40.064745942078424]]]},"properties":{"PARCELID":"222-003590","OWNERNME1":"PARADISE ROBERT F","SITEADDRESS":"4086 E CHELSEA GREEN","RESYRBLT":2007,"RESFLRAREA_AG":2928,"STATEDAREA":15583,"ACRES":0.35773463999999999,"SCHLDSCRP":"NEW ALBANY-PLAIN LSD","CVTTXDSCRP":"PLAIN TWP-NEW ALBANY CORP","CLASSCD":"510","CLASSDSCRP":"SINGLE FAMILY DWELLING, PLATTED LOT","SALEPRICE":677000,"SALEDATE":1441774800000}},{"type":"Feature","geometry":{"type":"Polygon","coordinates":[[[-82.832340655519886,40.064298512273055],[-82.832009320087636,40.064556348821348],[-82.832249193583607,40.064738226440518],[-82.832259667382885,40.064745942078424],[-82.832259906053594,40.064745603674794],[-82.83250981627404,40.064395170025662],[-82.832450804102137,40.064367697308789],[-82.832394286168011,40.064335403195876],[-82.832340655519886,40.064298512273055]]]},"properties":{"PARCELID":"222-003591","OWNERNME1":"BOWER PAUL C","SITEADDRESS":"4076 E CHELSEA GREEN","RESYRBLT":2008,"RESFLRAREA_AG":3769,"STATEDAREA":10673,"ACRES":0.24502686000000001,"SCHLDSCRP":"NEW ALBANY-PLAIN LSD","CVTTXDSCRP":"PLAIN TWP-NEW ALBANY CORP","CLASSCD":"510","CLASSDSCRP":"SINGLE FAMILY DWELLING, PLATTED LOT","SALEPRICE":747000,"SALEDATE":1473310800000}},{"type":"Feature","geometry":{"type":"Polygon","coordinates":[[[-82.832009320087636,40.064556348821348],[-82.832340655519886,40.064298512273055],[-82.832295315134033,40.064261109615266],[-82.832253628466802,40.064219673747054],[-82.832215952888603,40.064174559888798],[-82.83179403156349,40.064361784644653],[-82.831793874829629,40.064361854434146],[-82.831796329849311,40.064364909578543],[-82.831796428894037,40.064365031781946],[-82.831841800824634,40.064416192670379],[-82.831891112017388,40.06446356834833],[-82.831944047735973,40.064506856433177],[-82.832009320087636,40.064556348821348]]]},"properties":{"PARCELID":"222-003592","OWNERNME1":"HUDDLE PATRICIA A TR","SITEADDRESS":"4066 E CHELSEA GREEN","RESYRBLT":2011,"RESFLRAREA_AG":4066,"STATEDAREA":10097,"ACRES":0.23179783000000001,"SCHLDSCRP":"NEW ALBANY-PLAIN LSD","CVTTXDSCRP":"PLAIN TWP-NEW ALBANY CORP","CLASSCD":"510","CLASSDSCRP":"SINGLE FAMILY DWELLING, PLATTED LOT","SALEPRICE":0,"SALEDATE":1549256400000}},{"type":"Feature","geometry":{"type":"Polygon","coordinates":[[[-82.831663441715094,40.06410632314028],[-82.831680624932218,40.064161505996481],[-82.831702433507573,40.064215029791292],[-82.831728709796124,40.064266507623699],[-82.83175926385762,40.06431556738211],[-82.831793874829629,40.064361854434146],[-82.83179403156349,40.064361784644653],[-82.832215952888603,40.064174559888798],[-82.832183166432969,40.064125924494434],[-82.832156112108621,40.064073882042607],[-82.832135139583315,40.064019105163908],[-82.831663441715094,40.06410632314028]]]},"properties":{"PARCELID":"222-003593","OWNERNME1":"STEINER PATRICIA C","SITEADDRESS":"4056 E CHELSEA GREEN","RESYRBLT":2010,"RESFLRAREA_AG":4142,"STATEDAREA":11051,"ACRES":0.25371157999999999,"SCHLDSCRP":"NEW ALBANY-PLAIN LSD","CVTTXDSCRP":"PLAIN TWP-NEW ALBANY CORP","CLASSCD":"510","CLASSDSCRP":"SINGLE FAMILY DWELLING, PLATTED LOT","SALEPRICE":676290,"SALEDATE":1303966800000}},{"type":"Feature","geometry":{"type":"Polygon","coordinates":[[[-82.831631808486861,40.063842335373842],[-82.831646558798369,40.064008369046157],[-82.831652983730777,40.064057693652352],[-82.831663441715094,40.06410632314028],[-82.832135139583315,40.064019105163908],[-82.832121878677071,40.063966349050105],[-82.832115007301795,40.063912387551049],[-82.832114623635775,40.063857991669053],[-82.831631808486861,40.063842335373842]]]},"properties":{"PARCELID":"222-003594","OWNERNME1":"WANG HENRY E","SITEADDRESS":"4046 E CHELSEA GREEN","RESYRBLT":2007,"RESFLRAREA_AG":3546,"STATEDAREA":10441,"ACRES":0.23969598,"SCHLDSCRP":"NEW ALBANY-PLAIN LSD","CVTTXDSCRP":"PLAIN TWP-NEW ALBANY CORP","CLASSCD":"510","CLASSDSCRP":"SINGLE FAMILY DWELLING, PLATTED LOT","SALEPRICE":956000,"SALEDATE":1655096400000}},{"type":"Feature","geometry":{"type":"Polygon","coordinates":[[[-82.831615746866163,40.063655997519128],[-82.831619372396716,40.063702370540227],[-82.831631808486861,40.063842335373842],[-82.832114623635775,40.063857991669053],[-82.832115394326053,40.063846607573765],[-82.832128612177257,40.06367979063117],[-82.831615746866163,40.063655997519128]]]},"properties":{"PARCELID":"222-003595","OWNERNME1":"MORRIS BRADLEY","SITEADDRESS":"4036 E CHELSEA GREEN","RESYRBLT":2011,"RESFLRAREA_AG":4669,"STATEDAREA":9253,"ACRES":0.21242810000000001,"SCHLDSCRP":"NEW ALBANY-PLAIN LSD","CVTTXDSCRP":"PLAIN TWP-NEW ALBANY CORP","CLASSCD":"510","CLASSDSCRP":"SINGLE FAMILY DWELLING, PLATTED LOT","SALEPRICE":835000,"SALEDATE":1618376400000}},{"type":"Feature","geometry":{"type":"Polygon","coordinates":[[[-82.831611442995126,40.063477019586273],[-82.831611662031307,40.063566555033006],[-82.831615746866163,40.063655997519128],[-82.832128612177257,40.06367979063117],[-82.832142730850904,40.063501609925545],[-82.832142524515376,40.063501601502601],[-82.831611442995126,40.063477019586273]]]},"properties":{"PARCELID":"222-003596","OWNERNME1":"SANGERI ASHOK KUMAR","SITEADDRESS":"4026 CHELSEA GREEN E","RESYRBLT":2012,"RESFLRAREA_AG":4120,"STATEDAREA":9542,"ACRES":0.21905972000000001,"SCHLDSCRP":"NEW ALBANY-PLAIN LSD","CVTTXDSCRP":"PLAIN TWP-NEW ALBANY CORP","CLASSCD":"510","CLASSDSCRP":"SINGLE FAMILY DWELLING, PLATTED LOT","SALEPRICE":866000,"SALEDATE":1626930000000}},{"type":"Feature","geometry":{"type":"Polygon","coordinates":[[[-82.832142524515376,40.063501601502601],[-82.832142730850904,40.063501609925545],[-82.832152502126206,40.063378293195207],[-82.832151071014835,40.063368519462067],[-82.832148113141145,40.063359094764586],[-82.832143702860634,40.063350256022304],[-82.832137951039627,40.063342225424918],[-82.832131002268298,40.063335204846851],[-82.832123031225976,40.0633293707725],[-82.832114238289961,40.063324869859755],[-82.832104844498474,40.063321815253254],[-82.832095085994126,40.063320283740197],[-82.832085208087747,40.063320313819986],[-82.832067698644792,40.063319541038723],[-82.831621906991245,40.063298573658749],[-82.831621726442862,40.063298565162093],[-82.8316175836962,40.063351441805963],[-82.831613560289767,40.063414184092082],[-82.831611442995126,40.063477019586273],[-82.832142524515376,40.063501601502601]]]},"properties":{"PARCELID":"222-003597","OWNERNME1":"CUTLER BLAIRE","SITEADDRESS":"4016 E CHELSEA GREEN","RESYRBLT":2013,"RESFLRAREA_AG":4561,"STATEDAREA":9651,"ACRES":0.22155426,"SCHLDSCRP":"NEW ALBANY-PLAIN LSD","CVTTXDSCRP":"PLAIN TWP-NEW ALBANY CORP","CLASSCD":"510","CLASSDSCRP":"SINGLE FAMILY DWELLING, PLATTED LOT","SALEPRICE":1300000,"SALEDATE":1717563600000}},{"type":"Feature","geometry":{"type":"Polygon","coordinates":[[[-82.831621906991245,40.063298573658749],[-82.832067698644792,40.063319541038723],[-82.832081585272078,40.063141350164649],[-82.831635885092311,40.063120644658753],[-82.831635664679737,40.063120633572822],[-82.831621726442862,40.063298565162093],[-82.831621906991245,40.063298573658749]]]},"properties":{"PARCELID":"222-003598","OWNERNME1":"HANNERS MARK N","SITEADDRESS":"4006 E CHELSEA GREEN","RESYRBLT":2012,"RESFLRAREA_AG":3996,"STATEDAREA":8126,"ACRES":0.18655620000000001,"SCHLDSCRP":"NEW ALBANY-PLAIN LSD","CVTTXDSCRP":"PLAIN TWP-NEW ALBANY CORP","CLASSCD":"510","CLASSDSCRP":"SINGLE FAMILY DWELLING, PLATTED LOT","SALEPRICE":601183,"SALEDATE":1377234000000}},{"type":"Feature","geometry":{"type":"Polygon","coordinates":[[[-82.831635664679737,40.063120633572822],[-82.831635885092311,40.063120644658753],[-82.832081585272078,40.063141350164649],[-82.832100014539563,40.062905767614801],[-82.831479666506567,40.062876773972718],[-82.83150379915314,40.062876865452161],[-82.831527616310836,40.062880755953266],[-82.831550523684569,40.062888348398744],[-82.831571949680537,40.062899453338893],[-82.831591359668892,40.062913793678895],[-82.831608269323965,40.062931011592951],[-82.831622256709423,40.062950677452903],[-82.831632972806489,40.062972300548495],[-82.831640150222938,40.062995341331735],[-82.831643609865026,40.063019224879966],[-82.831635664679737,40.063120633572822]]]},"properties":{"PARCELID":"222-003599","OWNERNME1":"FORD RONALD E","SITEADDRESS":"3996 E CHELSEA GREEN","RESYRBLT":2013,"RESFLRAREA_AG":4712,"STATEDAREA":11268,"ACRES":0.25867512999999998,"SCHLDSCRP":"NEW ALBANY-PLAIN LSD","CVTTXDSCRP":"PLAIN TWP-NEW ALBANY CORP","CLASSCD":"510","CLASSDSCRP":"SINGLE FAMILY DWELLING, PLATTED LOT","SALEPRICE":730000,"SALEDATE":1438837200000}},{"type":"Feature","geometry":{"type":"Polygon","coordinates":[[[-82.832456642808239,40.062922327490256],[-82.832438061166314,40.063157903324061],[-82.832894450592661,40.063179124882836],[-82.832894653415337,40.063179134215034],[-82.83290265263841,40.063077888291673],[-82.832900317842387,40.063061774184398],[-82.832895474992924,40.063046228685536],[-82.832888244901028,40.063031639597256],[-82.832878807930513,40.063018370862835],[-82.832867399498554,40.063006753487663],[-82.832854304202925,40.062997077281885],[-82.832839848722386,40.062989583630703],[-82.832824393667195,40.062984459472744],[-82.832808324583283,40.062981832636623],[-82.832792042334304,40.062981768652087],[-82.832749162131236,40.062979969969952],[-82.83275287487082,40.062936109609723],[-82.832456642808239,40.062922327490256]]]},"properties":{"PARCELID":"222-003600","OWNERNME1":"TURNER ANDREW J","SITEADDRESS":"4007 E CHELSEA GREEN","RESYRBLT":2013,"RESFLRAREA_AG":3527,"STATEDAREA":10056,"ACRES":0.23084444000000001,"SCHLDSCRP":"NEW ALBANY-PLAIN LSD","CVTTXDSCRP":"PLAIN TWP-NEW ALBANY CORP","CLASSCD":"510","CLASSDSCRP":"SINGLE FAMILY DWELLING, PLATTED LOT","SALEPRICE":745000,"SALEDATE":1619067600000}},{"type":"Feature","geometry":{"type":"Polygon","coordinates":[[[-82.832423970365937,40.063336102024152],[-82.832880566041183,40.063357314949791],[-82.832894653415337,40.063179134215034],[-82.832894450592661,40.063179124882836],[-82.832438061166314,40.063157903324061],[-82.832423970365937,40.063336102024152]]]},"properties":{"PARCELID":"222-003601","OWNERNME1":"SANGHI ANAND","SITEADDRESS":"4017 E CHELSEA GREEN","RESYRBLT":2012,"RESFLRAREA_AG":4513,"STATEDAREA":8327,"ACRES":0.1911535,"SCHLDSCRP":"NEW ALBANY-PLAIN LSD","CVTTXDSCRP":"PLAIN TWP-NEW ALBANY CORP","CLASSCD":"510","CLASSDSCRP":"SINGLE FAMILY DWELLING, PLATTED LOT","SALEPRICE":1225000,"SALEDATE":1690779600000}},{"type":"Feature","geometry":{"type":"Polygon","coordinates":[[[-82.832880566041183,40.063357314949791],[-82.832423970365937,40.063336102024152],[-82.832406459590587,40.063335052809606],[-82.832395309146747,40.063334325607386],[-82.832384191584623,40.063335448564729],[-82.832373411790215,40.063338390885853],[-82.832363265386689,40.063343071881071],[-82.832354030627172,40.063349363179618],[-82.83234596076403,40.063357092250058],[-82.832339277103756,40.063366047131751],[-82.832334162937826,40.063375982247642],[-82.832330758516221,40.063386625138904],[-82.832324261918387,40.063468710768603],[-82.832325688354587,40.063478472603052],[-82.832328631373329,40.063487888906614],[-82.832333017816111,40.063496725605759],[-82.832338738643315,40.063504763034956],[-82.832345651644772,40.06351180139719],[-82.83235358497484,40.063517665730572],[-82.832362341424243,40.063522210257602],[-82.832371703322309,40.063525322008957],[-82.832381437947973,40.063526923631706],[-82.832391303314722,40.063526975312193],[-82.832747933678206,40.063543535203699],[-82.832766297929354,40.063544763853564],[-82.832784612396622,40.063542937493921],[-82.832802372362195,40.063538106456377],[-82.832819088389456,40.06353040387669],[-82.832834299811054,40.063520042025807],[-82.83284758742424,40.063507306459982],[-82.83285858504334,40.063492548151316],[-82.832866989591352,40.063476173815495],[-82.832872569452192,40.063458634703373],[-82.832880566041183,40.063357314949791]]]},"properties":{"PARCELID":"222-003602","OWNERNME1":"GRADY ERYN W","SITEADDRESS":"4027 E CHELSEA GREEN","RESYRBLT":2012,"RESFLRAREA_AG":3787,"STATEDAREA":10298,"ACRES":0.23640554,"SCHLDSCRP":"NEW ALBANY-PLAIN LSD","CVTTXDSCRP":"PLAIN TWP-NEW ALBANY CORP","CLASSCD":"510","CLASSDSCRP":"SINGLE FAMILY DWELLING, PLATTED LOT","SALEPRICE":570316,"SALEDATE":1353906000000}},{"type":"Feature","geometry":{"type":"Polygon","coordinates":[[[-82.832387905191652,40.063570746500694],[-82.832376754824296,40.063570006227373],[-82.832365635088067,40.063571115354556],[-82.832354850623162,40.063574043496196],[-82.832344696884547,40.063578710431912],[-82.832335452047602,40.063584988304683],[-82.832327369387102,40.063592705123725],[-82.832320670338461,40.063601649476361],[-82.832315538431146,40.063611576319971],[-82.832312114260674,40.063622213695275],[-82.832293695386895,40.063854961063988],[-82.8322927523229,40.063889417174856],[-82.832295260500672,40.063923794812787],[-82.832296075320386,40.063923833036327],[-82.832620162097811,40.063938929978065],[-82.83264808087695,40.063582896286484],[-82.832387905191652,40.063570746500694]]]},"properties":{"PARCELID":"222-003603","OWNERNME1":"CHOI KUKBIN","SITEADDRESS":"4037 E CHELSEA GREEN","RESYRBLT":2012,"RESFLRAREA_AG":3844,"STATEDAREA":11986,"ACRES":0.27516663000000002,"SCHLDSCRP":"NEW ALBANY-PLAIN LSD","CVTTXDSCRP":"PLAIN TWP-NEW ALBANY CORP","CLASSCD":"510","CLASSDSCRP":"SINGLE FAMILY DWELLING, PLATTED LOT","SALEPRICE":1250000,"SALEDATE":1699246800000}},{"type":"Feature","geometry":{"type":"Polygon","coordinates":[[[-82.832620162097811,40.063938929978065],[-82.832869595171815,40.063950548599664],[-82.832897864531276,40.063594559784853],[-82.83264808087695,40.063582896286484],[-82.832620162097811,40.063938929978065]]]},"properties":{"PARCELID":"222-003604","OWNERNME1":"ROSE ROBIN L TTEE","SITEADDRESS":"4047 E CHELSEA GREEN","RESYRBLT":2011,"RESFLRAREA_AG":3513,"STATEDAREA":9095,"ACRES":0.20878102000000001,"SCHLDSCRP":"NEW ALBANY-PLAIN LSD","CVTTXDSCRP":"PLAIN TWP-NEW ALBANY CORP","CLASSCD":"510","CLASSDSCRP":"SINGLE FAMILY DWELLING, PLATTED LOT","SALEPRICE":1175000,"SALEDATE":1695704400000}},{"type":"Feature","geometry":{"type":"Polygon","coordinates":[[[-82.832869595171815,40.063950548599664],[-82.833119360122524,40.063962182862909],[-82.83314729302711,40.063606204846501],[-82.832897864531276,40.063594559784853],[-82.832869595171815,40.063950548599664]]]},"properties":{"PARCELID":"222-003605","OWNERNME1":"PLOTZ SARIBALAS AMY M TTEE","SITEADDRESS":"4048 W CHELSEA GREEN","RESYRBLT":2008,"RESFLRAREA_AG":3812,"STATEDAREA":9093,"ACRES":0.20875558,"SCHLDSCRP":"NEW ALBANY-PLAIN LSD","CVTTXDSCRP":"PLAIN TWP-NEW ALBANY CORP","CLASSCD":"510","CLASSDSCRP":"SINGLE FAMILY DWELLING, PLATTED LOT","SALEPRICE":0,"SALEDATE":1763355600000}},{"type":"Feature","geometry":{"type":"Polygon","coordinates":[[[-82.83314729302711,40.063606204846501],[-82.833119360122524,40.063962182862909],[-82.833443072087633,40.063977259685721],[-82.833443874010911,40.063977297037276],[-82.833451721147583,40.063943661766253],[-82.833456224461244,40.06390941809272],[-82.833474863042852,40.063672221795692],[-82.833472381169642,40.063662049652208],[-82.833468274063776,40.063652418251529],[-82.833462651632416,40.063643585332237],[-82.833455664333172,40.063635787265376],[-82.833447499147823,40.063629232729078],[-82.833438374578719,40.063624097124311],[-82.833428534801513,40.063620517881098],[-82.833418243130978,40.063618590780841],[-82.833407774974717,40.063618367393197],[-82.83314729302711,40.063606204846501]]]},"properties":{"PARCELID":"222-003606","OWNERNME1":"FELDMAN JASON","SITEADDRESS":"4038 W CHELSEA GREEN","RESYRBLT":2012,"RESFLRAREA_AG":4285,"STATEDAREA":11976,"ACRES":0.27493044,"SCHLDSCRP":"NEW ALBANY-PLAIN LSD","CVTTXDSCRP":"PLAIN TWP-NEW ALBANY CORP","CLASSCD":"510","CLASSDSCRP":"SINGLE FAMILY DWELLING, PLATTED LOT","SALEPRICE":785000,"SALEDATE":1597813200000}},{"type":"Feature","geometry":{"type":"Polygon","coordinates":[[[-82.833411203549872,40.063574480809621],[-82.83342316570706,40.063575116760866],[-82.833435056884554,40.063573668473531],[-82.833446516687701,40.063570179841932],[-82.833457197795781,40.063564756598581],[-82.833466776488621,40.063557563109725],[-82.833474962457714,40.063548817393709],[-82.833481507604859,40.063538784513405],[-82.833486213561471,40.063527768542684],[-82.833493056303226,40.063440678971233],[-82.833491677390313,40.063430942606971],[-82.83348877628444,40.063421546768815],[-82.833484425980515,40.063412727866073],[-82.833478735936822,40.063404707791712],[-82.833471849320915,40.063397688339357],[-82.833463939407395,40.06339184612591],[-82.833455205218115,40.06338732814767],[-82.833445866514566,40.063384248081782],[-82.833436158268469,40.063382683425992],[-82.833426324749652,40.063382673548709],[-82.833408456456951,40.063381626398332],[-82.832952009353335,40.063360422306914],[-82.832944038718779,40.063461999566691],[-82.832946373409271,40.063478083482806],[-82.832951215118001,40.063493598024174],[-82.832958442696849,40.063508154989563],[-82.832967875299033,40.063521390137971],[-82.832979276904169,40.063532972302603],[-82.832992362223962,40.063542611677235],[-82.83300680384059,40.063550067067681],[-82.833022240399274,40.063555151926899],[-82.833038285650048,40.063557739022727],[-82.833054538112393,40.063557763621453],[-82.833411203549872,40.063574480809621]]]},"properties":{"PARCELID":"222-003607","OWNERNME1":"FLYNN RYAN P TTEE","SITEADDRESS":"4028 W CHELSEA GREEN","RESYRBLT":2012,"RESFLRAREA_AG":4512,"STATEDAREA":10309,"ACRES":0.23666363000000001,"SCHLDSCRP":"NEW ALBANY-PLAIN LSD","CVTTXDSCRP":"PLAIN TWP-NEW ALBANY CORP","CLASSCD":"510","CLASSDSCRP":"SINGLE FAMILY DWELLING, PLATTED LOT","SALEPRICE":1300000,"SALEDATE":1735189200000}},{"type":"Feature","geometry":{"type":"Polygon","coordinates":[[[-82.832952009353335,40.063360422306914],[-82.833408456456951,40.063381626398332],[-82.833422512144736,40.063203718573092],[-82.833422250703393,40.063203706706311],[-82.832965947711699,40.063182491454697],[-82.832952009353335,40.063360422306914]]]},"properties":{"PARCELID":"222-003608","OWNERNME1":"MARTIE KYLE","SITEADDRESS":"4018 W CHELSEA GREEN","RESYRBLT":2013,"RESFLRAREA_AG":3720,"STATEDAREA":8312,"ACRES":0.19082252,"SCHLDSCRP":"NEW ALBANY-PLAIN LSD","CVTTXDSCRP":"PLAIN TWP-NEW ALBANY CORP","CLASSCD":"510","CLASSDSCRP":"SINGLE FAMILY DWELLING, PLATTED LOT","SALEPRICE":1225000,"SALEDATE":1709874000000}},{"type":"Feature","geometry":{"type":"Polygon","coordinates":[[[-82.833422250703393,40.063203706706311],[-82.833422512144736,40.063203718573092],[-82.833441124369529,40.062968126280495],[-82.833144870931278,40.06295434505531],[-82.833141524681153,40.062998073800784],[-82.833098749529228,40.062996187589057],[-82.833080368423921,40.062994964207306],[-82.83306203769105,40.062996793394966],[-82.833044260792207,40.063001624912594],[-82.833027525977684,40.063009326060438],[-82.833012292876489,40.063019685323113],[-82.832998979872414,40.063032418178935],[-82.83298795261291,40.063047174914459],[-82.832979513966507,40.063063550229479],[-82.832973895704313,40.063081094368812],[-82.832965947711699,40.063182491454697],[-82.833422250703393,40.063203706706311]]]},"properties":{"PARCELID":"222-003609","OWNERNME1":"RICHARDS ROBERT T","SITEADDRESS":"4008 W CHELSEA GREEN","RESYRBLT":2013,"RESFLRAREA_AG":3261,"STATEDAREA":10057,"ACRES":0.23087236,"SCHLDSCRP":"NEW ALBANY-PLAIN LSD","CVTTXDSCRP":"PLAIN TWP-NEW ALBANY CORP","CLASSCD":"510","CLASSDSCRP":"SINGLE FAMILY DWELLING, PLATTED LOT","SALEPRICE":538231,"SALEDATE":1388638800000}},{"type":"Feature","geometry":{"type":"Polygon","coordinates":[[[-82.834210699958348,40.063419150168343],[-82.834210884023705,40.063419158651001],[-82.834224940948644,40.063240959825698],[-82.833779156325846,40.063220274393466],[-82.833765088800902,40.063398456082155],[-82.834210699958348,40.063419150168343]]]},"properties":{"PARCELID":"222-003611","OWNERNME1":"QUIGLEY JOSEPH","SITEADDRESS":"4025 W CHELSEA GREEN","RESYRBLT":2013,"RESFLRAREA_AG":4389,"STATEDAREA":8130,"ACRES":0.18662860000000001,"SCHLDSCRP":"NEW ALBANY-PLAIN LSD","CVTTXDSCRP":"PLAIN TWP-NEW ALBANY CORP","CLASSCD":"510","CLASSDSCRP":"SINGLE FAMILY DWELLING, PLATTED LOT","SALEPRICE":699007,"SALEDATE":1385442000000}},{"type":"Feature","geometry":{"type":"Polygon","coordinates":[[[-82.833747188234369,40.0633975243531],[-82.833736048161498,40.063396782923085],[-82.83372493861944,40.063397891533647],[-82.83371416473571,40.063400819736408],[-82.833704022418843,40.063405487107239],[-82.833694790231149,40.06341176545515],[-82.833686721737948,40.063419482343086],[-82.83368003854325,40.063428425823993],[-82.833674924203379,40.063438350262004],[-82.833671519185486,40.063448983078899],[-82.833661794802794,40.063572229559085],[-82.834196858457702,40.063597069177732],[-82.834210884023705,40.063419158651001],[-82.834210699958348,40.063419150168343],[-82.833765088800902,40.063398456082155],[-82.833747188234369,40.0633975243531]]]},"properties":{"PARCELID":"222-003612","OWNERNME1":"SHAH PARAG H","SITEADDRESS":"4035 W CHELSEA GREEN","RESYRBLT":2014,"RESFLRAREA_AG":3851,"STATEDAREA":9657,"ACRES":0.22170163000000001,"SCHLDSCRP":"NEW ALBANY-PLAIN LSD","CVTTXDSCRP":"PLAIN TWP-NEW ALBANY CORP","CLASSCD":"510","CLASSDSCRP":"SINGLE FAMILY DWELLING, PLATTED LOT","SALEPRICE":614237,"SALEDATE":1409806800000}},{"type":"Feature","geometry":{"type":"Polygon","coordinates":[[[-82.833647742233609,40.063750430079175],[-82.83418278731871,40.063775267114998],[-82.834196858457702,40.063597069177732],[-82.833661794802794,40.063572229559085],[-82.833647742233609,40.063750430079175]]]},"properties":{"PARCELID":"222-003613","OWNERNME1":"WINDERS THEODORE","SITEADDRESS":"4045 W CHELSEA GREEN","RESYRBLT":2012,"RESFLRAREA_AG":4513,"STATEDAREA":9758,"ACRES":0.22400843000000001,"SCHLDSCRP":"NEW ALBANY-PLAIN LSD","CVTTXDSCRP":"PLAIN TWP-NEW ALBANY CORP","CLASSCD":"510","CLASSDSCRP":"SINGLE FAMILY DWELLING, PLATTED LOT","SALEPRICE":730000,"SALEDATE":1604984400000}},{"type":"Feature","geometry":{"type":"Polygon","coordinates":[[[-82.83418278731871,40.063775267114998],[-82.833647742233609,40.063750430079175],[-82.833634525844914,40.063917769548496],[-82.833633561787522,40.063928621942217],[-82.83414739620396,40.063959822729075],[-82.83415845636479,40.063921096542948],[-82.834172873825622,40.063859828438908],[-82.834181047906583,40.063797419880594],[-82.83418278731871,40.063775267114998]]]},"properties":{"PARCELID":"222-003614","OWNERNME1":"ZHANG JENNY YOO","SITEADDRESS":"4055 CHELSEA GREEN WEST","RESYRBLT":2011,"RESFLRAREA_AG":3782,"STATEDAREA":9845,"ACRES":0.22600693999999999,"SCHLDSCRP":"NEW ALBANY-PLAIN LSD","CVTTXDSCRP":"PLAIN TWP-NEW ALBANY CORP","CLASSCD":"510","CLASSDSCRP":"SINGLE FAMILY DWELLING, PLATTED LOT","SALEPRICE":950000,"SALEDATE":1692680400000}},{"type":"Feature","geometry":{"type":"Polygon","coordinates":[[[-82.83414739620396,40.063959822729075],[-82.833633561787522,40.063928621942217],[-82.833624537454398,40.063982933635998],[-82.833609259064829,40.064035827581606],[-82.833587933895473,40.064086586185034],[-82.834068184601904,40.064224278078463],[-82.834068906471131,40.06422448586877],[-82.834088072187711,40.064167523603842],[-82.83414739620396,40.063959822729075]]]},"properties":{"PARCELID":"222-003615","OWNERNME1":"JAUCHIUS CHRISTINA","SITEADDRESS":"4065 W CHELSEA GREEN","RESYRBLT":2011,"RESFLRAREA_AG":3814,"STATEDAREA":11206,"ACRES":0.25724149000000002,"SCHLDSCRP":"NEW ALBANY-PLAIN LSD","CVTTXDSCRP":"PLAIN TWP-NEW ALBANY CORP","CLASSCD":"510","CLASSDSCRP":"SINGLE FAMILY DWELLING, PLATTED LOT","SALEPRICE":1200000,"SALEDATE":1744088400000}},{"type":"Feature","geometry":{"type":"Polygon","coordinates":[[[-82.833587933895473,40.064086586185034],[-82.833559488693552,40.06413748821393],[-82.833525902679753,40.064185155034004],[-82.833487540291358,40.064229069419056],[-82.833911002715681,40.064468618220296],[-82.833911202524305,40.064468731129509],[-82.833959431182052,40.064413770166183],[-82.8340020541592,40.064354356424197],[-82.834038662893221,40.064291059413911],[-82.834068906471131,40.06422448586877],[-82.834068184601904,40.064224278078463],[-82.833587933895473,40.064086586185034]]]},"properties":{"PARCELID":"222-003616","OWNERNME1":"MALETZ ANDREW S","SITEADDRESS":"4075 W CHELSEA GREEN","RESYRBLT":2010,"RESFLRAREA_AG":3407,"STATEDAREA":11604,"ACRES":0.26639073000000002,"SCHLDSCRP":"NEW ALBANY-PLAIN LSD","CVTTXDSCRP":"PLAIN TWP-NEW ALBANY CORP","CLASSCD":"510","CLASSDSCRP":"SINGLE FAMILY DWELLING, PLATTED LOT","SALEPRICE":0,"SALEDATE":1626670800000}},{"type":"Feature","geometry":{"type":"Polygon","coordinates":[[[-82.833340239829624,40.064344824906179],[-82.833655686195996,40.06465841392103],[-82.833725200518117,40.064619035619515],[-82.833791250410798,40.06457408783551],[-82.833853390690351,40.064523873522141],[-82.833911202524305,40.064468731129509],[-82.833911002715681,40.064468618220296],[-82.833487540291358,40.064229069419056],[-82.833441985876362,40.064272029719469],[-82.833392752739016,40.064310719386349],[-82.833340239829624,40.064344824906179]]]},"properties":{"PARCELID":"222-003617","OWNERNME1":"MARKUS JUKAKOSKI MIKA","SITEADDRESS":"4085 W CHELSEA GREEN","RESYRBLT":2007,"RESFLRAREA_AG":3769,"STATEDAREA":11638,"ACRES":0.26718639,"SCHLDSCRP":"NEW ALBANY-PLAIN LSD","CVTTXDSCRP":"PLAIN TWP-NEW ALBANY CORP","CLASSCD":"510","CLASSDSCRP":"SINGLE FAMILY DWELLING, PLATTED LOT","SALEPRICE":1225000,"SALEDATE":1785128400000}},{"type":"Feature","geometry":{"type":"Polygon","coordinates":[[[-82.83333697514631,40.064770246517611],[-82.833419392504098,40.064750720065348],[-82.833500245054424,40.064725485796828],[-82.833579138021108,40.064694666922605],[-82.833655686195996,40.06465841392103],[-82.833340239829624,40.064344824906179],[-82.833281439220002,40.064376401416617],[-82.833220324744673,40.064403226938225],[-82.833157279531108,40.064425133301455],[-82.833336620212236,40.064769562159832],[-82.83333697514631,40.064770246517611]]]},"properties":{"PARCELID":"222-003618","OWNERNME1":"BROWN ROBERT W II","SITEADDRESS":"4095 W CHELSEA GREEN","RESYRBLT":2011,"RESFLRAREA_AG":3814,"STATEDAREA":11040,"ACRES":0.25344143000000002,"SCHLDSCRP":"NEW ALBANY-PLAIN LSD","CVTTXDSCRP":"PLAIN TWP-NEW ALBANY CORP","CLASSCD":"510","CLASSDSCRP":"SINGLE FAMILY DWELLING, PLATTED LOT","SALEPRICE":775000,"SALEDATE":1509339600000}},{"type":"Feature","geometry":{"type":"Polygon","coordinates":[[[-82.832941577742758,40.064767401055434],[-82.832947324095898,40.064778121110173],[-82.832954781924627,40.064787729488735],[-82.832963741268017,40.064795955685568],[-82.832973949892818,40.064802568107787],[-82.832985120394696,40.064807380595262],[-82.832996938289497,40.064810257661598],[-82.833009070866922,40.064811118308484],[-82.833021176557409,40.064809938306048],[-82.833212733720458,40.064789485545866],[-82.833275082933824,40.064781341637513],[-82.83333697514631,40.064770246517611],[-82.833336620212236,40.064769562159832],[-82.833157279531108,40.064425133301455],[-82.833097905157217,40.064441177233412],[-82.833037616713113,40.064453343890065],[-82.832976667112973,40.064461582231473],[-82.832965912164823,40.064462590433912],[-82.832955484700008,40.064465410604008],[-82.832945687704466,40.064469960797418],[-82.832936805844881,40.064476108801315],[-82.832929097197237,40.064483675976042],[-82.83292278574811,40.064492442445776],[-82.832918054886278,40.064502153487339],[-82.832915042074177,40.064512526931559],[-82.832913241035556,40.064562591939364],[-82.83291575603927,40.064612626162685],[-82.832922568417146,40.064662258211349],[-82.832941577742758,40.064767401055434]]]},"properties":{"PARCELID":"222-003619","OWNERNME1":"ANTHONY LARRY E","SITEADDRESS":"5005 W CHELSEA GREEN","RESYRBLT":2011,"RESFLRAREA_AG":4849,"STATEDAREA":11744,"ACRES":0.26960547000000001,"SCHLDSCRP":"NEW ALBANY-PLAIN LSD","CVTTXDSCRP":"PLAIN TWP-NEW ALBANY CORP","CLASSCD":"510","CLASSDSCRP":"SINGLE FAMILY DWELLING, PLATTED LOT","SALEPRICE":759900,"SALEDATE":1495602000000}},{"type":"Feature","geometry":{"type":"Polygon","coordinates":[[[-82.831944047735973,40.064506856433177],[-82.831891112028188,40.064463568336478],[-82.831841800836045,40.064416192659124],[-82.831796428894037,40.064365031781946],[-82.831796329849311,40.064364909578543],[-82.831747745386281,40.06438767277205],[-82.831748010627308,40.064387988137568],[-82.831795889792488,40.064442094513758],[-82.831847939446874,40.064492201877293],[-82.831903826695722,40.064537989755799],[-82.832208973861412,40.064769634547261],[-82.832244659716679,40.064794322807607],[-82.832282079526209,40.064816294341902],[-82.832321026869963,40.064835427947912],[-82.832325170892361,40.064837357820075],[-82.832328919890728,40.064839973606652],[-82.832332161466368,40.064843196883785],[-82.832334798433649,40.064846931014436],[-82.832336751733692,40.064851064045669],[-82.832337962804601,40.064855472065112],[-82.832338395337288,40.06486002291598],[-82.832338036363993,40.064864580159259],[-82.832336896647078,40.06486900716429],[-82.832335010356402,40.064873171205072],[-82.832332434044829,40.064876947439551],[-82.832329244952717,40.064880222652462],[-82.832325538692203,40.064882898649699],[-82.832321426380645,40.064884895202198],[-82.832317031309231,40.064886152451351],[-82.832312485246547,40.064886632703576],[-82.832307924488049,40.064886321560436],[-82.831994970434792,40.064919570384617],[-82.832002914312554,40.064963207727949],[-82.832250517142128,40.064936770347593],[-82.832498344721643,40.064910308393017],[-82.832710793485575,40.064887624171448],[-82.832721986719378,40.064886320719452],[-82.832733244611177,40.064886818054582],[-82.832744279301522,40.064889103460189],[-82.832754808638157,40.064893118499434],[-82.832764563390455,40.0648987605095],[-82.832773294133602,40.064905885226608],[-82.832780777626269,40.064914310474826],[-82.83278682251877,40.06492382082417],[-82.832791274245793,40.064934173099111],[-82.832761972039322,40.064772254285465],[-82.832761365070482,40.064781859059231],[-82.832759225179089,40.064791242073404],[-82.832755607792222,40.064800160290858],[-82.83275060660678,40.064808382713515],[-82.83274435116256,40.06481569636567],[-82.832737003486955,40.064821911810434],[-82.832728753898152,40.064826868056457],[-82.832719816075496,40.064830436727966],[-82.832710421524851,40.064832525389868],[-82.832700813582193,40.064833079942019],[-82.832644677073773,40.064839256726358],[-82.832587024693822,40.064843163360294],[-82.832529273808035,40.064841190064932],[-82.832472022553432,40.064833357278061],[-82.832415863892251,40.064819746125352],[-82.832361379470541,40.064800497580137],[-82.832309133593881,40.064775811003294],[-82.832259667382885,40.064745942078424],[-82.832249193583607,40.064738226440518],[-82.832009320087636,40.064556348821348],[-82.831944047735973,40.064506856433177]]]},"properties":{"PARCELID":"222-003625","OWNERNME1":"LANSDOWNE HOMEOWNERS ASSOCIATION INC","SITEADDRESS":"N CHELSEA GREEN","RESYRBLT":null,"RESFLRAREA_AG":null,"STATEDAREA":8656,"ACRES":0.19871338,"SCHLDSCRP":"NEW ALBANY-PLAIN LSD","CVTTXDSCRP":"PLAIN TWP-NEW ALBANY CORP","CLASSCD":"501","CLASSDSCRP":"RESIDENTIAL, 0-9.999 AC","SALEPRICE":0,"SALEDATE":1152507600000}},{"type":"Feature","geometry":{"type":"Polygon","coordinates":[[[-82.834358357193196,40.064854964552836],[-82.834368213503311,40.064855580400156],[-82.83437782282742,40.064857857900357],[-82.834386907102569,40.064861731149897],[-82.834395203459039,40.064867088069377],[-82.834402471826934,40.064873773646774],[-82.834408501883047,40.064881594422971],[-82.83441311913694,40.064890324089831],[-82.834416189980132,40.064899710038858],[-82.834417625552277,40.064909480670856],[-82.834417384312545,40.064919353255135],[-82.834468294038331,40.064762419313325],[-82.834461890196124,40.064773343505756],[-82.834453728349175,40.06478302500512],[-82.834444044417296,40.064791183965752],[-82.83443311831644,40.0647975845513],[-82.834421265867704,40.06480204175157],[-82.834408829668448,40.064804426730312],[-82.834396169189475,40.064804670549236],[-82.834383650384439,40.06480276616071],[-82.834245570956185,40.064784355631573],[-82.834106988397153,40.064770222322558],[-82.83409146398759,40.064769968909417],[-82.834076181006523,40.064767229931469],[-82.834061534812008,40.064762076243802],[-82.834047904288951,40.064754641168044],[-82.834035642047681,40.064745117043444],[-82.834025065302214,40.064733750251207],[-82.834016447664183,40.064720834840827],[-82.834010012064752,40.06470670492326],[-82.834005924987537,40.06469172602776],[-82.834004292161836,40.064676285645945],[-82.834005155827512,40.064660783207685],[-82.834037020612286,40.064549492467442],[-82.834090748560612,40.064361845242651],[-82.834144578129326,40.064173941016143],[-82.83419831253299,40.063986294596006],[-82.834214235928926,40.063930546542196],[-82.834229480138262,40.063865982407272],[-82.834238112758513,40.063800207098033],[-82.834252751839742,40.063611463188828],[-82.834267751763875,40.063421726665084],[-82.834281761650104,40.063243526165309],[-82.834289750373955,40.063142222535006],[-82.834232925426804,40.063139730962149],[-82.834224940948644,40.063240959825698],[-82.834210884023705,40.063419158651001],[-82.834196858457702,40.063597069177732],[-82.83418278731871,40.063775267114998],[-82.834181047906583,40.063797419880594],[-82.834172873825622,40.063859828438908],[-82.83415845636479,40.063921096542948],[-82.83414739620396,40.063959822729075],[-82.834088072187711,40.064167523603842],[-82.834068906471131,40.06422448586877],[-82.834038662893221,40.064291059413911],[-82.8340020541592,40.064354356424197],[-82.833959431182052,40.064413770166183],[-82.833911202524305,40.064468731129509],[-82.833853390690351,40.064523873522141],[-82.833791250410798,40.06457408783551],[-82.833725200518117,40.064619035619515],[-82.833655686195996,40.06465841392103],[-82.833579138021108,40.064694666922605],[-82.833500245054424,40.064725485796828],[-82.833419392504098,40.064750720065348],[-82.83333697514631,40.064770246517611],[-82.833275082933824,40.064781341637513],[-82.833212733720458,40.064789485545866],[-82.833021176557409,40.064809938306048],[-82.833009070866922,40.064811118308484],[-82.832996938289497,40.064810257661598],[-82.832985120394696,40.064807380595262],[-82.832973949892818,40.064802568107787],[-82.832963741268017,40.064795955685568],[-82.832954781924627,40.064787729488735],[-82.832947324095898,40.064778121110173],[-82.832941577742758,40.064767401055434],[-82.832967542064452,40.064911001862953],[-82.832968997857662,40.064900759167202],[-82.832972165736621,40.064890910477288],[-82.832976954349419,40.064881739799148],[-82.832983225607208,40.06487351158696],[-82.832990798666174,40.064866463117063],[-82.832999455142584,40.064860797645665],[-82.83300894541027,40.064856678547542],[-82.83301899579908,40.064854224604829],[-82.833029316486702,40.064853506581692],[-82.833220717254662,40.064832925465062],[-82.833255681792608,40.064829336457294],[-82.833396449548204,40.064817657124841],[-82.833537512459458,40.06481036172282],[-82.833678800364524,40.064807441079125],[-82.833820110706171,40.064808920816965],[-82.833961038552658,40.064814726196232],[-82.834101716903305,40.064824922372061],[-82.834230253186846,40.064838097062768],[-82.834358357193196,40.064854964552836]],[[-82.833821019969932,40.064765002670505],[-82.833670281385281,40.064763609710035],[-82.833665784047568,40.064764559155932],[-82.833661190945946,40.064764734972606],[-82.833656634188046,40.064764132103193],[-82.833652244836202,40.064762767887522],[-82.833648149137758,40.064760681563421],[-82.833644464893936,40.064757933138132],[-82.833641298071669,40.064754601662379],[-82.833638739755671,40.064750782956672],[-82.833636863528696,40.064746586855343],[-82.83363572335513,40.064742134047435],[-82.833635352028878,40.064737552605429],[-82.833635760230067,40.064732974301613],[-82.833636936217971,40.064728530818016],[-82.833638846168569,40.064724349958929],[-82.833641435147541,40.064720551975],[-82.83364462869018,40.064717246104543],[-82.83364833494322,40.064714527431626],[-82.833652447306719,40.064712474151214],[-82.833722003288329,40.06467635700718],[-82.833788722777413,40.064635235328616],[-82.833852246339774,40.064589330648069],[-82.833912231758461,40.064538890265275],[-82.833916727416266,40.064534784354343],[-82.833921846960919,40.064531488947509],[-82.833927445911684,40.064529097045771],[-82.833933366258336,40.064527676151947],[-82.833939440920375,40.064527266365658],[-82.833945498462313,40.064527879251649],[-82.833951367931846,40.064529497513412],[-82.833956883684294,40.064532075481331],[-82.833961890057381,40.064535540401543],[-82.833966245764259,40.064539794489136],[-82.833969827880765,40.064544717687795],[-82.833972535314544,40.064550171057945],[-82.833974291658024,40.064556000697834],[-82.833975047344708,40.064562042086855],[-82.833937096070741,40.064693913742126],[-82.833928871248602,40.064710124257047],[-82.833918203497646,40.064724842530808],[-82.833905357379962,40.064737703547614],[-82.833890651481525,40.064748388351994],[-82.833874450511246,40.0647566319589],[-82.833857156256016,40.064762229925435],[-82.833839197616442,40.064765043421026],[-82.833821019969932,40.064765002670505]]]},"properties":{"PARCELID":"222-003626","OWNERNME1":"LANSDOWNE HOMEOWNERS ASSOCIATION INC","SITEADDRESS":"N CHELSEA GREEN","RESYRBLT":null,"RESFLRAREA_AG":null,"STATEDAREA":22092,"ACRES":0.50715281000000001,"SCHLDSCRP":"NEW ALBANY-PLAIN LSD","CVTTXDSCRP":"PLAIN TWP-NEW ALBANY CORP","CLASSCD":"501","CLASSDSCRP":"RESIDENTIAL, 0-9.999 AC","SALEPRICE":0,"SALEDATE":1351486800000}},{"type":"Feature","geometry":{"type":"Polygon","coordinates":[[[-82.833054538112393,40.063557763621453],[-82.833038286344504,40.063557736746112],[-82.833022242057851,40.063555148011339],[-82.833006806551268,40.063550062166435],[-82.8329923658968,40.063542606418274],[-82.832979281283329,40.063532967249628],[-82.83296787998249,40.063521385754861],[-82.832958447162994,40.063508151609689],[-82.832951218758026,40.063493595825832],[-82.832946375564063,40.063478082471782],[-82.832944038718779,40.063461999566691],[-82.832952009353335,40.063360422306914],[-82.832965947711699,40.063182491454697],[-82.832973895704313,40.063081094368812],[-82.832979513941481,40.063063550212725],[-82.83298795257241,40.063047174880367],[-82.832998979825291,40.063032418129517],[-82.833012292830389,40.063019685262717],[-82.833027525938462,40.06300932599536],[-82.833044260763558,40.063001624850614],[-82.833062037674239,40.062996793344766],[-82.833080368417541,40.062994964177882],[-82.833098749529228,40.062996187589057],[-82.833141524681153,40.062998073800784],[-82.833144870931278,40.06295434505531],[-82.83275287487082,40.062936109609723],[-82.832749162131236,40.062979969969952],[-82.832792042334304,40.062981768652087],[-82.832808324583283,40.062981832636623],[-82.832824393667195,40.062984459472744],[-82.832839848722386,40.062989583630703],[-82.832854304202925,40.062997077281885],[-82.832867399498554,40.063006753487663],[-82.832878807930513,40.063018370862835],[-82.832888244901028,40.063031639597256],[-82.832895474992924,40.063046228685536],[-82.832900317842387,40.063061774184398],[-82.83290265263841,40.063077888291673],[-82.832894653415337,40.063179134215034],[-82.832880566041183,40.063357314949791],[-82.832872569452192,40.063458634703373],[-82.832866989591352,40.063476173815495],[-82.83285858504334,40.063492548151316],[-82.83284758742424,40.063507306459982],[-82.832834299811054,40.063520042025807],[-82.832819088389456,40.06353040387669],[-82.832802372362195,40.063538106456377],[-82.832784612396622,40.063542937493921],[-82.832766297929354,40.063544763853564],[-82.832747933678206,40.063543535203699],[-82.832391303314722,40.063526975312193],[-82.832381437947973,40.063526923631706],[-82.832371703322309,40.063525322008957],[-82.832362341424243,40.063522210257602],[-82.83235358497484,40.063517665730572],[-82.832345651644772,40.06351180139719],[-82.832338738643315,40.063504763034956],[-82.832333017816111,40.063496725605759],[-82.832328631373329,40.063487888906614],[-82.832325688354587,40.063478472603052],[-82.832324261918387,40.063468710768603],[-82.832312114260674,40.063622213695275],[-82.832315538431146,40.063611576319971],[-82.832320670338461,40.063601649476361],[-82.832327369387102,40.063592705123725],[-82.832335452047602,40.063584988304683],[-82.832344696884547,40.063578710431912],[-82.832354850623162,40.063574043496196],[-82.832365635088067,40.063571115354556],[-82.832376754824296,40.063570006227373],[-82.832387905191652,40.063570746500694],[-82.83264808087695,40.063582896286484],[-82.832897864531276,40.063594559784853],[-82.83314729302711,40.063606204846501],[-82.833407774974717,40.063618367393197],[-82.833418243130978,40.063618590780841],[-82.833428534801513,40.063620517881098],[-82.833438374578719,40.063624097124311],[-82.833447499147823,40.063629232729078],[-82.833455664333172,40.063635787265376],[-82.833462651632416,40.063643585332237],[-82.833468274063776,40.063652418251529],[-82.833472381169642,40.063662049652208],[-82.833474863042852,40.063672221795692],[-82.833486213561471,40.063527768542684],[-82.833481448942237,40.06353873807754],[-82.833474871290818,40.063548726410396],[-82.833466676045518,40.06355743676319],[-82.833457106707328,40.063564610329799],[-82.833446447604942,40.063570033965824],[-82.833435015446653,40.063573546521631],[-82.833423149910161,40.0635750436305],[-82.833411203549872,40.063574480809621],[-82.833054538112393,40.063557763621453]]]},"properties":{"PARCELID":"222-003627","OWNERNME1":"LANSDOWNE HOMEOWNERS ASSOCIATION INC","SITEADDRESS":"W CHELSEA GREEN","RESYRBLT":null,"RESFLRAREA_AG":null,"STATEDAREA":12353,"ACRES":0.28357599,"SCHLDSCRP":"NEW ALBANY-PLAIN LSD","CVTTXDSCRP":"PLAIN TWP-NEW ALBANY CORP","CLASSCD":"501","CLASSDSCRP":"RESIDENTIAL, 0-9.999 AC","SALEPRICE":0,"SALEDATE":1152507600000}},{"type":"Feature","geometry":{"type":"Polygon","coordinates":[[[-82.831747745386281,40.06438767277205],[-82.831743165297979,40.064383047351555],[-82.831737859795112,40.064379275964143],[-82.831731986095349,40.064376470367108],[-82.831725718253679,40.064374713698555],[-82.831719242004695,40.064374058013726],[-82.831712749258671,40.064374522742497],[-82.831706432414805,40.064376094113591],[-82.831700478659741,40.064378725562662],[-82.831695064420742,40.064382339112129],[-82.831690350137649,40.064386827681886],[-82.831686475508533,40.064392058262428],[-82.83168355535004,40.064397875856265],[-82.831681676195061,40.064404108070974],[-82.831720962902921,40.064849521028101],[-82.831727017162493,40.064867437570953],[-82.831735972306603,40.064884094760423],[-82.83174757792375,40.064899026813777],[-82.831761509487634,40.064911816188051],[-82.831777377431862,40.064922105255697],[-82.831794738043229,40.064929606304929],[-82.831813105869344,40.064934109584918],[-82.831831967293169,40.064935489171056],[-82.831850794895288,40.06493370648618],[-82.831972741286336,40.064922184607418],[-82.831994970434792,40.064919570384617],[-82.832307924488049,40.064886321560436],[-82.832312485344417,40.064886632889852],[-82.832317031533279,40.064886152781959],[-82.832321426747711,40.064884895631678],[-82.832325539207417,40.064882899131746],[-82.832329245609813,40.06488022314258],[-82.832332434827038,40.064876947897503],[-82.832335011237802,40.064873171597149],[-82.832336897594388,40.064869007465113],[-82.832338037338801,40.064864580353252],[-82.832338396298439,40.064860022998232],[-82.832337963710714,40.064855472041778],[-82.832336752545785,40.064851063933766],[-82.832334799117604,40.064846930841078],[-82.832332161995197,40.064843196684926],[-82.832328920246567,40.064839973425308],[-82.832325171068007,40.064837357704192],[-82.832321026869963,40.064835427947912],[-82.832282079537379,40.064816294321744],[-82.832244659728829,40.064794322788025],[-82.832208973861412,40.064769634547261],[-82.831903826695722,40.064537989755799],[-82.831847939450483,40.064492201873342],[-82.831795889796297,40.064442094509999],[-82.831748010627308,40.064387988137568],[-82.831747745386281,40.06438767277205]]]},"properties":{"PARCELID":"222-003628","OWNERNME1":"NEW ALBANY COUNTRY CLUB COMMUNITY ASSOCIATION INC","SITEADDRESS":"N CHELSEA GREEN","RESYRBLT":null,"RESFLRAREA_AG":null,"STATEDAREA":18766,"ACRES":0.43079914000000002,"SCHLDSCRP":"NEW ALBANY-PLAIN LSD","CVTTXDSCRP":"PLAIN TWP-NEW ALBANY CORP","CLASSCD":"501","CLASSDSCRP":"RESIDENTIAL, 0-9.999 AC","SALEPRICE":0,"SALEDATE":1181797200000}},{"type":"Feature","geometry":{"type":"Polygon","coordinates":[[[-82.832296075320386,40.063923833036327],[-82.832295260500672,40.063923794812787],[-82.832321713769588,40.063984581359627],[-82.832354454193577,40.064042225477714],[-82.832393113726667,40.064096079170376],[-82.832437257784235,40.064145537050379],[-82.832486390128267,40.064190043145274],[-82.832539958445764,40.064229097147283],[-82.832597360557514,40.064262260037395],[-82.832657951187286,40.064289159020568],[-82.832721049215735,40.064309491716386],[-82.832785945336951,40.064323029558281],[-82.832851910032119,40.064329620362876],[-82.832918201770184,40.064329190040738],[-82.832984075343717,40.064321743429275],[-82.833048790246025,40.06430736423831],[-82.833111618995389,40.064286214109103],[-82.833171855312997,40.064258530797282],[-82.833228822062409,40.064224625500138],[-82.833281878861484,40.064184879358372],[-82.833330429281119,40.064139739171559],[-82.833373927549943,40.06408971237552],[-82.833411884689482,40.064035361338071],[-82.833443874010911,40.063977297037276],[-82.833443072087633,40.063977259685721],[-82.833119360122524,40.063962182862909],[-82.832869595171815,40.063950548599664],[-82.832620162097811,40.063938929978065],[-82.832296075320386,40.063923833036327]]]},"properties":{"PARCELID":"222-003629","OWNERNME1":"VILLAGE OF NEW ALBANY","SITEADDRESS":"E CHELSEA GREEN","RESYRBLT":null,"RESFLRAREA_AG":null,"STATEDAREA":33564,"ACRES":0.77228848000000005,"SCHLDSCRP":"NEW ALBANY-PLAIN LSD","CVTTXDSCRP":"PLAIN TWP-NEW ALBANY CORP","CLASSCD":"640","CLASSDSCRP":"EXEMPT PROPERTY OWNED BY MUNICIPALS","SALEPRICE":0,"SALEDATE":1157086800000}},{"type":"Feature","geometry":{"type":"Polygon","coordinates":[[[-82.834125666885612,40.062999855862408],[-82.834418100748934,40.063013388811115],[-82.834428873231573,40.062876379719697],[-82.831490444770566,40.062739765143661],[-82.831479666506567,40.062876773972718],[-82.832100014539563,40.062905767614801],[-82.832456642808239,40.062922327490256],[-82.83275287487082,40.062936109609723],[-82.833144870931278,40.06295434505531],[-82.833441124369529,40.062968126280495],[-82.833797754446522,40.062984681181902],[-82.834125666885612,40.062999855862408]]]},"properties":{"PARCELID":"222-003631","OWNERNME1":"VILLAGE OF NEW ALBANY","SITEADDRESS":"THOMPSON RD","RESYRBLT":null,"RESFLRAREA_AG":null,"STATEDAREA":41234,"ACRES":0.94660529000000004,"SCHLDSCRP":"NEW ALBANY-PLAIN LSD","CVTTXDSCRP":"PLAIN TWP-NEW ALBANY CORP","CLASSCD":"640","CLASSDSCRP":"EXEMPT PROPERTY OWNED BY MUNICIPALS","SALEPRICE":0,"SALEDATE":1157086800000}},{"type":"Feature","geometry":{"type":"Polygon","coordinates":[[[-82.833491792341519,40.063252097343856],[-82.833496966108129,40.06326918541135],[-82.833504860602915,40.063285199369766],[-82.833515263930479,40.063299709390002],[-82.833527896856154,40.063312326010021],[-82.833542420300802,40.063322710588373],[-82.833558444442048,40.063330584393597],[-82.833575539177517,40.063335736085662],[-82.833593245669078,40.063338027388504],[-82.8336110886585,40.063337396801479],[-82.833628589223878,40.063333861250129],[-82.833645277634233,40.063327515631819],[-82.83366070595757,40.063318530268695],[-82.833674460083785,40.063307146335987],[-82.833686170839727,40.063293669388734],[-82.833695523898115,40.063278461160351],[-82.833702268214452,40.063261929853418],[-82.833712511734774,40.063134540871715],[-82.833707311819452,40.06311745062758],[-82.833699391367418,40.063101438694424],[-82.833688962939107,40.063086934783001],[-82.833676306401244,40.063074328133425],[-82.833661761416195,40.063063957069176],[-82.833645718326338,40.063056099917539],[-82.833628607678591,40.063050967540164],[-82.83361088866981,40.063048697674169],[-82.833593036823373,40.063049351235755],[-82.833575531227623,40.063052910685336],[-82.833558841678609,40.063059280498301],[-82.833543416072175,40.063068289728577],[-82.833529668383903,40.063079696596283],[-82.833517967559203,40.063093194976389],[-82.833508627612034,40.063108422614114],[-82.833501899197685,40.063124970846772],[-82.833491792341519,40.063252097343856]]]},"properties":{"PARCELID":"222-003632","OWNERNME1":"VILLAGE OF NEW ALBANY","SITEADDRESS":"W CHELSEA GREEN","RESYRBLT":null,"RESFLRAREA_AG":null,"STATEDAREA":5483,"ACRES":0.12579654000000001,"SCHLDSCRP":"NEW ALBANY-PLAIN LSD","CVTTXDSCRP":"PLAIN TWP-NEW ALBANY CORP","CLASSCD":"640","CLASSDSCRP":"EXEMPT PROPERTY OWNED BY MUNICIPALS","SALEPRICE":0,"SALEDATE":1157086800000}},{"type":"Feature","geometry":{"type":"Polygon","coordinates":[[[-82.832151037235093,40.063190560502605],[-82.832156210656549,40.063207648785429],[-82.832164104850804,40.063223663010248],[-82.832174507929764,40.063238173339236],[-82.832187140664402,40.06325079030065],[-82.832201663979447,40.063261175242609],[-82.832217688054598,40.063269049422878],[-82.832234782787637,40.063274201490579],[-82.832252489338828,40.063276493159059],[-82.832270332446612,40.063275862917635],[-82.832287833184097,40.063272327682625],[-82.832304521814009,40.063265982343275],[-82.83231995039678,40.063256997214836],[-82.83233370481382,40.063245613467153],[-82.832345415882813,40.063232136651415],[-82.832354769266942,40.063216928498839],[-82.832361513912019,40.063200397211467],[-82.832371618748851,40.063072173876549],[-82.832366421982272,40.06305509477869],[-82.832358506456771,40.063039093328058],[-82.83234808460054,40.063024598954009],[-82.832335436103904,40.063012000640654],[-82.83232090041335,40.063001636487698],[-82.832304867621772,40.062993784636902],[-82.832287767999659,40.062988655807629],[-82.832270060447868,40.062986387641764],[-82.832252220182269,40.062987041009855],[-82.832234725980328,40.062990598377525],[-82.832218047332233,40.062996964276046],[-82.832202631841227,40.063005967864413],[-82.832188893211352,40.063017367514213],[-82.832177200144869,40.063030857294152],[-82.832167866447477,40.063046075180317],[-82.832161142606694,40.063062612771787],[-82.832151037235093,40.063190560502605]]]},"properties":{"PARCELID":"222-003633","OWNERNME1":"VILLAGE OF NEW ALBANY","SITEADDRESS":"E CHELSEA GREEN","RESYRBLT":null,"RESFLRAREA_AG":null,"STATEDAREA":5492,"ACRES":0.12614157000000001,"SCHLDSCRP":"NEW ALBANY-PLAIN LSD","CVTTXDSCRP":"PLAIN TWP-NEW ALBANY CORP","CLASSCD":"640","CLASSDSCRP":"EXEMPT PROPERTY OWNED BY MUNICIPALS","SALEPRICE":0,"SALEDATE":1157086800000}},{"type":"Feature","geometry":{"type":"Polygon","coordinates":[[[-82.833790286476855,40.063079377322239],[-82.833779156325846,40.063220274393466],[-82.834224940948644,40.063240959825698],[-82.834232925426804,40.063139730962149],[-82.834232686268678,40.063139721735631],[-82.834230351325658,40.063123607673852],[-82.834225508336289,40.063108062243664],[-82.834218278115273,40.063093473246099],[-82.834208841029891,40.063080204622757],[-82.834197432500574,40.063068587376755],[-82.834184337127965,40.063058911315458],[-82.83416988159324,40.063051417820851],[-82.834154426508562,40.063046293827931],[-82.834138357421196,40.063043667161388],[-82.834122075195495,40.063043603346856],[-82.833865468621184,40.063031819540178],[-82.833854756697477,40.063031193309577],[-82.833844077143183,40.063032234748299],[-82.833833688017847,40.063034918691159],[-82.833823840363124,40.063039180283653],[-82.833814772136591,40.06304491654916],[-82.833806702461843,40.063051988877206],[-82.833799826333603,40.063060226372862],[-82.833794309905826,40.063069429986228],[-82.833790286476855,40.063079377322239]]]},"properties":{"PARCELID":"222-004503","OWNERNME1":"MCCLOUD TARA T","SITEADDRESS":"4015 CHELSEA GREEN W","RESYRBLT":2016,"RESFLRAREA_AG":3182,"STATEDAREA":8430,"ACRES":0.19351533000000001,"SCHLDSCRP":"NEW ALBANY-PLAIN LSD","CVTTXDSCRP":"PLAIN TWP-NEW ALBANY CORP","CLASSCD":"510","CLASSDSCRP":"SINGLE FAMILY DWELLING, PLATTED LOT","SALEPRICE":562530,"SALEDATE":1472014800000}},{"type":"Feature","geometry":{"type":"Polygon","coordinates":[[[-82.834037020612286,40.064549492467442],[-82.834508197569832,40.064639874056034],[-82.834568848647081,40.064453536211047],[-82.834090748560612,40.064361845242651],[-82.834037020612286,40.064549492467442]]]},"properties":{"PARCELID":"222-004505","OWNERNME1":"BALLMANN TIMOTHY E","SITEADDRESS":"SEDGWICK DR","RESYRBLT":2014,"RESFLRAREA_AG":3636,"STATEDAREA":9581,"ACRES":0.21994421,"SCHLDSCRP":"NEW ALBANY-PLAIN LSD","CVTTXDSCRP":"PLAIN TWP-NEW ALBANY CORP","CLASSCD":"510","CLASSDSCRP":"SINGLE FAMILY DWELLING, PLATTED LOT","SALEPRICE":573747,"SALEDATE":1406782800000}},{"type":"Feature","geometry":{"type":"Polygon","coordinates":[[[-82.834090748560612,40.064361845242651],[-82.834568848647081,40.064453536211047],[-82.834629560587416,40.064267004516076],[-82.834144578129326,40.064173941016143],[-82.834090748560612,40.064361845242651]]]},"properties":{"PARCELID":"222-004506","OWNERNME1":"PRINCE L DON TR ( L DON PRINCE REVOCABLE LIVING TRUST)","SITEADDRESS":"4066 SEDGWICK DR","RESYRBLT":2013,"RESFLRAREA_AG":3068,"STATEDAREA":9732,"ACRES":0.22341743,"SCHLDSCRP":"NEW ALBANY-PLAIN LSD","CVTTXDSCRP":"PLAIN TWP-NEW ALBANY CORP","CLASSCD":"510","CLASSDSCRP":"SINGLE FAMILY DWELLING, PLATTED LOT","SALEPRICE":0,"SALEDATE":1563944400000}},{"type":"Feature","geometry":{"type":"Polygon","coordinates":[[[-82.834144578129326,40.064173941016143],[-82.834629560587416,40.064267004516076],[-82.834690160898049,40.064080726165066],[-82.83419831253299,40.063986294596006],[-82.834144578129326,40.064173941016143]]]},"properties":{"PARCELID":"222-004507","OWNERNME1":"BALCERZAK DAVID E","SITEADDRESS":"4056 SEDGWICK DR","RESYRBLT":2014,"RESFLRAREA_AG":4155,"STATEDAREA":9858,"ACRES":0.22629922999999999,"SCHLDSCRP":"NEW ALBANY-PLAIN LSD","CVTTXDSCRP":"PLAIN TWP-NEW ALBANY CORP","CLASSCD":"510","CLASSDSCRP":"SINGLE FAMILY DWELLING, PLATTED LOT","SALEPRICE":0,"SALEDATE":1649307600000}},{"type":"Feature","geometry":{"type":"Polygon","coordinates":[[[-82.834238112758513,40.063800207098033],[-82.834229480138262,40.063865982407272],[-82.834214235928926,40.063930546542196],[-82.83419831253299,40.063986294596006],[-82.834690160898049,40.064080726165066],[-82.83469540834443,40.064064641624611],[-82.834725032498866,40.063965230953265],[-82.834749822879559,40.063864506035152],[-82.83474901947622,40.06386440475336],[-82.834238112758513,40.063800207098033]]]},"properties":{"PARCELID":"222-004508","OWNERNME1":"COHODES JANE E","SITEADDRESS":"4046 SEDGWICK DR","RESYRBLT":2013,"RESFLRAREA_AG":3784,"STATEDAREA":10671,"ACRES":0.24496097,"SCHLDSCRP":"NEW ALBANY-PLAIN LSD","CVTTXDSCRP":"PLAIN TWP-NEW ALBANY CORP","CLASSCD":"510","CLASSDSCRP":"SINGLE FAMILY DWELLING, PLATTED LOT","SALEPRICE":635614,"SALEDATE":1413349200000}},{"type":"Feature","geometry":{"type":"Polygon","coordinates":[[[-82.834252751839742,40.063611463188828],[-82.834238112758513,40.063800207098033],[-82.83474901947622,40.06386440475336],[-82.834749822879559,40.063864506035152],[-82.834770758175551,40.063756093851524],[-82.834785945200409,40.063646728214991],[-82.834785030643886,40.063646667777576],[-82.834252751839742,40.063611463188828]]]},"properties":{"PARCELID":"222-004509","OWNERNME1":"DEMARIO CHRISTOPHER M","SITEADDRESS":"4036 SEDGWICK DR","RESYRBLT":2013,"RESFLRAREA_AG":2991,"STATEDAREA":11001,"ACRES":0.25254511000000002,"SCHLDSCRP":"NEW ALBANY-PLAIN LSD","CVTTXDSCRP":"PLAIN TWP-NEW ALBANY CORP","CLASSCD":"510","CLASSDSCRP":"SINGLE FAMILY DWELLING, PLATTED LOT","SALEPRICE":787500,"SALEDATE":1620968400000}},{"type":"Feature","geometry":{"type":"Polygon","coordinates":[[[-82.834785030643886,40.063646667777576],[-82.834785945200409,40.063646728214991],[-82.834792387148298,40.063579179361817],[-82.834798293525054,40.063501450626482],[-82.834796877935162,40.063491697634682],[-82.834793943811519,40.063482289358419],[-82.834789564406179,40.063473460680569],[-82.834783849053437,40.063465432014006],[-82.834776940440264,40.06345840379889],[-82.834769011044045,40.063452551498528],[-82.834760258826606,40.063448021218882],[-82.834750902291944,40.06344492606091],[-82.834741175031184,40.063443343296967],[-82.834731319890807,40.063443312441635],[-82.834713486327487,40.063442425699428],[-82.834267751763875,40.063421726665084],[-82.834252751839742,40.063611463188828],[-82.834785030643886,40.063646667777576]]]},"properties":{"PARCELID":"222-004510","OWNERNME1":"KOCH ERIC","SITEADDRESS":"4026 SEDGWICK DR","RESYRBLT":2013,"RESFLRAREA_AG":4535,"STATEDAREA":10587,"ACRES":0.24304271,"SCHLDSCRP":"NEW ALBANY-PLAIN LSD","CVTTXDSCRP":"PLAIN TWP-NEW ALBANY CORP","CLASSCD":"510","CLASSDSCRP":"SINGLE FAMILY DWELLING, PLATTED LOT","SALEPRICE":700000,"SALEDATE":1561698000000}},{"type":"Feature","geometry":{"type":"Polygon","coordinates":[[[-82.834267751763875,40.063421726665084],[-82.834713486327487,40.063442425699428],[-82.834727573617599,40.063264227626007],[-82.834282021919634,40.063243538033504],[-82.834281761650104,40.063243526165309],[-82.834267751763875,40.063421726665084]]]},"properties":{"PARCELID":"222-004511","OWNERNME1":"RANSOM RONDAL L","SITEADDRESS":"4016 SEDGWICK DR","RESYRBLT":2015,"RESFLRAREA_AG":3853,"STATEDAREA":8130,"ACRES":0.18663049000000001,"SCHLDSCRP":"NEW ALBANY-PLAIN LSD","CVTTXDSCRP":"PLAIN TWP-NEW ALBANY CORP","CLASSCD":"510","CLASSDSCRP":"SINGLE FAMILY DWELLING, PLATTED LOT","SALEPRICE":686879,"SALEDATE":1456462800000}},{"type":"Feature","geometry":{"type":"Polygon","coordinates":[[[-82.834289750373955,40.063142222535006],[-82.834281761650104,40.063243526165309],[-82.834282021919634,40.063243538033504],[-82.834727573617599,40.063264227626007],[-82.834746241300238,40.063028654775067],[-82.834746071305446,40.063028647153786],[-82.834418100748934,40.063013388811115],[-82.834125666885612,40.062999855862408],[-82.834149797123644,40.062999956468126],[-82.834173611413249,40.063003849811025],[-82.834196517353519,40.063011439040849],[-82.834217945139457,40.06302253536898],[-82.834237361736484,40.063036862764719],[-82.834254284140044,40.063054064821763],[-82.834268291390785,40.063073713624156],[-82.834279035046293,40.063095320391035],[-82.834286247848908,40.063118347635488],[-82.834289750373955,40.063142222535006]]]},"properties":{"PARCELID":"222-004512","OWNERNME1":"SLAGLE CHRISTOPHER A","SITEADDRESS":"4006 SEDGWICK DR","RESYRBLT":2015,"RESFLRAREA_AG":4546,"STATEDAREA":11266,"ACRES":0.25864907999999998,"SCHLDSCRP":"NEW ALBANY-PLAIN LSD","CVTTXDSCRP":"PLAIN TWP-NEW ALBANY CORP","CLASSCD":"510","CLASSDSCRP":"SINGLE FAMILY DWELLING, PLATTED LOT","SALEPRICE":632453,"SALEDATE":1454562000000}},{"type":"Feature","geometry":{"type":"Polygon","coordinates":[[[-82.83510282628751,40.063045205845881],[-82.835084182235803,40.063281053374389],[-82.835547648287132,40.06330251463865],[-82.835555576760328,40.063201009354529],[-82.835553241359918,40.063184916825065],[-82.83554840032761,40.063169393036674],[-82.835541174525702,40.063154825559657],[-82.835531744355137,40.063141578088853],[-82.835520345251624,40.063129981363502],[-82.835507261807678,40.063120324910003],[-82.835492820667426,40.063112849813493],[-82.835477382371536,40.063107742698861],[-82.835461332355905,40.063105131071453],[-82.835445071328721,40.063105080133738],[-82.83544866948175,40.063061386625755],[-82.83510282628751,40.063045205845881]]]},"properties":{"PARCELID":"222-004513","OWNERNME1":"XUE XIAOYI","SITEADDRESS":"4003 SEDGWICK DR","RESYRBLT":2013,"RESFLRAREA_AG":4155,"STATEDAREA":10420,"ACRES":0.23921218,"SCHLDSCRP":"NEW ALBANY-PLAIN LSD","CVTTXDSCRP":"PLAIN TWP-NEW ALBANY CORP","CLASSCD":"510","CLASSDSCRP":"SINGLE FAMILY DWELLING, PLATTED LOT","SALEPRICE":550000,"SALEDATE":1449464400000}},{"type":"Feature","geometry":{"type":"Polygon","coordinates":[[[-82.835070117978276,40.063458977640622],[-82.835533692054369,40.063480717843227],[-82.835547648287132,40.06330251463865],[-82.835084182235803,40.063281053374389],[-82.835070117978276,40.063458977640622]]]},"properties":{"PARCELID":"222-004514","OWNERNME1":"BAHF LLC","SITEADDRESS":"4013 SEDGWICK DR","RESYRBLT":2016,"RESFLRAREA_AG":3855,"STATEDAREA":8447,"ACRES":0.19391370999999999,"SCHLDSCRP":"NEW ALBANY-PLAIN LSD","CVTTXDSCRP":"PLAIN TWP-NEW ALBANY CORP","CLASSCD":"510","CLASSDSCRP":"SINGLE FAMILY DWELLING, PLATTED LOT","SALEPRICE":654758,"SALEDATE":1489640400000}},{"type":"Feature","geometry":{"type":"Polygon","coordinates":[[[-82.835518752843399,40.063672358252099],[-82.835533692054369,40.063480717843227],[-82.835070117978276,40.063458977640622],[-82.835052250963258,40.063458204522149],[-82.835041129137139,40.063457521597989],[-82.835030046315822,40.063458675925929],[-82.835019303936534,40.063461636109878],[-82.835009194177019,40.063466321636959],[-82.834999992008605,40.063472605067382],[-82.834991947717398,40.063480315500613],[-82.834985280096902,40.063489243223643],[-82.83498017049709,40.063499145414873],[-82.834976757891909,40.063509752748537],[-82.834970702725073,40.063587454898908],[-82.834965220986547,40.063646761336926],[-82.835518752843399,40.063672358252099]]]},"properties":{"PARCELID":"222-004515","OWNERNME1":"TESSMAN STEVEN","SITEADDRESS":"4023 SEDGWICK DR","RESYRBLT":2014,"RESFLRAREA_AG":3855,"STATEDAREA":10764,"ACRES":0.24709787999999999,"SCHLDSCRP":"NEW ALBANY-PLAIN LSD","CVTTXDSCRP":"PLAIN TWP-NEW ALBANY CORP","CLASSCD":"510","CLASSDSCRP":"SINGLE FAMILY DWELLING, PLATTED LOT","SALEPRICE":775000,"SALEDATE":1627016400000}},{"type":"Feature","geometry":{"type":"Polygon","coordinates":[[[-82.834965220986547,40.063646761336926],[-82.834957200218227,40.063712476156091],[-82.834947194967143,40.063777918230734],[-82.834946911009141,40.063779555449841],[-82.834946732307969,40.063780658306747],[-82.834947632662079,40.063790740407754],[-82.83495017475903,40.063800538220846],[-82.834954289720685,40.063809786274092],[-82.834959866052074,40.063818233991327],[-82.83496675266241,40.063825652481498],[-82.834974762958836,40.063831840740491],[-82.834983679902251,40.063836631097303],[-82.834993261887917,40.063839893757134],[-82.835003249291731,40.063841540318165],[-82.835013371504829,40.063841526166776],[-82.835385729609925,40.063858582594996],[-82.835404131832874,40.063859848455159],[-82.835422490029444,40.063858053788039],[-82.835440298699069,40.063853248010531],[-82.835457067472646,40.063845563451714],[-82.835472334615019,40.063835211709112],[-82.835485679739108,40.063822477822242],[-82.835496735381355,40.06380771242398],[-82.835505197120071,40.063791322085684],[-82.835510831957762,40.063773758122139],[-82.835518752843399,40.063672358252099],[-82.834965220986547,40.063646761336926]]]},"properties":{"PARCELID":"222-004516","OWNERNME1":"OLUWOLE MICHAEL","SITEADDRESS":"4033 SEDGWICK DR","RESYRBLT":2014,"RESFLRAREA_AG":3673,"STATEDAREA":10636,"ACRES":0.24416186000000001,"SCHLDSCRP":"NEW ALBANY-PLAIN LSD","CVTTXDSCRP":"PLAIN TWP-NEW ALBANY CORP","CLASSCD":"510","CLASSDSCRP":"SINGLE FAMILY DWELLING, PLATTED LOT","SALEPRICE":1145000,"SALEDATE":1757566800000}},{"type":"Feature","geometry":{"type":"Polygon","coordinates":[[[-82.834916310887593,40.063929062988585],[-82.8348938892657,40.064014716427316],[-82.834868137752835,40.064099428293545],[-82.834842088619581,40.064179932450095],[-82.834841029951491,40.064189441517136],[-82.834841615077011,40.064198991426153],[-82.834843826714462,40.06420830012069],[-82.834847599543153,40.064217092668542],[-82.83485282213266,40.064225109381901],[-82.83485934023382,40.064232113487222],[-82.834866961334583,40.064237898118336],[-82.834875460345856,40.064242292426208],[-82.834884586249387,40.064245166625014],[-82.834894069511734,40.064246435825311],[-82.83498298530651,40.064260109312514],[-82.835072645317908,40.064267462214694],[-82.835161944221667,40.064271630474558],[-82.835191552594338,40.063893633578026],[-82.8349910364268,40.063884253566876],[-82.834979317612948,40.063883741237653],[-82.83496767640527,40.063885181849635],[-82.834956435999061,40.063888535407045],[-82.834945908462146,40.06389370880494],[-82.834936386070964,40.063900558414076],[-82.834928133196016,40.063908894068483],[-82.834921378962207,40.063918484345059],[-82.834916310887593,40.063929062988585]]]},"properties":{"PARCELID":"222-004517","OWNERNME1":"PFEIFER MARK A","SITEADDRESS":"7235 BULRUSH CT","RESYRBLT":2013,"RESFLRAREA_AG":4462,"STATEDAREA":11277,"ACRES":0.25887379999999999,"SCHLDSCRP":"NEW ALBANY-PLAIN LSD","CVTTXDSCRP":"PLAIN TWP-NEW ALBANY CORP","CLASSCD":"510","CLASSDSCRP":"SINGLE FAMILY DWELLING, PLATTED LOT","SALEPRICE":685158,"SALEDATE":1396587600000}},{"type":"Feature","geometry":{"type":"Polygon","coordinates":[[[-82.835161944221667,40.064271630474558],[-82.835393846771495,40.064282439957104],[-82.835423454926826,40.063904415982449],[-82.835191552594338,40.063893633578026],[-82.835161944221667,40.064271630474558]]]},"properties":{"PARCELID":"222-004518","OWNERNME1":"LARIVEY CLIFFORD J","SITEADDRESS":"7225 BULRUSH CT","RESYRBLT":2014,"RESFLRAREA_AG":4462,"STATEDAREA":8971,"ACRES":0.20594966000000001,"SCHLDSCRP":"NEW ALBANY-PLAIN LSD","CVTTXDSCRP":"PLAIN TWP-NEW ALBANY CORP","CLASSCD":"510","CLASSDSCRP":"SINGLE FAMILY DWELLING, PLATTED LOT","SALEPRICE":695000,"SALEDATE":1433480400000}},{"type":"Feature","geometry":{"type":"Polygon","coordinates":[[[-82.835393846771495,40.064282439957104],[-82.835625414229966,40.064293263448342],[-82.835655378577741,40.06391522848925],[-82.835423454926826,40.063904415982449],[-82.835393846771495,40.064282439957104]]]},"properties":{"PARCELID":"222-004519","OWNERNME1":"DEBELLIS ADAM MATTHEW","SITEADDRESS":"7215 BULRUSH CT","RESYRBLT":2015,"RESFLRAREA_AG":4300,"STATEDAREA":8966,"ACRES":0.20582656999999999,"SCHLDSCRP":"NEW ALBANY-PLAIN LSD","CVTTXDSCRP":"PLAIN TWP-NEW ALBANY CORP","CLASSCD":"510","CLASSDSCRP":"SINGLE FAMILY DWELLING, PLATTED LOT","SALEPRICE":1150000,"SALEDATE":1676610000000}},{"type":"Feature","geometry":{"type":"Polygon","coordinates":[[[-82.835625414229966,40.064293263448342],[-82.835857340427921,40.064304084557648],[-82.835886947069184,40.063926025342639],[-82.835655378577741,40.06391522848925],[-82.835625414229966,40.064293263448342]]]},"properties":{"PARCELID":"222-004520","OWNERNME1":"MINGO CLARENCE EUGENE II","SITEADDRESS":"7205 BULRUSH CT","RESYRBLT":2013,"RESFLRAREA_AG":3888,"STATEDAREA":8966,"ACRES":0.20583763999999999,"SCHLDSCRP":"NEW ALBANY-PLAIN LSD","CVTTXDSCRP":"PLAIN TWP-NEW ALBANY CORP","CLASSCD":"510","CLASSDSCRP":"SINGLE FAMILY DWELLING, PLATTED LOT","SALEPRICE":785000,"SALEDATE":1623819600000}},{"type":"Feature","geometry":{"type":"Polygon","coordinates":[[[-82.835886947069184,40.063926025342639],[-82.835857340427921,40.064304084557648],[-82.836035653541842,40.06431240712233],[-82.836046804336121,40.064313134270684],[-82.836057922229642,40.064312011149461],[-82.836068702309831,40.064309068560711],[-82.836078848928793,40.064304387206064],[-82.836088083811532,40.064298095473518],[-82.836096153687777,40.064290365916285],[-82.836102837238016,40.064281410520493],[-82.836107951163285,40.064271474891378],[-82.836111355212182,40.064260831517437],[-82.836117535696246,40.064178762805682],[-82.836129422747362,40.064028106169751],[-82.836127086916207,40.064012013372022],[-82.836122245419432,40.06399648938558],[-82.836115019130602,40.063981921784688],[-82.836105588462374,40.06396867426632],[-82.836094188862262,40.063957077570095],[-82.836081104934465,40.063947421220909],[-82.836066663334364,40.063939946300692],[-82.836051224613158,40.063934839429464],[-82.836035174216391,40.063932228106147],[-82.836018912860737,40.063932177525459],[-82.835886947069184,40.063926025342639]]]},"properties":{"PARCELID":"222-004521","OWNERNME1":"HENRIQUES RENA D","SITEADDRESS":"6995 BULRUSH CT","RESYRBLT":2015,"RESFLRAREA_AG":4534,"STATEDAREA":9336,"ACRES":0.21433385999999999,"SCHLDSCRP":"NEW ALBANY-PLAIN LSD","CVTTXDSCRP":"PLAIN TWP-NEW ALBANY CORP","CLASSCD":"510","CLASSDSCRP":"SINGLE FAMILY DWELLING, PLATTED LOT","SALEPRICE":755191,"SALEDATE":1436504400000}},{"type":"Feature","geometry":{"type":"Polygon","coordinates":[[[-82.8362462061786,40.06418472602445],[-82.836424499968302,40.064192984110718],[-82.836452417925599,40.063836675711187],[-82.836167260434479,40.063823408895232],[-82.836101929780241,40.063907044548948],[-82.836101778337948,40.063907237712762],[-82.836121911947899,40.063917507581152],[-82.836140074380907,40.063930959661811],[-82.836155767445703,40.063947224967322],[-82.836168560685238,40.063965857344215],[-82.836178103183968,40.063986345710781],[-82.836184133193399,40.064008128075955],[-82.836186485311799,40.06403060695461],[-82.836179090420416,40.06412643057358],[-82.836180523643378,40.064136199098911],[-82.836183473796623,40.064145621137492],[-82.836187867605275,40.064154462667943],[-82.836193595937402,40.064162504087363],[-82.836200516514651,40.06416954566572],[-82.836208457446091,40.064175412506692],[-82.836217221497591,40.064179958891692],[-82.83622659099062,40.064183071899166],[-82.836236333208916,40.064184674209301],[-82.8362462061786,40.06418472602445]]]},"properties":{"PARCELID":"222-004522","OWNERNME1":"TSP INVESTMENTS LLC","SITEADDRESS":"6985 BULRUSH CT","RESYRBLT":2022,"RESFLRAREA_AG":3981,"STATEDAREA":9924,"ACRES":0.22781950000000001,"SCHLDSCRP":"NEW ALBANY-PLAIN LSD","CVTTXDSCRP":"PLAIN TWP-NEW ALBANY CORP","CLASSCD":"599","CLASSDSCRP":"OTHER RESIDENTIAL","SALEPRICE":688000,"SALEDATE":1744779600000}},{"type":"Feature","geometry":{"type":"Polygon","coordinates":[[[-82.836424499968302,40.064192984110718],[-82.836691799534748,40.064205380143527],[-82.836719712809,40.063849113119772],[-82.836452417925599,40.063836675711187],[-82.836424499968302,40.064192984110718]]]},"properties":{"PARCELID":"222-004523","OWNERNME1":"GRANAZ INVESTMENTS LLC","SITEADDRESS":"6975 BULRUSH CT","RESYRBLT":null,"RESFLRAREA_AG":null,"STATEDAREA":9746,"ACRES":0.22374057999999999,"SCHLDSCRP":"NEW ALBANY-PLAIN LSD","CVTTXDSCRP":"PLAIN TWP-NEW ALBANY CORP","CLASSCD":"500","CLASSDSCRP":"RESIDENTIAL, VACANT LAND, LOT","SALEPRICE":0,"SALEDATE":1654491600000}},{"type":"Feature","geometry":{"type":"Polygon","coordinates":[[[-82.836691799534748,40.064205380143527],[-82.8368651142098,40.064213405959578],[-82.837328914059512,40.064234858353551],[-82.837340776726322,40.064056823994157],[-82.837340593126001,40.064056670516756],[-82.837112091487555,40.063867368470831],[-82.836719712809,40.063849113119772],[-82.836691799534748,40.064205380143527]]]},"properties":{"PARCELID":"222-004524","OWNERNME1":"GRANAZ INVESTMENTS LLC","SITEADDRESS":"6965 BULRUSH CT","RESYRBLT":null,"RESFLRAREA_AG":null,"STATEDAREA":20955,"ACRES":0.48105154,"SCHLDSCRP":"NEW ALBANY-PLAIN LSD","CVTTXDSCRP":"PLAIN TWP-NEW ALBANY CORP","CLASSCD":"500","CLASSDSCRP":"RESIDENTIAL, VACANT LAND, LOT","SALEPRICE":0,"SALEDATE":1654491600000}},{"type":"Feature","geometry":{"type":"Polygon","coordinates":[[[-82.837328914059512,40.064234858353551],[-82.8368651142098,40.064213405959578],[-82.836843578413237,40.064487425342072],[-82.837310637617293,40.064509144956546],[-82.837328914059512,40.064234858353551]]]},"properties":{"PARCELID":"222-004525","OWNERNME1":"FAIRBRIDGE STRATEGIC CAPITAL LLC","SITEADDRESS":"BULRUSH CT","RESYRBLT":null,"RESFLRAREA_AG":null,"STATEDAREA":13055,"ACRES":0.29969257999999999,"SCHLDSCRP":"NEW ALBANY-PLAIN LSD","CVTTXDSCRP":"PLAIN TWP-NEW ALBANY CORP","CLASSCD":"500","CLASSDSCRP":"RESIDENTIAL, VACANT LAND, LOT","SALEPRICE":320000,"SALEDATE":1782709200000}},{"type":"Feature","geometry":{"type":"Polygon","coordinates":[[[-82.834125666885612,40.062999855862408],[-82.833797754446522,40.062984681181902],[-82.833790286476855,40.063079377322239],[-82.833794309905826,40.063069429986228],[-82.833799826333603,40.063060226372862],[-82.833806702461843,40.063051988877206],[-82.833814772136591,40.06304491654916],[-82.833823840363124,40.063039180283653],[-82.833833688017847,40.063034918691159],[-82.833844077143183,40.063032234748299],[-82.833854756697477,40.063031193309577],[-82.833865468621184,40.063031819540178],[-82.834122075195495,40.063043603346856],[-82.834138357421196,40.063043667161388],[-82.834154426508562,40.063046293827931],[-82.83416988159324,40.063051417820851],[-82.834184337127965,40.063058911315458],[-82.834197432500574,40.063068587376755],[-82.834208841029891,40.063080204622757],[-82.834218278115273,40.063093473246099],[-82.834225508336289,40.063108062243664],[-82.834230351325658,40.063123607673852],[-82.834232686268678,40.063139721735631],[-82.834232925426804,40.063139730962149],[-82.834289750373955,40.063142222535006],[-82.834286247848908,40.063118347635488],[-82.834279035046293,40.063095320391035],[-82.834268291390785,40.063073713624156],[-82.834254284140044,40.063054064821763],[-82.834237361736484,40.063036862764719],[-82.834217945139457,40.06302253536898],[-82.834196517353519,40.063011439040849],[-82.834173611413249,40.063003849811025],[-82.834149797123644,40.062999956468126],[-82.834125666885612,40.062999855862408]]]},"properties":{"PARCELID":"222-004526","OWNERNME1":"LANSDOWNE HOMEOWNERS ASSOCIATION INC","SITEADDRESS":"SEDGWICK DR","RESYRBLT":null,"RESFLRAREA_AG":null,"STATEDAREA":2584,"ACRES":0.059325250000000003,"SCHLDSCRP":"NEW ALBANY-PLAIN LSD","CVTTXDSCRP":"PLAIN TWP-NEW ALBANY CORP","CLASSCD":"501","CLASSDSCRP":"RESIDENTIAL, 0-9.999 AC","SALEPRICE":0,"SALEDATE":1369026000000}},{"type":"Feature","geometry":{"type":"Polygon","coordinates":[[[-82.835655378577741,40.06391522848925],[-82.835886947069184,40.063926025342639],[-82.836018912860737,40.063932177525459],[-82.836035174216391,40.063932228106147],[-82.836051224613158,40.063934839429464],[-82.836066663334364,40.063939946300692],[-82.836081104934465,40.063947421220909],[-82.836094188862262,40.063957077570095],[-82.836105588462374,40.06396867426632],[-82.836115019130602,40.063981921784688],[-82.836122245419432,40.06399648938558],[-82.836127086916207,40.064012013372022],[-82.836129422747362,40.064028106169751],[-82.836117535696246,40.064178762805682],[-82.8362462061786,40.06418472602445],[-82.836236333156307,40.064184674380193],[-82.836226590865365,40.064183072193032],[-82.836217221293282,40.064179959259498],[-82.836208457169604,40.064175412901328],[-82.836200516185272,40.064169546044923],[-82.836193595585343,40.064162504416359],[-82.836187867269672,40.064154462921721],[-82.836183473523178,40.064145621302636],[-82.836180523481517,40.064136199174925],[-82.836179090420416,40.06412643057358],[-82.836186485311799,40.06403060695461],[-82.836185215415227,40.064010728534278],[-82.836180917532559,40.063991278792976],[-82.836173692972835,40.063972716197007],[-82.83616371203226,40.06395547830104],[-82.836151209980031,40.063939971434095],[-82.836136481512611,40.063926561121662],[-82.836119873807164,40.063915563469564],[-82.836101778337948,40.063907237712762],[-82.836076237429722,40.063897577927207],[-82.836049676216774,40.063891241412605],[-82.836022525191339,40.063888330868338],[-82.835692584885393,40.063872889876876],[-82.835676323878204,40.063872838958652],[-82.835660273873529,40.063870227388826],[-82.835644835568189,40.063865120366643],[-82.835630394387636,40.063857645391593],[-82.835617310863597,40.063847989080394],[-82.835605911633152,40.063836392507945],[-82.835596481284114,40.063823145188806],[-82.835589255250113,40.063808577849308],[-82.835584413932935,40.063793054170773],[-82.835582078198584,40.06377696171004],[-82.835627181237655,40.063204486577582],[-82.83563278787868,40.06318694145012],[-82.835641211752673,40.063170561454143],[-82.835652222084065,40.063155795326544],[-82.835665517240159,40.063143047591623],[-82.835680732994561,40.063132667478946],[-82.835697452505272,40.063124939356079],[-82.835715217734233,40.063120074938212],[-82.835733541995509,40.06311820748811],[-82.835751923288242,40.063119388165376],[-82.835755284657139,40.063075731348626],[-82.83544866948175,40.063061386625755],[-82.835445071328721,40.063105080133738],[-82.835461332355905,40.063105131071453],[-82.835477382371536,40.063107742698861],[-82.835492820667426,40.063112849813493],[-82.835507261807678,40.063120324910003],[-82.835520345251624,40.063129981363502],[-82.835531744355137,40.063141578088853],[-82.835541174525702,40.063154825559657],[-82.83554840032761,40.063169393036674],[-82.835553241359918,40.063184916825065],[-82.835555576760328,40.063201009354529],[-82.835547648287132,40.06330251463865],[-82.835533692054369,40.063480717843227],[-82.835518752843399,40.063672358252099],[-82.835510831957762,40.063773758122139],[-82.835505197120071,40.063791322085684],[-82.835496735381355,40.06380771242398],[-82.835485679739108,40.063822477822242],[-82.835472334615019,40.063835211709112],[-82.835457067472646,40.063845563451714],[-82.835440298699069,40.063853248010531],[-82.835422490029444,40.063858053788039],[-82.835404131832874,40.063859848455159],[-82.835385729609925,40.063858582594996],[-82.835013371504829,40.063841526166776],[-82.835003249291731,40.063841540318165],[-82.834993261887917,40.063839893757134],[-82.834983679902251,40.063836631097303],[-82.834974762958836,40.063831840740491],[-82.83496675266241,40.063825652481498],[-82.834959866052074,40.063818233991327],[-82.834954289720685,40.063809786274092],[-82.83495017475903,40.063800538220846],[-82.834947632662079,40.063790740407754],[-82.834946732307969,40.063780658306747],[-82.834932789092392,40.063855120470912],[-82.834916310887593,40.063929062988585],[-82.834921378962207,40.063918484345059],[-82.834928133196016,40.063908894068483],[-82.834936386070964,40.063900558414076],[-82.834945908462146,40.06389370880494],[-82.834956435999061,40.063888535407045],[-82.83496767640527,40.063885181849635],[-82.834979317612948,40.063883741237653],[-82.8349910364268,40.063884253566876],[-82.835191552594338,40.063893633578026],[-82.835423454926826,40.063904415982449],[-82.835655378577741,40.06391522848925]]]},"properties":{"PARCELID":"222-004527","OWNERNME1":"LANSDOWNE HOMEOWNERS ASSOCIATION INC","SITEADDRESS":"BULLRUSH CT","RESYRBLT":null,"RESFLRAREA_AG":null,"STATEDAREA":14866,"ACRES":0.34127559000000002,"SCHLDSCRP":"NEW ALBANY-PLAIN LSD","CVTTXDSCRP":"PLAIN TWP-NEW ALBANY CORP","CLASSCD":"501","CLASSDSCRP":"RESIDENTIAL, 0-9.999 AC","SALEPRICE":0,"SALEDATE":1369026000000}},{"type":"Feature","geometry":{"type":"Polygon","coordinates":[[[-82.835627181237655,40.063204486577582],[-82.835582078198584,40.06377696171004],[-82.835584413932935,40.063793054170773],[-82.835589255250113,40.063808577849308],[-82.835596481284114,40.063823145188806],[-82.835605911633152,40.063836392507945],[-82.835617310863597,40.063847989080394],[-82.835630394387636,40.063857645391593],[-82.835644835568189,40.063865120366643],[-82.835660273873529,40.063870227388826],[-82.835676323878204,40.063872838958652],[-82.835692584885393,40.063872889876876],[-82.836022525191339,40.063888330868338],[-82.836049676216774,40.063891241412605],[-82.836076237429722,40.063897577927207],[-82.836101778337948,40.063907237712762],[-82.836101929780241,40.063907044548948],[-82.836167260434479,40.063823408895232],[-82.836452417925599,40.063836675711187],[-82.836719712809,40.063849113119772],[-82.837112091487555,40.063867368470831],[-82.837340593126001,40.064056670516756],[-82.837340776726322,40.064056823994157],[-82.837410194944525,40.063014993397402],[-82.835184980034825,40.062911672116179],[-82.835173840173042,40.062910931017456],[-82.835162730897338,40.062912039954398],[-82.835151957339292,40.062914968468512],[-82.835141815409543,40.062919636124128],[-82.835132583670188,40.062925914717631],[-82.835124515683688,40.062933631798799],[-82.835117833048429,40.062942575407348],[-82.835112719312193,40.06295249989472],[-82.835109314930818,40.062963132671186],[-82.83510282628751,40.063045205845881],[-82.83544866948175,40.063061386625755],[-82.835755284657139,40.063075731348626],[-82.835751923288242,40.063119388165376],[-82.835733541995509,40.06311820748811],[-82.835715217734233,40.063120074938212],[-82.835697452505272,40.063124939356079],[-82.835680732994561,40.063132667478946],[-82.835665517240159,40.063143047591623],[-82.835652222084065,40.063155795326544],[-82.835641211752673,40.063170561454143],[-82.83563278787868,40.06318694145012],[-82.835627181237655,40.063204486577582]]]},"properties":{"PARCELID":"222-004528","OWNERNME1":"NEW ALBANY COMMUNITIES MASTER ASSOCIATION INC","SITEADDRESS":"THOMPSON RD","RESYRBLT":null,"RESFLRAREA_AG":null,"STATEDAREA":168816,"ACRES":3.8754732399999998,"SCHLDSCRP":"NEW ALBANY-PLAIN LSD","CVTTXDSCRP":"PLAIN TWP-NEW ALBANY CORP","CLASSCD":"501","CLASSDSCRP":"RESIDENTIAL, 0-9.999 AC","SALEPRICE":0,"SALEDATE":1369026000000}},{"type":"Feature","geometry":{"type":"Polygon","coordinates":[[[-82.834418100748934,40.063013388811115],[-82.834746071305446,40.063028647153786],[-82.834746241300238,40.063028654775067],[-82.834752743000593,40.062946528447497],[-82.834751327865121,40.062936775344951],[-82.834748394133669,40.062927366899949],[-82.834744015052323,40.0629185380119],[-82.834738299953017,40.062910509110502],[-82.834731391523917,40.062903480652288],[-82.834723462246842,40.062897628115856],[-82.834714710091021,40.062893097620709],[-82.834705353570399,40.062890002279133],[-82.834695626287996,40.062888419372122],[-82.834685771103594,40.0628883884199],[-82.834428873231573,40.062876379719697],[-82.834418100748934,40.063013388811115]]]},"properties":{"PARCELID":"222-004529","OWNERNME1":"CITY OF NEW ALBANY OHIO","SITEADDRESS":"SEDGWICK DR","RESYRBLT":null,"RESFLRAREA_AG":null,"STATEDAREA":4515,"ACRES":0.10363979,"SCHLDSCRP":"NEW ALBANY-PLAIN LSD","CVTTXDSCRP":"PLAIN TWP-NEW ALBANY CORP","CLASSCD":"640","CLASSDSCRP":"EXEMPT PROPERTY OWNED BY MUNICIPALS","SALEPRICE":0,"SALEDATE":1475125200000}},{"type":"Feature","geometry":{"type":"Polygon","coordinates":[[[-82.834797041786004,40.063313708341958],[-82.834802211579841,40.063330790551149],[-82.834810101214245,40.063346799370855],[-82.834820498921786,40.063361305104799],[-82.83483312561529,40.063373918401375],[-82.83484764237889,40.063384300704293],[-82.834863659564917,40.063392173339864],[-82.834880747252555,40.063397324996942],[-82.834898446787378,40.063399617398758],[-82.834916283092284,40.063398989014445],[-82.834933777419039,40.063395456710609],[-82.83495046019857,40.063389115298598],[-82.834965883644699,40.06338013498965],[-82.834979633773301,40.063368756826229],[-82.834991341514126,40.063355286212129],[-82.835000692617115,40.063340084715087],[-82.835007436087238,40.063323560361852],[-82.835037736178265,40.062939439043205],[-82.83503776239877,40.062930349012497],[-82.835036508098852,40.062921345897614],[-82.835033998284075,40.062912609183385],[-82.835030282989734,40.062904313043695],[-82.834840171584645,40.062895516433045],[-82.834835246506771,40.062903296536568],[-82.834831422783978,40.06291167302431],[-82.834828771160019,40.062920490920504],[-82.834827340693352,40.06292958708277],[-82.834797041786004,40.063313708341958]]]},"properties":{"PARCELID":"222-004530","OWNERNME1":"CITY OF NEW ALBANY OHIO","SITEADDRESS":"SEDGWICK DR","RESYRBLT":null,"RESFLRAREA_AG":null,"STATEDAREA":10360,"ACRES":0.23782575,"SCHLDSCRP":"NEW ALBANY-PLAIN LSD","CVTTXDSCRP":"PLAIN TWP-NEW ALBANY CORP","CLASSCD":"640","CLASSDSCRP":"EXEMPT PROPERTY OWNED BY MUNICIPALS","SALEPRICE":0,"SALEDATE":1475125200000}},{"type":"Feature","geometry":{"type":"Polygon","coordinates":[[[-82.836320069438571,40.064244338632648],[-82.836305924253054,40.064240719094109],[-82.836291365767522,40.064239606515315],[-82.836276834836923,40.064241034586992],[-82.836262771481813,40.064244960064777],[-82.836249601563793,40.064251264078713],[-82.836237723889681,40.06425975573287],[-82.836227498135059,40.064270177885959],[-82.836219233952619,40.064282214937982],[-82.836213181595468,40.064295502387154],[-82.836209524338955,40.064309637867595],[-82.836208372930827,40.064324193333647],[-82.836209762237615,40.064338728021788],[-82.836213650188853,40.064352801797675],[-82.836219919050933,40.064365988484177],[-82.836228378992388,40.064377888766664],[-82.836238773832221,40.064388142284962],[-82.836250788797543,40.064396438545614],[-82.836264060055385,40.064402526324173],[-82.83627818573018,40.064406221272655],[-82.836292738073183,40.064407411501932],[-82.836307276415454,40.064406060969894],[-82.836648177569344,40.064421935359],[-82.836662304132091,40.0644255465957],[-82.836676842793622,40.064426654804343],[-82.836691353499518,40.064425226441791],[-82.836705397041555,40.064421304741558],[-82.836718548351513,40.06441500840517],[-82.836730409367163,40.064406528009364],[-82.836740621080779,40.064396120237717],[-82.83674887440543,40.064384100111369],[-82.836754919530549,40.064370831454013],[-82.83675857348301,40.064356715879754],[-82.836759725665431,40.064342180637027],[-82.836758341203719,40.064327665676771],[-82.83675446200256,40.064313610336008],[-82.83674820547715,40.064300440040064],[-82.836739760999237,40.064288553425818],[-82.836729384165224,40.064278310275853],[-82.836717389059842,40.064270020628562],[-82.836704138749454,40.06426393539396],[-82.836690034292829,40.064260238759182],[-82.836675502601906,40.064259042613507],[-82.836660983520119,40.064260383161745],[-82.836320069438571,40.064244338632648]]]},"properties":{"PARCELID":"222-004531","OWNERNME1":"CITY OF NEW ALBANY OHIO","SITEADDRESS":"BULLRUSH CT","RESYRBLT":null,"RESFLRAREA_AG":null,"STATEDAREA":8373,"ACRES":0.19219531000000001,"SCHLDSCRP":"NEW ALBANY-PLAIN LSD","CVTTXDSCRP":"PLAIN TWP-NEW ALBANY CORP","CLASSCD":"640","CLASSDSCRP":"EXEMPT PROPERTY OWNED BY MUNICIPALS","SALEPRICE":0,"SALEDATE":1475125200000}},{"type":"Feature","geometry":{"type":"Polygon","coordinates":[[[-82.839229235592683,40.061486798382901],[-82.83922923337623,40.06148682450705],[-82.839221764480868,40.061605673674904],[-82.839396618461464,40.061613834501614],[-82.841861280069196,40.06172882792702],[-82.842296395600243,40.0617491499221],[-82.84326936493423,40.06179458558853],[-82.843451628536911,40.059424712630125],[-82.842803799274066,40.059396159022292],[-82.840990759914618,40.059331832807167],[-82.839978616425952,40.059286128732388],[-82.839681255047552,40.059272699538411],[-82.839369245649323,40.059258607616634],[-82.839229235592683,40.061486798382901]]]},"properties":{"PARCELID":"220-000218","OWNERNME1":"BREITFELLER HAROLD J CO-TR","SITEADDRESS":"5035 JOHNSTOWN RD","RESYRBLT":1900,"RESFLRAREA_AG":1787,"STATEDAREA":null,"ACRES":22.488612499999999,"SCHLDSCRP":"NEW ALBANY-PLAIN LSD","CVTTXDSCRP":"PLAIN TOWNSHIP","CLASSCD":"513","CLASSDSCRP":"SINGLE FAMILY, 20-29.999 AC","SALEPRICE":0,"SALEDATE":870930000000}},{"type":"Feature","geometry":{"type":"Polygon","coordinates":[[[-82.838359850431573,40.060210556549301],[-82.838282877687377,40.061452428372021],[-82.838636971362305,40.061465288775537],[-82.839229057405447,40.061486792593008],[-82.839229235592683,40.061486798382901],[-82.839369245649323,40.059258607616634],[-82.839297203098596,40.059255353693892],[-82.838976239687483,40.059240856989597],[-82.838421242998564,40.059215788578506],[-82.838359850431573,40.060210556549301]]]},"properties":{"PARCELID":"220-000861","OWNERNME1":"FIXARI MARK P","SITEADDRESS":"JOHNSTOWN RD","RESYRBLT":null,"RESFLRAREA_AG":null,"STATEDAREA":null,"ACRES":4.96214815,"SCHLDSCRP":"NEW ALBANY-PLAIN LSD","CVTTXDSCRP":"PLAIN TOWNSHIP","CLASSCD":"501","CLASSDSCRP":"RESIDENTIAL, 0-9.999 AC","SALEPRICE":210000,"SALEDATE":1062738000000}},{"type":"Feature","geometry":{"type":"Polygon","coordinates":[[[-82.831028193117618,40.063029251015905],[-82.831017947845623,40.063016282778811],[-82.831005637794604,40.063005255384958],[-82.830991624873107,40.06299649303353],[-82.830976321053143,40.062990253332728],[-82.830960176258415,40.06298671972624],[-82.830943665136815,40.062985996100117],[-82.830927273106013,40.062988103728557],[-82.830911482082499,40.062992980648474],[-82.830896756313479,40.063000483481154],[-82.830883528728293,40.063010391647559],[-82.830877083297921,40.063018932872929],[-82.83087219655873,40.063028452110487],[-82.830869013027637,40.063038667845085],[-82.83086762685214,40.063049277963891],[-82.830868079025976,40.063059968690823],[-82.830870356176902,40.063070423865966],[-82.83087439096208,40.063080334295435],[-82.830880064059642,40.063089406895259],[-82.830887207697458,40.063097373358858],[-82.830895610614704,40.063103998091727],[-82.830905024309473,40.063109085178745],[-82.830915170387897,40.063112484178028],[-82.8309257487971,40.063114094570011],[-82.830936446698757,40.063113868730113],[-82.830947762935082,40.063116437490166],[-82.830959344875396,40.06311715470099],[-82.830970891579838,40.063116001726918],[-82.830982103024112,40.063113008526301],[-82.830992687895176,40.063108252873093],[-82.831002371160551,40.063101858336019],[-82.831010901214697,40.063093991067817],[-82.831018056416568,40.063084855487993],[-82.831023650848692,40.063074688971277],[-82.831027539147854,40.063063755679813],[-82.831029620282308,40.063052339699254],[-82.831029840176768,40.063040737657225],[-82.831028193117618,40.063029251015905]]]},"properties":{"PARCELID":"222-003258","OWNERNME1":"NEW ALBANY COMPANY LLC","SITEADDRESS":"HOLKHAM","RESYRBLT":null,"RESFLRAREA_AG":null,"STATEDAREA":1716,"ACRES":0.039401220000000001,"SCHLDSCRP":"NEW ALBANY-PLAIN LSD","CVTTXDSCRP":"PLAIN TWP-NEW ALBANY CORP","CLASSCD":"501","CLASSDSCRP":"RESIDENTIAL, 0-9.999 AC","SALEPRICE":0,"SALEDATE":1075698000000}},{"type":"Feature","geometry":{"type":"MultiPolygon","coordinates":[[[[-82.833325942273959,40.060443019718427],[-82.833783482635098,40.060126301522438],[-82.833621570513429,40.060119613142128],[-82.833182047219125,40.060422531785477],[-82.833325942273959,40.060443019718427]]],[[[-82.833884518047142,40.060131215536416],[-82.833413690069719,40.060456191711154],[-82.834626315307446,40.060635560200062],[-82.834822043011485,40.060174384731909],[-82.833884518047142,40.060131215536416]]]]},"properties":{"PARCELID":"222-000511","OWNERNME1":"CHURCH FOUNDATION OF THE DIOCESE OF SOUTHERN OHIO","SITEADDRESS":"5125 JOHNSTOWN RD","RESYRBLT":null,"RESFLRAREA_AG":null,"STATEDAREA":1.2010000000000001,"ACRES":1.2012321500000001,"SCHLDSCRP":"NEW ALBANY-PLAIN LSD","CVTTXDSCRP":"PLAIN TWP-NEW ALBANY CORP","CLASSCD":"685","CLASSDSCRP":"CHURCHES ETC PUBLIC WORSHIP    PRIVE","SALEPRICE":0,"SALEDATE":1135918800000}},{"type":"Feature","geometry":{"type":"Polygon","coordinates":[[[-82.840550747490383,40.063565378036287],[-82.840073415469519,40.063410531277214],[-82.839968592177684,40.06360412280614],[-82.839661072341315,40.064643471237019],[-82.839411290748629,40.064633487327015],[-82.839020348136913,40.064617726589894],[-82.838449590542979,40.064594716569509],[-82.838010159873747,40.064576997282295],[-82.83801014998707,40.064577133302926],[-82.837950854075217,40.065532862324936],[-82.837927649611657,40.065904855853219],[-82.838062913642588,40.065946948621132],[-82.838225154144368,40.065997433838852],[-82.838474124137605,40.066093810940401],[-82.838525938410285,40.066113867791273],[-82.839419784840146,40.06636971616819],[-82.839431234247257,40.066372977532701],[-82.839420283088359,40.066471557513296],[-82.83941651279919,40.066504509113841],[-82.839420445589269,40.066504772441824],[-82.840964245476229,40.066573870956596],[-82.840996408639356,40.066104928116403],[-82.841036255123925,40.06552394947024],[-82.841091137979902,40.064721127353017],[-82.841158909278988,40.063729691313618],[-82.840873634109485,40.063694009241416],[-82.840550747490383,40.063565378036287]]]},"properties":{"PARCELID":"223-000002","OWNERNME1":"NEW ALBANY CO LLC","SITEADDRESS":"6957 HANBY'S LP","RESYRBLT":null,"RESFLRAREA_AG":null,"STATEDAREA":15.68,"ACRES":15.67897209,"SCHLDSCRP":"COLUMBUS CSD","CVTTXDSCRP":"PLAIN TWP-NEW ALBANY-COLS","CLASSCD":"463","CLASSDSCRP":"GOLF COURSES","SALEPRICE":0,"SALEDATE":1441342800000}},{"type":"Feature","geometry":{"type":"Polygon","coordinates":[[[-82.836203336534368,40.061241294674304],[-82.836347195578995,40.061217549070911],[-82.836568474334712,40.061172446029431],[-82.83656897624671,40.061128523558914],[-82.836786251313342,40.06107050509052],[-82.836922722976752,40.059148086090218],[-82.836406706070321,40.059124768775447],[-82.835360140326074,40.059821481955382],[-82.834889862782191,40.059422316341184],[-82.834850762399867,40.059389213182691],[-82.83477472087155,40.059324746061087],[-82.83441085524548,40.059575887509418],[-82.834482981795148,40.059644200810204],[-82.834530669368846,40.05968521943943],[-82.835320340395967,40.060382688541907],[-82.836203336534368,40.061241294674304]]]},"properties":{"PARCELID":"222-001516","OWNERNME1":"BETH SHALOM INC","SITEADDRESS":"5089 JOHNSTOWN RD","RESYRBLT":null,"RESFLRAREA_AG":null,"STATEDAREA":292695,"ACRES":6.6538373799999997,"SCHLDSCRP":"NEW ALBANY-PLAIN LSD","CVTTXDSCRP":"PLAIN TWP-NEW ALBANY CORP","CLASSCD":"685","CLASSDSCRP":"CHURCHES ETC PUBLIC WORSHIP    PRIVE","SALEPRICE":null,"SALEDATE":null}},{"type":"Feature","geometry":{"type":"Polygon","coordinates":[[[-82.838282877687377,40.061452428372021],[-82.837710449403275,40.061431627918935],[-82.837618757640513,40.062851610741809],[-82.837618691195118,40.062852649337401],[-82.837614910056217,40.062914338556801],[-82.837987919140929,40.062931647842049],[-82.838187555676157,40.062940912691481],[-82.838191579995495,40.062878238384982],[-82.838193580435799,40.062848585407792],[-82.838240715950917,40.062111398436969],[-82.838596890500853,40.062128212967195],[-82.838636971362305,40.061465288775537],[-82.838282877687377,40.061452428372021]]]},"properties":{"PARCELID":"222-002906","OWNERNME1":"FIXARI MARK P","SITEADDRESS":"5765 THOMPSON RD","RESYRBLT":2004,"RESFLRAREA_AG":5351,"STATEDAREA":110963,"ACRES":2.54776391,"SCHLDSCRP":"NEW ALBANY-PLAIN LSD","CVTTXDSCRP":"PLAIN TWP-NEW ALBANY CORP","CLASSCD":"511","CLASSDSCRP":"SINGLE FAMILY, O-9.999 AC","SALEPRICE":0,"SALEDATE":1094101200000}},{"type":"Feature","geometry":{"type":"Polygon","coordinates":[[[-82.837042377423359,40.062887766712336],[-82.837417283144916,40.062905166032181],[-82.837614910056217,40.062914338556801],[-82.837618691195118,40.062852649337401],[-82.837618757640513,40.062851610741809],[-82.837710449403275,40.061431627918935],[-82.837142313333118,40.061410994288124],[-82.83704702325808,40.06282711163572],[-82.837042377423359,40.062887766712336]]]},"properties":{"PARCELID":"222-000645","OWNERNME1":"FIXARI MARK P","SITEADDRESS":"5777 THOMPSON RD","RESYRBLT":1964,"RESFLRAREA_AG":2362,"STATEDAREA":86220,"ACRES":1.9797211299999999,"SCHLDSCRP":"NEW ALBANY-PLAIN LSD","CVTTXDSCRP":"PLAIN TWP-NEW ALBANY CORP","CLASSCD":"511","CLASSDSCRP":"SINGLE FAMILY, O-9.999 AC","SALEPRICE":300000,"SALEDATE":1109739600000}},{"type":"Feature","geometry":{"type":"Polygon","coordinates":[[[-82.83533165666806,40.06213263835415],[-82.834976383878072,40.062174004360998],[-82.834960157217139,40.062733866950175],[-82.834958535528386,40.062791029757953],[-82.835900775496157,40.062834769571474],[-82.835905313535363,40.062776096194234],[-82.835997701732467,40.061344822708961],[-82.83533165666806,40.06213263835415]]]},"properties":{"PARCELID":"222-000691","OWNERNME1":"CLARK ARTHUR TTEE","SITEADDRESS":"5801 THOMPSON RD","RESYRBLT":1967,"RESFLRAREA_AG":1158,"STATEDAREA":90333,"ACRES":2.0743402799999999,"SCHLDSCRP":"NEW ALBANY-PLAIN LSD","CVTTXDSCRP":"PLAIN TWP-NEW ALBANY CORP","CLASSCD":"511","CLASSDSCRP":"SINGLE FAMILY, O-9.999 AC","SALEPRICE":0,"SALEDATE":1741237200000}},{"type":"Feature","geometry":{"type":"Polygon","coordinates":[[[-82.836347195578995,40.061217549070911],[-82.836203336534368,40.061241294674304],[-82.835997701732467,40.061344822708961],[-82.835905313535363,40.062776096194234],[-82.835900775496157,40.062834769571474],[-82.83646889559688,40.062861147965506],[-82.836473498705459,40.06280148911064],[-82.836576571422412,40.06136869494658],[-82.836568474334712,40.061172446029431],[-82.836347195578995,40.061217549070911]]]},"properties":{"PARCELID":"222-000649","OWNERNME1":"DUFFY SHAWN R","SITEADDRESS":"5791 THOMPSON RD","RESYRBLT":1966,"RESFLRAREA_AG":2467,"STATEDAREA":94343,"ACRES":2.1661825399999999,"SCHLDSCRP":"NEW ALBANY-PLAIN LSD","CVTTXDSCRP":"PLAIN TWP-NEW ALBANY CORP","CLASSCD":"511","CLASSDSCRP":"SINGLE FAMILY, O-9.999 AC","SALEPRICE":355000,"SALEDATE":1518670800000}},{"type":"Feature","geometry":{"type":"Polygon","coordinates":[[[-82.836786251313342,40.06107050509052],[-82.83656897624671,40.061128523558914],[-82.836568474334712,40.061172446029431],[-82.836576571422412,40.06136869494658],[-82.836473498705459,40.06280148911064],[-82.83646889559688,40.062861147965506],[-82.837042377423359,40.062887766712336],[-82.83704702325808,40.06282711163572],[-82.837142313333118,40.061410994288124],[-82.837174807485141,40.060966748169157],[-82.836786251313342,40.06107050509052]]]},"properties":{"PARCELID":"222-000648","OWNERNME1":"FIXARI MARK P","SITEADDRESS":"5787 THOMPSON RD","RESYRBLT":1964,"RESFLRAREA_AG":1378,"STATEDAREA":106986,"ACRES":2.45643097,"SCHLDSCRP":"NEW ALBANY-PLAIN LSD","CVTTXDSCRP":"PLAIN TWP-NEW ALBANY CORP","CLASSCD":"511","CLASSDSCRP":"SINGLE FAMILY, O-9.999 AC","SALEPRICE":300000,"SALEDATE":1468386000000}},{"type":"Feature","geometry":{"type":"MultiPolygon","coordinates":[[[[-82.833621570513429,40.060119613142128],[-82.833783482635098,40.060126301522438],[-82.834482981795148,40.059644200810204],[-82.83441085524548,40.059575887509418],[-82.833621570513429,40.060119613142128]]],[[[-82.834530669368846,40.05968521943943],[-82.833884518047142,40.060131215536416],[-82.834822043011485,40.060174384731909],[-82.834626315307446,40.060635560200062],[-82.834322915426455,40.061350422397666],[-82.833745553784794,40.062679579029947],[-82.833722199053682,40.062733618976424],[-82.834437687045551,40.062766844832865],[-82.834958535528386,40.062791029757953],[-82.834960157217139,40.062733866950175],[-82.834976383878072,40.062174004360998],[-82.83533165666806,40.06213263835415],[-82.835997701732467,40.061344822708961],[-82.836203336534368,40.061241294674304],[-82.835320340395967,40.060382688541907],[-82.834530669368846,40.05968521943943]]]]},"properties":{"PARCELID":"222-001515","OWNERNME1":"CHURCH FOUNDATION OF THE DIOCESE OF SOUTHERN OHIO","SITEADDRESS":"5101 JOHNSTOWN RD","RESYRBLT":null,"RESFLRAREA_AG":null,"STATEDAREA":365885,"ACRES":8.3992552800000002,"SCHLDSCRP":"NEW ALBANY-PLAIN LSD","CVTTXDSCRP":"PLAIN TWP-NEW ALBANY CORP","CLASSCD":"685","CLASSDSCRP":"CHURCHES ETC PUBLIC WORSHIP    PRIVE","SALEPRICE":0,"SALEDATE":1096434000000}},{"type":"Feature","geometry":{"type":"Polygon","coordinates":[[[-82.838561393928074,40.062958259199185],[-82.838553873995039,40.063028002578051],[-82.838553863108942,40.063028173725542],[-82.838449674558717,40.064593437460452],[-82.838449590542979,40.064594716569509],[-82.839020348136913,40.064617726589894],[-82.839020355703767,40.06461759597952],[-82.83907059915316,40.063859537532657],[-82.839122515098524,40.063078416569297],[-82.839124177945962,40.063053155931698],[-82.839128766863567,40.062984583662548],[-82.838561393928074,40.062958259199185]]]},"properties":{"PARCELID":"222-000690","OWNERNME1":"PALLONE MARY T","SITEADDRESS":"5760 THOMPSON RD","RESYRBLT":1968,"RESFLRAREA_AG":3007,"STATEDAREA":95379,"ACRES":2.1891689200000002,"SCHLDSCRP":"NEW ALBANY-PLAIN LSD","CVTTXDSCRP":"PLAIN TWP-NEW ALBANY CORP","CLASSCD":"511","CLASSDSCRP":"SINGLE FAMILY, O-9.999 AC","SALEPRICE":0,"SALEDATE":360824400000}},{"type":"Feature","geometry":{"type":"Polygon","coordinates":[[[-82.839135614417941,40.062986503818728],[-82.83913890087328,40.062922442865215],[-82.839138905262374,40.062922381610981],[-82.839183731529914,40.062209976739545],[-82.839221764480868,40.061605673674904],[-82.83922923337623,40.06148682450705],[-82.839229235592683,40.061486798382901],[-82.838636971362305,40.061465288775537],[-82.838596890500853,40.062128212967195],[-82.838552352308142,40.062864846834195],[-82.838550712184784,40.06289504635135],[-82.838546743764454,40.062957580014285],[-82.838561393928074,40.062958259199185],[-82.839128766863567,40.062984583662548],[-82.839135614417941,40.062986503818728]]]},"properties":{"PARCELID":"222-000634","OWNERNME1":"BONNETTE MICHAEL J","SITEADDRESS":"5715 THOMPSON RD","RESYRBLT":1963,"RESFLRAREA_AG":1284,"STATEDAREA":2.0699999999999998,"ACRES":2.0712210299999998,"SCHLDSCRP":"NEW ALBANY-PLAIN LSD","CVTTXDSCRP":"PLAIN TWP-NEW ALBANY CORP","CLASSCD":"511","CLASSDSCRP":"SINGLE FAMILY, O-9.999 AC","SALEPRICE":78000,"SALEDATE":525416400000}},{"type":"Feature","geometry":{"type":"Polygon","coordinates":[[[-82.838193580435799,40.062848585407792],[-82.838191579995495,40.062878238384982],[-82.838187555676157,40.062940912691481],[-82.838546743764454,40.062957580014285],[-82.838550712184784,40.06289504635135],[-82.838552352308142,40.062864846834195],[-82.838596890500853,40.062128212967195],[-82.838240715950917,40.062111398436969],[-82.838193580435799,40.062848585407792]]]},"properties":{"PARCELID":"222-003267","OWNERNME1":"FIXARI SHAYNE F","SITEADDRESS":"5741 THOMPSON RD","RESYRBLT":1987,"RESFLRAREA_AG":2625,"STATEDAREA":0.69620000000000004,"ACRES":0.69643120999999997,"SCHLDSCRP":"NEW ALBANY-PLAIN LSD","CVTTXDSCRP":"PLAIN TWP-NEW ALBANY CORP","CLASSCD":"511","CLASSDSCRP":"SINGLE FAMILY, O-9.999 AC","SALEPRICE":0,"SALEDATE":1085634000000}},{"type":"Feature","geometry":{"type":"Polygon","coordinates":[[[-82.837987919140929,40.062931647842049],[-82.837614910056217,40.062914338556801],[-82.837417283144916,40.062905166032181],[-82.83741251466607,40.062977653703889],[-82.837410194944525,40.063014993397402],[-82.837340776726322,40.064056823994157],[-82.837328914059512,40.064234858353551],[-82.837310637617293,40.064509144956546],[-82.837307973308171,40.064548681303691],[-82.83787861173731,40.064571692706146],[-82.837983193056672,40.063002851144425],[-82.837987919140929,40.062931647842049]]]},"properties":{"PARCELID":"222-000768","OWNERNME1":"GILLIAM ANTHONY R TTEE","SITEADDRESS":"5786 THOMPSON RD","RESYRBLT":1979,"RESFLRAREA_AG":1344,"STATEDAREA":95804,"ACRES":2.19895986,"SCHLDSCRP":"NEW ALBANY-PLAIN LSD","CVTTXDSCRP":"PLAIN TWP-NEW ALBANY CORP","CLASSCD":"511","CLASSDSCRP":"SINGLE FAMILY, O-9.999 AC","SALEPRICE":500000,"SALEDATE":1765861200000}},{"type":"Feature","geometry":{"type":"Polygon","coordinates":[[[-82.838010159873747,40.064576997282295],[-82.838449590542979,40.064594716569509],[-82.838449674558717,40.064593437460452],[-82.838553863108942,40.063028173725542],[-82.838553873995039,40.063028002578051],[-82.838561393928074,40.062958259199185],[-82.838546743764454,40.062957580014285],[-82.838187555676157,40.062940912691481],[-82.837987919140929,40.062931647842049],[-82.837983193056672,40.063002851144425],[-82.83787861173731,40.064571692706146],[-82.838010159873747,40.064576997282295]]]},"properties":{"PARCELID":"222-000722","OWNERNME1":"YEAMANS MARCY H TTEE","SITEADDRESS":"5780 THOMPSON RD","RESYRBLT":1968,"RESFLRAREA_AG":1552,"STATEDAREA":95655,"ACRES":2.1955357100000001,"SCHLDSCRP":"NEW ALBANY-PLAIN LSD","CVTTXDSCRP":"PLAIN TWP-NEW ALBANY CORP","CLASSCD":"511","CLASSDSCRP":"SINGLE FAMILY, O-9.999 AC","SALEPRICE":0,"SALEDATE":1772082000000}},{"type":"Feature","geometry":{"type":"Polygon","coordinates":[[[-82.83913890087328,40.062922442865215],[-82.839135614417941,40.062986503818728],[-82.839403623492075,40.063061639013156],[-82.839598132911618,40.063125335705493],[-82.839601546477311,40.063065777429863],[-82.839602121899347,40.063037501979096],[-82.839656027354025,40.062226452851945],[-82.839183731529914,40.062209976739545],[-82.839138905262374,40.062922381610981],[-82.83913890087328,40.062922442865215]]]},"properties":{"PARCELID":"010-220071","OWNERNME1":"CANNON SANDRA","SITEADDRESS":"5701 THOMPSON RD","RESYRBLT":1991,"RESFLRAREA_AG":2541,"STATEDAREA":40179,"ACRES":0.92226892999999999,"SCHLDSCRP":"COLUMBUS CSD","CVTTXDSCRP":"CITY OF COLUMBUS","CLASSCD":"511","CLASSDSCRP":"SINGLE FAMILY, O-9.999 AC","SALEPRICE":0,"SALEDATE":1011330000000}},{"type":"Feature","geometry":{"type":"Polygon","coordinates":[[[-82.832255264221587,40.061230836681446],[-82.833349812685455,40.061294145354445],[-82.833523139383416,40.060631839067476],[-82.83312913139072,40.060578048149907],[-82.832987324749624,40.060558777990174],[-82.83272271929097,40.060741665390864],[-82.832316407205667,40.061022491029981],[-82.832029128955355,40.061221093568022],[-82.832182011174766,40.061227749330492],[-82.832255264221587,40.061230836681446]]]},"properties":{"PARCELID":"222-000297","OWNERNME1":"OAKLAND NURSERY INC","SITEADDRESS":"5155 JOHNSTOWN RD","RESYRBLT":1979,"RESFLRAREA_AG":2004,"STATEDAREA":1.532,"ACRES":1.53176336,"SCHLDSCRP":"NEW ALBANY-PLAIN LSD","CVTTXDSCRP":"PLAIN TWP-NEW ALBANY CORP","CLASSCD":"511","CLASSDSCRP":"SINGLE FAMILY, O-9.999 AC","SALEPRICE":318275,"SALEDATE":1522645200000}},{"type":"Feature","geometry":{"type":"Polygon","coordinates":[[[-82.832987324749624,40.060558777990174],[-82.83312913139072,40.060578048149907],[-82.833523139383416,40.060631839067476],[-82.833349812685455,40.061294145354445],[-82.834322915426455,40.061350422397666],[-82.834626315307446,40.060635560200062],[-82.833413690069719,40.060456191711154],[-82.833325942273959,40.060443019718427],[-82.833182047219125,40.060422531785477],[-82.832987324749624,40.060558777990174]]]},"properties":{"PARCELID":"220-001797","OWNERNME1":"TIPPETT PAMELA A TR","SITEADDRESS":"5145 JOHNSTOWN RD","RESYRBLT":1978,"RESFLRAREA_AG":1144,"STATEDAREA":2.0619999999999998,"ACRES":2.0619584799999999,"SCHLDSCRP":"NEW ALBANY-PLAIN LSD","CVTTXDSCRP":"PLAIN TOWNSHIP","CLASSCD":"511","CLASSDSCRP":"SINGLE FAMILY, O-9.999 AC","SALEPRICE":0,"SALEDATE":1011762000000}},{"type":"Feature","geometry":{"type":"Polygon","coordinates":[[[-82.836786251313342,40.06107050509052],[-82.837174807485141,40.060966748169157],[-82.837574963171946,40.060679289446895],[-82.837681144297107,40.06061587940453],[-82.837414229996,40.05999589381905],[-82.837463575674377,40.05916744547973],[-82.837371422295504,40.059168359423474],[-82.837050458517169,40.059153857462199],[-82.836922722976752,40.059148086090218],[-82.836786251313342,40.06107050509052]]]},"properties":{"PARCELID":"222-005161","OWNERNME1":"MANN BRADLEY","SITEADDRESS":"JOHNSTOWN RD","RESYRBLT":null,"RESFLRAREA_AG":null,"STATEDAREA":2.6400000000000001,"ACRES":2.64779805,"SCHLDSCRP":"NEW ALBANY-PLAIN LSD","CVTTXDSCRP":"PLAIN TWP-NEW ALBANY CORP","CLASSCD":"501","CLASSDSCRP":"RESIDENTIAL, 0-9.999 AC","SALEPRICE":860000,"SALEDATE":1683176400000}},{"type":"Feature","geometry":{"type":"Polygon","coordinates":[[[-82.837414229996,40.05999589381905],[-82.837681144297107,40.06061587940453],[-82.837765090998758,40.060565746951951],[-82.838359704354474,40.060210645229887],[-82.838421242998564,40.059215788578506],[-82.838177396179972,40.059204772702252],[-82.837777975909873,40.059186728518625],[-82.837563665816973,40.059177045830729],[-82.837463575674377,40.05916744547973],[-82.837414229996,40.05999589381905]]]},"properties":{"PARCELID":"222-005160","OWNERNME1":"RESSEGER ADAM","SITEADDRESS":"5055 JOHNSTOWN RD","RESYRBLT":2013,"RESFLRAREA_AG":3870,"STATEDAREA":2.6400000000000001,"ACRES":2.6618025300000001,"SCHLDSCRP":"NEW ALBANY-PLAIN LSD","CVTTXDSCRP":"PLAIN TWP-NEW ALBANY CORP","CLASSCD":"510","CLASSDSCRP":"SINGLE FAMILY DWELLING, PLATTED LOT","SALEPRICE":1995000,"SALEDATE":1651726800000}},{"type":"Feature","geometry":{"type":"Polygon","coordinates":[[[-82.844082516727795,40.073907824608533],[-82.844116271416993,40.074070498006627],[-82.844539560960257,40.074018503344746],[-82.844505875788258,40.073856095537685],[-82.844082516727795,40.073907824608533]]]},"properties":{"PARCELID":"545-259068","OWNERNME1":"WHITE ANTHONY R","SITEADDRESS":"4546 COMMONS PARK DR","RESYRBLT":2002,"RESFLRAREA_AG":1908,"STATEDAREA":7193,"ACRES":0.16513747000000001,"SCHLDSCRP":"NEW ALBANY-PLAIN LSD","CVTTXDSCRP":"COLUMBUS-PLAIN LSD","CLASSCD":"510","CLASSDSCRP":"SINGLE FAMILY DWELLING, PLATTED LOT","SALEPRICE":219550,"SALEDATE":1034744400000}},{"type":"Feature","geometry":{"type":"Polygon","coordinates":[[[-82.844048773906366,40.073745148454549],[-82.844082516727795,40.073907824608533],[-82.844505875788258,40.073856095537685],[-82.844472125923119,40.073693376290635],[-82.844048773906366,40.073745148454549]]]},"properties":{"PARCELID":"545-259069","OWNERNME1":"THOMAS CALVIN R JR","SITEADDRESS":"4538 COMMONS PARK DR","RESYRBLT":2002,"RESFLRAREA_AG":2028,"STATEDAREA":7200,"ACRES":0.16529905,"SCHLDSCRP":"NEW ALBANY-PLAIN LSD","CVTTXDSCRP":"COLUMBUS-PLAIN LSD","CLASSCD":"510","CLASSDSCRP":"SINGLE FAMILY DWELLING, PLATTED LOT","SALEPRICE":223025,"SALEDATE":1035435600000}},{"type":"Feature","geometry":{"type":"Polygon","coordinates":[[[-82.844014984383051,40.073582478722138],[-82.844048773906366,40.073745148454549],[-82.844472125923119,40.073693376290635],[-82.844438372927499,40.073530702964355],[-82.844015175353988,40.073582455648001],[-82.844014984383051,40.073582478722138]]]},"properties":{"PARCELID":"545-259070","OWNERNME1":"CLINGER CHRISTINE L","SITEADDRESS":"4530 COMMONS PARK DR","RESYRBLT":2002,"RESFLRAREA_AG":1889,"STATEDAREA":7200,"ACRES":0.16528470000000001,"SCHLDSCRP":"NEW ALBANY-PLAIN LSD","CVTTXDSCRP":"COLUMBUS-PLAIN LSD","CLASSCD":"510","CLASSDSCRP":"SINGLE FAMILY DWELLING, PLATTED LOT","SALEPRICE":234000,"SALEDATE":1151384400000}},{"type":"Feature","geometry":{"type":"Polygon","coordinates":[[[-82.84398121471925,40.073419762981217],[-82.844014984383051,40.073582478722138],[-82.844015175353988,40.073582455648001],[-82.844438372927499,40.073530702964355],[-82.844404644690229,40.073368025943786],[-82.84398121471925,40.073419762981217]]]},"properties":{"PARCELID":"545-259071","OWNERNME1":"GLADSTONE DINESH S","SITEADDRESS":"4522 COMMONS PARK DR","RESYRBLT":2002,"RESFLRAREA_AG":2182,"STATEDAREA":7201,"ACRES":0.16532040000000001,"SCHLDSCRP":"NEW ALBANY-PLAIN LSD","CVTTXDSCRP":"COLUMBUS-PLAIN LSD","CLASSCD":"510","CLASSDSCRP":"SINGLE FAMILY DWELLING, PLATTED LOT","SALEPRICE":190000,"SALEDATE":1238389200000}},{"type":"Feature","geometry":{"type":"Polygon","coordinates":[[[-82.843947508880788,40.073257356843222],[-82.84398121471925,40.073419762981217],[-82.844404644690229,40.073368025943786],[-82.844370902543773,40.073205348944562],[-82.843947508880788,40.073257356843222]]]},"properties":{"PARCELID":"545-259072","OWNERNME1":"2GK SISTERS LLC","SITEADDRESS":"4514 COMMONS PARK DR","RESYRBLT":2002,"RESFLRAREA_AG":2497,"STATEDAREA":7195,"ACRES":0.16517451,"SCHLDSCRP":"NEW ALBANY-PLAIN LSD","CVTTXDSCRP":"COLUMBUS-PLAIN LSD","CLASSCD":"510","CLASSDSCRP":"SINGLE FAMILY DWELLING, PLATTED LOT","SALEPRICE":0,"SALEDATE":1687496400000}},{"type":"Feature","geometry":{"type":"Polygon","coordinates":[[[-82.843808354143874,40.072586878579592],[-82.843947508880788,40.073257356843222],[-82.844370902543773,40.073205348944562],[-82.844342792188399,40.073069817762338],[-82.843808354143874,40.072586878579592]]]},"properties":{"PARCELID":"545-259073","OWNERNME1":"WYER BRIAN","SITEADDRESS":"4506 COMMONS PARK DR","RESYRBLT":2003,"RESFLRAREA_AG":2724,"STATEDAREA":17840,"ACRES":0.40956050999999999,"SCHLDSCRP":"NEW ALBANY-PLAIN LSD","CVTTXDSCRP":"COLUMBUS-PLAIN LSD","CLASSCD":"510","CLASSDSCRP":"SINGLE FAMILY DWELLING, PLATTED LOT","SALEPRICE":385000,"SALEDATE":1597122000000}},{"type":"Feature","geometry":{"type":"Polygon","coordinates":[[[-82.843808354143874,40.072586878579592],[-82.844342792188399,40.073069817762338],[-82.844521115142769,40.073075131142048],[-82.844544886495456,40.072608888738799],[-82.844161385257962,40.072597417301807],[-82.843852680056401,40.072588183580955],[-82.843808354143874,40.072586878579592]]]},"properties":{"PARCELID":"545-259074","OWNERNME1":"HAYS ROY E","SITEADDRESS":"4487 FLOWER GARDEN DR","RESYRBLT":2002,"RESFLRAREA_AG":2046,"STATEDAREA":21779,"ACRES":0.49996592000000001,"SCHLDSCRP":"NEW ALBANY-PLAIN LSD","CVTTXDSCRP":"COLUMBUS-PLAIN LSD","CLASSCD":"510","CLASSDSCRP":"SINGLE FAMILY DWELLING, PLATTED LOT","SALEPRICE":0,"SALEDATE":1605675600000}},{"type":"Feature","geometry":{"type":"Polygon","coordinates":[[[-82.844544886495456,40.072608888738799],[-82.844521115142769,40.073075131142048],[-82.844735541018025,40.073081572200046],[-82.844758942642244,40.072615291208095],[-82.844596670498291,40.072610424667722],[-82.844544886495456,40.072608888738799]]]},"properties":{"PARCELID":"545-259075","OWNERNME1":"REGERU ALMA","SITEADDRESS":"4493 FLOWER GARDEN DR","RESYRBLT":2002,"RESFLRAREA_AG":2776,"STATEDAREA":10200,"ACRES":0.23416050999999999,"SCHLDSCRP":"NEW ALBANY-PLAIN LSD","CVTTXDSCRP":"COLUMBUS-PLAIN LSD","CLASSCD":"510","CLASSDSCRP":"SINGLE FAMILY DWELLING, PLATTED LOT","SALEPRICE":615000,"SALEDATE":1724043600000}},{"type":"Feature","geometry":{"type":"Polygon","coordinates":[[[-82.844973366956992,40.072621699411975],[-82.844940115862855,40.072620684749452],[-82.844758942642244,40.072615291208095],[-82.844735541018025,40.073081572200046],[-82.844949610408506,40.073087983292517],[-82.844973366956992,40.072621699411975]]]},"properties":{"PARCELID":"545-259076","OWNERNME1":"HORTON TIMOTHY S","SITEADDRESS":"4497 FLOWER GARDEN DR","RESYRBLT":2002,"RESFLRAREA_AG":1971,"STATEDAREA":10201,"ACRES":0.23417847,"SCHLDSCRP":"NEW ALBANY-PLAIN LSD","CVTTXDSCRP":"COLUMBUS-PLAIN LSD","CLASSCD":"510","CLASSDSCRP":"SINGLE FAMILY DWELLING, PLATTED LOT","SALEPRICE":242500,"SALEDATE":1024894800000}},{"type":"Feature","geometry":{"type":"Polygon","coordinates":[[[-82.844949610408506,40.073087983292517],[-82.845164024416448,40.073094378573479],[-82.845187436095756,40.072628104665434],[-82.844973366956992,40.072621699411975],[-82.844949610408506,40.073087983292517]]]},"properties":{"PARCELID":"545-259077","OWNERNME1":"MASSIE LAUREN E","SITEADDRESS":"4503 FLOWER GARDEN DR","RESYRBLT":2002,"RESFLRAREA_AG":2075,"STATEDAREA":10200,"ACRES":0.23416548000000001,"SCHLDSCRP":"NEW ALBANY-PLAIN LSD","CVTTXDSCRP":"COLUMBUS-PLAIN LSD","CLASSCD":"510","CLASSDSCRP":"SINGLE FAMILY DWELLING, PLATTED LOT","SALEPRICE":253500,"SALEDATE":1412053200000}},{"type":"Feature","geometry":{"type":"Polygon","coordinates":[[[-82.844878102877203,40.073582945663418],[-82.845092170459054,40.073589386224974],[-82.845110382985368,40.073230193758732],[-82.84489597098775,40.073223814584068],[-82.844878102877203,40.073582945663418]]]},"properties":{"PARCELID":"545-259092","OWNERNME1":"HUNTSMAN ADAM S","SITEADDRESS":"4502 FLOWER GARDEN DR","RESYRBLT":2002,"RESFLRAREA_AG":1905,"STATEDAREA":7857,"ACRES":0.18036731,"SCHLDSCRP":"NEW ALBANY-PLAIN LSD","CVTTXDSCRP":"COLUMBUS-PLAIN LSD","CLASSCD":"510","CLASSDSCRP":"SINGLE FAMILY DWELLING, PLATTED LOT","SALEPRICE":0,"SALEDATE":1582261200000}},{"type":"Feature","geometry":{"type":"Polygon","coordinates":[[[-82.844628556163201,40.073575439755636],[-82.844878102877203,40.073582945663418],[-82.84489597098775,40.073223814584068],[-82.844771247055121,40.073220089040319],[-82.844746125966026,40.073217606939323],[-82.84472093364765,40.073219212254763],[-82.844696330795884,40.073224862885489],[-82.844672962647209,40.073234410637582],[-82.844651442056673,40.073247605110886],[-82.844632333425125,40.073264100266023],[-82.844616137897148,40.073283463499649],[-82.844603280218053,40.073305186989948],[-82.84459409759441,40.073328701014823],[-82.844588830850498,40.073353388893452],[-82.844587618112385,40.073378603159433],[-82.844628556163201,40.073575439755636]]]},"properties":{"PARCELID":"545-259093","OWNERNME1":"MELTON JASON E","SITEADDRESS":"4490 FLOWER GARDEN DR","RESYRBLT":2002,"RESFLRAREA_AG":2486,"STATEDAREA":10020,"ACRES":0.23001808000000001,"SCHLDSCRP":"NEW ALBANY-PLAIN LSD","CVTTXDSCRP":"COLUMBUS-PLAIN LSD","CLASSCD":"510","CLASSDSCRP":"SINGLE FAMILY DWELLING, PLATTED LOT","SALEPRICE":269000,"SALEDATE":1376283600000}},{"type":"Feature","geometry":{"type":"Polygon","coordinates":[[[-82.844628556163201,40.073575439755636],[-82.844673112325111,40.073790000480408],[-82.844673316178159,40.073789974665594],[-82.845188912470135,40.073726979794728],[-82.845160782725387,40.073591449787465],[-82.845092170459054,40.073589386224974],[-82.844878102877203,40.073582945663418],[-82.844628556163201,40.073575439755636]]]},"properties":{"PARCELID":"545-259094","OWNERNME1":"VO CHRISTOPHER","SITEADDRESS":"4537 COMMONS PARK DR","RESYRBLT":2002,"RESFLRAREA_AG":2194,"STATEDAREA":9439,"ACRES":0.21668596000000001,"SCHLDSCRP":"NEW ALBANY-PLAIN LSD","CVTTXDSCRP":"COLUMBUS-PLAIN LSD","CLASSCD":"510","CLASSDSCRP":"SINGLE FAMILY DWELLING, PLATTED LOT","SALEPRICE":274900,"SALEDATE":1415941200000}},{"type":"Feature","geometry":{"type":"Polygon","coordinates":[[[-82.844673112325111,40.073790000480408],[-82.844709761575828,40.073966351765449],[-82.845225462049825,40.073903069142879],[-82.845194545650671,40.073754122878377],[-82.845188912470135,40.073726979794728],[-82.844673316178159,40.073789974665594],[-82.844673112325111,40.073790000480408]]]},"properties":{"PARCELID":"545-259095","OWNERNME1":"PATEL SAMIK N","SITEADDRESS":"4545 COMMONS PARK DR","RESYRBLT":2002,"RESFLRAREA_AG":2478,"STATEDAREA":9502,"ACRES":0.21812978999999999,"SCHLDSCRP":"NEW ALBANY-PLAIN LSD","CVTTXDSCRP":"COLUMBUS-PLAIN LSD","CLASSCD":"510","CLASSDSCRP":"SINGLE FAMILY DWELLING, PLATTED LOT","SALEPRICE":265035,"SALEDATE":1024894800000}},{"type":"Feature","geometry":{"type":"Polygon","coordinates":[[[-82.844709761575828,40.073966351765449],[-82.844746364178889,40.074142478913231],[-82.84505040108472,40.074105250853364],[-82.8452620466946,40.074079335785008],[-82.845228309906531,40.073916795946012],[-82.845225462049825,40.073903069142879],[-82.844709761575828,40.073966351765449]]]},"properties":{"PARCELID":"545-259096","OWNERNME1":"JUDGE DALJIT S","SITEADDRESS":"4553 COMMONS PARK DR","RESYRBLT":2002,"RESFLRAREA_AG":2396,"STATEDAREA":9500,"ACRES":0.21807951,"SCHLDSCRP":"NEW ALBANY-PLAIN LSD","CVTTXDSCRP":"COLUMBUS-PLAIN LSD","CLASSCD":"510","CLASSDSCRP":"SINGLE FAMILY DWELLING, PLATTED LOT","SALEPRICE":245000,"SALEDATE":1355893200000}},{"type":"Feature","geometry":{"type":"Polygon","coordinates":[[[-82.845097274582244,40.069012799996223],[-82.845118086459067,40.068601415248018],[-82.844992597046271,40.0685976669876],[-82.844948008397054,40.068597788935591],[-82.844903519154116,40.06860076715212],[-82.844903482791636,40.068601469734205],[-82.84488286363397,40.069006367686626],[-82.845097274582244,40.069012799996223]]]},"properties":{"PARCELID":"545-267011","OWNERNME1":"KELLEY LONNIE III","SITEADDRESS":"6492 HILLTOP TRAIL DR","RESYRBLT":2004,"RESFLRAREA_AG":null,"STATEDAREA":8986,"ACRES":0.20630142000000001,"SCHLDSCRP":"NEW ALBANY-PLAIN LSD","CVTTXDSCRP":"COLUMBUS-PLAIN LSD","CLASSCD":"510","CLASSDSCRP":"SINGLE FAMILY DWELLING, PLATTED LOT","SALEPRICE":295459,"SALEDATE":1088658000000}},{"type":"Feature","geometry":{"type":"Polygon","coordinates":[[[-82.844492818723936,40.068239443020957],[-82.844556235770668,40.068562625481377],[-82.844612457559606,40.068534894147476],[-82.844670585046089,40.068511418378108],[-82.84473029665088,40.068492328048492],[-82.844791262030924,40.068477728772216],[-82.844853143906889,40.068467701317012],[-82.844863757614178,40.068466457402245],[-82.844874004253143,40.068463423511027],[-82.844883584247782,40.068458688343753],[-82.844892217512395,40.068452390340241],[-82.844899651640404,40.068444713632161],[-82.844905669283804,40.068435882659728],[-82.844910094507668,40.068426155609814],[-82.844912797933844,40.068415816867478],[-82.844921094883119,40.068252193184314],[-82.844492818723936,40.068239443020957]]]},"properties":{"PARCELID":"545-267012","OWNERNME1":"BOGACZ ADRIENNE R","SITEADDRESS":"6487 ELLIS NOOK DR","RESYRBLT":2005,"RESFLRAREA_AG":2181,"STATEDAREA":10193,"ACRES":0.23398057999999999,"SCHLDSCRP":"NEW ALBANY-PLAIN LSD","CVTTXDSCRP":"COLUMBUS-PLAIN LSD","CLASSCD":"510","CLASSDSCRP":"SINGLE FAMILY DWELLING, PLATTED LOT","SALEPRICE":337670,"SALEDATE":1498798800000}},{"type":"Feature","geometry":{"type":"Polygon","coordinates":[[[-82.844921094883119,40.068252193184314],[-82.844930186035768,40.068073612535684],[-82.844931577584831,40.06805619336231],[-82.844503422745532,40.068029153811089],[-82.844492818723936,40.068239443020957],[-82.844921094883119,40.068252193184314]]]},"properties":{"PARCELID":"545-267013","OWNERNME1":"MARAZON JYL A","SITEADDRESS":"6481 ELLIS NOOK DR","RESYRBLT":2004,"RESFLRAREA_AG":2870,"STATEDAREA":8886,"ACRES":0.20399890000000001,"SCHLDSCRP":"NEW ALBANY-PLAIN LSD","CVTTXDSCRP":"COLUMBUS-PLAIN LSD","CLASSCD":"510","CLASSDSCRP":"SINGLE FAMILY DWELLING, PLATTED LOT","SALEPRICE":288450,"SALEDATE":1310446800000}},{"type":"Feature","geometry":{"type":"Polygon","coordinates":[[[-82.844728724328348,40.067792441572415],[-82.844512007804184,40.067858920616594],[-82.844503422745532,40.068029153811089],[-82.844931577584831,40.06805619336231],[-82.844939057452265,40.068014207730741],[-82.844951672683109,40.067973469571406],[-82.84496922956103,40.067934604449349],[-82.844991458486973,40.067898209167694],[-82.844729984623385,40.067792948521486],[-82.844728724328348,40.067792441572415]]]},"properties":{"PARCELID":"545-267014","OWNERNME1":"ADHIA SAMIR","SITEADDRESS":"6475 ELLIS NOOK DR","RESYRBLT":2004,"RESFLRAREA_AG":2464,"STATEDAREA":9647,"ACRES":0.22146457999999999,"SCHLDSCRP":"NEW ALBANY-PLAIN LSD","CVTTXDSCRP":"COLUMBUS-PLAIN LSD","CLASSCD":"510","CLASSDSCRP":"SINGLE FAMILY DWELLING, PLATTED LOT","SALEPRICE":576000,"SALEDATE":1715835600000}},{"type":"Feature","geometry":{"type":"Polygon","coordinates":[[[-82.846037860696399,40.067390846315561],[-82.844728724328348,40.067792441572415],[-82.844729984623385,40.067792948521486],[-82.844991458486973,40.067898209167694],[-82.845032731742222,40.067851223189827],[-82.845078830141034,40.067808960897608],[-82.845129216281563,40.067771914972639],[-82.845183302776775,40.067740517285593],[-82.845240459101916,40.067715133861647],[-82.845300018945082,40.067696060613414],[-82.845361287974811,40.067683519891318],[-82.845423551934488,40.067677657891466],[-82.845486084968826,40.067678542951363],[-82.846021802944634,40.067694532420298],[-82.846037806143926,40.067391894786176],[-82.846037860696399,40.067390846315561]]]},"properties":{"PARCELID":"545-267015","OWNERNME1":"NORTH VILLAGE ASSOCIATION INC","SITEADDRESS":"ELLIS NOOK DR","RESYRBLT":null,"RESFLRAREA_AG":null,"STATEDAREA":19319,"ACRES":0.44350796999999997,"SCHLDSCRP":"NEW ALBANY-PLAIN LSD","CVTTXDSCRP":"COLUMBUS-PLAIN LSD","CLASSCD":"501","CLASSDSCRP":"RESIDENTIAL, 0-9.999 AC","SALEPRICE":0,"SALEDATE":1144040400000}},{"type":"Feature","geometry":{"type":"Polygon","coordinates":[[[-82.844436699354702,40.068993144743573],[-82.84488286363397,40.069006367686626],[-82.844903482791636,40.068601469734205],[-82.844903519154116,40.06860076715212],[-82.844840184339432,40.068609883672096],[-82.844778083970368,40.068625309424959],[-82.844717844907848,40.068646888698233],[-82.844660075224155,40.068674403663856],[-82.844615772556111,40.068699280434352],[-82.84457500686753,40.068729607629095],[-82.84453844481186,40.068764889298443],[-82.84450668429929,40.068804548470752],[-82.844480244718952,40.068847936587758],[-82.844459558445152,40.068894344110667],[-82.844444963766691,40.068943012123441],[-82.844436699354702,40.068993144743573]]]},"properties":{"PARCELID":"545-267017","OWNERNME1":"6514 HILLTOP TRAIL LLC","SITEADDRESS":"6514 HILLTOP TRAIL DR","RESYRBLT":2005,"RESFLRAREA_AG":2152,"STATEDAREA":13936,"ACRES":0.31993619000000001,"SCHLDSCRP":"NEW ALBANY-PLAIN LSD","CVTTXDSCRP":"COLUMBUS-PLAIN LSD","CLASSCD":"510","CLASSDSCRP":"SINGLE FAMILY DWELLING, PLATTED LOT","SALEPRICE":0,"SALEDATE":1784610000000}},{"type":"Feature","geometry":{"type":"Polygon","coordinates":[[[-82.84488286363397,40.069006367686626],[-82.844436699354702,40.068993144743573],[-82.844443605561509,40.069047110162963],[-82.844456980154433,40.069099846132161],[-82.84447662724935,40.069150580280855],[-82.844502259095179,40.069198569557386],[-82.84453350028825,40.069243111111454],[-82.844569893270446,40.069283552588047],[-82.844610905030663,40.069319301681837],[-82.844655934911188,40.06934983481208],[-82.844704323404997,40.069374704790953],[-82.844755361814862,40.069393547373075],[-82.844808302632913,40.069406086590249],[-82.844862370488627,40.069412138793261],[-82.84488286363397,40.069006367686626]]]},"properties":{"PARCELID":"545-267018","OWNERNME1":"BEY MATTHEW D","SITEADDRESS":"6511 SUMMERS NOOK DR","RESYRBLT":2005,"RESFLRAREA_AG":2380,"STATEDAREA":13937,"ACRES":0.31988555000000002,"SCHLDSCRP":"NEW ALBANY-PLAIN LSD","CVTTXDSCRP":"COLUMBUS-PLAIN LSD","CLASSCD":"510","CLASSDSCRP":"SINGLE FAMILY DWELLING, PLATTED LOT","SALEPRICE":216500,"SALEDATE":1300338000000}},{"type":"Feature","geometry":{"type":"Polygon","coordinates":[[[-82.845097274582244,40.069012799996223],[-82.84488286363397,40.069006367686626],[-82.844862370488627,40.069412138793261],[-82.844906949041487,40.069417815367643],[-82.844951802231691,40.069420583435559],[-82.845076100835328,40.069424304618302],[-82.845097274582244,40.069012799996223]]]},"properties":{"PARCELID":"545-267019","OWNERNME1":"MOREIRA EUNICE","SITEADDRESS":"6489 SUMMERS NOOK DR","RESYRBLT":2005,"RESFLRAREA_AG":2868,"STATEDAREA":8984,"ACRES":0.20625289999999999,"SCHLDSCRP":"NEW ALBANY-PLAIN LSD","CVTTXDSCRP":"COLUMBUS-PLAIN LSD","CLASSCD":"510","CLASSDSCRP":"SINGLE FAMILY DWELLING, PLATTED LOT","SALEPRICE":0,"SALEDATE":1157000400000}},{"type":"Feature","geometry":{"type":"Polygon","coordinates":[[[-82.845016952432786,40.069889609561706],[-82.845302476449689,40.069898134683775],[-82.845319062372283,40.069568884501045],[-82.845105142070025,40.069562461958917],[-82.845094018050943,40.06956188434571],[-82.845082953761832,40.069563172345795],[-82.84507225988672,40.06956628979227],[-82.845062236708401,40.069571149147592],[-82.845053165676632,40.069577613961606],[-82.845045301504967,40.069585502703049],[-82.845038865018452,40.069594593856941],[-82.845034036952939,40.069604632144696],[-82.845030952879966,40.069615335692305],[-82.845016952432786,40.069889609561706]]]},"properties":{"PARCELID":"545-267043","OWNERNME1":"MANNE NAGESWARA R","SITEADDRESS":"6482 SUMMERS NOOK DR","RESYRBLT":2004,"RESFLRAREA_AG":2618,"STATEDAREA":9510,"ACRES":0.21833031,"SCHLDSCRP":"NEW ALBANY-PLAIN LSD","CVTTXDSCRP":"COLUMBUS-PLAIN LSD","CLASSCD":"510","CLASSDSCRP":"SINGLE FAMILY DWELLING, PLATTED LOT","SALEPRICE":314510,"SALEDATE":1109048400000}},{"type":"Feature","geometry":{"type":"Polygon","coordinates":[[[-82.845302476449689,40.069898134683775],[-82.845016952432786,40.069889609561706],[-82.845002954214905,40.070163882493233],[-82.845004928974348,40.070174702198216],[-82.845008747411711,40.070185016519659],[-82.845014294166106,40.070194513845941],[-82.845021401661484,40.070202907248124],[-82.845029855169386,40.070209943148548],[-82.845039399296283,40.070215408981745],[-82.845049745699313,40.070219139616448],[-82.845060581797597,40.070221022344398],[-82.845071580215858,40.070221000285464],[-82.845285889125734,40.070227370416667],[-82.845302476449689,40.069898134683775]]]},"properties":{"PARCELID":"545-267044","OWNERNME1":"RAJASEKERA DON J","SITEADDRESS":"6479 LAKE MATHIAS DR","RESYRBLT":2004,"RESFLRAREA_AG":2195,"STATEDAREA":9517,"ACRES":0.21848148000000001,"SCHLDSCRP":"NEW ALBANY-PLAIN LSD","CVTTXDSCRP":"COLUMBUS-PLAIN LSD","CLASSCD":"510","CLASSDSCRP":"SINGLE FAMILY DWELLING, PLATTED LOT","SALEPRICE":286061,"SALEDATE":1119589200000}},{"type":"Feature","geometry":{"type":"Polygon","coordinates":[[[-82.843726738260273,40.071978809597667],[-82.84376204376747,40.072149389619867],[-82.844497246758323,40.071865932029553],[-82.84440114241869,40.071718793088941],[-82.843726738260273,40.071978809597667]]]},"properties":{"PARCELID":"545-267070","OWNERNME1":"RAMAN VANSHRAJ","SITEADDRESS":"4438 COHAGEN CROSSING DR","RESYRBLT":2005,"RESFLRAREA_AG":2518,"STATEDAREA":13236,"ACRES":0.30385200000000001,"SCHLDSCRP":"NEW ALBANY-PLAIN LSD","CVTTXDSCRP":"COLUMBUS-PLAIN LSD","CLASSCD":"510","CLASSDSCRP":"SINGLE FAMILY DWELLING, PLATTED LOT","SALEPRICE":353000,"SALEDATE":1526360400000}},{"type":"Feature","geometry":{"type":"Polygon","coordinates":[[[-82.843691411196986,40.071808102631451],[-82.843726738260273,40.071978809597667],[-82.84440114241869,40.071718793088941],[-82.844305017430855,40.071571663129234],[-82.843691411196986,40.071808102631451]]]},"properties":{"PARCELID":"545-267071","OWNERNME1":"MILLER SCOTT K","SITEADDRESS":"4432 COHAGEN CROSSING DR","RESYRBLT":2005,"RESFLRAREA_AG":2961,"STATEDAREA":12098,"ACRES":0.27773241999999998,"SCHLDSCRP":"NEW ALBANY-PLAIN LSD","CVTTXDSCRP":"COLUMBUS-PLAIN LSD","CLASSCD":"510","CLASSDSCRP":"SINGLE FAMILY DWELLING, PLATTED LOT","SALEPRICE":335066,"SALEDATE":1121317200000}},{"type":"Feature","geometry":{"type":"Polygon","coordinates":[[[-82.843656108386128,40.071637523459486],[-82.843691411196986,40.071808102631451],[-82.844305017430855,40.071571663129234],[-82.844208751081567,40.071424311948114],[-82.843656108386128,40.071637523459486]]]},"properties":{"PARCELID":"545-267072","OWNERNME1":"BAUMHACKL ELIZABETH K","SITEADDRESS":"4426 COHAGEN CROSSING DR","RESYRBLT":2005,"RESFLRAREA_AG":3308,"STATEDAREA":10959,"ACRES":0.25158165999999998,"SCHLDSCRP":"NEW ALBANY-PLAIN LSD","CVTTXDSCRP":"COLUMBUS-PLAIN LSD","CLASSCD":"510","CLASSDSCRP":"SINGLE FAMILY DWELLING, PLATTED LOT","SALEPRICE":366000,"SALEDATE":1435726800000}},{"type":"Feature","geometry":{"type":"Polygon","coordinates":[[[-82.843620779325917,40.071466816456621],[-82.843656108386128,40.071637523459486],[-82.844208751081567,40.071424311948114],[-82.844112639768795,40.071277174571968],[-82.843620779325917,40.071466816456621]]]},"properties":{"PARCELID":"545-267073","OWNERNME1":"KING JOSHUA R","SITEADDRESS":"4420 COHAGEN CROSSING DR","RESYRBLT":2005,"RESFLRAREA_AG":2552,"STATEDAREA":9812,"ACRES":0.22524716,"SCHLDSCRP":"NEW ALBANY-PLAIN LSD","CVTTXDSCRP":"COLUMBUS-PLAIN LSD","CLASSCD":"510","CLASSDSCRP":"SINGLE FAMILY DWELLING, PLATTED LOT","SALEPRICE":337230,"SALEDATE":1130475600000}},{"type":"Feature","geometry":{"type":"Polygon","coordinates":[[[-82.843585476862415,40.071296237241128],[-82.843620779325917,40.071466816456621],[-82.844112639768795,40.071277174571968],[-82.844016518344773,40.071130043443965],[-82.843585476862415,40.071296237241128]]]},"properties":{"PARCELID":"545-267074","OWNERNME1":"GARRISON HOLLY A","SITEADDRESS":"4414 COHAGEN CROSSING DR","RESYRBLT":2005,"RESFLRAREA_AG":null,"STATEDAREA":8666,"ACRES":0.19893937,"SCHLDSCRP":"NEW ALBANY-PLAIN LSD","CVTTXDSCRP":"COLUMBUS-PLAIN LSD","CLASSCD":"510","CLASSDSCRP":"SINGLE FAMILY DWELLING, PLATTED LOT","SALEPRICE":320000,"SALEDATE":1456894800000}},{"type":"Feature","geometry":{"type":"Polygon","coordinates":[[[-82.843531711583012,40.071036438242771],[-82.843585476862415,40.071296237241128],[-82.844016518344773,40.071130043443965],[-82.844000389870402,40.071105356335892],[-82.843974197915387,40.071061031523968],[-82.843952408427796,40.071014384705329],[-82.843935225051538,40.070965851839766],[-82.843531711583012,40.071036438242771]]]},"properties":{"PARCELID":"545-267075","OWNERNME1":"MARKLEY JEFFERY G","SITEADDRESS":"4408 COHAGEN CROSSING DR","RESYRBLT":2005,"RESFLRAREA_AG":2398,"STATEDAREA":9743,"ACRES":0.22366954999999999,"SCHLDSCRP":"NEW ALBANY-PLAIN LSD","CVTTXDSCRP":"COLUMBUS-PLAIN LSD","CLASSCD":"510","CLASSDSCRP":"SINGLE FAMILY DWELLING, PLATTED LOT","SALEPRICE":276000,"SALEDATE":1365138000000}},{"type":"Feature","geometry":{"type":"Polygon","coordinates":[[[-82.843473865788425,40.070756927789567],[-82.843531711583012,40.071036438242771],[-82.843935225051538,40.070965851839766],[-82.843924097996748,40.070920882327407],[-82.843917367937749,40.070875048118609],[-82.843915097849276,40.070828778094956],[-82.843917308973104,40.070782505216059],[-82.843473865788425,40.070756927789567]]]},"properties":{"PARCELID":"545-267076","OWNERNME1":"BZ","SITEADDRESS":"4402 COHAGEN CROSSING DR","RESYRBLT":2005,"RESFLRAREA_AG":2549,"STATEDAREA":9967,"ACRES":0.22881383999999999,"SCHLDSCRP":"NEW ALBANY-PLAIN LSD","CVTTXDSCRP":"COLUMBUS-PLAIN LSD","CLASSCD":"510","CLASSDSCRP":"SINGLE FAMILY DWELLING, PLATTED LOT","SALEPRICE":505000,"SALEDATE":1702962000000}},{"type":"Feature","geometry":{"type":"Polygon","coordinates":[[[-82.843411323420739,40.070454717648332],[-82.843473865788425,40.070756927789567],[-82.843917308973104,40.070782505216059],[-82.843926607274881,40.070724411234757],[-82.843942686459428,40.070667817693561],[-82.84396532247483,40.070613513182828],[-82.843411323420739,40.070454717648332]]]},"properties":{"PARCELID":"545-267077","OWNERNME1":"MCEWAN MICHAEL","SITEADDRESS":"4396 COHAGEN CROSSING DR","RESYRBLT":2004,"RESFLRAREA_AG":2730,"STATEDAREA":11818,"ACRES":0.27131316,"SCHLDSCRP":"NEW ALBANY-PLAIN LSD","CVTTXDSCRP":"COLUMBUS-PLAIN LSD","CLASSCD":"510","CLASSDSCRP":"SINGLE FAMILY DWELLING, PLATTED LOT","SALEPRICE":353000,"SALEDATE":1546837200000}},{"type":"Feature","geometry":{"type":"Polygon","coordinates":[[[-82.84396532247483,40.070613513182828],[-82.843995616829048,40.070559119452071],[-82.844031464106124,40.070508213670763],[-82.844072466656343,40.070461360530857],[-82.843673788526942,40.070235030475295],[-82.843411323420739,40.070454717648332],[-82.84396532247483,40.070613513182828]]]},"properties":{"PARCELID":"545-267078","OWNERNME1":"BROWN EDMUND FITZGERALD","SITEADDRESS":"6535 LAKE MATHIAS DR","RESYRBLT":2005,"RESFLRAREA_AG":3731,"STATEDAREA":12565,"ACRES":0.28844167999999998,"SCHLDSCRP":"NEW ALBANY-PLAIN LSD","CVTTXDSCRP":"COLUMBUS-PLAIN LSD","CLASSCD":"510","CLASSDSCRP":"SINGLE FAMILY DWELLING, PLATTED LOT","SALEPRICE":340000,"SALEDATE":1347426000000}},{"type":"Feature","geometry":{"type":"Polygon","coordinates":[[[-82.843673788526942,40.070235030475295],[-82.844072466656343,40.070461360530857],[-82.844121253539655,40.070415511985999],[-82.844174002342811,40.070374283199762],[-82.84423027717709,40.070338014865435],[-82.843989759370103,40.069970030471673],[-82.843673788526942,40.070235030475295]]]},"properties":{"PARCELID":"545-267079","OWNERNME1":"ARMSTRONG BRANDON A","SITEADDRESS":"6527 LAKE MATHIAS DR","RESYRBLT":2005,"RESFLRAREA_AG":2794,"STATEDAREA":13411,"ACRES":0.30787906999999998,"SCHLDSCRP":"NEW ALBANY-PLAIN LSD","CVTTXDSCRP":"COLUMBUS-PLAIN LSD","CLASSCD":"510","CLASSDSCRP":"SINGLE FAMILY DWELLING, PLATTED LOT","SALEPRICE":305000,"SALEDATE":1483506000000}},{"type":"Feature","geometry":{"type":"Polygon","coordinates":[[[-82.844446054307539,40.070396148325457],[-82.844392433309849,40.070411800900523],[-82.844341212589086,40.070434086596919],[-82.844293208987807,40.070462650013447],[-82.844249188043548,40.070497035634958],[-82.844209851780434,40.070536695096671],[-82.84417582751361,40.070580995929234],[-82.844147657845127,40.070629231645022],[-82.844125792010857,40.070680633004834],[-82.844110578716226,40.070734380285387],[-82.844102260575312,40.070789616351782],[-82.844100970241669,40.070845460326737],[-82.844106728292886,40.070901021638328],[-82.844119442902439,40.070955414222411],[-82.844138911304071,40.071007770653125],[-82.844695478215485,40.070793170062998],[-82.844446166550483,40.070396325416482],[-82.844446054307539,40.070396148325457]]]},"properties":{"PARCELID":"545-267080","OWNERNME1":"KRYLOVA NATALIYA","SITEADDRESS":"4397 COHAGEN CROSSING DR","RESYRBLT":2004,"RESFLRAREA_AG":2464,"STATEDAREA":21713,"ACRES":0.49855019,"SCHLDSCRP":"NEW ALBANY-PLAIN LSD","CVTTXDSCRP":"COLUMBUS-PLAIN LSD","CLASSCD":"510","CLASSDSCRP":"SINGLE FAMILY DWELLING, PLATTED LOT","SALEPRICE":540000,"SALEDATE":1708664400000}},{"type":"Feature","geometry":{"type":"Polygon","coordinates":[[[-82.844233202446986,40.071155751819553],[-82.844788775254926,40.070941672464585],[-82.844695478215485,40.070793170062998],[-82.844138911304071,40.071007770653125],[-82.844160158631055,40.071043948930154],[-82.844233202446986,40.071155751819553]]]},"properties":{"PARCELID":"545-267081","OWNERNME1":"HUNT BRETT","SITEADDRESS":"4405 COHAGEN CROSSING DR","RESYRBLT":2004,"RESFLRAREA_AG":3380,"STATEDAREA":10469,"ACRES":0.24034348,"SCHLDSCRP":"NEW ALBANY-PLAIN LSD","CVTTXDSCRP":"COLUMBUS-PLAIN LSD","CLASSCD":"510","CLASSDSCRP":"SINGLE FAMILY DWELLING, PLATTED LOT","SALEPRICE":652521,"SALEDATE":1687928400000}},{"type":"Feature","geometry":{"type":"Polygon","coordinates":[[[-82.844233202446986,40.071155751819553],[-82.84432932670623,40.071302881861435],[-82.844881933263181,40.071089952742447],[-82.844839578246848,40.071022493544213],[-82.844788775254926,40.070941672464585],[-82.844233202446986,40.071155751819553]]]},"properties":{"PARCELID":"545-267082","OWNERNME1":"HOLDREN THOMAS E III","SITEADDRESS":"4413 COHAGEN CROSSING DR","RESYRBLT":2005,"RESFLRAREA_AG":2257,"STATEDAREA":10405,"ACRES":0.23885956,"SCHLDSCRP":"NEW ALBANY-PLAIN LSD","CVTTXDSCRP":"COLUMBUS-PLAIN LSD","CLASSCD":"510","CLASSDSCRP":"SINGLE FAMILY DWELLING, PLATTED LOT","SALEPRICE":325000,"SALEDATE":1539147600000}},{"type":"Feature","geometry":{"type":"Polygon","coordinates":[[[-82.84432932670623,40.071302881861435],[-82.844425590798579,40.071450232957517],[-82.844975228756411,40.071238454986045],[-82.844881933263181,40.071089952742447],[-82.84432932670623,40.071302881861435]]]},"properties":{"PARCELID":"545-267083","OWNERNME1":"GRIMSHAW RYAN","SITEADDRESS":"4421 COHAGEN CROSSING DR","RESYRBLT":2005,"RESFLRAREA_AG":2742,"STATEDAREA":10364,"ACRES":0.23792791999999999,"SCHLDSCRP":"NEW ALBANY-PLAIN LSD","CVTTXDSCRP":"COLUMBUS-PLAIN LSD","CLASSCD":"510","CLASSDSCRP":"SINGLE FAMILY DWELLING, PLATTED LOT","SALEPRICE":400000,"SALEDATE":1551416400000}},{"type":"Feature","geometry":{"type":"Polygon","coordinates":[[[-82.844425590798579,40.071450232957517],[-82.844521714710567,40.07159736463008],[-82.845068317856999,40.07138662633028],[-82.844975228756411,40.071238454986045],[-82.844425590798579,40.071450232957517]]]},"properties":{"PARCELID":"545-267084","OWNERNME1":"COOK DUSTIN R","SITEADDRESS":"4429 COHAGEN CROSSING DR","RESYRBLT":2005,"RESFLRAREA_AG":null,"STATEDAREA":10289,"ACRES":0.23620566000000001,"SCHLDSCRP":"NEW ALBANY-PLAIN LSD","CVTTXDSCRP":"COLUMBUS-PLAIN LSD","CLASSCD":"510","CLASSDSCRP":"SINGLE FAMILY DWELLING, PLATTED LOT","SALEPRICE":0,"SALEDATE":1497502800000}},{"type":"Feature","geometry":{"type":"Polygon","coordinates":[[[-82.844521714710567,40.07159736463008],[-82.844617844873682,40.071744492596203],[-82.84516162351278,40.071535125679759],[-82.845068317856999,40.07138662633028],[-82.844521714710567,40.07159736463008]]]},"properties":{"PARCELID":"545-267085","OWNERNME1":"RANJAN RAVI","SITEADDRESS":"4437 COHAGEN CROSSING DR","RESYRBLT":2005,"RESFLRAREA_AG":3694,"STATEDAREA":10245,"ACRES":0.23518891,"SCHLDSCRP":"NEW ALBANY-PLAIN LSD","CVTTXDSCRP":"COLUMBUS-PLAIN LSD","CLASSCD":"510","CLASSDSCRP":"SINGLE FAMILY DWELLING, PLATTED LOT","SALEPRICE":329900,"SALEDATE":1242018000000}},{"type":"Feature","geometry":{"type":"Polygon","coordinates":[[[-82.84516162351278,40.071535125679759],[-82.844617844873682,40.071744492596203],[-82.844697886831256,40.071867019810469],[-82.844714953097878,40.071891379847486],[-82.845254773750298,40.071683408357742],[-82.84516162351278,40.071535125679759]]]},"properties":{"PARCELID":"545-267086","OWNERNME1":"HEER ADAM J","SITEADDRESS":"4445 COHAGEN CROSSING DR","RESYRBLT":2005,"RESFLRAREA_AG":2406,"STATEDAREA":10184,"ACRES":0.23379552000000001,"SCHLDSCRP":"NEW ALBANY-PLAIN LSD","CVTTXDSCRP":"COLUMBUS-PLAIN LSD","CLASSCD":"510","CLASSDSCRP":"SINGLE FAMILY DWELLING, PLATTED LOT","SALEPRICE":207437,"SALEDATE":1418792400000}},{"type":"Feature","geometry":{"type":"Polygon","coordinates":[[[-82.844714953097878,40.071891379847486],[-82.844761033077077,40.071939160207414],[-82.844811327389223,40.071982482366231],[-82.844865406450992,40.072020976292471],[-82.84492280835201,40.072054313194521],[-82.844983042800266,40.072082208328887],[-82.845045595309855,40.072104423432357],[-82.845109931595402,40.072120768757067],[-82.845175502135618,40.072131104691223],[-82.845241746866932,40.07213534295159],[-82.845308099967284,40.072133447337528],[-82.845373994688956,40.072125434040217],[-82.845438868199452,40.072111371504349],[-82.845512769096175,40.072094052633652],[-82.845371324257385,40.071868919091692],[-82.845261319778572,40.071693785752679],[-82.845254773750298,40.071683408357742],[-82.844714953097878,40.071891379847486]]]},"properties":{"PARCELID":"545-267087","OWNERNME1":"LI JINYAN","SITEADDRESS":"4453 COHAGEN CROSSING DR","RESYRBLT":2004,"RESFLRAREA_AG":2377,"STATEDAREA":21162,"ACRES":0.48579528999999999,"SCHLDSCRP":"NEW ALBANY-PLAIN LSD","CVTTXDSCRP":"COLUMBUS-PLAIN LSD","CLASSCD":"510","CLASSDSCRP":"SINGLE FAMILY DWELLING, PLATTED LOT","SALEPRICE":365000,"SALEDATE":1583989200000}},{"type":"Feature","geometry":{"type":"Polygon","coordinates":[[[-82.844839578246848,40.071022493544213],[-82.844881933263181,40.071089952742447],[-82.844975228756411,40.071238454986045],[-82.845068317856999,40.07138662633028],[-82.84516162351278,40.071535125679759],[-82.845603948496446,40.071364298928358],[-82.845585677356766,40.071354318506621],[-82.845569395835241,40.071341343321834],[-82.845555589518398,40.071325760351044],[-82.845544670171293,40.071308034346927],[-82.845536963456837,40.071288693976825],[-82.845532699223128,40.07126831605558],[-82.845532004648362,40.071247508342367],[-82.845534900447802,40.071226891414639],[-82.845541300255988,40.071207080159795],[-82.845000573445944,40.070962738513089],[-82.844839578246848,40.071022493544213]]]},"properties":{"PARCELID":"545-267091","OWNERNME1":"LAMBRIGHT JAMES S","SITEADDRESS":"4434 POND LILY CT","RESYRBLT":2004,"RESFLRAREA_AG":3356,"STATEDAREA":22645,"ACRES":0.51986573000000003,"SCHLDSCRP":"NEW ALBANY-PLAIN LSD","CVTTXDSCRP":"COLUMBUS-PLAIN LSD","CLASSCD":"510","CLASSDSCRP":"SINGLE FAMILY DWELLING, PLATTED LOT","SALEPRICE":426911,"SALEDATE":1101963600000}},{"type":"Feature","geometry":{"type":"Polygon","coordinates":[[[-82.845000573445944,40.070962738513089],[-82.845541300255988,40.071207080159795],[-82.845556953138953,40.071181702352483],[-82.845576739509411,40.071159396626918],[-82.845600069069462,40.071140828442367],[-82.845626245815183,40.071126551753927],[-82.845654488800989,40.071116992486083],[-82.845683955437991,40.071112435825846],[-82.845713766631448,40.071113017714637],[-82.84574303300721,40.071118720792626],[-82.845450938691059,40.070795577582786],[-82.845000573445944,40.070962738513089]]]},"properties":{"PARCELID":"545-267092","OWNERNME1":"GRADY K JOSEPH","SITEADDRESS":"4428 POND LILY CT","RESYRBLT":2004,"RESFLRAREA_AG":3750,"STATEDAREA":14323,"ACRES":0.32880578999999999,"SCHLDSCRP":"NEW ALBANY-PLAIN LSD","CVTTXDSCRP":"COLUMBUS-PLAIN LSD","CLASSCD":"510","CLASSDSCRP":"SINGLE FAMILY DWELLING, PLATTED LOT","SALEPRICE":295000,"SALEDATE":1275454800000}},{"type":"Feature","geometry":{"type":"Polygon","coordinates":[[[-82.844221487046738,40.069865863044484],[-82.844467408228297,40.070241797931388],[-82.844537202015673,40.070226817379137],[-82.844607865166452,40.070216702596696],[-82.844679058876409,40.070211502080788],[-82.844750441797444,40.070211240766014],[-82.844761538225541,40.070211814551612],[-82.844772575535018,40.07021053480711],[-82.84478324627338,40.070207437180741],[-82.844793253199271,40.070202607959203],[-82.844802317562298,40.070196181664059],[-82.844810186867875,40.07018833730455],[-82.84481664191064,40.070179293391156],[-82.844821502880549,40.070169301848836],[-82.844824634371662,40.070158640999438],[-82.844838469024879,40.069884101089691],[-82.844364785171422,40.069870111127919],[-82.844221487046738,40.069865863044484]]]},"properties":{"PARCELID":"545-267093","OWNERNME1":"WILSON GARY R","SITEADDRESS":"6503 LAKE MATHIAS DR","RESYRBLT":2004,"RESFLRAREA_AG":3366,"STATEDAREA":17102,"ACRES":0.39260659999999997,"SCHLDSCRP":"NEW ALBANY-PLAIN LSD","CVTTXDSCRP":"COLUMBUS-PLAIN LSD","CLASSCD":"510","CLASSDSCRP":"SINGLE FAMILY DWELLING, PLATTED LOT","SALEPRICE":322920,"SALEDATE":1093237200000}},{"type":"Feature","geometry":{"type":"Polygon","coordinates":[[[-82.844364785171422,40.069870111127919],[-82.844838469024879,40.069884101089691],[-82.844852927840975,40.069597192153005],[-82.844851639839149,40.069587901928855],[-82.844848900291026,40.069578931862551],[-82.844844778006319,40.069570507256799],[-82.844839376525144,40.069562839713868],[-82.844832831517436,40.069556121820774],[-82.844825307375302,40.069550522311992],[-82.844816993083924,40.069546181831349],[-82.844808097474782,40.069543209399455],[-82.844798843980428,40.069541679675396],[-82.844741997085308,40.069528903014294],[-82.844686151174088,40.069512288359498],[-82.84463156504664,40.069491912706276],[-82.844364785171422,40.069870111127919]]]},"properties":{"PARCELID":"545-267094","OWNERNME1":"MALOO SUMITKUMAR N","SITEADDRESS":"6498 SUMMERS NOOK DR","RESYRBLT":2004,"RESFLRAREA_AG":null,"STATEDAREA":12999,"ACRES":0.29841674000000001,"SCHLDSCRP":"NEW ALBANY-PLAIN LSD","CVTTXDSCRP":"COLUMBUS-PLAIN LSD","CLASSCD":"510","CLASSDSCRP":"SINGLE FAMILY DWELLING, PLATTED LOT","SALEPRICE":210000,"SALEDATE":1256014800000}},{"type":"Feature","geometry":{"type":"Polygon","coordinates":[[[-82.844478300914446,40.06940636644876],[-82.844113475206001,40.069700104323694],[-82.844221487046738,40.069865863044484],[-82.844364785171422,40.069870111127919],[-82.84463156504664,40.069491912706276],[-82.844578267335962,40.069467482085301],[-82.844527072069255,40.069438906818498],[-82.844478300914446,40.06940636644876]]]},"properties":{"PARCELID":"545-267095","OWNERNME1":"HUDSON ZACHARY J","SITEADDRESS":"6504 SUMMERS NOOK DR","RESYRBLT":2004,"RESFLRAREA_AG":null,"STATEDAREA":12169,"ACRES":0.27935547999999999,"SCHLDSCRP":"NEW ALBANY-PLAIN LSD","CVTTXDSCRP":"COLUMBUS-PLAIN LSD","CLASSCD":"510","CLASSDSCRP":"SINGLE FAMILY DWELLING, PLATTED LOT","SALEPRICE":332610,"SALEDATE":1096434000000}},{"type":"Feature","geometry":{"type":"Polygon","coordinates":[[[-82.84435976395153,40.069292843489343],[-82.843966222963303,40.069475164235996],[-82.844113475206001,40.069700104323694],[-82.844478300914446,40.06940636644876],[-82.844435408809758,40.069372163011813],[-82.844395788100172,40.069334218221464],[-82.84435976395153,40.069292843489343]]]},"properties":{"PARCELID":"545-267096","OWNERNME1":"ROWE CHASE","SITEADDRESS":"6510 SUMMERS NOOK DR","RESYRBLT":2005,"RESFLRAREA_AG":3062,"STATEDAREA":9705,"ACRES":0.2228098,"SCHLDSCRP":"NEW ALBANY-PLAIN LSD","CVTTXDSCRP":"COLUMBUS-PLAIN LSD","CLASSCD":"510","CLASSDSCRP":"SINGLE FAMILY DWELLING, PLATTED LOT","SALEPRICE":603000,"SALEDATE":1725339600000}},{"type":"Feature","geometry":{"type":"Polygon","coordinates":[[[-82.843825452218596,40.069259540701623],[-82.843966222963303,40.069475164235996],[-82.84435976395153,40.069292843489343],[-82.844330005656658,40.069251066276465],[-82.844304731786934,40.069206433069787],[-82.844284213889324,40.069159423416444],[-82.843825452218596,40.069259540701623]]]},"properties":{"PARCELID":"545-267097","OWNERNME1":"COTTRILL BRYAN","SITEADDRESS":"6516 SUMMERS NOOK DR","RESYRBLT":2005,"RESFLRAREA_AG":null,"STATEDAREA":9078,"ACRES":0.20840369,"SCHLDSCRP":"NEW ALBANY-PLAIN LSD","CVTTXDSCRP":"COLUMBUS-PLAIN LSD","CLASSCD":"510","CLASSDSCRP":"SINGLE FAMILY DWELLING, PLATTED LOT","SALEPRICE":589995,"SALEDATE":1749013200000}},{"type":"Feature","geometry":{"type":"Polygon","coordinates":[[[-82.843775576576519,40.069000826277161],[-82.843825452218596,40.069259540701623],[-82.844284213889324,40.069159423416444],[-82.84426968547659,40.069112525188054],[-82.844260565047776,40.0690642827132],[-82.844256970095984,40.069015317471198],[-82.843775576576519,40.069000826277161]]]},"properties":{"PARCELID":"545-267098","OWNERNME1":"SHARMA ATUL","SITEADDRESS":"6522 SUMMERS NOOK DR","RESYRBLT":2006,"RESFLRAREA_AG":2866,"STATEDAREA":9759,"ACRES":0.22404077,"SCHLDSCRP":"NEW ALBANY-PLAIN LSD","CVTTXDSCRP":"COLUMBUS-PLAIN LSD","CLASSCD":"510","CLASSDSCRP":"SINGLE FAMILY DWELLING, PLATTED LOT","SALEPRICE":306368,"SALEDATE":1165554000000}},{"type":"Feature","geometry":{"type":"Polygon","coordinates":[[[-82.84385243031555,40.068647313109977],[-82.843762373509335,40.068931689993825],[-82.844261583300124,40.068946676626346],[-82.844272735658166,40.068894632036155],[-82.844289930096778,40.068844259764631],[-82.844312928071588,40.068796258643687],[-82.84385243031555,40.068647313109977]]]},"properties":{"PARCELID":"545-267099","OWNERNME1":"ABUNDANT ACRES LLC","SITEADDRESS":"6519 HILLTOP TRAIL DR","RESYRBLT":2004,"RESFLRAREA_AG":2860,"STATEDAREA":11151,"ACRES":0.25599383999999997,"SCHLDSCRP":"NEW ALBANY-PLAIN LSD","CVTTXDSCRP":"COLUMBUS-PLAIN LSD","CLASSCD":"510","CLASSDSCRP":"SINGLE FAMILY DWELLING, PLATTED LOT","SALEPRICE":0,"SALEDATE":1732510800000}},{"type":"Feature","geometry":{"type":"Polygon","coordinates":[[[-82.84385243031555,40.068647313109977],[-82.844312928071588,40.068796258643687],[-82.844342013993057,40.068749624928671],[-82.844375670732774,40.068706174749437],[-82.844413552583092,40.068666354407647],[-82.84399488309576,40.068409722546953],[-82.84385243031555,40.068647313109977]]]},"properties":{"PARCELID":"545-267100","OWNERNME1":"WATCHORN CHRISTINE E","SITEADDRESS":"6513 HILLTOP TRAIL DR","RESYRBLT":2004,"RESFLRAREA_AG":1891,"STATEDAREA":10678,"ACRES":0.24514594000000001,"SCHLDSCRP":"NEW ALBANY-PLAIN LSD","CVTTXDSCRP":"COLUMBUS-PLAIN LSD","CLASSCD":"510","CLASSDSCRP":"SINGLE FAMILY DWELLING, PLATTED LOT","SALEPRICE":264765,"SALEDATE":1104728400000}},{"type":"Feature","geometry":{"type":"Polygon","coordinates":[[[-82.84399488309576,40.068409722546953],[-82.844413552583092,40.068666354407647],[-82.844458019174326,40.068627649734353],[-82.844505702186808,40.068592984769467],[-82.844556235770668,40.068562625481377],[-82.844492818723936,40.068239443020957],[-82.844228235160472,40.068273708322501],[-82.84399488309576,40.068409722546953]]]},"properties":{"PARCELID":"545-267101","OWNERNME1":"WILLIS MARY F","SITEADDRESS":"6507 HILLTOP TRAIL DR","RESYRBLT":2004,"RESFLRAREA_AG":null,"STATEDAREA":14192,"ACRES":0.32581631999999999,"SCHLDSCRP":"NEW ALBANY-PLAIN LSD","CVTTXDSCRP":"COLUMBUS-PLAIN LSD","CLASSCD":"510","CLASSDSCRP":"SINGLE FAMILY DWELLING, PLATTED LOT","SALEPRICE":322315,"SALEDATE":1108011600000}},{"type":"Feature","geometry":{"type":"Polygon","coordinates":[[[-82.847497728828714,40.070677819743509],[-82.847510395797656,40.070431087495969],[-82.844743397741311,40.070348288172802],[-82.844682807349201,40.070348644112784],[-82.844622423156977,40.070353651271596],[-82.844562601687201,40.070363280085793],[-82.844503696139952,40.070377473704575],[-82.844446054307539,40.070396148325457],[-82.844446166550483,40.070396325416482],[-82.844695478215485,40.070793170062998],[-82.844788775254926,40.070941672464585],[-82.844839578246848,40.071022493544213],[-82.845000573445944,40.070962738513089],[-82.845450938691059,40.070795577582786],[-82.84574303300721,40.071118720792626],[-82.845770406400163,40.071124057518787],[-82.845796665628157,40.071133450933104],[-82.845821213175185,40.07114668729298],[-82.845843490473669,40.071163465411445],[-82.845862990614492,40.071183403510545],[-82.846022075165976,40.071388645083992],[-82.846085986478343,40.071475534863723],[-82.846144910163972,40.071565881357543],[-82.846198659718567,40.071659398602215],[-82.84624706501495,40.07175579059853],[-82.846289972841475,40.071854752248143],[-82.846297190518072,40.07186553290407],[-82.846306121770269,40.071874943012041],[-82.846316511118332,40.071882713394572],[-82.846328061373484,40.071888621778768],[-82.846340442139024,40.071892499154465],[-82.846353299261409,40.071894234608784],[-82.846366264960835,40.071893778498797],[-82.846378968351615,40.071891143871603],[-82.847062774275614,40.071731011360512],[-82.847157260126821,40.071712183261496],[-82.847252765750198,40.071699504566993],[-82.84734889135558,40.071693028350488],[-82.84744523455754,40.071692781721666],[-82.847445617947642,40.07169279319686],[-82.84745828957027,40.071445979983309],[-82.847468142524917,40.071254075282724],[-82.847478010447091,40.071061893135337],[-82.847487863297147,40.070869989305535],[-82.847497728828714,40.070677819743509]]]},"properties":{"PARCELID":"545-267102","OWNERNME1":"NORTH VILLAGE ASSOCIATION INC","SITEADDRESS":"LAKE MATHIAS DR","RESYRBLT":null,"RESFLRAREA_AG":null,"STATEDAREA":288004,"ACRES":6.6116835800000002,"SCHLDSCRP":"NEW ALBANY-PLAIN LSD","CVTTXDSCRP":"COLUMBUS-PLAIN LSD","CLASSCD":"501","CLASSDSCRP":"RESIDENTIAL, 0-9.999 AC","SALEPRICE":0,"SALEDATE":1144040400000}},{"type":"Feature","geometry":{"type":"Polygon","coordinates":[[[-82.843762373509335,40.068931689993825],[-82.84385243031555,40.068647313109977],[-82.84399488309576,40.068409722546953],[-82.844228235160472,40.068273708322501],[-82.844492818723936,40.068239443020957],[-82.844503422745532,40.068029153811089],[-82.844512007804184,40.067858920616594],[-82.842971926981505,40.068331458290736],[-82.843411323420739,40.070454717648332],[-82.843673788526942,40.070235030475295],[-82.843989759370103,40.069970030471673],[-82.84423027717709,40.070338014865435],[-82.844286855419341,40.070307721943401],[-82.844345433478338,40.070281504208474],[-82.844405718284264,40.070259492829685],[-82.844467408228297,40.070241797931388],[-82.844221487046738,40.069865863044484],[-82.844113475206001,40.069700104323694],[-82.843966222963303,40.069475164235996],[-82.843825452218596,40.069259540701623],[-82.843775576576519,40.069000826277161],[-82.844256970095984,40.069015317471198],[-82.844257881080509,40.06898090325231],[-82.844261583300124,40.068946676626346],[-82.843762373509335,40.068931689993825]]]},"properties":{"PARCELID":"545-267103","OWNERNME1":"NEW ALBANY PLAIN LOCAL JOINT PARKS DISTRICT","SITEADDRESS":"LAKE MATHIAS DR","RESYRBLT":null,"RESFLRAREA_AG":null,"STATEDAREA":197842,"ACRES":4.5418297900000004,"SCHLDSCRP":"NEW ALBANY-PLAIN LSD","CVTTXDSCRP":"COLUMBUS-PLAIN LSD","CLASSCD":"660","CLASSDSCRP":"EXEMPT PROPERTY OWNED PARK DIST.PUB","SALEPRICE":0,"SALEDATE":1104814800000}},{"type":"Feature","geometry":{"type":"Polygon","coordinates":[[[-82.843863674178493,40.078551740751934],[-82.843943600557353,40.079111647774027],[-82.843944434611046,40.079117419117523],[-82.843944838883601,40.079120215216307],[-82.843954480918342,40.079186939005588],[-82.843967669150572,40.079278184916909],[-82.844552105540032,40.079222037973793],[-82.844552079246583,40.079221937183014],[-82.844530129917317,40.079134193350569],[-82.844520283160435,40.079093870565785],[-82.844065652441358,40.077275780502021],[-82.844767664579607,40.077172431421396],[-82.844740886963052,40.077056911705178],[-82.844695362533102,40.076860530151023],[-82.844605200706354,40.076425989701789],[-82.844571395470922,40.076263278907177],[-82.844537630441081,40.076100605800782],[-82.844503872603568,40.075937932653922],[-82.844470170175015,40.075775525904923],[-82.844436425536017,40.075612849978803],[-82.844402621101651,40.075450140886041],[-82.844368858035722,40.07528746767693],[-82.844335099808447,40.075124792633034],[-82.844301359319658,40.074962116617186],[-82.84421758118755,40.074558559378588],[-82.844183837732871,40.074395883303957],[-82.844150035638435,40.074233170456786],[-82.844116271416993,40.074070498006627],[-82.844082516727795,40.073907824608533],[-82.844048773906366,40.073745148454549],[-82.844014984383051,40.073582478722138],[-82.84398121471925,40.073419762981217],[-82.843947508880788,40.073257356843222],[-82.843808354143874,40.072586878579592],[-82.842532535361926,40.072545795635769],[-82.842252853935065,40.076845094599399],[-82.843355312285269,40.076878716001332],[-82.843562551864778,40.078575047241394],[-82.843562895222462,40.078577857029138],[-82.84356388424797,40.078577762276637],[-82.843862406447442,40.078549062455743],[-82.843863279461104,40.078548978847351],[-82.843863674178493,40.078551740751934]]]},"properties":{"PARCELID":"545-175656","OWNERNME1":"CITY OF COLUMBUS OHIO","SITEADDRESS":"ALBANY LAKE WY","RESYRBLT":null,"RESFLRAREA_AG":null,"STATEDAREA":23.059999999999999,"ACRES":23.059203149999998,"SCHLDSCRP":"NEW ALBANY-PLAIN LSD","CVTTXDSCRP":"COLUMBUS-PLAIN LSD","CLASSCD":"640","CLASSDSCRP":"EXEMPT PROPERTY OWNED BY MUNICIPALS","SALEPRICE":0,"SALEDATE":1533099600000}},{"type":"Feature","geometry":{"type":"Polygon","coordinates":[[[-82.840294804962085,40.070092510850358],[-82.841670504133106,40.072069629666714],[-82.841810689539344,40.072384355660922],[-82.841877896723958,40.072535687498231],[-82.842532535361926,40.072545795635769],[-82.843808354143874,40.072586878579592],[-82.843852680056401,40.072588183580955],[-82.843816707412728,40.072413650994491],[-82.84376204376747,40.072149389619867],[-82.843726738260273,40.071978809597667],[-82.843691411196986,40.071808102631451],[-82.843656108386128,40.071637523459486],[-82.843620779325917,40.071466816456621],[-82.843585476862415,40.071296237241128],[-82.843531711583012,40.071036438242771],[-82.843473865788425,40.070756927789567],[-82.843411323420739,40.070454717648332],[-82.842971926981505,40.068331458290736],[-82.844512007804184,40.067858920616594],[-82.844593573504312,40.066737722934469],[-82.843886949646674,40.066705536168499],[-82.841889082482538,40.0666128869413],[-82.840960301601569,40.066571115724393],[-82.841280401009811,40.067002281286946],[-82.840530787893343,40.067141709509528],[-82.840199796635417,40.067403448647951],[-82.840238082568831,40.06792489977235],[-82.840035532983833,40.068150580705698],[-82.839428320996305,40.06811445449901],[-82.83995905257909,40.06814613589767],[-82.839890936197165,40.068172136270654],[-82.839820174012857,40.068179720324736],[-82.839750271861618,40.068193080483987],[-82.839681700418325,40.068212126789909],[-82.839614921397796,40.068236730997278],[-82.839550384445815,40.068266727437617],[-82.839488524111573,40.0683019141347],[-82.839429756921703,40.068342054164575],[-82.839385184013452,40.068375352518046],[-82.839344710202369,40.068413528362647],[-82.839308866233367,40.068456081087369],[-82.839278122138907,40.068502452685898],[-82.839252881075268,40.068552035073907],[-82.839233474035893,40.068604178063055],[-82.839220155510958,40.068658197887082],[-82.839213100150189,40.068713386168255],[-82.83921240047259,40.068769019206513],[-82.839218065653213,40.068824367469567],[-82.839230021402926,40.068878705159463],[-82.839248110942464,40.068931319730197],[-82.839272097058412,40.068981521231535],[-82.839301665213824,40.069028651356504],[-82.839433673102064,40.069208346975422],[-82.839652006932468,40.069505554826108],[-82.840294804962085,40.070092510850358]]]},"properties":{"PARCELID":"545-268341","OWNERNME1":"NEW ALBANY PLAIN LOCAL JOINT PARK DISTRICT","SITEADDRESS":"5600 THOMPSON RD","RESYRBLT":null,"RESFLRAREA_AG":null,"STATEDAREA":1929047,"ACRES":44.301878709999997,"SCHLDSCRP":"NEW ALBANY-PLAIN LSD","CVTTXDSCRP":"COLUMBUS-PLAIN LSD","CLASSCD":"660","CLASSDSCRP":"EXEMPT PROPERTY OWNED PARK DIST.PUB","SALEPRICE":0,"SALEDATE":1084942800000}},{"type":"Feature","geometry":{"type":"Polygon","coordinates":[[[-82.845252465645515,40.0722694626023],[-82.845188247638532,40.072267214925589],[-82.845124292892933,40.072260986363304],[-82.84506084794566,40.072250800925744],[-82.844940115862855,40.072620684749452],[-82.844973366956992,40.072621699411975],[-82.845187436095756,40.072628104665434],[-82.845249613906631,40.072629933099421],[-82.845252465645515,40.0722694626023]]]},"properties":{"PARCELID":"545-267065","OWNERNME1":"ANDERSON RONALD K","SITEADDRESS":"6452 SKIPPING STONE DR","RESYRBLT":2004,"RESFLRAREA_AG":2361,"STATEDAREA":9356,"ACRES":0.21484192999999999,"SCHLDSCRP":"NEW ALBANY-PLAIN LSD","CVTTXDSCRP":"COLUMBUS-PLAIN LSD","CLASSCD":"510","CLASSDSCRP":"SINGLE FAMILY DWELLING, PLATTED LOT","SALEPRICE":265000,"SALEDATE":1372050000000}},{"type":"Feature","geometry":{"type":"Polygon","coordinates":[[[-82.844880893492416,40.072197738404334],[-82.844596670498291,40.072610424667722],[-82.844758942642244,40.072615291208095],[-82.844940115862855,40.072620684749452],[-82.84506084794566,40.072250800925744],[-82.844999755139369,40.072237026816325],[-82.844939685789484,40.072219314383496],[-82.844880893492416,40.072197738404334]]]},"properties":{"PARCELID":"545-267066","OWNERNME1":"SINGH BALYAN AVNEESH","SITEADDRESS":"4462 COHAGEN CROSSING DR","RESYRBLT":2004,"RESFLRAREA_AG":2888,"STATEDAREA":11041,"ACRES":0.25334358000000001,"SCHLDSCRP":"NEW ALBANY-PLAIN LSD","CVTTXDSCRP":"COLUMBUS-PLAIN LSD","CLASSCD":"510","CLASSDSCRP":"SINGLE FAMILY DWELLING, PLATTED LOT","SALEPRICE":310000,"SALEDATE":1254286800000}},{"type":"Feature","geometry":{"type":"Polygon","coordinates":[[[-82.844722264196719,40.072113056650792],[-82.844161385257962,40.072597417301807],[-82.844544886495456,40.072608888738799],[-82.844596670498291,40.072610424667722],[-82.844880893492416,40.072197738404334],[-82.844826050470473,40.072173302705792],[-82.844773084588596,40.072145027703144],[-82.844722264196719,40.072113056650792]]]},"properties":{"PARCELID":"545-267067","OWNERNME1":"NOCERA ANTHONY M","SITEADDRESS":"4456 COHAGEN CROSSING DR","RESYRBLT":2004,"RESFLRAREA_AG":2712,"STATEDAREA":15622,"ACRES":0.35870871999999998,"SCHLDSCRP":"NEW ALBANY-PLAIN LSD","CVTTXDSCRP":"COLUMBUS-PLAIN LSD","CLASSCD":"510","CLASSDSCRP":"SINGLE FAMILY DWELLING, PLATTED LOT","SALEPRICE":0,"SALEDATE":1432011600000}},{"type":"Feature","geometry":{"type":"Polygon","coordinates":[[[-82.844594759880337,40.072002073929156],[-82.843816707412728,40.072413650994491],[-82.843852680056401,40.072588183580955],[-82.844161385257962,40.072597417301807],[-82.844722264196719,40.072113056650792],[-82.844676847436773,40.0720795032898],[-82.84463425530754,40.072042430110194],[-82.844594759880337,40.072002073929156]]]},"properties":{"PARCELID":"545-267068","OWNERNME1":"BEAL CHRISTOPHER","SITEADDRESS":"4450 COHAGEN CROSSING DR","RESYRBLT":2004,"RESFLRAREA_AG":3703,"STATEDAREA":23515,"ACRES":0.53979306000000005,"SCHLDSCRP":"NEW ALBANY-PLAIN LSD","CVTTXDSCRP":"COLUMBUS-PLAIN LSD","CLASSCD":"510","CLASSDSCRP":"SINGLE FAMILY DWELLING, PLATTED LOT","SALEPRICE":344900,"SALEDATE":1254805200000}},{"type":"Feature","geometry":{"type":"Polygon","coordinates":[[[-82.844497246758323,40.071865932029553],[-82.84376204376747,40.072149389619867],[-82.843816707412728,40.072413650994491],[-82.844594759880337,40.072002073929156],[-82.844565058670483,40.071966375946154],[-82.844538167496466,40.071928516038362],[-82.844497246758323,40.071865932029553]]]},"properties":{"PARCELID":"545-267069","OWNERNME1":"PETTREY AARON S","SITEADDRESS":"4444 COHAGEN CROSSING DR","RESYRBLT":2004,"RESFLRAREA_AG":3639,"STATEDAREA":18099,"ACRES":0.41555561000000002,"SCHLDSCRP":"NEW ALBANY-PLAIN LSD","CVTTXDSCRP":"COLUMBUS-PLAIN LSD","CLASSCD":"510","CLASSDSCRP":"SINGLE FAMILY DWELLING, PLATTED LOT","SALEPRICE":455101,"SALEDATE":1532667600000}},{"type":"Feature","geometry":{"type":"Polygon","coordinates":[[[-82.841036255123925,40.06552394947024],[-82.840996408639356,40.066104928116403],[-82.841256595949829,40.065794521475539],[-82.841233469323825,40.06552337701968],[-82.841180754152802,40.064902596041783],[-82.841091137979902,40.064721127353017],[-82.841036255123925,40.06552394947024]]]},"properties":{"PARCELID":"010-289432","OWNERNME1":"NEW ALBANY CO LLC","SITEADDRESS":"THOMPSON RD REAR","RESYRBLT":null,"RESFLRAREA_AG":null,"STATEDAREA":20222,"ACRES":0.46423089000000001,"SCHLDSCRP":"COLUMBUS CSD","CVTTXDSCRP":"CITY OF COLUMBUS","CLASSCD":"400","CLASSDSCRP":"COMMERCIAL VACANT LAND","SALEPRICE":0,"SALEDATE":1283403600000}},{"type":"Feature","geometry":{"type":"Polygon","coordinates":[[[-82.83165021401129,40.073595999118368],[-82.831098065073306,40.073572591855907],[-82.831048796255615,40.074256627383122],[-82.831242306422638,40.074279679908116],[-82.831281761971908,40.074253690667632],[-82.831630460203357,40.07387004749291],[-82.83165021401129,40.073595999118368]]]},"properties":{"PARCELID":"222-000926","OWNERNME1":"ZEIGER ELEANOR MERRITT","SITEADDRESS":"7130 GREENSWARD RD","RESYRBLT":null,"RESFLRAREA_AG":null,"STATEDAREA":31855,"ACRES":0.73129471999999995,"SCHLDSCRP":"NEW ALBANY-PLAIN LSD","CVTTXDSCRP":"PLAIN TWP-NEW ALBANY CORP","CLASSCD":"500","CLASSDSCRP":"RESIDENTIAL, VACANT LAND, LOT","SALEPRICE":1250000,"SALEDATE":1606798800000}},{"type":"Feature","geometry":{"type":"Polygon","coordinates":[[[-82.830525029773455,40.074194332122488],[-82.831048796255615,40.074256627383122],[-82.831098065073306,40.073572591855907],[-82.830563033176688,40.073549897576854],[-82.830524509217497,40.074085080044647],[-82.830516784931987,40.074193354732664],[-82.830525029773455,40.074194332122488]]]},"properties":{"PARCELID":"222-000927","OWNERNME1":"ZEIGER ELEANOR MERRITT","SITEADDRESS":"7130 GREENSWARD RD","RESYRBLT":1991,"RESFLRAREA_AG":6113,"STATEDAREA":36315,"ACRES":0.83367579999999997,"SCHLDSCRP":"NEW ALBANY-PLAIN LSD","CVTTXDSCRP":"PLAIN TWP-NEW ALBANY CORP","CLASSCD":"510","CLASSDSCRP":"SINGLE FAMILY DWELLING, PLATTED LOT","SALEPRICE":1250000,"SALEDATE":1606798800000}},{"type":"Feature","geometry":{"type":"Polygon","coordinates":[[[-82.830516784931987,40.074193354732664],[-82.830524509217497,40.074085080044647],[-82.830563033176688,40.073549897576854],[-82.830521950938675,40.073548154255796],[-82.83009898241572,40.073530218506832],[-82.83008785546879,40.073529531948232],[-82.830076767840993,40.073530691612071],[-82.830066023761788,40.07353366567876],[-82.830055918034162,40.073538372543922],[-82.830046727945586,40.07354468305757],[-82.830038705659646,40.073552424067756],[-82.830032071296969,40.073561383171651],[-82.830027006895506,40.073571314543578],[-82.830023651415573,40.073581945680154],[-82.829984291161878,40.074130236834876],[-82.830516784931987,40.074193354732664]]]},"properties":{"PARCELID":"222-000928","OWNERNME1":"KIM YU JIN TR","SITEADDRESS":"7150 GREENSWARD RD","RESYRBLT":1994,"RESFLRAREA_AG":7971,"STATEDAREA":34038,"ACRES":0.78139670000000006,"SCHLDSCRP":"NEW ALBANY-PLAIN LSD","CVTTXDSCRP":"PLAIN TWP-NEW ALBANY CORP","CLASSCD":"510","CLASSDSCRP":"SINGLE FAMILY DWELLING, PLATTED LOT","SALEPRICE":0,"SALEDATE":1612846800000}},{"type":"Feature","geometry":{"type":"MultiPolygon","coordinates":[[[[-82.836904913764997,40.071862163780125],[-82.836903369327928,40.071842980752166],[-82.836893976998795,40.071809784724188],[-82.836879699150742,40.071778378750622],[-82.836860860553472,40.071749477204413],[-82.836837889717316,40.07172373749178],[-82.836811309146171,40.071701745098601],[-82.836781723452418,40.071684000272725],[-82.836749805604171,40.071670906645117],[-82.836904913764997,40.071862163780125]]],[[[-82.836669449155238,40.072271707308211],[-82.836638460535767,40.07227690611731],[-82.836675950504969,40.072278929573187],[-82.836669449155238,40.072271707308211]]]]},"properties":{"PARCELID":"222-002955","OWNERNME1":"NEW ALBANY CO LLC","SITEADDRESS":"1 CLUB LN","RESYRBLT":null,"RESFLRAREA_AG":null,"STATEDAREA":643,"ACRES":0.014764559999999999,"SCHLDSCRP":"NEW ALBANY-PLAIN LSD","CVTTXDSCRP":"PLAIN TWP-NEW ALBANY CORP","CLASSCD":"501","CLASSDSCRP":"RESIDENTIAL, 0-9.999 AC","SALEPRICE":0,"SALEDATE":1385960400000}},{"type":"Feature","geometry":{"type":"Polygon","coordinates":[[[-82.836675950504969,40.072278929573187],[-82.836638460535767,40.07227690611731],[-82.83657876532051,40.072286014710443],[-82.836627278216682,40.072281378969393],[-82.836675950504969,40.072278929573187]]]},"properties":{"PARCELID":"222-002956","OWNERNME1":"NEW ALBANY CO LLC","SITEADDRESS":"1 CLUB LN","RESYRBLT":null,"RESFLRAREA_AG":null,"STATEDAREA":15.69,"ACRES":0.00036008999999999998,"SCHLDSCRP":"NEW ALBANY-PLAIN LSD","CVTTXDSCRP":"PLAIN TWP-NEW ALBANY CORP","CLASSCD":"463","CLASSDSCRP":"GOLF COURSES","SALEPRICE":0,"SALEDATE":1324616400000}},{"type":"Feature","geometry":{"type":"Polygon","coordinates":[[[-82.829870242898281,40.065089311349389],[-82.829851565265997,40.065420815301671],[-82.829853497462992,40.065431058805117],[-82.829857049521735,40.065440859092192],[-82.829862129246891,40.06544996179182],[-82.829868604791798,40.065458130639129],[-82.829876308080614,40.065465153607846],[-82.829885039170847,40.06547084841349],[-82.829894571442949,40.065475067244705],[-82.829904657482274,40.065477700599736],[-82.829915035500932,40.065478680128606],[-82.829925436132555,40.065477980407181],[-82.830262302985858,40.065469742897356],[-82.830244286885417,40.06504670221203],[-82.829944926008508,40.065036853703866],[-82.829933795672872,40.065036239436168],[-82.829922717912368,40.065037482383616],[-82.829912000469179,40.065040548016903],[-82.829901941075789,40.065045351172195],[-82.829892819183968,40.065051758416971],[-82.829884888201491,40.065059591756821],[-82.829878368452498,40.065068633580154],[-82.82987344105679,40.065078632703489],[-82.829870242898281,40.065089311349389]]]},"properties":{"PARCELID":"222-003220","OWNERNME1":"NEWMARK LISA","SITEADDRESS":"7385 SOUTHFIELD RD","RESYRBLT":2005,"RESFLRAREA_AG":3837,"STATEDAREA":17190,"ACRES":0.39462237999999999,"SCHLDSCRP":"NEW ALBANY-PLAIN LSD","CVTTXDSCRP":"PLAIN TWP-NEW ALBANY CORP","CLASSCD":"510","CLASSDSCRP":"SINGLE FAMILY DWELLING, PLATTED LOT","SALEPRICE":694000,"SALEDATE":1467262800000}},{"type":"Feature","geometry":{"type":"Polygon","coordinates":[[[-82.829887404775903,40.064784681313313],[-82.829878902166683,40.064935593415875],[-82.829880845743901,40.064946401828841],[-82.829884631446291,40.064956710453416],[-82.829890144910635,40.064966207873816],[-82.829897219579323,40.064974607180105],[-82.829905641731941,40.064981654635574],[-82.829915156941595,40.064987137341888],[-82.829925477760952,40.064990889670618],[-82.829936292405847,40.064992798266736],[-82.829947274173975,40.064992805472983],[-82.830245267779773,40.065002581265013],[-82.830308401978115,40.065004439217034],[-82.830325220272485,40.065005427729979],[-82.83034198487745,40.065003760335586],[-82.830358278986026,40.064999478489156],[-82.830373697488909,40.064992688647308],[-82.830387857046361,40.064983559621268],[-82.830400405618931,40.064972318379795],[-82.830411031220009,40.064959244406218],[-82.830419469672506,40.064944662749838],[-82.830425511176941,40.064928935944451],[-82.830429005527492,40.064912454994911],[-82.830426622401333,40.064802660195561],[-82.829887404775903,40.064784681313313]]]},"properties":{"PARCELID":"222-003221","OWNERNME1":"RATHBURN KENNETH K","SITEADDRESS":"4091 WESTBURY","RESYRBLT":2008,"RESFLRAREA_AG":3822,"STATEDAREA":11140,"ACRES":0.25574455000000001,"SCHLDSCRP":"NEW ALBANY-PLAIN LSD","CVTTXDSCRP":"PLAIN TWP-NEW ALBANY CORP","CLASSCD":"510","CLASSDSCRP":"SINGLE FAMILY DWELLING, PLATTED LOT","SALEPRICE":695000,"SALEDATE":1582866000000}},{"type":"Feature","geometry":{"type":"Polygon","coordinates":[[[-82.829887404775903,40.064784681313313],[-82.830426622401333,40.064802660195561],[-82.830422747203613,40.064623967494512],[-82.829897444433371,40.064606489903746],[-82.829887404775903,40.064784681313313]]]},"properties":{"PARCELID":"222-003222","OWNERNME1":"GRIFFITH RYAN","SITEADDRESS":"4081 WESTBURY","RESYRBLT":2004,"RESFLRAREA_AG":3563,"STATEDAREA":9690,"ACRES":0.22245305000000001,"SCHLDSCRP":"NEW ALBANY-PLAIN LSD","CVTTXDSCRP":"PLAIN TWP-NEW ALBANY CORP","CLASSCD":"510","CLASSDSCRP":"SINGLE FAMILY DWELLING, PLATTED LOT","SALEPRICE":658750,"SALEDATE":1563426000000}},{"type":"Feature","geometry":{"type":"Polygon","coordinates":[[[-82.831174902211686,40.064585885375017],[-82.831190669249921,40.064763999678263],[-82.831654044402072,40.064739630097471],[-82.831638256398676,40.064561791497347],[-82.831174902211686,40.064585885375017]]]},"properties":{"PARCELID":"222-003240","OWNERNME1":"ERLENBACH STEPHEN E","SITEADDRESS":"4085 HOLKHAM","RESYRBLT":2005,"RESFLRAREA_AG":3532,"STATEDAREA":8448,"ACRES":0.19393729000000001,"SCHLDSCRP":"NEW ALBANY-PLAIN LSD","CVTTXDSCRP":"PLAIN TWP-NEW ALBANY CORP","CLASSCD":"510","CLASSDSCRP":"SINGLE FAMILY DWELLING, PLATTED LOT","SALEPRICE":577000,"SALEDATE":1378357200000}},{"type":"Feature","geometry":{"type":"Polygon","coordinates":[[[-82.831190669249921,40.064763999678263],[-82.831204006753737,40.064914669313644],[-82.831207532148298,40.064925290476744],[-82.831212754098061,40.064935188393342],[-82.831219530777602,40.064944094241241],[-82.831227678135861,40.064951766142293],[-82.831236974894878,40.064957995731696],[-82.831247168559571,40.064962613817073],[-82.831257982275346,40.064965494973656],[-82.831269122347393,40.064966560950751],[-82.831280286217208,40.064965782796982],[-82.831554602380663,40.064951283919029],[-82.83157084938739,40.064951177913841],[-82.831586875076795,40.064948503265612],[-82.831602275923203,40.064943327321792],[-82.831616664134387,40.06493578041227],[-82.831629677416231,40.064926052567692],[-82.831640988095231,40.064914388734479],[-82.831650311369287,40.064901082607122],[-82.831657412479032,40.064886469232945],[-82.831662112619043,40.064870916575671],[-82.831664293440127,40.06485481625009],[-82.831654044402072,40.064739630097471],[-82.831190669249921,40.064763999678263]]]},"properties":{"PARCELID":"222-003241","OWNERNME1":"DILLON MARK A","SITEADDRESS":"4095 HOLKHAM","RESYRBLT":2005,"RESFLRAREA_AG":3769,"STATEDAREA":9436,"ACRES":0.21662079000000001,"SCHLDSCRP":"NEW ALBANY-PLAIN LSD","CVTTXDSCRP":"PLAIN TWP-NEW ALBANY CORP","CLASSCD":"510","CLASSDSCRP":"SINGLE FAMILY DWELLING, PLATTED LOT","SALEPRICE":715000,"SALEDATE":1553662800000}},{"type":"Feature","geometry":{"type":"Polygon","coordinates":[[[-82.831754497128955,40.064984598063667],[-82.831828975180727,40.065397379704592],[-82.832076802140151,40.065370901538849],[-82.832002914312554,40.064963207727949],[-82.83198161171903,40.0649654500846],[-82.831868167017305,40.064976359545753],[-82.831754497128955,40.064984598063667]]]},"properties":{"PARCELID":"222-003242","OWNERNME1":"JOSE JOEL G","SITEADDRESS":"7325 SOUTHFIELD RD","RESYRBLT":2005,"RESFLRAREA_AG":4162,"STATEDAREA":10534,"ACRES":0.24182819,"SCHLDSCRP":"NEW ALBANY-PLAIN LSD","CVTTXDSCRP":"PLAIN TWP-NEW ALBANY CORP","CLASSCD":"510","CLASSDSCRP":"SINGLE FAMILY DWELLING, PLATTED LOT","SALEPRICE":635000,"SALEDATE":1304485200000}},{"type":"Feature","geometry":{"type":"Polygon","coordinates":[[[-82.831553654594885,40.065423789915904],[-82.831786483671223,40.065401918065113],[-82.831828975180727,40.065397379704592],[-82.831754497128955,40.064984598063667],[-82.831704829676866,40.064987368941431],[-82.831495514989086,40.06499835168033],[-82.831553654594885,40.065423789915904]]]},"properties":{"PARCELID":"222-003243","OWNERNME1":"NAU JAMES ALAN","SITEADDRESS":"7335 SOUTHFIELD RD","RESYRBLT":2005,"RESFLRAREA_AG":3192,"STATEDAREA":11557,"ACRES":0.26531010999999999,"SCHLDSCRP":"NEW ALBANY-PLAIN LSD","CVTTXDSCRP":"PLAIN TWP-NEW ALBANY CORP","CLASSCD":"510","CLASSDSCRP":"SINGLE FAMILY DWELLING, PLATTED LOT","SALEPRICE":1235000,"SALEDATE":1756789200000}},{"type":"Feature","geometry":{"type":"Polygon","coordinates":[[[-82.831217602286415,40.065068059855868],[-82.831246010262248,40.065388594298447],[-82.83124953214984,40.065399231912828],[-82.831254759385772,40.065409143448349],[-82.831261548952369,40.065418057724401],[-82.831269715086378,40.065425730845483],[-82.831279034361572,40.065431952874249],[-82.831289251801621,40.065436553575346],[-82.831300087856363,40.065439407073143],[-82.831311246050234,40.065440435295649],[-82.83132242109393,40.065439610110595],[-82.831553654594885,40.065423789915904],[-82.831495514989086,40.06499835168033],[-82.831284066139389,40.065009418415229],[-82.831274213823846,40.06500951736593],[-82.831264500498762,40.065011169403675],[-82.831255169442528,40.065014333151808],[-82.83124645435926,40.065018929371597],[-82.831238573525511,40.065024842946862],[-82.831231724323402,40.065031925767151],[-82.831226078296922,40.065040000437286],[-82.831221776855557,40.065048864720389],[-82.831218927732493,40.065058296603056],[-82.831217602286415,40.065068059855868]]]},"properties":{"PARCELID":"222-003244","OWNERNME1":"GORMAN LINDA KRINN","SITEADDRESS":"7345 SOUTHFIELD RD","RESYRBLT":2005,"RESFLRAREA_AG":3799,"STATEDAREA":12709,"ACRES":0.29176965999999999,"SCHLDSCRP":"NEW ALBANY-PLAIN LSD","CVTTXDSCRP":"PLAIN TWP-NEW ALBANY CORP","CLASSCD":"510","CLASSDSCRP":"SINGLE FAMILY DWELLING, PLATTED LOT","SALEPRICE":825000,"SALEDATE":1628830800000}},{"type":"Feature","geometry":{"type":"Polygon","coordinates":[[[-82.831039204325805,40.065074906400824],[-82.831035300115644,40.065064728977504],[-82.831029835711718,40.065055296952686],[-82.831022948609544,40.065046847655303],[-82.831014812102637,40.065039593686883],[-82.831005630922078,40.065033717572028],[-82.830995636085021,40.065029367165742],[-82.830985079081941,40.065026651933103],[-82.830974225548488,40.065025640194882],[-82.830963348581676,40.065026357408478],[-82.830744714588434,40.065037743309858],[-82.830762083130594,40.065457575976801],[-82.830998423018144,40.065451882472153],[-82.831008524602254,40.065452093364684],[-82.83101852924004,40.065450681380312],[-82.831028177900734,40.065447683076826],[-82.831037220770213,40.065443176083505],[-82.831045423718891,40.06543727709122],[-82.831052574363682,40.065430138831196],[-82.831058487566736,40.065421946120615],[-82.831063010228917,40.065412911077509],[-82.831066025253648,40.065403267628803],[-82.831067454578729,40.065393265453693],[-82.831039661344832,40.065080039492145],[-82.831039443581787,40.065077391410973],[-82.831039204325805,40.065074906400824]]]},"properties":{"PARCELID":"222-003245","OWNERNME1":"BRITTON-ZERICK CHRISTINA A TTEE","SITEADDRESS":"7355 SOUTHFIELD RD","RESYRBLT":2006,"RESFLRAREA_AG":3399,"STATEDAREA":12818,"ACRES":0.29425613,"SCHLDSCRP":"NEW ALBANY-PLAIN LSD","CVTTXDSCRP":"PLAIN TWP-NEW ALBANY CORP","CLASSCD":"510","CLASSDSCRP":"SINGLE FAMILY DWELLING, PLATTED LOT","SALEPRICE":0,"SALEDATE":1677560400000}},{"type":"Feature","geometry":{"type":"Polygon","coordinates":[[[-82.830762083130594,40.065457575976801],[-82.830744714588434,40.065037743309858],[-82.830646202548422,40.065042827967709],[-82.83049502724937,40.065048293010207],[-82.830495032564315,40.065048424484367],[-82.830512014248001,40.065463643544398],[-82.830762083130594,40.065457575976801]]]},"properties":{"PARCELID":"222-003246","OWNERNME1":"BENACCI KEVIN","SITEADDRESS":"7365 SOUTHFIELD RD","RESYRBLT":2005,"RESFLRAREA_AG":3632,"STATEDAREA":10636,"ACRES":0.2441739,"SCHLDSCRP":"NEW ALBANY-PLAIN LSD","CVTTXDSCRP":"PLAIN TWP-NEW ALBANY CORP","CLASSCD":"510","CLASSDSCRP":"SINGLE FAMILY DWELLING, PLATTED LOT","SALEPRICE":730000,"SALEDATE":1607922000000}},{"type":"Feature","geometry":{"type":"Polygon","coordinates":[[[-82.830495032564315,40.065048424484367],[-82.83049502724937,40.065048293010207],[-82.830484293602836,40.065048497912962],[-82.830364279210713,40.065049074747826],[-82.830244286885417,40.06504670221203],[-82.830262302985858,40.065469742897356],[-82.830483438985112,40.065464334516669],[-82.830512014248001,40.065463643544398],[-82.830495032564315,40.065048424484367]]]},"properties":{"PARCELID":"222-003247","OWNERNME1":"MILLERICK SHAWN D TTEE","SITEADDRESS":"7375 SOUTHFIELD RD","RESYRBLT":2005,"RESFLRAREA_AG":3584,"STATEDAREA":10672,"ACRES":0.24499220999999999,"SCHLDSCRP":"NEW ALBANY-PLAIN LSD","CVTTXDSCRP":"PLAIN TWP-NEW ALBANY CORP","CLASSCD":"510","CLASSDSCRP":"SINGLE FAMILY DWELLING, PLATTED LOT","SALEPRICE":1395000,"SALEDATE":1782190800000}},{"type":"Feature","geometry":{"type":"Polygon","coordinates":[[[-82.830959499789159,40.064982494120329],[-82.830970119695564,40.064982249434365],[-82.830980548174182,40.064980227277758],[-82.83099048985784,40.064976484924294],[-82.830999663166963,40.064971128369145],[-82.831007808284724,40.064964309326697],[-82.831014694515929,40.064956220933581],[-82.83102012682096,40.064947092278395],[-82.83102395133993,40.064937181913216],[-82.831026059750485,40.064926770530583],[-82.831012440779361,40.06477328636177],[-82.830483824403828,40.064801125921932],[-82.83048617587113,40.064911637695175],[-82.830491084961793,40.064929824972033],[-82.830499038381703,40.064946901837146],[-82.830509800785435,40.064962362977994],[-82.830523053708362,40.06497575089211],[-82.830538404990236,40.064986669424783],[-82.830555400379339,40.064994795491458],[-82.830573536974086,40.064999888637985],[-82.830592278104049,40.065001798155748],[-82.830611069210335,40.065000467541203],[-82.830640896232197,40.064999057030441],[-82.830959499789159,40.064982494120329]]]},"properties":{"PARCELID":"222-003248","OWNERNME1":"WENSINGER JUDITHE H TTEE","SITEADDRESS":"4090 HOLKHAM","RESYRBLT":2006,"RESFLRAREA_AG":3844,"STATEDAREA":10914,"ACRES":0.25055033999999998,"SCHLDSCRP":"NEW ALBANY-PLAIN LSD","CVTTXDSCRP":"PLAIN TWP-NEW ALBANY CORP","CLASSCD":"510","CLASSDSCRP":"SINGLE FAMILY DWELLING, PLATTED LOT","SALEPRICE":0,"SALEDATE":1725512400000}},{"type":"Feature","geometry":{"type":"Polygon","coordinates":[[[-82.830480028764043,40.064622432998547],[-82.830483824403828,40.064801125921932],[-82.831012440779361,40.06477328636177],[-82.830996632012614,40.064595174855903],[-82.830480028764043,40.064622432998547]]]},"properties":{"PARCELID":"222-003249","OWNERNME1":"KLUG STEVEN S TR","SITEADDRESS":"4080 HOLKHAM","RESYRBLT":2005,"RESFLRAREA_AG":3860,"STATEDAREA":9534,"ACRES":0.21887767,"SCHLDSCRP":"NEW ALBANY-PLAIN LSD","CVTTXDSCRP":"PLAIN TWP-NEW ALBANY CORP","CLASSCD":"510","CLASSDSCRP":"SINGLE FAMILY DWELLING, PLATTED LOT","SALEPRICE":0,"SALEDATE":1659934800000}},{"type":"Feature","geometry":{"type":"Polygon","coordinates":[[[-82.832002914312554,40.064963207727949],[-82.832076802140151,40.065370901538849],[-82.832324628944917,40.065344430055049],[-82.832250517142128,40.064936770347593],[-82.832002914312554,40.064963207727949]]]},"properties":{"PARCELID":"222-003587","OWNERNME1":"BYRNE SEAN","SITEADDRESS":"7315 SOUTHFIELD RD","RESYRBLT":2008,"RESFLRAREA_AG":3776,"STATEDAREA":10497,"ACRES":0.24097440000000001,"SCHLDSCRP":"NEW ALBANY-PLAIN LSD","CVTTXDSCRP":"PLAIN TWP-NEW ALBANY CORP","CLASSCD":"510","CLASSDSCRP":"SINGLE FAMILY DWELLING, PLATTED LOT","SALEPRICE":1185000,"SALEDATE":1740546000000}},{"type":"Feature","geometry":{"type":"Polygon","coordinates":[[[-82.832250517142128,40.064936770347593],[-82.832324628944917,40.065344430055049],[-82.832572064361457,40.0653180212975],[-82.832498344721643,40.064910308393017],[-82.832250517142128,40.064936770347593]]]},"properties":{"PARCELID":"222-003588","OWNERNME1":"FOLZ CORY M","SITEADDRESS":"7305 SOUTHFIELD RD","RESYRBLT":2011,"RESFLRAREA_AG":3829,"STATEDAREA":10493,"ACRES":0.24089219000000001,"SCHLDSCRP":"NEW ALBANY-PLAIN LSD","CVTTXDSCRP":"PLAIN TWP-NEW ALBANY CORP","CLASSCD":"510","CLASSDSCRP":"SINGLE FAMILY DWELLING, PLATTED LOT","SALEPRICE":553344,"SALEDATE":1297141200000}},{"type":"Feature","geometry":{"type":"Polygon","coordinates":[[[-82.832498344721643,40.064910308393017],[-82.832572064361457,40.0653180212975],[-82.832784561214027,40.065295332310399],[-82.832794270666056,40.065294793673303],[-82.832803761787872,40.065292676553767],[-82.832812779718523,40.065289037801875],[-82.83282108230344,40.065283975127457],[-82.83282844659692,40.065277624476295],[-82.832834674848783,40.065270156379668],[-82.832839599814506,40.065261771375127],[-82.832843089246126,40.065252694621549],[-82.832845049443449,40.065243169853048],[-82.832845427770138,40.065233452834086],[-82.832791315174205,40.064934397235199],[-82.832786898202897,40.064924002256724],[-82.832780874945001,40.06491444790813],[-82.832773400594348,40.064905980364493],[-82.832764667733287,40.06489881779855],[-82.832754901370691,40.064893144759296],[-82.832744353144321,40.06488910741691],[-82.832733294837311,40.064886809796612],[-82.832722011375395,40.064886311098348],[-82.832710793485575,40.064887624171448],[-82.832498344721643,40.064910308393017]]]},"properties":{"PARCELID":"222-003589","OWNERNME1":"YANG TONY","SITEADDRESS":"7295 SOUTHFIELD RD","RESYRBLT":2010,"RESFLRAREA_AG":3961,"STATEDAREA":11828,"ACRES":0.27153959999999999,"SCHLDSCRP":"NEW ALBANY-PLAIN LSD","CVTTXDSCRP":"PLAIN TWP-NEW ALBANY CORP","CLASSCD":"510","CLASSDSCRP":"SINGLE FAMILY DWELLING, PLATTED LOT","SALEPRICE":682322,"SALEDATE":1294894800000}},{"type":"Feature","geometry":{"type":"Polygon","coordinates":[[[-82.833255681792608,40.064829336457294],[-82.833220717254662,40.064832925465062],[-82.833029316486702,40.064853506581692],[-82.83301899579908,40.064854224604829],[-82.83300894541027,40.064856678547542],[-82.832999455142584,40.064860797645665],[-82.832990798666174,40.064866463117063],[-82.832983225607208,40.06487351158696],[-82.832976954349419,40.064881739799148],[-82.832972165736621,40.064890910477288],[-82.832968997857662,40.064900759167202],[-82.832967542064452,40.064911001862953],[-82.833022404382461,40.065214446636439],[-82.833026842898761,40.065224839708037],[-82.833032882807203,40.065234391455007],[-82.833040369356326,40.065242857147325],[-82.833049110729547,40.065250019881312],[-82.833058882959861,40.065255696137029],[-82.833069435668108,40.065259740480329],[-82.833080498478168,40.065262049289103],[-82.833091787944298,40.065262563408211],[-82.833103014813545,40.065261269665164],[-82.833294489241112,40.06524090797484],[-82.833324134894468,40.065237844677931],[-82.833255713211273,40.064829532701268],[-82.833255681792608,40.064829336457294]]]},"properties":{"PARCELID":"222-003620","OWNERNME1":"FENWAY FAMILY LLC","SITEADDRESS":"7285 SOUTHFIELD DR","RESYRBLT":2010,"RESFLRAREA_AG":3725,"STATEDAREA":12314,"ACRES":0.28269870000000002,"SCHLDSCRP":"NEW ALBANY-PLAIN LSD","CVTTXDSCRP":"PLAIN TWP-NEW ALBANY CORP","CLASSCD":"510","CLASSDSCRP":"SINGLE FAMILY DWELLING, PLATTED LOT","SALEPRICE":0,"SALEDATE":1498626000000}},{"type":"Feature","geometry":{"type":"Polygon","coordinates":[[[-82.833255681792608,40.064829336457294],[-82.833255713211273,40.064829532701268],[-82.833324134894468,40.065237844677931],[-82.833443297406362,40.065227937575386],[-82.833562710714943,40.065221747530309],[-82.833537512459458,40.06481036172282],[-82.833396449548204,40.064817657124841],[-82.833255681792608,40.064829336457294]]]},"properties":{"PARCELID":"222-003621","OWNERNME1":"HALLIDAY MARIAN TR","SITEADDRESS":"7275 SOUTHFIELD RD","RESYRBLT":2009,"RESFLRAREA_AG":3769,"STATEDAREA":10972,"ACRES":0.25188898999999998,"SCHLDSCRP":"NEW ALBANY-PLAIN LSD","CVTTXDSCRP":"PLAIN TWP-NEW ALBANY CORP","CLASSCD":"510","CLASSDSCRP":"SINGLE FAMILY DWELLING, PLATTED LOT","SALEPRICE":0,"SALEDATE":1436504400000}},{"type":"Feature","geometry":{"type":"Polygon","coordinates":[[[-82.833537512459458,40.06481036172282],[-82.833562710714943,40.065221747530309],[-82.833682386592301,40.06521924977617],[-82.833802082184604,40.065220482489977],[-82.833820110706171,40.064808920816965],[-82.833678800364524,40.064807441079125],[-82.833537512459458,40.06481036172282]]]},"properties":{"PARCELID":"222-003622","OWNERNME1":"CHRYST BRADLEY","SITEADDRESS":"7265 SOUTHFIELD RD","RESYRBLT":2008,"RESFLRAREA_AG":3221,"STATEDAREA":10962,"ACRES":0.25165997000000001,"SCHLDSCRP":"NEW ALBANY-PLAIN LSD","CVTTXDSCRP":"PLAIN TWP-NEW ALBANY CORP","CLASSCD":"510","CLASSDSCRP":"SINGLE FAMILY DWELLING, PLATTED LOT","SALEPRICE":1100000,"SALEDATE":1738904400000}},{"type":"Feature","geometry":{"type":"Polygon","coordinates":[[[-82.833820110706171,40.064808920816965],[-82.833802082184604,40.065220482489977],[-82.83392153297315,40.065225413824422],[-82.834040772575634,40.065234058252933],[-82.834040804385367,40.065233848320347],[-82.834101716903305,40.064824922372061],[-82.833961038552658,40.064814726196232],[-82.833820110706171,40.064808920816965]]]},"properties":{"PARCELID":"222-003623","OWNERNME1":"PHILIPP MADELEINE","SITEADDRESS":"7255 SOUTHFIELD RD","RESYRBLT":2007,"RESFLRAREA_AG":2748,"STATEDAREA":10956,"ACRES":0.25152593000000001,"SCHLDSCRP":"NEW ALBANY-PLAIN LSD","CVTTXDSCRP":"PLAIN TWP-NEW ALBANY CORP","CLASSCD":"510","CLASSDSCRP":"SINGLE FAMILY DWELLING, PLATTED LOT","SALEPRICE":1000000,"SALEDATE":1702443600000}},{"type":"Feature","geometry":{"type":"Polygon","coordinates":[[[-82.834101716903305,40.064824922372061],[-82.834040804385367,40.065233848320347],[-82.834040772575634,40.065234058252933],[-82.83413999453559,40.065244120178562],[-82.834238918684278,40.065256779265901],[-82.834251180424943,40.06525833394381],[-82.834263529778625,40.065257823286203],[-82.834275621302751,40.06525526157747],[-82.834287116766916,40.065250720475056],[-82.834297694613994,40.065244327005054],[-82.83430705895492,40.06523626000893],[-82.834314947845485,40.065226745140919],[-82.834321140613497,40.065216048555868],[-82.834417384312545,40.064919353255135],[-82.834417625552277,40.064909480670856],[-82.834416189980132,40.064899710038858],[-82.83441311913694,40.064890324089831],[-82.834408501883047,40.064881594422971],[-82.834402471826934,40.064873773646774],[-82.834395203459039,40.064867088069377],[-82.834386907102569,40.064861731149897],[-82.83437782282742,40.064857857900357],[-82.834368213503311,40.064855580400156],[-82.834358357193196,40.064854964552836],[-82.834230253186846,40.064838097062768],[-82.834101716903305,40.064824922372061]]]},"properties":{"PARCELID":"222-003624","OWNERNME1":"COULTER LONIE C TR","SITEADDRESS":"7245 SOUTHFIELD RD","RESYRBLT":2008,"RESFLRAREA_AG":3801,"STATEDAREA":12527,"ACRES":0.28757127999999998,"SCHLDSCRP":"NEW ALBANY-PLAIN LSD","CVTTXDSCRP":"PLAIN TWP-NEW ALBANY CORP","CLASSCD":"510","CLASSDSCRP":"SINGLE FAMILY DWELLING, PLATTED LOT","SALEPRICE":0,"SALEDATE":1331701200000}},{"type":"Feature","geometry":{"type":"Polygon","coordinates":[[[-82.833821019969932,40.064765002670505],[-82.833839197616442,40.064765043421026],[-82.833857156256016,40.064762229925435],[-82.833874450511246,40.0647566319589],[-82.833890651481525,40.064748388351994],[-82.833905357379962,40.064737703547614],[-82.833918203497646,40.064724842530808],[-82.833928871248602,40.064710124257047],[-82.833937096070741,40.064693913742126],[-82.833975047344708,40.064562042086855],[-82.833974291658024,40.064556000697834],[-82.833972535314544,40.064550171057945],[-82.833969827880765,40.064544717687795],[-82.833966245764259,40.064539794489136],[-82.833961890057381,40.064535540401543],[-82.833956883684294,40.064532075481331],[-82.833951367931846,40.064529497513412],[-82.833945498462313,40.064527879251649],[-82.833939440920375,40.064527266365658],[-82.833933366258336,40.064527676151947],[-82.833927445911684,40.064529097045771],[-82.833921846960919,40.064531488947509],[-82.833916727416266,40.064534784354343],[-82.833912231758461,40.064538890265275],[-82.833852246339774,40.064589330648069],[-82.833788722777413,40.064635235328616],[-82.833722003288329,40.06467635700718],[-82.833652447306719,40.064712474151214],[-82.83364833494322,40.064714527431626],[-82.83364462869018,40.064717246104543],[-82.833641435147541,40.064720551975],[-82.833638846168569,40.064724349958929],[-82.833636936217971,40.064728530818016],[-82.833635760230067,40.064732974301613],[-82.833635352028878,40.064737552605429],[-82.83363572335513,40.064742134047435],[-82.833636863528696,40.064746586855343],[-82.833638739755671,40.064750782956672],[-82.833641298071669,40.064754601662379],[-82.833644464893936,40.064757933138132],[-82.833648149137758,40.064760681563421],[-82.833652244836202,40.064762767887522],[-82.833656634188046,40.064764132103193],[-82.833661190945946,40.064764734972606],[-82.833665784047568,40.064764559155932],[-82.833670281385281,40.064763609710035],[-82.833821019969932,40.064765002670505]]]},"properties":{"PARCELID":"222-003630","OWNERNME1":"NEW ALBANY COUNTRY CLUB COMMUNITY ASSOCIATION INC","SITEADDRESS":"N CHELSEA GREEN","RESYRBLT":null,"RESFLRAREA_AG":null,"STATEDAREA":4230,"ACRES":0.097098340000000005,"SCHLDSCRP":"NEW ALBANY-PLAIN LSD","CVTTXDSCRP":"PLAIN TWP-NEW ALBANY CORP","CLASSCD":"501","CLASSDSCRP":"RESIDENTIAL, 0-9.999 AC","SALEPRICE":0,"SALEDATE":1181797200000}},{"type":"Feature","geometry":{"type":"Polygon","coordinates":[[[-82.836754861785096,40.071309435762302],[-82.835971677703739,40.071027133526648],[-82.835960364281647,40.07102400876731],[-82.835948702361506,40.071022683150943],[-82.835936976246956,40.071023188994481],[-82.835925471806618,40.071025513966063],[-82.835914469504985,40.071029601385675],[-82.835904237565003,40.071035351606916],[-82.835857510154483,40.071062912377322],[-82.835808007394135,40.071085105251825],[-82.835756343506603,40.071101654864648],[-82.83570315952943,40.071112355870746],[-82.835649115361207,40.071117075493696],[-82.835594881573641,40.071115755173125],[-82.835541131091219,40.071108411291384],[-82.835488530841644,40.071095134970221],[-82.835437733480688,40.071076090940181],[-82.835007439222991,40.071769420254228],[-82.83519641644989,40.07170561104644],[-82.835470236149575,40.071656791387873],[-82.835646125121514,40.071675778388617],[-82.835806805171543,40.07165335809291],[-82.836085444291811,40.071714326269998],[-82.836164855068262,40.071658923416045],[-82.836199903222834,40.071591844041485],[-82.836234974897835,40.071455863558995],[-82.836292165238277,40.071386249537078],[-82.836388192587251,40.071368130990933],[-82.8366250411149,40.071432511917614],[-82.836697846343185,40.071414735212095],[-82.836754002376935,40.071353358187025],[-82.836754861785096,40.071309435762302]]]},"properties":{"PARCELID":"222-004489","OWNERNME1":"CARNE JOHN D","SITEADDRESS":"7 HIGHGROVE","RESYRBLT":2017,"RESFLRAREA_AG":6163,"STATEDAREA":69584,"ACRES":1.59742582,"SCHLDSCRP":"NEW ALBANY-PLAIN LSD","CVTTXDSCRP":"PLAIN TWP-NEW ALBANY CORP","CLASSCD":"510","CLASSDSCRP":"SINGLE FAMILY DWELLING, PLATTED LOT","SALEPRICE":0,"SALEDATE":1714971600000}},{"type":"Feature","geometry":{"type":"Polygon","coordinates":[[[-82.834879326356727,40.070622002489145],[-82.8345853309077,40.071094654980186],[-82.834154228852626,40.071259454381405],[-82.834278335651902,40.071451012965319],[-82.834379402951512,40.071662917747126],[-82.834650742503911,40.071766458413954],[-82.834874605302147,40.071731232956239],[-82.834993083546067,40.071774267716151],[-82.835007439222991,40.071769420254228],[-82.835437733480688,40.071076090940181],[-82.835399700152323,40.071059637600257],[-82.835364404391512,40.071037924568913],[-82.835332568838041,40.071011396395285],[-82.835304845287951,40.070980596212962],[-82.835281801348756,40.070946154619968],[-82.835263908818419,40.070908776767986],[-82.83525153402573,40.070869227925179],[-82.835244930330234,40.070828317808257],[-82.83524423293494,40.070786884004413],[-82.835243872686831,40.070777924356328],[-82.835242008313131,40.070769153428039],[-82.835238693098361,40.070760821896151],[-82.835234021792701,40.070753167879175],[-82.835228127903918,40.07074641013196],[-82.8352211798817,40.070740741793607],[-82.835213376303287,40.070736324867489],[-82.835204940198054,40.070733285591103],[-82.834916587467447,40.070627808811629],[-82.834904448543057,40.070624289643952],[-82.834891960502134,40.070622343658151],[-82.834879326356727,40.070622002489145]]]},"properties":{"PARCELID":"222-004490","OWNERNME1":"REDDY PALLAVY G","SITEADDRESS":"8 HIGHGROVE","RESYRBLT":2017,"RESFLRAREA_AG":6861,"STATEDAREA":84129,"ACRES":1.9313344699999999,"SCHLDSCRP":"NEW ALBANY-PLAIN LSD","CVTTXDSCRP":"PLAIN TWP-NEW ALBANY CORP","CLASSCD":"510","CLASSDSCRP":"SINGLE FAMILY DWELLING, PLATTED LOT","SALEPRICE":0,"SALEDATE":1702616400000}},{"type":"Feature","geometry":{"type":"Polygon","coordinates":[[[-82.834264261634601,40.070464525777915],[-82.833958420888024,40.070957221922491],[-82.834154228852626,40.071259454381405],[-82.8345853309077,40.071094654980186],[-82.834879326356727,40.070622002489145],[-82.834867222901806,40.070623129457005],[-82.834855347140788,40.070625723677026],[-82.83481376875946,40.070634019806924],[-82.834771409026388,40.070635819968039],[-82.834729276705005,40.070631081290969],[-82.834688375143088,40.070619916623542],[-82.834264261634601,40.070464525777915]]]},"properties":{"PARCELID":"222-004491","OWNERNME1":"BENDER MICHAEL JEROME TR","SITEADDRESS":"9 HIGHGROVE","RESYRBLT":2017,"RESFLRAREA_AG":5847,"STATEDAREA":41702,"ACRES":0.95735113999999999,"SCHLDSCRP":"NEW ALBANY-PLAIN LSD","CVTTXDSCRP":"PLAIN TWP-NEW ALBANY CORP","CLASSCD":"510","CLASSDSCRP":"SINGLE FAMILY DWELLING, PLATTED LOT","SALEPRICE":0,"SALEDATE":1518584400000}},{"type":"Feature","geometry":{"type":"Polygon","coordinates":[[[-82.833804408389071,40.070296013975558],[-82.833779912941424,40.070285822786147],[-82.833757532725286,40.070271574515303],[-82.833737933344338,40.070253692916836],[-82.83372169769828,40.070232709802347],[-82.833709308646888,40.070209249224725],[-82.833049844239866,40.069967468259982],[-82.832962935842886,40.070302645404958],[-82.833510122640206,40.070558579732122],[-82.833903595003619,40.070872595328197],[-82.833958420888024,40.070957221922491],[-82.834264261634601,40.070464525777915],[-82.833804408389071,40.070296013975558]]]},"properties":{"PARCELID":"222-004492","OWNERNME1":"BOHUTINSKY ANDREW F","SITEADDRESS":"10 HIGHGROVE","RESYRBLT":2013,"RESFLRAREA_AG":8488,"STATEDAREA":52472,"ACRES":1.20459391,"SCHLDSCRP":"NEW ALBANY-PLAIN LSD","CVTTXDSCRP":"PLAIN TWP-NEW ALBANY CORP","CLASSCD":"510","CLASSDSCRP":"SINGLE FAMILY DWELLING, PLATTED LOT","SALEPRICE":3086656,"SALEDATE":1583125200000}},{"type":"Feature","geometry":{"type":"Polygon","coordinates":[[[-82.834137214602052,40.069599596702048],[-82.833995756999983,40.069398135425054],[-82.833976399682811,40.069370566959037],[-82.833111675618127,40.069728781247832],[-82.833049844239866,40.069967468259982],[-82.833709308646888,40.070209249224725],[-82.833706995408875,40.070184716539522],[-82.833708698353064,40.070160133950274],[-82.83371437223559,40.070136154568075],[-82.833723866312511,40.070113415478026],[-82.833736928344891,40.07009252081307],[-82.833753211300149,40.070074025703413],[-82.83377228257217,40.070058421527804],[-82.83379363547472,40.070046122858521],[-82.833816702703118,40.070037456447054],[-82.833840871406395,40.070032652542935],[-82.83386549946961,40.070031838776465],[-82.83388993257347,40.07003503676782],[-82.833892221075814,40.069993934595729],[-82.834137214602052,40.069599596702048]]]},"properties":{"PARCELID":"222-004493","OWNERNME1":"MORGAN MIRANDA E TTEE","SITEADDRESS":"11 HIGHGROVE","RESYRBLT":2012,"RESFLRAREA_AG":6574,"STATEDAREA":51040,"ACRES":1.1717255900000001,"SCHLDSCRP":"NEW ALBANY-PLAIN LSD","CVTTXDSCRP":"PLAIN TWP-NEW ALBANY CORP","CLASSCD":"510","CLASSDSCRP":"SINGLE FAMILY DWELLING, PLATTED LOT","SALEPRICE":4500000,"SALEDATE":1732597200000}},{"type":"Feature","geometry":{"type":"Polygon","coordinates":[[[-82.834685257937124,40.069800543729876],[-82.834137214602052,40.069599596702048],[-82.833892221075814,40.069993934595729],[-82.83388993257347,40.07003503676782],[-82.833924564257799,40.070038959887547],[-82.83395816313201,40.070048225958992],[-82.83442534862742,40.070219401923872],[-82.834685257937124,40.069800543729876]]]},"properties":{"PARCELID":"222-004494","OWNERNME1":"GILMORE GEOFFREY G","SITEADDRESS":"12 CLUB BL","RESYRBLT":2014,"RESFLRAREA_AG":5658,"STATEDAREA":28748,"ACRES":0.65995477000000002,"SCHLDSCRP":"NEW ALBANY-PLAIN LSD","CVTTXDSCRP":"PLAIN TWP-NEW ALBANY CORP","CLASSCD":"510","CLASSDSCRP":"SINGLE FAMILY DWELLING, PLATTED LOT","SALEPRICE":0,"SALEDATE":1515646800000}},{"type":"Feature","geometry":{"type":"Polygon","coordinates":[[[-82.835258667655182,40.070010826300852],[-82.83511044471939,40.069956474895065],[-82.834685257937124,40.069800543729876],[-82.83442534862742,40.070219401923872],[-82.834842032213217,40.070372069213057],[-82.83486990300058,40.070383644452633],[-82.834895564066642,40.070399527671682],[-82.834918354940271,40.070419310063826],[-82.834937689024059,40.070442482464735],[-82.834953068692343,40.070468448457156],[-82.834956054733453,40.070474370737976],[-82.834959721965134,40.070479897153028],[-82.834964018639951,40.070484949720402],[-82.835258667655182,40.070010826300852]]]},"properties":{"PARCELID":"222-004495","OWNERNME1":"NOAH REAL ESTATE INVESTMENTS LLC","SITEADDRESS":"13 HIGHGROVE","RESYRBLT":null,"RESFLRAREA_AG":null,"STATEDAREA":30402,"ACRES":0.69792401999999998,"SCHLDSCRP":"NEW ALBANY-PLAIN LSD","CVTTXDSCRP":"PLAIN TWP-NEW ALBANY CORP","CLASSCD":"500","CLASSDSCRP":"RESIDENTIAL, VACANT LAND, LOT","SALEPRICE":780000,"SALEDATE":1695186000000}},{"type":"Feature","geometry":{"type":"Polygon","coordinates":[[[-82.834688527235741,40.070557651726283],[-82.834700712788205,40.070566627399693],[-82.834714266325008,40.070573361792192],[-82.83472877986668,40.070577652189634],[-82.83474381653636,40.070579369445348],[-82.834758923710311,40.070578461867655],[-82.834773646642546,40.070574956775857],[-82.834787542153265,40.070568959677871],[-82.834800191969123,40.070560651094304],[-82.834811215313877,40.070550281124554],[-82.834820280370209,40.070538161918485],[-82.834827114267895,40.070524658280284],[-82.834831511297537,40.070510176687399],[-82.834833339102687,40.070495153055006],[-82.834832542664017,40.070480039614374],[-82.834829145955368,40.070465291300152],[-82.834823251222176,40.070451352056168],[-82.834815035903759,40.070438641472187],[-82.834804747292083,40.070427542153645],[-82.834792695088026,40.070418388204786],[-82.834779242078952,40.070411455171623],[-82.833958141540052,40.070110462575883],[-82.833945956125774,40.070101487027131],[-82.833932402751373,40.070094752723961],[-82.833917889388132,40.070090462376186],[-82.833902852904004,40.070088745127919],[-82.833887745913444,40.070089652670205],[-82.833873023153245,40.070093157685022],[-82.833859127794454,40.070099154667645],[-82.833846478102416,40.070107463102381],[-82.83383545484655,40.070117832896351],[-82.833826389838833,40.070129951907525],[-82.833819555945809,40.070143455340521],[-82.833815158875055,40.070157936727384],[-82.833813330983176,40.070172960162672],[-82.833814127291689,40.07018807342471],[-82.833817523830859,40.070202821587927],[-82.833823418361163,40.070216760716633],[-82.833831633450856,40.070229471227954],[-82.833841921816827,40.070240570521726],[-82.833853973768129,40.070249724497167],[-82.833867426527959,40.070256657609718],[-82.834688527235741,40.070557651726283]]]},"properties":{"PARCELID":"222-004499","OWNERNME1":"CITY OF NEW ALBANY","SITEADDRESS":"CLUB DR","RESYRBLT":null,"RESFLRAREA_AG":null,"STATEDAREA":17752,"ACRES":0.40764561999999999,"SCHLDSCRP":"NEW ALBANY-PLAIN LSD","CVTTXDSCRP":"PLAIN TWP-NEW ALBANY CORP","CLASSCD":"640","CLASSDSCRP":"EXEMPT PROPERTY OWNED BY MUNICIPALS","SALEPRICE":0,"SALEDATE":1481259600000}},{"type":"Feature","geometry":{"type":"Polygon","coordinates":[[[-82.834037020612286,40.064549492467442],[-82.834005155827512,40.064660783207685],[-82.834004292161836,40.064676285645945],[-82.834005924987537,40.06469172602776],[-82.834010012064752,40.06470670492326],[-82.834016447664183,40.064720834840827],[-82.834025065302214,40.064733750251207],[-82.834035642047681,40.064745117043444],[-82.834047904288951,40.064754641168044],[-82.834061534812008,40.064762076243802],[-82.834076181006523,40.064767229931469],[-82.83409146398759,40.064769968909417],[-82.834106988397153,40.064770222322558],[-82.834245570956185,40.064784355631573],[-82.834383650384439,40.06480276616071],[-82.834396169189475,40.064804670549236],[-82.834408829668448,40.064804426730312],[-82.834421265867704,40.06480204175157],[-82.83443311831644,40.0647975845513],[-82.834444044417296,40.064791183965752],[-82.834453728349175,40.06478302500512],[-82.834461890196124,40.064773343505756],[-82.834468294038331,40.064762419313325],[-82.834508197569832,40.064639874056034],[-82.834037020612286,40.064549492467442]]]},"properties":{"PARCELID":"222-004504","OWNERNME1":"WU YUFENG","SITEADDRESS":"4086 SEDGWICK DR","RESYRBLT":2013,"RESFLRAREA_AG":4686,"STATEDAREA":9124,"ACRES":0.20946033999999999,"SCHLDSCRP":"NEW ALBANY-PLAIN LSD","CVTTXDSCRP":"PLAIN TWP-NEW ALBANY CORP","CLASSCD":"510","CLASSDSCRP":"SINGLE FAMILY DWELLING, PLATTED LOT","SALEPRICE":1380000,"SALEDATE":1750654800000}},{"type":"Feature","geometry":{"type":"Polygon","coordinates":[[[-82.836164855068262,40.071658923416045],[-82.836609243538561,40.07164678032408],[-82.836657034315735,40.071648526917699],[-82.836704167741573,40.071656616982096],[-82.836749805604171,40.071670906645117],[-82.836781723452418,40.071684000272725],[-82.836811309146171,40.071701745098601],[-82.836837889717316,40.07172373749178],[-82.836860860553472,40.071749477204413],[-82.836879699150742,40.071778378750622],[-82.836893976998795,40.071809784724188],[-82.836903369327928,40.071842980752166],[-82.836904913764997,40.071862163780125],[-82.836903275752235,40.07188992747222],[-82.836897162010047,40.071917059148191],[-82.836856707834613,40.072048114498209],[-82.836843440411869,40.072072764747844],[-82.836826467319327,40.072095026226741],[-82.836806209564685,40.072114346751853],[-82.836783169629797,40.072130247088758],[-82.836757919006871,40.07214233283883],[-82.836731084022929,40.072150304222063],[-82.836703330304204,40.072153963512925],[-82.836675346265537,40.072153219944823],[-82.836559202018094,40.072149435898737],[-82.836669449155238,40.072271707308211],[-82.836675950504969,40.072278929573187],[-82.836740272860183,40.072279032600903],[-82.83678030078211,40.072280565125752],[-82.836843261397064,40.072284097906177],[-82.836906233108138,40.07228076876541],[-82.836968470265433,40.07227061712392],[-82.837029235916944,40.072253763187582],[-82.837087810534797,40.072230406524362],[-82.837143500535205,40.072200823701188],[-82.837195646491253,40.072165365009148],[-82.837243630941131,40.072124450315656],[-82.837286885699555,40.072078564092806],[-82.837324898585635,40.072028249680713],[-82.8373572194877,40.071974102853808],[-82.83738346569298,40.071916764766279],[-82.837389509686588,40.071862344716585],[-82.837388681091426,40.071807596336718],[-82.8373809929912,40.071753384116853],[-82.83736656678289,40.071700564081056],[-82.837345630259804,40.071649970270471],[-82.837318514014726,40.071602401573621],[-82.837285646219712,40.071558609111726],[-82.83724754586521,40.071519284378361],[-82.837204814565013,40.071485048320589],[-82.837158127056725,40.071456441534039],[-82.837108220547364,40.071433915726793],[-82.837055883072821,40.071417826586789],[-82.836754861785096,40.071309435762302],[-82.836754002376935,40.071353358187025],[-82.836697846343185,40.071414735212095],[-82.8366250411149,40.071432511917614],[-82.836388192587251,40.071368130990933],[-82.836292165238277,40.071386249537078],[-82.836234974897835,40.071455863558995],[-82.836199903222834,40.071591844041485],[-82.836164855068262,40.071658923416045]]]},"properties":{"PARCELID":"222-004634","OWNERNME1":"HURST JASON M TR","SITEADDRESS":"1 HIGHGROVE","RESYRBLT":2014,"RESFLRAREA_AG":5948,"STATEDAREA":58783,"ACRES":1.34948394,"SCHLDSCRP":"NEW ALBANY-PLAIN LSD","CVTTXDSCRP":"PLAIN TWP-NEW ALBANY CORP","CLASSCD":"510","CLASSDSCRP":"SINGLE FAMILY DWELLING, PLATTED LOT","SALEPRICE":0,"SALEDATE":1492059600000}},{"type":"Feature","geometry":{"type":"Polygon","coordinates":[[[-82.83735424754849,40.070538551378633],[-82.837275790475388,40.070569520621483],[-82.837183965686492,40.070716645416667],[-82.836965786969074,40.070818014097014],[-82.836900388632927,40.07081573210656],[-82.836816918464208,40.070770402352636],[-82.836681287805689,40.070800438082969],[-82.836561078838315,40.070842232870291],[-82.836561223375327,40.070945721366542],[-82.836705408385185,40.071058678780318],[-82.836752544184279,40.071126620721728],[-82.837146629464002,40.071268784030543],[-82.837206557985112,40.071291845875578],[-82.837264323732853,40.071319888605963],[-82.837319513606744,40.071352711679573],[-82.837371732927124,40.07139008036858],[-82.837420608257716,40.071431727438103],[-82.837465790076109,40.071477355057219],[-82.837506955273327,40.071526636928908],[-82.8382949479372,40.071316802926901],[-82.838325676430031,40.070522856050317],[-82.838226798368382,40.070542356921152],[-82.837972644218638,40.070592498119581],[-82.837657729766505,40.070712539350325],[-82.837591155018387,40.070762142476937],[-82.837489296962758,40.070756670205732],[-82.837449685557104,40.070620080577569],[-82.837394370424306,40.070572826844668],[-82.83735424754849,40.070538551378633]]]},"properties":{"PARCELID":"222-004635","OWNERNME1":"KLINGERMAN KEVIN TTEE (THE K2 REAL ESTATE TRUST)","SITEADDRESS":"HIGHGROVE FARMS","RESYRBLT":2016,"RESFLRAREA_AG":6214,"STATEDAREA":112598,"ACRES":2.5848914600000001,"SCHLDSCRP":"NEW ALBANY-PLAIN LSD","CVTTXDSCRP":"PLAIN TWP-NEW ALBANY CORP","CLASSCD":"510","CLASSDSCRP":"SINGLE FAMILY DWELLING, PLATTED LOT","SALEPRICE":0,"SALEDATE":1731387600000}},{"type":"Feature","geometry":{"type":"Polygon","coordinates":[[[-82.8382949479372,40.071316802926901],[-82.837506955273327,40.071526636928908],[-82.837537662495848,40.071572461289662],[-82.837563234360886,40.071621337513662],[-82.83758337096377,40.071672692384695],[-82.837597836144113,40.071725923617173],[-82.837606460255529,40.071780406919714],[-82.837609142155159,40.07183550331677],[-82.837609134164467,40.07183602929485],[-82.83761088282381,40.071845437661786],[-82.837614085078684,40.071854455463161],[-82.83761866170839,40.071862859607286],[-82.83762449949154,40.071870442183751],[-82.83763145400701,40.071877015606951],[-82.837639353206796,40.071882417256738],[-82.837648001672363,40.071886513501525],[-82.837657185449004,40.071889203004169],[-82.837666677338973,40.071890419228978],[-82.838269190438879,40.071983107376198],[-82.8382949479372,40.071316802926901]]]},"properties":{"PARCELID":"222-004636","OWNERNME1":"4 HIGHGROVE LLC","SITEADDRESS":"4 HIGHGROVE FARMS","RESYRBLT":2016,"RESFLRAREA_AG":5418,"STATEDAREA":37019,"ACRES":0.84983695000000004,"SCHLDSCRP":"NEW ALBANY-PLAIN LSD","CVTTXDSCRP":"PLAIN TWP-NEW ALBANY CORP","CLASSCD":"510","CLASSDSCRP":"SINGLE FAMILY DWELLING, PLATTED LOT","SALEPRICE":0,"SALEDATE":1741669200000}},{"type":"Feature","geometry":{"type":"Polygon","coordinates":[[[-82.839440265077698,40.070555602747405],[-82.839052445010935,40.070379666997674],[-82.838325676430031,40.070522856050317],[-82.8382949479372,40.071316802926901],[-82.838269190438879,40.071983107376198],[-82.838326948411009,40.071991992244271],[-82.838374520139467,40.071996369684229],[-82.838422247943043,40.071994298912365],[-82.838469261770669,40.0719858176777],[-82.8385147045867,40.071971080588369],[-82.838557747994102,40.071950356293243],[-82.838600125320411,40.071929115583757],[-82.838645078491083,40.071914075039501],[-82.838691705703653,40.07190553638781],[-82.838739071572832,40.071903670921976],[-82.838786225895149,40.071908516064987],[-82.838832222711019,40.071919974618766],[-82.838876139281481,40.071937816714048],[-82.838917094599239,40.071961684421787],[-82.838954267062462,40.071991098933545],[-82.838986910956962,40.072025470166821],[-82.839446587341683,40.071847685547453],[-82.840104203035366,40.071592968438694],[-82.840079041903095,40.071559821406325],[-82.840016560037938,40.071350554903788],[-82.840029083505442,40.071135580373628],[-82.840004914195603,40.070869927562484],[-82.840000331509188,40.070809824298856],[-82.839440265077698,40.070555602747405]]]},"properties":{"PARCELID":"222-004637","OWNERNME1":"OSBORN JACOB","SITEADDRESS":"5 HIGHGROVE FARMS","RESYRBLT":2021,"RESFLRAREA_AG":7885,"STATEDAREA":236296,"ACRES":5.4246098099999998,"SCHLDSCRP":"NEW ALBANY-PLAIN LSD","CVTTXDSCRP":"PLAIN TWP-NEW ALBANY CORP","CLASSCD":"510","CLASSDSCRP":"SINGLE FAMILY DWELLING, PLATTED LOT","SALEPRICE":950000,"SALEDATE":1594357200000}},{"type":"Feature","geometry":{"type":"Polygon","coordinates":[[[-82.839450525606082,40.072652525055673],[-82.840075217337045,40.073111889007905],[-82.840075416167281,40.073112034331089],[-82.840137087132916,40.072977201506916],[-82.840209582278604,40.072896287325037],[-82.840196110630046,40.072844718786548],[-82.840203697702293,40.072643210127666],[-82.840213794978268,40.072516359091367],[-82.840206023024038,40.072389011301254],[-82.840201318732142,40.072303928266521],[-82.840245735029299,40.072180546080183],[-82.84030891058876,40.072093618409262],[-82.840361496964306,40.071960606625886],[-82.840278638495661,40.071822769796547],[-82.840104203035366,40.071592968438694],[-82.839446587341683,40.071847685547453],[-82.838986910956962,40.072025470166821],[-82.839001792529828,40.072053011474843],[-82.839011743939139,40.072082692349348],[-82.839016471875198,40.072113637970681],[-82.839015836985908,40.072144936241791],[-82.839009857984138,40.072175664671562],[-82.838998711096082,40.072204917564513],[-82.838982724867236,40.072231832715374],[-82.838962370478697,40.072255616821948],[-82.838938247859517,40.072275568867028],[-82.839096583563745,40.072392217323056],[-82.839450525606082,40.072652525055673]]]},"properties":{"PARCELID":"222-004638","OWNERNME1":"AKINS DONNA B TR","SITEADDRESS":"6 HIGHGROVE FARMS","RESYRBLT":2014,"RESFLRAREA_AG":9948,"STATEDAREA":121692,"ACRES":2.7936625400000001,"SCHLDSCRP":"NEW ALBANY-PLAIN LSD","CVTTXDSCRP":"PLAIN TWP-NEW ALBANY CORP","CLASSCD":"510","CLASSDSCRP":"SINGLE FAMILY DWELLING, PLATTED LOT","SALEPRICE":700000,"SALEDATE":1388466000000}},{"type":"Feature","geometry":{"type":"Polygon","coordinates":[[[-82.839459485098672,40.074483452395363],[-82.839909073396541,40.074571916629758],[-82.840331363802946,40.074340109473866],[-82.840344746519634,40.074081486529401],[-82.840169326157266,40.0738681550094],[-82.840265112470234,40.073508823529963],[-82.840018657008187,40.073236129370216],[-82.840075416167281,40.073112034331089],[-82.840075217337045,40.073111889007905],[-82.839450525606082,40.072652525055673],[-82.839096583563745,40.072392217323056],[-82.838938247859517,40.072275568867028],[-82.838903360602487,40.072298849919314],[-82.838865797705978,40.072317508882456],[-82.83882616822018,40.072331243217349],[-82.838785114703256,40.072339830233517],[-82.838743302802783,40.072343130699849],[-82.838743322436102,40.072343550326551],[-82.838745707953493,40.072393229092143],[-82.838769848460117,40.07287326997011],[-82.838568833739288,40.073490388076124],[-82.838609012803786,40.073523212955372],[-82.838786040735101,40.0736278388556],[-82.838905861990995,40.073725767719814],[-82.838973769420662,40.073802158658509],[-82.83921817043155,40.074020509216432],[-82.839301091176608,40.074170973014233],[-82.839349695691865,40.074465102534255],[-82.839366847627034,40.074465053013427],[-82.839459485098672,40.074483452395363]]]},"properties":{"PARCELID":"222-004639","OWNERNME1":"WELCH RANDALL","SITEADDRESS":"7 HIGHGROVE FARMS","RESYRBLT":2022,"RESFLRAREA_AG":9692,"STATEDAREA":240508,"ACRES":5.5212987099999999,"SCHLDSCRP":"NEW ALBANY-PLAIN LSD","CVTTXDSCRP":"PLAIN TWP-NEW ALBANY CORP","CLASSCD":"510","CLASSDSCRP":"SINGLE FAMILY DWELLING, PLATTED LOT","SALEPRICE":1100000,"SALEDATE":1560747600000}},{"type":"Feature","geometry":{"type":"Polygon","coordinates":[[[-82.838234226174023,40.072117513876989],[-82.838234121702399,40.072117725820497],[-82.838096481254141,40.072395098410794],[-82.837828267699976,40.072935272478475],[-82.838568833739288,40.073490388076124],[-82.838769848460117,40.07287326997011],[-82.838745707953493,40.072393229092143],[-82.838743322436102,40.072343550326551],[-82.838743302802783,40.072343130699849],[-82.838701597356533,40.072343087437694],[-82.838660270254437,40.07233748237288],[-82.838620059885358,40.072326415650764],[-82.838581684685579,40.072310084999806],[-82.838545830302479,40.072288782198775],[-82.838513137344179,40.072262887863545],[-82.838484189933823,40.072232864646651],[-82.838453244125915,40.072200160762215],[-82.838417658140287,40.072172577711051],[-82.838378270271377,40.072150765263508],[-82.8383360083741,40.072135237252581],[-82.838291868006479,40.072126359469607],[-82.838234226174023,40.072117513876989]]]},"properties":{"PARCELID":"222-004640","OWNERNME1":"8 HIGHGROVE FARMS LLC","SITEADDRESS":"8 HIGHGROVE FARMS","RESYRBLT":2016,"RESFLRAREA_AG":7482,"STATEDAREA":80180,"ACRES":1.8406859799999999,"SCHLDSCRP":"NEW ALBANY-PLAIN LSD","CVTTXDSCRP":"PLAIN TWP-NEW ALBANY CORP","CLASSCD":"510","CLASSDSCRP":"SINGLE FAMILY DWELLING, PLATTED LOT","SALEPRICE":0,"SALEDATE":1560920400000}},{"type":"Feature","geometry":{"type":"Polygon","coordinates":[[[-82.837551258598324,40.072058063922441],[-82.837512910583811,40.072117685151419],[-82.8374689946572,40.072173332725946],[-82.837419919731616,40.07222448849631],[-82.837366142757091,40.072270676137208],[-82.837308164465639,40.072311465582935],[-82.837246524708945,40.072346477031864],[-82.837181797431541,40.072375384482854],[-82.837114585326759,40.072397918770768],[-82.837114388692413,40.072397982377261],[-82.837064584215241,40.072412446681703],[-82.837198671933862,40.072492931257777],[-82.83734994728259,40.072593514747496],[-82.837648237852619,40.072800185279419],[-82.837698152087796,40.072851100035962],[-82.837703109914344,40.072841751892554],[-82.837828267699976,40.072935272478475],[-82.838096481254141,40.072395098410794],[-82.838234121702399,40.072117725820497],[-82.838234226174023,40.072117513876989],[-82.837631601575026,40.072025028509209],[-82.837618543050482,40.072023498198924],[-82.837605413117444,40.072024185055227],[-82.837592585539994,40.072027069525681],[-82.837580425475167,40.072032069499329],[-82.837569279078224,40.072039042644107],[-82.837559463648759,40.072047790458548],[-82.837551258598324,40.072058063922441]]]},"properties":{"PARCELID":"222-004641","OWNERNME1":"HUNTER ERIC W TR","SITEADDRESS":"9 HIGHGROVE FARMS","RESYRBLT":2014,"RESFLRAREA_AG":7818,"STATEDAREA":54615,"ACRES":1.25377589,"SCHLDSCRP":"NEW ALBANY-PLAIN LSD","CVTTXDSCRP":"PLAIN TWP-NEW ALBANY CORP","CLASSCD":"510","CLASSDSCRP":"SINGLE FAMILY DWELLING, PLATTED LOT","SALEPRICE":2000000,"SALEDATE":1526619600000}},{"type":"Feature","geometry":{"type":"Polygon","coordinates":[[[-82.838593303270898,40.072208102461559],[-82.838607100699491,40.072232058849103],[-82.838624729171286,40.072253354729519],[-82.838645686891113,40.072271383914725],[-82.838669377296682,40.072285633203272],[-82.838695126039653,40.072295696988597],[-82.838722200181067,40.072301288804653],[-82.838749829054422,40.072302249480181],[-82.838777226202737,40.072298551669512],[-82.838803611765144,40.072290300630975],[-82.838828234675546,40.072277731230706],[-82.838850394041842,40.072261201257163],[-82.838869459096813,40.072241181236706],[-82.838884887152901,40.072218241039998],[-82.838896239049916,40.072193033660639],[-82.838903191655632,40.072166276627662],[-82.838905547063874,40.072138731581063],[-82.838903238227857,40.072111182591676],[-82.838896330868664,40.072084413842568],[-82.838885021604582,40.072059187307218],[-82.838869632354218,40.072036221059953],[-82.83885060117322,40.072016168835894],[-82.838828469784872,40.071999601422398],[-82.838803868160042,40.071986990411524],[-82.83877749658491,40.071978694776199],[-82.838750105727428,40.071974950652006],[-82.838722475269407,40.071975864615588],[-82.838695391712918,40.071981410650935],[-82.838669625992466,40.071991430889931],[-82.838645911530293,40.072005640106092],[-82.838482293565349,40.07207629579981],[-82.838480635939135,40.072076881886233],[-82.838479096197375,40.072077730660205],[-82.838477715633402,40.072078819359014],[-82.838476531271695,40.072080118785543],[-82.838475574874877,40.072081594091301],[-82.838474872091936,40.072083205711017],[-82.838474441770373,40.072084910423698],[-82.838474295450695,40.072086662511737],[-82.838474437056959,40.072088414987022],[-82.838474862791514,40.072090120851044],[-82.838475561236862,40.072091734355325],[-82.838476513661831,40.072093212228332],[-82.838477694523974,40.072094514835932],[-82.838593303270898,40.072208102461559]]]},"properties":{"PARCELID":"222-004642","OWNERNME1":"CITY OF NEW ALBANY","SITEADDRESS":"HIGHGROVE FARMS","RESYRBLT":null,"RESFLRAREA_AG":null,"STATEDAREA":8421,"ACRES":0.19298130999999999,"SCHLDSCRP":"NEW ALBANY-PLAIN LSD","CVTTXDSCRP":"PLAIN TWP-NEW ALBANY CORP","CLASSCD":"640","CLASSDSCRP":"EXEMPT PROPERTY OWNED BY MUNICIPALS","SALEPRICE":0,"SALEDATE":1481259600000}},{"type":"Feature","geometry":{"type":"Polygon","coordinates":[[[-82.831890171940429,40.07437357876659],[-82.832843287644948,40.074167051934431],[-82.832843287644948,40.074167051934431],[-82.832805711935322,40.074095938544531],[-82.832762444220975,40.07402813771067],[-82.832713774591724,40.073964104005753],[-82.83266002935467,40.073904266745856],[-82.832601568846528,40.073849027111848],[-82.83253878501769,40.073798755459663],[-82.832472098804388,40.07375378883723],[-82.83240195730653,40.073714428724749],[-82.832328830790061,40.073680939013379],[-82.83225320953413,40.073653544235995],[-82.832175600543906,40.073632428061764],[-82.832096524151424,40.073617732064776],[-82.832016510526913,40.073609554774826],[-82.831936096124366,40.073607951016818],[-82.831925694972114,40.073607107170773],[-82.831915291667443,40.073607924052851],[-82.831905149696055,40.07361038097379],[-82.831895525924793,40.073614415706871],[-82.831886664096018,40.073619926063941],[-82.831878788654265,40.073626772483564],[-82.831872099061783,40.073634781565694],[-82.831866764746607,40.073643750463397],[-82.831862920811545,40.073653452020366],[-82.831860664612407,40.073663640524167],[-82.831872220122349,40.074213045815149],[-82.831890171940429,40.07437357876659]]]},"properties":{"PARCELID":"545-220563","OWNERNME1":"HORVATH PETER Z","SITEADDRESS":"7000 GREENSWARD RD","RESYRBLT":1997,"RESFLRAREA_AG":8030,"STATEDAREA":51661,"ACRES":1.18481974,"SCHLDSCRP":"NEW ALBANY-PLAIN LSD","CVTTXDSCRP":"COLUMBUS-PLAIN LSD","CLASSCD":"510","CLASSDSCRP":"SINGLE FAMILY DWELLING, PLATTED LOT","SALEPRICE":1600000,"SALEDATE":1332133200000}},{"type":"Feature","geometry":{"type":"Polygon","coordinates":[[[-82.83706883472081,40.074303668939784],[-82.837131366426362,40.074377331286946],[-82.837897581166231,40.074086036159486],[-82.837667961282108,40.07372925757501],[-82.837667768209556,40.073729331078908],[-82.837058591117881,40.073960840721419],[-82.836969602467661,40.073965214352675],[-82.836968303576754,40.073984884313887],[-82.836963943948135,40.074004108988923],[-82.836956630906883,40.074022415105922],[-82.836946544484988,40.074039352006025],[-82.836933932989368,40.074054502737688],[-82.836919106889027,40.074067494321135],[-82.836902431171993,40.074078006930371],[-82.836884316360013,40.074085781766641],[-82.836884469646137,40.074085964150569],[-82.83706883472081,40.074303668939784]]]},"properties":{"PARCELID":"545-225934","OWNERNME1":"CAVALARIS BARBARA","SITEADDRESS":"6890 CHISWICK CT","RESYRBLT":1998,"RESFLRAREA_AG":4136,"STATEDAREA":35591,"ACRES":0.81706487000000005,"SCHLDSCRP":"NEW ALBANY-PLAIN LSD","CVTTXDSCRP":"COLUMBUS-PLAIN LSD","CLASSCD":"510","CLASSDSCRP":"SINGLE FAMILY DWELLING, PLATTED LOT","SALEPRICE":1125000,"SALEDATE":1633582800000}},{"type":"Feature","geometry":{"type":"Polygon","coordinates":[[[-82.836748164846313,40.073693013575188],[-82.836768684546271,40.073715164664044],[-82.836938945397009,40.073898596053247],[-82.836950706195552,40.073913080245021],[-82.836959893528885,40.073929319121213],[-82.836966251349594,40.073946860110624],[-82.836969602467661,40.073965214352675],[-82.837058591117881,40.073960840721419],[-82.837667768209556,40.073729331078908],[-82.837667961282108,40.07372925757501],[-82.837488105618419,40.073449850913931],[-82.837388433528744,40.073342430702105],[-82.836748164846313,40.073693013575188]]]},"properties":{"PARCELID":"545-225935","OWNERNME1":"WU MICHAEL C","SITEADDRESS":"6880 CHISWICK CT","RESYRBLT":2008,"RESFLRAREA_AG":5016,"STATEDAREA":30967,"ACRES":0.71090993999999996,"SCHLDSCRP":"NEW ALBANY-PLAIN LSD","CVTTXDSCRP":"COLUMBUS-PLAIN LSD","CLASSCD":"510","CLASSDSCRP":"SINGLE FAMILY DWELLING, PLATTED LOT","SALEPRICE":2900000,"SALEDATE":1659502800000}},{"type":"Feature","geometry":{"type":"Polygon","coordinates":[[[-82.836748164846313,40.073693013575188],[-82.837388433528744,40.073342430702105],[-82.837108364139269,40.073040592314975],[-82.836599181568857,40.073319539610623],[-82.836512899787536,40.073444345193835],[-82.83652523624697,40.073453933522202],[-82.836536492937796,40.073464769166357],[-82.836748164846313,40.073693013575188]]]},"properties":{"PARCELID":"545-225936","OWNERNME1":"SHEN DEHONG","SITEADDRESS":"6881 CHISWICK CT","RESYRBLT":2015,"RESFLRAREA_AG":5657,"STATEDAREA":29204,"ACRES":0.67043564,"SCHLDSCRP":"NEW ALBANY-PLAIN LSD","CVTTXDSCRP":"COLUMBUS-PLAIN LSD","CLASSCD":"510","CLASSDSCRP":"SINGLE FAMILY DWELLING, PLATTED LOT","SALEPRICE":345000,"SALEDATE":1399352400000}},{"type":"Feature","geometry":{"type":"Polygon","coordinates":[[[-82.836395987507245,40.072958685885425],[-82.836041205052382,40.073153005373506],[-82.836302397337434,40.073434523146354],[-82.836331343864785,40.073422018046507],[-82.836361845894942,40.073414023978472],[-82.836393204931156,40.073410724006472],[-82.836424702851232,40.073412193699895],[-82.836455618352517,40.073418399402748],[-82.836485243469767,40.073429199004387],[-82.836512899787536,40.073444345193835],[-82.836599181568857,40.073319539610623],[-82.837108364139269,40.073040592314975],[-82.836817888222271,40.072727602009046],[-82.836395987507245,40.072958685885425]]]},"properties":{"PARCELID":"545-225937","OWNERNME1":"BAKHRU MIHIR RAMESH","SITEADDRESS":"6889 CHISWICK CT","RESYRBLT":1998,"RESFLRAREA_AG":5072,"STATEDAREA":37701,"ACRES":0.86550079999999996,"SCHLDSCRP":"NEW ALBANY-PLAIN LSD","CVTTXDSCRP":"COLUMBUS-PLAIN LSD","CLASSCD":"510","CLASSDSCRP":"SINGLE FAMILY DWELLING, PLATTED LOT","SALEPRICE":1700000,"SALEDATE":1628830800000}},{"type":"Feature","geometry":{"type":"Polygon","coordinates":[[[-82.836564617387907,40.0724552182037],[-82.83656447245626,40.072455065515371],[-82.836459898236583,40.072472446743504],[-82.836356220072631,40.072494553593749],[-82.836253651397456,40.07252134055669],[-82.836152403360146,40.07255275248837],[-82.836052684391092,40.072588724723815],[-82.836053385556085,40.07258947922962],[-82.836395987507245,40.072958685885425],[-82.836817888222271,40.072727602009046],[-82.836805219921928,40.072713966184679],[-82.836564617387907,40.0724552182037]]]},"properties":{"PARCELID":"545-225938","OWNERNME1":"LEVIN KAREN L","SITEADDRESS":"4462 NORTH GATE","RESYRBLT":2015,"RESFLRAREA_AG":6088,"STATEDAREA":21379,"ACRES":0.49078546000000001,"SCHLDSCRP":"NEW ALBANY-PLAIN LSD","CVTTXDSCRP":"COLUMBUS-PLAIN LSD","CLASSCD":"510","CLASSDSCRP":"SINGLE FAMILY DWELLING, PLATTED LOT","SALEPRICE":2175000,"SALEDATE":1641358800000}},{"type":"Feature","geometry":{"type":"Polygon","coordinates":[[[-82.835669164068904,40.072752004781492],[-82.835298360436212,40.072911224281668],[-82.835040175685492,40.073091212959525],[-82.834962444209111,40.07312492360024],[-82.834946615058641,40.07313075626417],[-82.834932025344543,40.07313922516115],[-82.83491911011636,40.073150077757809],[-82.834908254492234,40.073162990441432],[-82.834899782175185,40.073177578169734],[-82.83489394580053,40.073193405952409],[-82.834890919402696,40.073210001822055],[-82.834890793225568,40.073226870907767],[-82.834893571031614,40.07324351019161],[-82.834899169989683,40.073259423508105],[-82.834907423144855,40.073274136339343],[-82.834926491675546,40.073300833649839],[-82.834990554838996,40.073382491011309],[-82.83505969313633,40.073459898436241],[-82.83513362532328,40.073532741042769],[-82.835212050654718,40.073600722518044],[-82.835694494033206,40.073253774427627],[-82.83598642847744,40.073093965931072],[-82.835669164068904,40.072752004781492]]]},"properties":{"PARCELID":"545-225939","OWNERNME1":"YOUNG JAMES M","SITEADDRESS":"4519 NORTH GATE","RESYRBLT":2001,"RESFLRAREA_AG":6027,"STATEDAREA":47550,"ACRES":1.09159604,"SCHLDSCRP":"NEW ALBANY-PLAIN LSD","CVTTXDSCRP":"COLUMBUS-PLAIN LSD","CLASSCD":"510","CLASSDSCRP":"SINGLE FAMILY DWELLING, PLATTED LOT","SALEPRICE":1325000,"SALEDATE":1388466000000}},{"type":"Feature","geometry":{"type":"Polygon","coordinates":[[[-82.83598642847744,40.073093965931072],[-82.835694494033206,40.073253774427627],[-82.835212050654718,40.073600722518044],[-82.835224202416427,40.073610600846912],[-82.835556757981507,40.073878924509145],[-82.835937005760996,40.073600879951194],[-82.836234099627092,40.073561600626867],[-82.836232477002497,40.073542280921956],[-82.836234046673482,40.073522956842645],[-82.836238766083937,40.073504152293374],[-82.836246507283633,40.07348637709336],[-82.836257060397188,40.073470113154649],[-82.836270139314038,40.073455801416721],[-82.836285389445351,40.073443829892028],[-82.836302397337434,40.073434523146354],[-82.836041205052382,40.073153005373506],[-82.83598642847744,40.073093965931072]]]},"properties":{"PARCELID":"545-225940","OWNERNME1":"RH LOGAN LLC","SITEADDRESS":"4527 NORTH GATE","RESYRBLT":1999,"RESFLRAREA_AG":5796,"STATEDAREA":40812,"ACRES":0.93691711,"SCHLDSCRP":"NEW ALBANY-PLAIN LSD","CVTTXDSCRP":"COLUMBUS-PLAIN LSD","CLASSCD":"510","CLASSDSCRP":"SINGLE FAMILY DWELLING, PLATTED LOT","SALEPRICE":1375000,"SALEDATE":1243918800000}},{"type":"Feature","geometry":{"type":"Polygon","coordinates":[[[-82.836234099627092,40.073561600626867],[-82.835937005760996,40.073600879951194],[-82.835556757981507,40.073878924509145],[-82.835847659417709,40.074113637595232],[-82.835859078614504,40.074120714932882],[-82.835871446467891,40.074125961166409],[-82.835884471548511,40.074129252676407],[-82.835897846940497,40.074130511903533],[-82.83591125747337,40.074129709176049],[-82.835924387148665,40.074126863408978],[-82.835936926585873,40.074122041658434],[-82.835948580312504,40.074115357541508],[-82.836085509215906,40.074015060826667],[-82.836142743924071,40.073976061467143],[-82.836202395862173,40.073940870443515],[-82.836385278232569,40.073841005698405],[-82.836392168529912,40.073837582477751],[-82.836398413710825,40.073833088887575],[-82.836403848994536,40.073827643492443],[-82.836408330969675,40.073821389970547],[-82.836411741378114,40.073814493322708],[-82.836413990235357,40.073807135518798],[-82.836415018204704,40.073799510696425],[-82.836414798162892,40.073791820038537],[-82.836413335915807,40.073784266465168],[-82.836410670045197,40.073777049279343],[-82.836406870890798,40.073770358908426],[-82.836402038694274,40.073764371879619],[-82.836262947468668,40.07361477101847],[-82.836253142731891,40.073603037646123],[-82.836244976063185,40.073590110526872],[-82.836238590963035,40.073576216809379],[-82.836234099627092,40.073561600626867]]]},"properties":{"PARCELID":"545-225941","OWNERNME1":"PIEHOWICZ BARBARA J TTEE","SITEADDRESS":"4545 NORTH GATE","RESYRBLT":1996,"RESFLRAREA_AG":4900,"STATEDAREA":27916,"ACRES":0.64085647000000001,"SCHLDSCRP":"NEW ALBANY-PLAIN LSD","CVTTXDSCRP":"COLUMBUS-PLAIN LSD","CLASSCD":"510","CLASSDSCRP":"SINGLE FAMILY DWELLING, PLATTED LOT","SALEPRICE":0,"SALEDATE":1747026000000}},{"type":"Feature","geometry":{"type":"Polygon","coordinates":[[[-82.83706883472081,40.074303668939784],[-82.836884469646137,40.074085964150569],[-82.836884316360013,40.074085781766641],[-82.836852557794757,40.074096693864789],[-82.836819429380853,40.074102188275198],[-82.83678584851333,40.074102112846163],[-82.836752745116584,40.074096469666465],[-82.83672103589285,40.074085415007552],[-82.83669159893681,40.074069254996026],[-82.836665249419298,40.074048437136391],[-82.836588463251388,40.073965598539381],[-82.83657798357703,40.073957247071803],[-82.836566335136041,40.073950622541012],[-82.83655379999702,40.073945885360921],[-82.836540681700058,40.073943150242997],[-82.836527297906471,40.073942483418477],[-82.836513972706669,40.073943901034625],[-82.836501028772147,40.073947368763655],[-82.836488779542051,40.073952802634054],[-82.836306518632128,40.074052483834691],[-82.836256756896574,40.074081854833715],[-82.836209015240286,40.07411440664108],[-82.836071832581041,40.074214838411947],[-82.836065688670601,40.074219387188307],[-82.836060369383077,40.074224877560063],[-82.836056017315371,40.074231162343942],[-82.836052749135632,40.074238073060478],[-82.836050652455654,40.074245424450474],[-82.836049783482238,40.074253019441386],[-82.836050165510414,40.07426065443034],[-82.836051788298946,40.07426812474219],[-82.836054608344895,40.074275230116399],[-82.836058550049813,40.074281780075495],[-82.836063507746374,40.074287599031294],[-82.836069348531012,40.074292530992025],[-82.836229437756202,40.074421509319166],[-82.836292152845971,40.074475217728271],[-82.836351311360147,40.074532820209924],[-82.836406671962322,40.074594081775523],[-82.836736423024718,40.074430070910665],[-82.83706883472081,40.074303668939784]]]},"properties":{"PARCELID":"545-225942","OWNERNME1":"KALNAS MICHELLE","SITEADDRESS":"4567 NORTH GATE","RESYRBLT":2001,"RESFLRAREA_AG":4890,"STATEDAREA":36229,"ACRES":0.83170266000000004,"SCHLDSCRP":"NEW ALBANY-PLAIN LSD","CVTTXDSCRP":"COLUMBUS-PLAIN LSD","CLASSCD":"510","CLASSDSCRP":"SINGLE FAMILY DWELLING, PLATTED LOT","SALEPRICE":0,"SALEDATE":1280984400000}},{"type":"Feature","geometry":{"type":"Polygon","coordinates":[[[-82.836733683208706,40.073970467355608],[-82.836738779365717,40.073976899465684],[-82.836744862049116,40.073982407988098],[-82.836751766304616,40.07398684353906],[-82.836759304898024,40.073990085832349],[-82.836767273392738,40.073992046941292],[-82.836775455693811,40.073992673683236],[-82.836783629908155,40.073991949061764],[-82.836791574361968,40.073989892727653],[-82.836799073612255,40.073986560445945],[-82.836805924289365,40.073982042583665],[-82.836811940612051,40.073976461659221],[-82.836816959425676,40.073969969019835],[-82.836820844626715,40.073962740737237],[-82.836823490853675,40.073954972832809],[-82.836824826344426,40.073946875961752],[-82.836824814882235,40.073938669700425],[-82.836823456777935,40.073930576591685],[-82.836820788861516,40.07392281610985],[-82.836675671958204,40.073766215476965],[-82.836468414990705,40.073542812580015],[-82.836463308440528,40.073536365996986],[-82.83645721320525,40.073530844820077],[-82.836450294552122,40.073526398751419],[-82.836442740074688,40.073523148342481],[-82.836434754606344,40.073521181725397],[-82.836426554666417,40.073520552223364],[-82.836418362589498,40.073521276904806],[-82.836410400496931,40.07352333612058],[-82.836402884274278,40.073526674036771],[-82.836396017717661,40.073531200148537],[-82.836389987008062,40.073536791734121],[-82.836384955663192,40.073543297182319],[-82.836381060103761,40.073550540103298],[-82.836378405954662,40.073558324111268],[-82.836377065180926,40.073566438149307],[-82.836377074136522,40.07357466221201],[-82.836378432578627,40.073582773310733],[-82.836381103674213,40.073590551519779],[-82.836733683208706,40.073970467355608]]]},"properties":{"PARCELID":"545-227542","OWNERNME1":"NEW ALBANY COUNTRY CLUB COMMUNITY ASSOCIATION INC","SITEADDRESS":"CHISWICK CT","RESYRBLT":null,"RESFLRAREA_AG":null,"STATEDAREA":5800,"ACRES":0.13312915,"SCHLDSCRP":"NEW ALBANY-PLAIN LSD","CVTTXDSCRP":"COLUMBUS-PLAIN LSD","CLASSCD":"500","CLASSDSCRP":"RESIDENTIAL, VACANT LAND, LOT","SALEPRICE":0,"SALEDATE":1086584400000}},{"type":"Feature","geometry":{"type":"Polygon","coordinates":[[[-82.83423007065764,40.073112257417307],[-82.835320613992295,40.073966908707028],[-82.836062811462867,40.074565682217511],[-82.836318623955236,40.074927571858609],[-82.836410749494974,40.075283068675297],[-82.836279019270421,40.075897787318986],[-82.8362879418912,40.075895087056644],[-82.836296345927664,40.075891052611283],[-82.836304033235436,40.075885779104162],[-82.836310822568691,40.07587939087027],[-82.836316553853379,40.075872038526825],[-82.836321091961338,40.07586389542211],[-82.836324329896343,40.075855153548446],[-82.836446836545079,40.075282416015753],[-82.83635252408331,40.074918142765441],[-82.836092033528033,40.074549402145529],[-82.83506895999254,40.073724140877538],[-82.834995953865345,40.073662655377888],[-82.834926293602635,40.073597403488449],[-82.834860173270513,40.073528566994078],[-82.834797777073248,40.073456337665945],[-82.834739278840019,40.073380916727309],[-82.834507636370745,40.07306225860323],[-82.834469149601603,40.073009663673496],[-82.834230242635414,40.073112184879676],[-82.83423007065764,40.073112257417307]]]},"properties":{"PARCELID":"545-227543","OWNERNME1":"NEW ALBANY CO","SITEADDRESS":"NORTH GATE DR","RESYRBLT":null,"RESFLRAREA_AG":null,"STATEDAREA":21008,"ACRES":0.48224182999999998,"SCHLDSCRP":"NEW ALBANY-PLAIN LSD","CVTTXDSCRP":"COLUMBUS-PLAIN LSD","CLASSCD":"500","CLASSDSCRP":"RESIDENTIAL, VACANT LAND, LOT","SALEPRICE":null,"SALEDATE":null}},{"type":"Feature","geometry":{"type":"Polygon","coordinates":[[[-82.83469566254513,40.073107139173153],[-82.834700449777671,40.073111791264957],[-82.834705911311119,40.07311562939028],[-82.834711910210729,40.073118557317393],[-82.834718296068559,40.073120501635593],[-82.834724908774675,40.073121413595807],[-82.834731582531433,40.073121270332834],[-82.834738150010523,40.073120075438645],[-82.834744446548243,40.073117858872322],[-82.834973013243385,40.073019482766],[-82.835150520816825,40.072895767318862],[-82.835152254476839,40.072893938707985],[-82.835153645799437,40.072891837847166],[-82.8351546528624,40.072889528037869],[-82.835155245321687,40.07288707887745],[-82.835155405325793,40.072884564162067],[-82.8351551280536,40.072882059663137],[-82.835154421859656,40.072879640844235],[-82.835153308022427,40.072877380587293],[-82.835151820103192,40.072875346996597],[-82.835150002934753,40.072873601346686],[-82.835147911270582,40.072872196236098],[-82.835145608135051,40.072871174002522],[-82.83514316292441,40.072870565447076],[-82.835140649315832,40.072870388906288],[-82.835138143047359,40.072870649699531],[-82.8351357196359,40.072871339968799],[-82.835133452101758,40.072872438915439],[-82.834903229173577,40.072923604805382],[-82.834736907024165,40.072995068992256],[-82.834725023136912,40.072999455648862],[-82.834714071174886,40.073005821499969],[-82.834704377759309,40.073013976696288],[-82.834696231977702,40.073023678024775],[-82.834689876762312,40.073034636161928],[-82.834685501645268,40.073046524302377],[-82.834683237106006,40.073058987905164],[-82.83468315068005,40.073071655267285],[-82.834685244944922,40.073084148608999],[-82.834689457443162,40.073096095340389],[-82.83469566254513,40.073107139173153]]]},"properties":{"PARCELID":"545-227544","OWNERNME1":"NEW ALBANY COUNTRY CLUB COMMUNITY ASSOCIATION INC","SITEADDRESS":"CLIVDON RD","RESYRBLT":null,"RESFLRAREA_AG":null,"STATEDAREA":4777,"ACRES":0.10965651,"SCHLDSCRP":"NEW ALBANY-PLAIN LSD","CVTTXDSCRP":"COLUMBUS-PLAIN LSD","CLASSCD":"500","CLASSDSCRP":"RESIDENTIAL, VACANT LAND, LOT","SALEPRICE":0,"SALEDATE":1086584400000}},{"type":"Feature","geometry":{"type":"Polygon","coordinates":[[[-82.835371852299289,40.072408263847215],[-82.835417395401706,40.072435057014083],[-82.835459627237483,40.072466814218231],[-82.835498009236659,40.072503130469521],[-82.835532051925071,40.072543542637661],[-82.835540714748888,40.072555586051742],[-82.835550265977957,40.072564844855243],[-82.835561160873297,40.072572477199223],[-82.835573125398639,40.072578291109465],[-82.835585858613641,40.072582140350313],[-82.835599040243267,40.07258392810288],[-82.835612338733696,40.072583609400326],[-82.835625419591707,40.072581192258895],[-82.835637953798141,40.072576737476261],[-82.835879732760915,40.072472824537577],[-82.835973532152238,40.072434928254175],[-82.836068807844114,40.072400913600809],[-82.836069181194972,40.072400788249382],[-82.836168191838411,40.072370054292179],[-82.836268332356966,40.072343229673272],[-82.836369448458697,40.072320355722809],[-82.836471384348485,40.072301467683943],[-82.836219689353726,40.07228299328964],[-82.836134288329646,40.072263799734358],[-82.835806126611388,40.072190045852949],[-82.835516297169249,40.072314649500939],[-82.83553356424413,40.072338757213871],[-82.835383803433885,40.072402870228593],[-82.835371852299289,40.072408263847215]]]},"properties":{"PARCELID":"545-231172","OWNERNME1":"JAYANTI VIJAY","SITEADDRESS":"6905 CLIVDON MEWS","RESYRBLT":1996,"RESFLRAREA_AG":3390,"STATEDAREA":18820,"ACRES":0.43204340000000002,"SCHLDSCRP":"NEW ALBANY-PLAIN LSD","CVTTXDSCRP":"COLUMBUS-PLAIN LSD","CLASSCD":"510","CLASSDSCRP":"SINGLE FAMILY DWELLING, PLATTED LOT","SALEPRICE":815000,"SALEDATE":1564981200000}},{"type":"Feature","geometry":{"type":"Polygon","coordinates":[[[-82.835383803433885,40.072402870228593],[-82.83553356424413,40.072338757213871],[-82.835516297169249,40.072314649500939],[-82.835806126611388,40.072190045852949],[-82.835580477847174,40.0721393322615],[-82.835163373588188,40.072114194041909],[-82.835130872964058,40.072338812763149],[-82.835190552405862,40.072346534499268],[-82.835249231563409,40.07235987681733],[-82.83530638232169,40.072378719635864],[-82.835361490321333,40.072402893368668],[-82.835371852299289,40.072408263847215],[-82.835383803433885,40.072402870228593]]]},"properties":{"PARCELID":"545-231173","OWNERNME1":"MURRAY JACQUELYN BENNETT TTEE","SITEADDRESS":"6917 CLIVDON MEWS","RESYRBLT":2015,"RESFLRAREA_AG":3520,"STATEDAREA":12070,"ACRES":0.27708920999999997,"SCHLDSCRP":"NEW ALBANY-PLAIN LSD","CVTTXDSCRP":"COLUMBUS-PLAIN LSD","CLASSCD":"510","CLASSDSCRP":"SINGLE FAMILY DWELLING, PLATTED LOT","SALEPRICE":0,"SALEDATE":1774846800000}},{"type":"Feature","geometry":{"type":"Polygon","coordinates":[[[-82.834565702607335,40.072494977083437],[-82.834565642612731,40.072494690860928],[-82.834546988146229,40.072405255067267],[-82.834481529711212,40.072094426352912],[-82.834481529711212,40.072094426352912],[-82.834348614206917,40.072095079213433],[-82.834160457768618,40.072348159153819],[-82.834110792248524,40.072348025659636],[-82.83411043470322,40.072348025775391],[-82.834152878046737,40.072406376177327],[-82.834217516721893,40.072494985113728],[-82.834249533982756,40.07248446361347],[-82.834282870411528,40.0724795149291],[-82.834316563417232,40.072480281954121],[-82.834349640112691,40.072486742540654],[-82.834381145406724,40.072498710138944],[-82.834410169582426,40.072515839184021],[-82.834423067535781,40.072523438943662],[-82.834437064994688,40.072528747869271],[-82.834451758684764,40.072531613007833],[-82.834466725272819,40.072531951813147],[-82.834481533563334,40.072529754524048],[-82.834495756921399,40.072525084445623],[-82.834565702607335,40.072494977083437]]]},"properties":{"PARCELID":"545-231176","OWNERNME1":"GOLDACH MARJORIE B TTEE","SITEADDRESS":"6953 CLIVDON MEWS","RESYRBLT":2014,"RESFLRAREA_AG":4125,"STATEDAREA":12599,"ACRES":0.28921542,"SCHLDSCRP":"NEW ALBANY-PLAIN LSD","CVTTXDSCRP":"COLUMBUS-PLAIN LSD","CLASSCD":"510","CLASSDSCRP":"SINGLE FAMILY DWELLING, PLATTED LOT","SALEPRICE":0,"SALEDATE":1732165200000}},{"type":"Feature","geometry":{"type":"Polygon","coordinates":[[[-82.83413535206023,40.072609280691708],[-82.834136829997277,40.072590573570174],[-82.834141188361869,40.072572321300392],[-82.834148321905005,40.07255496465163],[-82.834158058360643,40.072538922765034],[-82.834170162605673,40.0725245830319],[-82.834184342337863,40.072512291738676],[-82.834200255134576,40.072502345704564],[-82.834217516721893,40.072494985113728],[-82.834152878046737,40.072406376177327],[-82.83411043470322,40.072348025775391],[-82.834057199555446,40.072274610942117],[-82.833953296068344,40.072290278683056],[-82.833543810896657,40.072214579063235],[-82.833389385862148,40.072201018142998],[-82.833274113722297,40.072229893422751],[-82.833433617557702,40.072408418823663],[-82.833640547390246,40.072640887272783],[-82.83413535206023,40.072609280691708]]]},"properties":{"PARCELID":"545-231177","OWNERNME1":"DIOUN MINA L","SITEADDRESS":"6965 CLIVDON MEWS","RESYRBLT":2001,"RESFLRAREA_AG":4291,"STATEDAREA":26573,"ACRES":0.61002798000000003,"SCHLDSCRP":"NEW ALBANY-PLAIN LSD","CVTTXDSCRP":"COLUMBUS-PLAIN LSD","CLASSCD":"510","CLASSDSCRP":"SINGLE FAMILY DWELLING, PLATTED LOT","SALEPRICE":0,"SALEDATE":1435726800000}},{"type":"Feature","geometry":{"type":"Polygon","coordinates":[[[-82.83413535206023,40.072609280691708],[-82.833640547390246,40.072640887272783],[-82.833819208714033,40.072790260013576],[-82.834006706305473,40.072937184732147],[-82.834240706832759,40.072836825874511],[-82.834257625400369,40.072790130788817],[-82.834240170684765,40.072775869123504],[-82.834225323779805,40.072758909418106],[-82.834155544517984,40.072663030093359],[-82.834147694179691,40.072650798795983],[-82.834141638373026,40.072637586693482],[-82.834137497000668,40.072623655380482],[-82.83413535206023,40.072609280691708]]]},"properties":{"PARCELID":"545-231178","OWNERNME1":"CONSTANT PETER","SITEADDRESS":"6960 CLIVDON MEWS","RESYRBLT":1996,"RESFLRAREA_AG":3171,"STATEDAREA":11636,"ACRES":0.26713218,"SCHLDSCRP":"NEW ALBANY-PLAIN LSD","CVTTXDSCRP":"COLUMBUS-PLAIN LSD","CLASSCD":"510","CLASSDSCRP":"SINGLE FAMILY DWELLING, PLATTED LOT","SALEPRICE":0,"SALEDATE":1661144400000}},{"type":"Feature","geometry":{"type":"Polygon","coordinates":[[[-82.834257625400369,40.072790130788817],[-82.834240706832759,40.072836825874511],[-82.834006706305473,40.072937184732147],[-82.83423007065764,40.073112257417307],[-82.834230242635414,40.073112184879676],[-82.834469149601603,40.073009663673496],[-82.834562956666829,40.07296935658087],[-82.834444174587631,40.072806526141186],[-82.834413363543121,40.072816714573158],[-82.834381308506792,40.072821774143868],[-82.83434885726092,40.072821571039263],[-82.834316868066637,40.072816110630995],[-82.834286186964832,40.072805537334354],[-82.834257625400369,40.072790130788817]]]},"properties":{"PARCELID":"545-231179","OWNERNME1":"SAROSI EVAN","SITEADDRESS":"6950 CLIVDON MEWS","RESYRBLT":1995,"RESFLRAREA_AG":3747,"STATEDAREA":9856,"ACRES":0.22625798999999999,"SCHLDSCRP":"NEW ALBANY-PLAIN LSD","CVTTXDSCRP":"COLUMBUS-PLAIN LSD","CLASSCD":"510","CLASSDSCRP":"SINGLE FAMILY DWELLING, PLATTED LOT","SALEPRICE":1780000,"SALEDATE":1721278800000}},{"type":"Feature","geometry":{"type":"Polygon","coordinates":[[[-82.834858887042103,40.072842203636405],[-82.83492776125108,40.072826872683642],[-82.834748682463214,40.07266244104855],[-82.834673101162309,40.072558833323505],[-82.834556559735873,40.072608931789134],[-82.834548625046963,40.072612130827949],[-82.834541335550838,40.072616609263349],[-82.834534895724019,40.072622241471436],[-82.834529486209092,40.072628869464019],[-82.834525258747533,40.072636307320302],[-82.834522331923182,40.072644346402129],[-82.83452078783597,40.07265276120647],[-82.83452066979882,40.072661315690944],[-82.834521981122791,40.072669769895036],[-82.834524897503741,40.072688776695358],[-82.834524606593916,40.072708003736423],[-82.834521116524485,40.072726913605585],[-82.834514524845972,40.072744977755463],[-82.83450501580154,40.07276169127725],[-82.834492855177317,40.072776587013379],[-82.834478382873385,40.072789248614995],[-82.834462003403317,40.072799322179243],[-82.834444174587631,40.072806526141186],[-82.834562956666829,40.07296935658087],[-82.834858887042103,40.072842203636405]]]},"properties":{"PARCELID":"545-231180","OWNERNME1":"ADLER MICHAEL JONATHAN","SITEADDRESS":"6940 CLIVDON MEWS","RESYRBLT":1996,"RESFLRAREA_AG":3492,"STATEDAREA":10322,"ACRES":0.23696763000000001,"SCHLDSCRP":"NEW ALBANY-PLAIN LSD","CVTTXDSCRP":"COLUMBUS-PLAIN LSD","CLASSCD":"510","CLASSDSCRP":"SINGLE FAMILY DWELLING, PLATTED LOT","SALEPRICE":1525000,"SALEDATE":1775538000000}},{"type":"Feature","geometry":{"type":"Polygon","coordinates":[[[-82.834748682463214,40.07266244104855],[-82.83492776125108,40.072826872683642],[-82.835165544802081,40.072773946109848],[-82.834931373376733,40.072452047466186],[-82.834931253001059,40.07245188119677],[-82.834903260617338,40.072460862461853],[-82.834875888576533,40.07247158664255],[-82.834673101162309,40.072558833323505],[-82.834748682463214,40.07266244104855]]]},"properties":{"PARCELID":"545-231181","OWNERNME1":"RYBALT MATTHEW","SITEADDRESS":"6930 CLIVDON MEWS","RESYRBLT":1995,"RESFLRAREA_AG":3279,"STATEDAREA":9810,"ACRES":0.22521532999999999,"SCHLDSCRP":"NEW ALBANY-PLAIN LSD","CVTTXDSCRP":"COLUMBUS-PLAIN LSD","CLASSCD":"510","CLASSDSCRP":"SINGLE FAMILY DWELLING, PLATTED LOT","SALEPRICE":684000,"SALEDATE":1528261200000}},{"type":"Feature","geometry":{"type":"Polygon","coordinates":[[[-82.834931253001059,40.07245188119677],[-82.834931373376733,40.072452047466186],[-82.835165544802081,40.072773946109848],[-82.835193688146248,40.072767681380277],[-82.835402190712657,40.072678070515622],[-82.835404040271669,40.072677279007145],[-82.835406261776768,40.072676313520574],[-82.835413867240234,40.07267318203202],[-82.835420833695323,40.072668809641542],[-82.835426960521559,40.072663322265555],[-82.835432071278177,40.072656877929901],[-82.835436018785202,40.072649662219035],[-82.835438689362064,40.072641882931521],[-82.835440006101294,40.072633764095841],[-82.835439931083343,40.072625539518803],[-82.835438466468574,40.072617446052391],[-82.835435654435074,40.072609716772824],[-82.835431575963995,40.072602574268451],[-82.835422941235507,40.072590519959114],[-82.835385250599501,40.072551755444934],[-82.835343306835185,40.072517638114498],[-82.835297679357922,40.072488631133957],[-82.83524898759201,40.072465128292983],[-82.835197892561581,40.07244744865875],[-82.835145087916715,40.072435832244423],[-82.835091290516672,40.0724304367508],[-82.835037230698092,40.072431335425406],[-82.834983642360072,40.072438516068111],[-82.834931253001059,40.07245188119677]]]},"properties":{"PARCELID":"545-231182","OWNERNME1":"LEGARZA LAYNE","SITEADDRESS":"6920 CLIVDON MEWS","RESYRBLT":1996,"RESFLRAREA_AG":3359,"STATEDAREA":10330,"ACRES":0.23715965,"SCHLDSCRP":"NEW ALBANY-PLAIN LSD","CVTTXDSCRP":"COLUMBUS-PLAIN LSD","CLASSCD":"510","CLASSDSCRP":"SINGLE FAMILY DWELLING, PLATTED LOT","SALEPRICE":1265000,"SALEDATE":1766034000000}},{"type":"Feature","geometry":{"type":"Polygon","coordinates":[[[-82.835532051925071,40.072543542637661],[-82.835498009241391,40.072503130464696],[-82.835459627243296,40.072466814211339],[-82.835417395405671,40.072435057008605],[-82.835371852299289,40.072408263847215],[-82.835361490321333,40.072402893368668],[-82.83530638232088,40.072378719638188],[-82.835249231562528,40.072359876820492],[-82.835190552405351,40.072346534501683],[-82.835130872964058,40.072338812763149],[-82.835073576145135,40.072336200197682],[-82.835016265859167,40.072338498475119],[-82.834959362237313,40.072345690747213],[-82.834903282429579,40.072357724288729],[-82.834848437546711,40.072374510883989],[-82.834814887418304,40.072387747228902],[-82.834775664489911,40.072404603954503],[-82.834565702607335,40.072494977083437],[-82.834495756921399,40.072525084445623],[-82.834481533563334,40.072529754524048],[-82.834466725272819,40.072531951813147],[-82.834451758684764,40.072531613007833],[-82.834437064994688,40.072528747869271],[-82.834423067535781,40.072523438943662],[-82.834410169582426,40.072515839184021],[-82.834381145406724,40.072498710138944],[-82.834349640112691,40.072486742540654],[-82.834316563417232,40.072480281954121],[-82.834282870411528,40.0724795149291],[-82.834249533982756,40.07248446361347],[-82.834217516721893,40.072494985113728],[-82.834200255134576,40.072502345704564],[-82.834184342337863,40.072512291738676],[-82.834170162605673,40.0725245830319],[-82.834158058360643,40.072538922765034],[-82.834148321905005,40.07255496465163],[-82.834141188361869,40.072572321300392],[-82.834136829997277,40.072590573570174],[-82.83413535206023,40.072609280691708],[-82.834137497000668,40.072623655380482],[-82.834141638373026,40.072637586693482],[-82.834147694179691,40.072650798795983],[-82.834155544517984,40.072663030093359],[-82.834225323779805,40.072758909418106],[-82.834240170684765,40.072775869123511],[-82.834257625400369,40.072790130788817],[-82.834286186964832,40.072805537334354],[-82.834316868066637,40.072816110630995],[-82.83434885726092,40.072821571039263],[-82.834381308506792,40.072821774143868],[-82.834413363543121,40.072816714573158],[-82.834444174587631,40.072806526141186],[-82.834462003403317,40.072799322179243],[-82.834478382873385,40.072789248614995],[-82.834492855177317,40.072776587013379],[-82.83450501580154,40.07276169127725],[-82.834514524845972,40.072744977755463],[-82.834521116524485,40.072726913605585],[-82.834524606593916,40.072708003736423],[-82.834524897503741,40.072688776695358],[-82.834521981122791,40.072669769895036],[-82.83452066979882,40.072661315690944],[-82.83452078783597,40.07265276120647],[-82.834522331923182,40.072644346402129],[-82.834525258747533,40.072636307320302],[-82.834529486209092,40.072628869464019],[-82.834534895724019,40.072622241471436],[-82.834541335550838,40.072616609263349],[-82.834548625046963,40.072612130827949],[-82.834556559735873,40.072608931789134],[-82.834673101162309,40.072558833323505],[-82.834875888576533,40.07247158664255],[-82.83490326080269,40.072460862982624],[-82.834931253001059,40.07245188119677],[-82.834983642360072,40.072438516068111],[-82.835037230698092,40.072431335425406],[-82.835091290516672,40.0724304367508],[-82.835145087916715,40.072435832244423],[-82.835197892561581,40.07244744865875],[-82.83524898759201,40.072465128292983],[-82.835297679357922,40.072488631133957],[-82.835343306835185,40.072517638114498],[-82.835385250599501,40.072551755444934],[-82.835422941235507,40.072590519959114],[-82.835431575963995,40.072602574268451],[-82.835435654435074,40.072609716772824],[-82.835438466468574,40.072617446052391],[-82.835439931083343,40.072625539518803],[-82.835440006101294,40.072633764095841],[-82.835438689362064,40.072641882931521],[-82.835436018785202,40.072649662219035],[-82.835432071278177,40.072656877929901],[-82.835426960521559,40.072663322265555],[-82.835420833695323,40.072668809641542],[-82.835413867240234,40.07267318203202],[-82.835406261776768,40.072676313520574],[-82.835637953798141,40.072576737476261],[-82.835625419601058,40.072581192350818],[-82.835612338733085,40.072583609559281],[-82.835599040221595,40.072583928300809],[-82.835585858568464,40.072582140557991],[-82.83557312533614,40.07257829129852],[-82.835561160807842,40.072572477344075],[-82.835550265931275,40.07256484493498],[-82.835540714748888,40.072555586051742],[-82.835532051925071,40.072543542637661]]]},"properties":{"PARCELID":"545-231183","OWNERNME1":"CLIVDON MEWS ASSOCIATION INC","SITEADDRESS":"CLIVDON MEWS","RESYRBLT":null,"RESFLRAREA_AG":null,"STATEDAREA":22464,"ACRES":0.51569533000000001,"SCHLDSCRP":"NEW ALBANY-PLAIN LSD","CVTTXDSCRP":"COLUMBUS-PLAIN LSD","CLASSCD":"500","CLASSDSCRP":"RESIDENTIAL, VACANT LAND, LOT","SALEPRICE":0,"SALEDATE":1086584400000}},{"type":"Feature","geometry":{"type":"Polygon","coordinates":[[[-82.834469149601603,40.073009663673496],[-82.834507636370745,40.07306225860323],[-82.835193688146248,40.072767681380277],[-82.835165544802081,40.072773946109848],[-82.83492776125108,40.072826872683642],[-82.834858887042103,40.072842203636405],[-82.834562956666829,40.07296935658087],[-82.834469149601603,40.073009663673496]]]},"properties":{"PARCELID":"545-241147","OWNERNME1":"NEW ALBANY CO LP","SITEADDRESS":"CLIVDON RD","RESYRBLT":null,"RESFLRAREA_AG":null,"STATEDAREA":3795,"ACRES":0.087117739999999999,"SCHLDSCRP":"NEW ALBANY-PLAIN LSD","CVTTXDSCRP":"COLUMBUS-PLAIN LSD","CLASSCD":"899","CLASSDSCRP":"ZERO VALUE-PARCELS IN RIGHT OF WAY/ROW","SALEPRICE":null,"SALEDATE":null}},{"type":"Feature","geometry":{"type":"Polygon","coordinates":[[[-82.83411043470322,40.072348025775391],[-82.834160457768618,40.072348159153819],[-82.834348614206917,40.072095079213433],[-82.83433717997174,40.072095111739436],[-82.834228368073354,40.072204125482443],[-82.834057199555446,40.072274610942117],[-82.83411043470322,40.072348025775391]]]},"properties":{"PARCELID":"545-292091","OWNERNME1":"GOLDACH MARJORIE B TTEE","SITEADDRESS":"6953 CLIVDON MEWS REAR","RESYRBLT":null,"RESFLRAREA_AG":null,"STATEDAREA":1768,"ACRES":0.040596809999999997,"SCHLDSCRP":"NEW ALBANY-PLAIN LSD","CVTTXDSCRP":"COLUMBUS-PLAIN LSD","CLASSCD":"510","CLASSDSCRP":"SINGLE FAMILY DWELLING, PLATTED LOT","SALEPRICE":0,"SALEDATE":1732165200000}},{"type":"Feature","geometry":{"type":"Polygon","coordinates":[[[-82.836805219921928,40.072713966184679],[-82.836594753268599,40.072450867527479],[-82.83656447245626,40.072455065515371],[-82.836564617387907,40.0724552182037],[-82.836805219921928,40.072713966184679]]]},"properties":{"PARCELID":"545-292731","OWNERNME1":"NEW ALBANY CO LLC","SITEADDRESS":"CLIVDON RD","RESYRBLT":null,"RESFLRAREA_AG":null,"STATEDAREA":451.19999999999999,"ACRES":0.010358839999999999,"SCHLDSCRP":"NEW ALBANY-PLAIN LSD","CVTTXDSCRP":"COLUMBUS-PLAIN LSD","CLASSCD":"500","CLASSDSCRP":"RESIDENTIAL, VACANT LAND, LOT","SALEPRICE":0,"SALEDATE":1382504400000}},{"type":"Feature","geometry":{"type":"Polygon","coordinates":[[[-82.836053385556085,40.07258947922962],[-82.836052684391092,40.072588724723815],[-82.835984408523828,40.072616640621831],[-82.835669164068904,40.072752004781492],[-82.83598642847744,40.073093965931072],[-82.836041205052382,40.073153005373506],[-82.836395987507245,40.072958685885425],[-82.836053385556085,40.07258947922962]]]},"properties":{"PARCELID":"545-292732","OWNERNME1":"BOREN ZACHARY","SITEADDRESS":"4480 NORTH GATE","RESYRBLT":null,"RESFLRAREA_AG":null,"STATEDAREA":21052,"ACRES":0.48329762999999998,"SCHLDSCRP":"NEW ALBANY-PLAIN LSD","CVTTXDSCRP":"COLUMBUS-PLAIN LSD","CLASSCD":"599","CLASSDSCRP":"OTHER RESIDENTIAL","SALEPRICE":539000,"SALEDATE":1710910800000}},{"type":"Feature","geometry":{"type":"Polygon","coordinates":[[[-82.834642413612301,40.065343647665237],[-82.83474027929087,40.065374716846193],[-82.834835917051521,40.065412085332696],[-82.834928921910731,40.065455594885762],[-82.835018900034157,40.065505061261732],[-82.835105470404315,40.065560274992428],[-82.835126558864758,40.065574350836513],[-82.835138850460524,40.065580525358229],[-82.835151948979657,40.06558472498218],[-82.835165539340949,40.065586848687587],[-82.835179294632084,40.065586845389305],[-82.835192883973363,40.065584715166686],[-82.835205980476999,40.065580509261622],[-82.835218269110257,40.06557432884599],[-82.835268960271705,40.065547657214516],[-82.835322422533523,40.065527096175252],[-82.835377922337614,40.065512927847166],[-82.83543469816864,40.065505346634509],[-82.835491971002881,40.065504456559466],[-82.835548954997165,40.065510269834775],[-82.835604868271531,40.065522706696235],[-82.835658943637441,40.065541596497113],[-82.835710439124327,40.065566680049585],[-82.835727313380815,40.065530776753484],[-82.835667982970406,40.065506819776949],[-82.835606419652763,40.065489384403612],[-82.835543337959109,40.065478672996171],[-82.835479470043637,40.06547480987598],[-82.835415557185783,40.065477839880131],[-82.835352341186606,40.065487727841052],[-82.835290555759087,40.065504358994673],[-82.8352309180124,40.065527540312424],[-82.835174120128727,40.06555700274162],[-82.835093810858112,40.065505170208368],[-82.835010836549259,40.065457720713937],[-82.834925436179361,40.065414790919263],[-82.834837855712962,40.065376504467928],[-82.834748347393599,40.065342971630066],[-82.834657169017277,40.065314288984766],[-82.834642413612301,40.065343647665237]]]},"properties":{"PARCELID":"222-004788","OWNERNME1":"NEW ALBANY CO LLC","SITEADDRESS":"SOUTHFIELD RD","RESYRBLT":null,"RESFLRAREA_AG":null,"STATEDAREA":0.090999999999999998,"ACRES":0.091224749999999993,"SCHLDSCRP":"NEW ALBANY-PLAIN LSD","CVTTXDSCRP":"PLAIN TWP-NEW ALBANY CORP","CLASSCD":"899","CLASSDSCRP":"ZERO VALUE-PARCELS IN RIGHT OF WAY/ROW","SALEPRICE":0,"SALEDATE":1435294800000}},{"type":"Feature","geometry":{"type":"Polygon","coordinates":[[[-82.836031601098497,40.069758253349264],[-82.836039918546206,40.06976349459044],[-82.836048961889318,40.069767350558635],[-82.836058502270745,40.069769723672067],[-82.836068298255043,40.069770553875088],[-82.836078101938256,40.069769820158008],[-82.836087665221626,40.069767541088773],[-82.836096746090107,40.069763774343087],[-82.836105114736966,40.069758615244815],[-82.836112559379472,40.069752194353647],[-82.836118891618355,40.069744674161093],[-82.836123951205622,40.06973624497833],[-82.836145724554996,40.069647043285762],[-82.83616132684088,40.069556557986537],[-82.836170684540306,40.069465215476377],[-82.836173753556807,40.069373446190461],[-82.836170519428165,40.069281682575053],[-82.836166947123758,40.069272637813214],[-82.836161924880727,40.069264310379616],[-82.836155591672778,40.069256930708036],[-82.836148122750188,40.069250703006134],[-82.836139724790357,40.069245799604666],[-82.836130630178616,40.069242356188802],[-82.836121090577834,40.069240468043532],[-82.83611136996447,40.069240187416931],[-82.836101737323872,40.069241522074414],[-82.836092459207052,40.069244435083803],[-82.836083792354756,40.069248845837343],[-82.836042817208906,40.069268077499444],[-82.836005389662944,40.069293533308375],[-82.835972447323357,40.069324575564544],[-82.835944815436633,40.069360426620889],[-82.835923186215837,40.069400188363971],[-82.835908101499783,40.069442864712769],[-82.835899939179342,40.06948738657178],[-82.835898903730751,40.069532638613182],[-82.835905021093296,40.069577487217181],[-82.835918138019437,40.069620808870582],[-82.835937925913925,40.069661518312202],[-82.835963889065425,40.069698595720006],[-82.835995377064776,40.069731112258907],[-82.836031601098497,40.069758253349264]]]},"properties":{"PARCELID":"222-004786","OWNERNME1":"CITY OF NEW ALBANY","SITEADDRESS":"NASHS CRECENT","RESYRBLT":null,"RESFLRAREA_AG":null,"STATEDAREA":0.25430000000000003,"ACRES":0.25491570000000002,"SCHLDSCRP":"NEW ALBANY-PLAIN LSD","CVTTXDSCRP":"PLAIN TWP-NEW ALBANY CORP","CLASSCD":"640","CLASSDSCRP":"EXEMPT PROPERTY OWNED BY MUNICIPALS","SALEPRICE":0,"SALEDATE":1481259600000}},{"type":"Feature","geometry":{"type":"Polygon","coordinates":[[[-82.835823614066925,40.06971337247834],[-82.83511044471939,40.069956474895065],[-82.835258667655182,40.070010826300852],[-82.835838291543837,40.07022331371487],[-82.835890603940243,40.070140220873633],[-82.835933391468089,40.070071762349443],[-82.835972462852553,40.070001116974581],[-82.836007706634589,40.069928486279267],[-82.836010358025831,40.069920023636435],[-82.83601155518609,40.069911236543263],[-82.836011264321456,40.069902373045252],[-82.836009493642564,40.069893683344716],[-82.836006293132826,40.069885412737932],[-82.836001753137509,40.069877794690832],[-82.835996001813356,40.069871044248643],[-82.835989201511026,40.069865351965504],[-82.835981544192109,40.069860878525418],[-82.835936013756907,40.069830990770015],[-82.83589416468304,40.069796134587342],[-82.835856536434775,40.069756759298322],[-82.835823614066925,40.06971337247834]]]},"properties":{"PARCELID":"222-004772","OWNERNME1":"LAYMAN MICHAEL","SITEADDRESS":"4135 HIGHGROVE CRECENT","RESYRBLT":2022,"RESFLRAREA_AG":6704,"STATEDAREA":0.54390000000000005,"ACRES":0.5448518,"SCHLDSCRP":"NEW ALBANY-PLAIN LSD","CVTTXDSCRP":"PLAIN TWP-NEW ALBANY CORP","CLASSCD":"510","CLASSDSCRP":"SINGLE FAMILY DWELLING, PLATTED LOT","SALEPRICE":400000,"SALEDATE":1626757200000}},{"type":"Feature","geometry":{"type":"Polygon","coordinates":[[[-82.83700701752862,40.069409497016736],[-82.837124070872022,40.0698859391374],[-82.837131634741269,40.069900814751094],[-82.837141551679167,40.069914236760759],[-82.837153549281268,40.069925836482511],[-82.837167297990163,40.069935295288175],[-82.837182420147997,40.069942353357547],[-82.837198500370178,40.069946816815303],[-82.837215096955447,40.069948563056492],[-82.837231754018745,40.069947544114292],[-82.837248014013767,40.069943787977635],[-82.837263430301135,40.069937397822351],[-82.837277579416934,40.069928549177092],[-82.83729007270469,40.069917485101811],[-82.837300566991203,40.069904509511218],[-82.837308774013067,40.069889978826687],[-82.837314468334839,40.069874292185858],[-82.837317493541434,40.069857880478885],[-82.837200368627876,40.0693814477535],[-82.837192807540362,40.069366577580823],[-82.837182894234274,40.069353160485669],[-82.837170901016847,40.069341565020359],[-82.837157157328107,40.069332109699126],[-82.837142040691518,40.069325054248871],[-82.837125966343891,40.069320592474782],[-82.837109375829229,40.069318846936703],[-82.837092724870075,40.069319865582585],[-82.83707647084934,40.069323620431376],[-82.837061060246427,40.069330008341673],[-82.837046916373069,40.06933885384484],[-82.837034427745351,40.069349913964977],[-82.837023937411644,40.069362884893195],[-82.837015733529483,40.069377410332862],[-82.837010041450171,40.069393091286685],[-82.83700701752862,40.069409497016736]]]},"properties":{"PARCELID":"222-004787","OWNERNME1":"CITY OF NEW ALBANY","SITEADDRESS":"COLDICOTT LEYS","RESYRBLT":null,"RESFLRAREA_AG":null,"STATEDAREA":0.27729999999999999,"ACRES":0.27805186999999998,"SCHLDSCRP":"NEW ALBANY-PLAIN LSD","CVTTXDSCRP":"PLAIN TWP-NEW ALBANY CORP","CLASSCD":"640","CLASSDSCRP":"EXEMPT PROPERTY OWNED BY MUNICIPALS","SALEPRICE":0,"SALEDATE":1481259600000}},{"type":"Feature","geometry":{"type":"Polygon","coordinates":[[[-82.835602543725912,40.065981090538337],[-82.835631682356251,40.065969762103279],[-82.835658454623271,40.065953617787315],[-82.835682071860333,40.065933133175228],[-82.835701838342786,40.065908911709748],[-82.835717171782832,40.065881666915097],[-82.835727620482714,40.065852201377773],[-82.83573287664106,40.065821383103675],[-82.835732785420163,40.065790119948083],[-82.835727349507238,40.065759332871743],[-82.835716729035269,40.065729928810903],[-82.835701236865745,40.06570277396046],[-82.835681329372321,40.065678668257306],[-82.835657592996768,40.065658321815498],[-82.835630726973335,40.065642334007507],[-82.835601522730585,40.065631175807653],[-82.835563703561505,40.065613810580864],[-82.835523662338346,40.065602472984146],[-82.835482353245453,40.065597433192984],[-82.835440760680541,40.065598811305861],[-82.835399875796497,40.065606574482267],[-82.835360672882146,40.065620537725337],[-82.835324086144865,40.065640368290282],[-82.835290987448417,40.065665593613772],[-82.835262165536392,40.065695612575084],[-82.835238307236381,40.065729709820893],[-82.835219981092848,40.065767072812129],[-82.835207623818704,40.065806811186867],[-82.835220193597607,40.065846499996539],[-82.83523871262625,40.065883786006417],[-82.835262741040353,40.065917783598543],[-82.8352917081166,40.06594768526152],[-82.835324925828473,40.065972780770522],[-82.835361605188325,40.065992474056578],[-82.835400874987343,40.066006297364417],[-82.835441802488589,40.066013922362593],[-82.835483415581322,40.066015167942005],[-82.835524725870627,40.066010004517643],[-82.835564752153829,40.065998554731244],[-82.835602543725912,40.065981090538337]]]},"properties":{"PARCELID":"222-004785","OWNERNME1":"CITY OF NEW ALBANY","SITEADDRESS":"EBRINGTON ROUND","RESYRBLT":null,"RESFLRAREA_AG":null,"STATEDAREA":0.3896,"ACRES":0.39063495999999998,"SCHLDSCRP":"NEW ALBANY-PLAIN LSD","CVTTXDSCRP":"PLAIN TWP-NEW ALBANY CORP","CLASSCD":"640","CLASSDSCRP":"EXEMPT PROPERTY OWNED BY MUNICIPALS","SALEPRICE":0,"SALEDATE":1481259600000}},{"type":"Feature","geometry":{"type":"Polygon","coordinates":[[[-82.835792876877179,40.070288073848445],[-82.835838291543837,40.07022331371487],[-82.835258667655182,40.070010826300852],[-82.834964018639951,40.070484949720402],[-82.834972902110295,40.070492769539726],[-82.834982888056047,40.070499121429791],[-82.83499373619469,40.070503852550971],[-82.835281876190209,40.07060953869307],[-82.835295081126148,40.070613196977234],[-82.835308699588865,40.070614710532638],[-82.835322385529366,40.070614040899414],[-82.835335791184121,40.070611205093144],[-82.835348575911652,40.070606275172452],[-82.835360414848495,40.070599376407998],[-82.835408854874714,40.070569064277919],[-82.835460674133131,40.070544980552583],[-82.835515075762345,40.070527495584486],[-82.835571223189973,40.070516878252356],[-82.835628252997253,40.070513291826444],[-82.835639357430111,40.070512894959464],[-82.835650261958818,40.070510760202744],[-82.835660696304089,40.070506940468285],[-82.835670401840588,40.070501530431905],[-82.835679138007237,40.070494664186576],[-82.835686688269675,40.070486511918823],[-82.835692865487374,40.070477275690479],[-82.835712644638591,40.070432900251426],[-82.835749881204038,40.070358891808688],[-82.835792876877179,40.070288073848445]]]},"properties":{"PARCELID":"222-004771","OWNERNME1":"WERENSKI ZACHARY","SITEADDRESS":"14 HIGHGROVE","RESYRBLT":2016,"RESFLRAREA_AG":6553,"STATEDAREA":0.72219999999999995,"ACRES":0.72277979999999997,"SCHLDSCRP":"NEW ALBANY-PLAIN LSD","CVTTXDSCRP":"PLAIN TWP-NEW ALBANY CORP","CLASSCD":"510","CLASSDSCRP":"SINGLE FAMILY DWELLING, PLATTED LOT","SALEPRICE":3600000,"SALEDATE":1689224400000}},{"type":"Feature","geometry":{"type":"Polygon","coordinates":[[[-82.837657729766505,40.070712539350325],[-82.837972644218638,40.070592498119581],[-82.838226798368382,40.070542356921152],[-82.838179355251171,40.070411828641952],[-82.838095538898557,40.069820250072063],[-82.837387354557123,40.069933853445079],[-82.837371454239658,40.069955197581706],[-82.837352528281798,40.069973911223336],[-82.837331006129119,40.069989569742013],[-82.837307376136962,40.070001817833074],[-82.837282174489332,40.07001037757724],[-82.837255973032342,40.070015054746868],[-82.837394370424306,40.070572826844668],[-82.837449685557104,40.070620080577569],[-82.837489296962758,40.070756670205732],[-82.837591155018387,40.070762142476937],[-82.837657729766505,40.070712539350325]]]},"properties":{"PARCELID":"222-004767","OWNERNME1":"GJAVATO LLC","SITEADDRESS":"3825 COLDICOTT LEYS","RESYRBLT":2022,"RESFLRAREA_AG":5578,"STATEDAREA":1.484,"ACRES":1.4823273100000001,"SCHLDSCRP":"NEW ALBANY-PLAIN LSD","CVTTXDSCRP":"PLAIN TWP-NEW ALBANY CORP","CLASSCD":"510","CLASSDSCRP":"SINGLE FAMILY DWELLING, PLATTED LOT","SALEPRICE":795000,"SALEDATE":1545282000000}},{"type":"Feature","geometry":{"type":"Polygon","coordinates":[[[-82.837964367216017,40.069447663582125],[-82.837323830591643,40.069550486299256],[-82.837398549250238,40.069854512800383],[-82.837401205830503,40.06987069516591],[-82.837401390663544,40.069887093098991],[-82.837399099518336,40.069903331233938],[-82.837394384841588,40.069919037862974],[-82.837387354557123,40.069933853445079],[-82.838095538898557,40.069820250072063],[-82.838071448426405,40.069650225879521],[-82.837984809122702,40.06949589094679],[-82.837964367216017,40.069447663582125]]]},"properties":{"PARCELID":"222-004766","OWNERNME1":"TOLANI FEYISAYO OLUWATOSIN","SITEADDRESS":"3815 COLDICOTT LEYS","RESYRBLT":2022,"RESFLRAREA_AG":8764,"STATEDAREA":0.62190000000000001,"ACRES":0.62378641000000001,"SCHLDSCRP":"NEW ALBANY-PLAIN LSD","CVTTXDSCRP":"PLAIN TWP-NEW ALBANY CORP","CLASSCD":"510","CLASSDSCRP":"SINGLE FAMILY DWELLING, PLATTED LOT","SALEPRICE":0,"SALEDATE":1629435600000}},{"type":"Feature","geometry":{"type":"Polygon","coordinates":[[[-82.834023617390102,40.069437811823278],[-82.834137214602052,40.069599596702048],[-82.834685257937124,40.069800543729876],[-82.83511044471939,40.069956474895065],[-82.835823614066925,40.06971337247834],[-82.835799680824991,40.069672065520656],[-82.835781619937677,40.069627874241299],[-82.835769770612401,40.069581628611104],[-82.835764355395185,40.069534197184346],[-82.83576547599101,40.069486470786124],[-82.834023617390102,40.069437811823278]]]},"properties":{"PARCELID":"222-004773","OWNERNME1":"SMIGEL JOSHUA","SITEADDRESS":"4125 HIGHGROVE CRECENT","RESYRBLT":2022,"RESFLRAREA_AG":5944,"STATEDAREA":1.3260000000000001,"ACRES":1.3307135400000001,"SCHLDSCRP":"NEW ALBANY-PLAIN LSD","CVTTXDSCRP":"PLAIN TWP-NEW ALBANY CORP","CLASSCD":"510","CLASSDSCRP":"SINGLE FAMILY DWELLING, PLATTED LOT","SALEPRICE":0,"SALEDATE":1656306000000}},{"type":"Feature","geometry":{"type":"Polygon","coordinates":[[[-82.836307758215511,40.069398232219591],[-82.836309883270616,40.069408545324194],[-82.836313693185303,40.069418361664447],[-82.836319081934846,40.069427408065067],[-82.83632589955775,40.069435432777126],[-82.836333956328929,40.069442212483906],[-82.836343028039494,40.069447558515463],[-82.836352862236168,40.06945132209907],[-82.836363185246753,40.06945339849937],[-82.836373709796035,40.069453729932974],[-82.836625257991869,40.069468940602064],[-82.836703829272736,40.069471814536946],[-82.836782448293249,40.069470945460409],[-82.836860936843308,40.069466335342433],[-82.836870835086614,40.069466023817043],[-82.836880548708038,40.069464095650197],[-82.836889815473128,40.069460602895788],[-82.836898385211015,40.069455639846197],[-82.836906026568158,40.069449340486742],[-82.836912533254136,40.069441874878521],[-82.836917729610761,40.069433444567352],[-82.836921475354202,40.069424277142708],[-82.83692366936225,40.06941462009361],[-82.836924252404216,40.069404734127261],[-82.836922954691701,40.06938580033259],[-82.836924870631933,40.069366919077034],[-82.836929945272686,40.069348631905044],[-82.836938033065209,40.069331463321795],[-82.836948902038728,40.06931590574959],[-82.836714508699799,40.068997582694223],[-82.836271845954229,40.069057533739837],[-82.836282716272066,40.069109271601299],[-82.836291678153117,40.069161373950642],[-82.836301476215795,40.069239983601022],[-82.836306841887676,40.069319019597437],[-82.836307758215511,40.069398232219591]]]},"properties":{"PARCELID":"222-004763","OWNERNME1":"PEACOCK 61 LLC TR","SITEADDRESS":"3985 EBRINGTON RD","RESYRBLT":2019,"RESFLRAREA_AG":5940,"STATEDAREA":0.58340000000000003,"ACRES":0.58490838000000001,"SCHLDSCRP":"NEW ALBANY-PLAIN LSD","CVTTXDSCRP":"PLAIN TWP-NEW ALBANY CORP","CLASSCD":"510","CLASSDSCRP":"SINGLE FAMILY DWELLING, PLATTED LOT","SALEPRICE":0,"SALEDATE":1595826000000}},{"type":"Feature","geometry":{"type":"Polygon","coordinates":[[[-82.83576547599101,40.069486470786124],[-82.835774316441473,40.069438274847052],[-82.835789352699933,40.06939163888412],[-82.835810329121671,40.069347355796623],[-82.835836889067949,40.069306178480531],[-82.835868580969617,40.069268807027846],[-82.8352956964047,40.068845660642637],[-82.833976399682811,40.069370566959037],[-82.834023617390102,40.069437811823278],[-82.83576547599101,40.069486470786124]]]},"properties":{"PARCELID":"222-004774","OWNERNME1":"LI SHUANG TR","SITEADDRESS":"4115 HIGHGROVE CS","RESYRBLT":2022,"RESFLRAREA_AG":6687,"STATEDAREA":1.6020000000000001,"ACRES":1.6019349899999999,"SCHLDSCRP":"NEW ALBANY-PLAIN LSD","CVTTXDSCRP":"PLAIN TWP-NEW ALBANY CORP","CLASSCD":"510","CLASSDSCRP":"SINGLE FAMILY DWELLING, PLATTED LOT","SALEPRICE":795000,"SALEDATE":1630990800000}},{"type":"Feature","geometry":{"type":"Polygon","coordinates":[[[-82.837796428546184,40.068675612024009],[-82.837250716002828,40.069311284550594],[-82.837262266936634,40.069326664694842],[-82.837271260675337,40.069343667211498],[-82.837277474271218,40.069361870621485],[-82.837323830591643,40.069550486299256],[-82.837964367216017,40.069447663582125],[-82.837885807607577,40.069262320780176],[-82.837780870967052,40.068838386908332],[-82.837796428546184,40.068675612024009]]]},"properties":{"PARCELID":"222-004765","OWNERNME1":"CAMPBELL ELLIOT J","SITEADDRESS":"3805 COLDICOTT LEYS","RESYRBLT":2020,"RESFLRAREA_AG":4848,"STATEDAREA":0.73860000000000003,"ACRES":0.74040260999999996,"SCHLDSCRP":"NEW ALBANY-PLAIN LSD","CVTTXDSCRP":"PLAIN TWP-NEW ALBANY CORP","CLASSCD":"510","CLASSDSCRP":"SINGLE FAMILY DWELLING, PLATTED LOT","SALEPRICE":600000,"SALEDATE":1551934800000}},{"type":"Feature","geometry":{"type":"Polygon","coordinates":[[[-82.83675174124555,40.0685912229536],[-82.836166390257887,40.068753713247133],[-82.836198821715882,40.068827440169954],[-82.836227260557465,40.068902797259234],[-82.836251625253382,40.068979568479158],[-82.836271845954229,40.069057533739837],[-82.836714508699799,40.068997582694223],[-82.836756395981553,40.068942799315337],[-82.836888173882116,40.068770442246525],[-82.83675174124555,40.0685912229536]]]},"properties":{"PARCELID":"222-004762","OWNERNME1":"PEACOCK 61 LLC TR","SITEADDRESS":"EBRINGTON RD","RESYRBLT":null,"RESFLRAREA_AG":null,"STATEDAREA":0.50309999999999999,"ACRES":0.50446590000000002,"SCHLDSCRP":"NEW ALBANY-PLAIN LSD","CVTTXDSCRP":"PLAIN TWP-NEW ALBANY CORP","CLASSCD":"500","CLASSDSCRP":"RESIDENTIAL, VACANT LAND, LOT","SALEPRICE":340000,"SALEDATE":1594098000000}},{"type":"Feature","geometry":{"type":"Polygon","coordinates":[[[-82.836055250061008,40.069141466791216],[-82.836063664449028,40.069138100608491],[-82.836071441847722,40.069133448170248],[-82.836078387170545,40.06912762617722],[-82.836084326202567,40.069120780666971],[-82.836089109970445,40.069113083350764],[-82.836092618479213,40.069104727306346],[-82.836094763722201,40.069095922134892],[-82.836095491888628,40.069086888703339],[-82.836094784713339,40.069077853604277],[-82.836071460567695,40.068992103504513],[-82.836042991467153,40.06890792152489],[-82.836009481703073,40.068825616050653],[-82.835971054032299,40.068745488592818],[-82.835927849227602,40.068667832683644],[-82.835880025561821,40.06859293280133],[-82.83582775822822,40.068521063327857],[-82.835818794215371,40.068509182887908],[-82.835420003328892,40.068688507204037],[-82.8354059655057,40.068768174619031],[-82.8352956964047,40.068845660642637],[-82.835868580969617,40.069268807027846],[-82.835909951732887,40.069229764959289],[-82.835955193143789,40.069195282530288],[-82.836003805055739,40.069165740946254],[-82.836055250061008,40.069141466791216]]]},"properties":{"PARCELID":"222-004775","OWNERNME1":"MARTIN KEVIN D JR","SITEADDRESS":"4105 HIGHGROVE CRESCENT","RESYRBLT":null,"RESFLRAREA_AG":null,"STATEDAREA":0.77249999999999996,"ACRES":0.77437447999999998,"SCHLDSCRP":"NEW ALBANY-PLAIN LSD","CVTTXDSCRP":"PLAIN TWP-NEW ALBANY CORP","CLASSCD":"510","CLASSDSCRP":"SINGLE FAMILY DWELLING, PLATTED LOT","SALEPRICE":0,"SALEDATE":1763960400000}},{"type":"Feature","geometry":{"type":"Polygon","coordinates":[[[-82.835324228020198,40.068557006074826],[-82.835430206494578,40.068630597737773],[-82.835420003328892,40.068688507204037],[-82.835818794215371,40.068509182887908],[-82.835498714911381,40.068088940618459],[-82.834657318137715,40.068467296090255],[-82.834707331269456,40.068484172481234],[-82.835324228020198,40.068557006074826]]]},"properties":{"PARCELID":"222-004776","OWNERNME1":"EBRINGTON LOT 25 LLC","SITEADDRESS":"3970 EBRINGTON RD","RESYRBLT":2020,"RESFLRAREA_AG":5050,"STATEDAREA":0.72409999999999997,"ACRES":0.72614257000000004,"SCHLDSCRP":"NEW ALBANY-PLAIN LSD","CVTTXDSCRP":"PLAIN TWP-NEW ALBANY CORP","CLASSCD":"510","CLASSDSCRP":"SINGLE FAMILY DWELLING, PLATTED LOT","SALEPRICE":3625000,"SALEDATE":1689138000000}},{"type":"Feature","geometry":{"type":"Polygon","coordinates":[[[-82.834315629102903,40.068218975408222],[-82.83450519833012,40.068415963030517],[-82.834657318137715,40.068467296090255],[-82.835498714911381,40.068088940618459],[-82.835270625647226,40.06778947424327],[-82.834315629102903,40.068218975408222]]]},"properties":{"PARCELID":"222-004777","OWNERNME1":"XIE JIAJUN TTEE","SITEADDRESS":"3960 EBRINGTON RD","RESYRBLT":2024,"RESFLRAREA_AG":6785,"STATEDAREA":0.86660000000000004,"ACRES":0.86887345999999999,"SCHLDSCRP":"NEW ALBANY-PLAIN LSD","CVTTXDSCRP":"PLAIN TWP-NEW ALBANY CORP","CLASSCD":"599","CLASSDSCRP":"OTHER RESIDENTIAL","SALEPRICE":0,"SALEDATE":1734930000000}},{"type":"Feature","geometry":{"type":"Polygon","coordinates":[[[-82.836090239977182,40.067722840571854],[-82.835588474487551,40.067934814347467],[-82.835790914027385,40.068200604849395],[-82.836292684341785,40.06798863112158],[-82.836090239977182,40.067722840571854]]]},"properties":{"PARCELID":"222-004759","OWNERNME1":"MAPES CHRISTOPHER L TTEE","SITEADDRESS":"3945 EBRINGTON RD","RESYRBLT":null,"RESFLRAREA_AG":null,"STATEDAREA":0.41149999999999998,"ACRES":0.41261486000000003,"SCHLDSCRP":"NEW ALBANY-PLAIN LSD","CVTTXDSCRP":"PLAIN TWP-NEW ALBANY CORP","CLASSCD":"599","CLASSDSCRP":"OTHER RESIDENTIAL","SALEPRICE":565000,"SALEDATE":1746680400000}},{"type":"Feature","geometry":{"type":"Polygon","coordinates":[[[-82.834093931788999,40.06783088754905],[-82.834145775739159,40.067978788627926],[-82.834315629102903,40.068218975408222],[-82.835270625647226,40.06778947424327],[-82.835168214446725,40.067655219800272],[-82.835114816642601,40.067580309021864],[-82.835066405217503,40.067502083168542],[-82.834093931788999,40.06783088754905]]]},"properties":{"PARCELID":"222-004778","OWNERNME1":"3JS REAL ESTATE HOLDING COMPANY LLC","SITEADDRESS":"3950 EBRINGTON RD","RESYRBLT":2016,"RESFLRAREA_AG":7503,"STATEDAREA":0.95999999999999996,"ACRES":0.96249010999999995,"SCHLDSCRP":"NEW ALBANY-PLAIN LSD","CVTTXDSCRP":"PLAIN TWP-NEW ALBANY CORP","CLASSCD":"510","CLASSDSCRP":"SINGLE FAMILY DWELLING, PLATTED LOT","SALEPRICE":1850000,"SALEDATE":1553230800000}},{"type":"Feature","geometry":{"type":"Polygon","coordinates":[[[-82.835887799512491,40.067457050540384],[-82.835386034154453,40.06766902347654],[-82.835588474487551,40.067934814347467],[-82.836090239977182,40.067722840571854],[-82.835887799512491,40.067457050540384]]]},"properties":{"PARCELID":"222-004758","OWNERNME1":"BONASERA MICHAEL D TTEE (3935 EBRINGTON ROAD REAL ESTATE TRUST)","SITEADDRESS":"3935 EBRINGTON RD","RESYRBLT":null,"RESFLRAREA_AG":null,"STATEDAREA":0.41149999999999998,"ACRES":0.41261355,"SCHLDSCRP":"NEW ALBANY-PLAIN LSD","CVTTXDSCRP":"PLAIN TWP-NEW ALBANY CORP","CLASSCD":"510","CLASSDSCRP":"SINGLE FAMILY DWELLING, PLATTED LOT","SALEPRICE":0,"SALEDATE":1733806800000}},{"type":"Feature","geometry":{"type":"Polygon","coordinates":[[[-82.834939354801691,40.06719340745321],[-82.83401693055157,40.067335620822213],[-82.834042007241081,40.06768275611271],[-82.834093931788999,40.06783088754905],[-82.835066405217503,40.067502083168542],[-82.835035502114067,40.067444937705247],[-82.835007490312876,40.067386320772783],[-82.834982439666462,40.067326378543164],[-82.834959002213907,40.067260507016528],[-82.834939354801691,40.06719340745321]]]},"properties":{"PARCELID":"222-004779","OWNERNME1":"3940 EBRINGTON LLC","SITEADDRESS":"3940 EBRINGTON RD","RESYRBLT":2017,"RESFLRAREA_AG":7166,"STATEDAREA":0.95640000000000003,"ACRES":0.95869917000000004,"SCHLDSCRP":"NEW ALBANY-PLAIN LSD","CVTTXDSCRP":"PLAIN TWP-NEW ALBANY CORP","CLASSCD":"510","CLASSDSCRP":"SINGLE FAMILY DWELLING, PLATTED LOT","SALEPRICE":3700000,"SALEDATE":1770267600000}},{"type":"Feature","geometry":{"type":"Polygon","coordinates":[[[-82.83566483519229,40.067164309474094],[-82.83523606703811,40.067321356756651],[-82.835228311264359,40.06732371938557],[-82.835221029705991,40.067327284907876],[-82.835214407556933,40.06733196264063],[-82.835208613240226,40.067337633613711],[-82.835203794124382,40.067344153595627],[-82.835200072775351,40.067351356761819],[-82.835197543839271,40.067359059912093],[-82.835196271635311,40.067367067130014],[-82.835196288519782,40.067375174765715],[-82.83519759406326,40.067383176615373],[-82.8352001550615,40.067390869165656],[-82.835236988689189,40.067458291310125],[-82.835277868571595,40.067523339729846],[-82.835322642292098,40.067585771898194],[-82.835386034154453,40.06766902347654],[-82.835887799512491,40.067457050540384],[-82.835664935297999,40.067164406453998],[-82.83566483519229,40.067164309474094]]]},"properties":{"PARCELID":"222-004757","OWNERNME1":"PRESCOTT COLIN","SITEADDRESS":"3925 EBRINGTON RD","RESYRBLT":2024,"RESFLRAREA_AG":5622,"STATEDAREA":0.46160000000000001,"ACRES":0.46279418999999999,"SCHLDSCRP":"NEW ALBANY-PLAIN LSD","CVTTXDSCRP":"PLAIN TWP-NEW ALBANY CORP","CLASSCD":"510","CLASSDSCRP":"SINGLE FAMILY DWELLING, PLATTED LOT","SALEPRICE":400000,"SALEDATE":1691557200000}},{"type":"Feature","geometry":{"type":"Polygon","coordinates":[[[-82.833982418686162,40.06685787706153],[-82.83401693055157,40.067335620822213],[-82.834939354801691,40.06719340745321],[-82.834921467359877,40.067113986844511],[-82.83490917629517,40.067033509994488],[-82.834902541759391,40.066952370752468],[-82.834901596221599,40.066870966209478],[-82.833982418686162,40.06685787706153]]]},"properties":{"PARCELID":"222-004780","OWNERNME1":"EBRINGTON HOLDINGS LLC","SITEADDRESS":"3930 EBRINGTON RD","RESYRBLT":2023,"RESFLRAREA_AG":7118,"STATEDAREA":0.8599,"ACRES":0.86203534000000004,"SCHLDSCRP":"NEW ALBANY-PLAIN LSD","CVTTXDSCRP":"PLAIN TWP-NEW ALBANY CORP","CLASSCD":"510","CLASSDSCRP":"SINGLE FAMILY DWELLING, PLATTED LOT","SALEPRICE":0,"SALEDATE":1646370000000}},{"type":"Feature","geometry":{"type":"Polygon","coordinates":[[[-82.835726519667318,40.066756904588921],[-82.83509268926953,40.066737097952945],[-82.8350833248805,40.066817478736169],[-82.835080177152221,40.0668983419163],[-82.835083264772535,40.066979207413858],[-82.835092569410449,40.067059595135596],[-82.835108035824931,40.067139027824823],[-82.835113639573621,40.067149747881338],[-82.835120865758185,40.067159448596136],[-82.835129533066421,40.067167886568583],[-82.835139424026892,40.067174850081493],[-82.835150290465492,40.067180164413351],[-82.835161859732395,40.067183696222266],[-82.835173841543138,40.067185356891599],[-82.835185935262061,40.067185104753499],[-82.835197837445662,40.067182946134373],[-82.835209249456227,40.067178935196111],[-82.835723751928185,40.06699061441909],[-82.835726519667318,40.066756904588921]]]},"properties":{"PARCELID":"222-004756","OWNERNME1":"KANTA PROPERTIES LLC","SITEADDRESS":"3915 EBRINGTON RD","RESYRBLT":2022,"RESFLRAREA_AG":5154,"STATEDAREA":0.52680000000000005,"ACRES":0.52830907999999999,"SCHLDSCRP":"NEW ALBANY-PLAIN LSD","CVTTXDSCRP":"PLAIN TWP-NEW ALBANY CORP","CLASSCD":"510","CLASSDSCRP":"SINGLE FAMILY DWELLING, PLATTED LOT","SALEPRICE":2200000,"SALEDATE":1685509200000}},{"type":"Feature","geometry":{"type":"Polygon","coordinates":[[[-82.833974723938724,40.066751364005221],[-82.833982418686162,40.06685787706153],[-82.834901596221599,40.066870966209478],[-82.834906179134038,40.066792678483921],[-82.834915989192481,40.066714872739837],[-82.834930982442302,40.066637897591129],[-82.834951091705221,40.066562097930152],[-82.834017880345598,40.066396875726632],[-82.833974723938724,40.066751364005221]]]},"properties":{"PARCELID":"222-004781","OWNERNME1":"3920 EBRINGTON LLC","SITEADDRESS":"EBRINGTON RD","RESYRBLT":null,"RESFLRAREA_AG":null,"STATEDAREA":0.8448,"ACRES":0.84685094999999999,"SCHLDSCRP":"NEW ALBANY-PLAIN LSD","CVTTXDSCRP":"PLAIN TWP-NEW ALBANY CORP","CLASSCD":"500","CLASSDSCRP":"RESIDENTIAL, VACANT LAND, LOT","SALEPRICE":0,"SALEDATE":1763960400000}},{"type":"Feature","geometry":{"type":"Polygon","coordinates":[[[-82.835229678473539,40.066351473230078],[-82.835191118684747,40.066424166236366],[-82.835157977496578,40.06649948417661],[-82.835130432341487,40.066577023811028],[-82.835108630691664,40.066656370005269],[-82.83509268926953,40.066737097952945],[-82.835726519667318,40.066756904588921],[-82.835730850387151,40.066415987976931],[-82.835229678473539,40.066351473230078]]]},"properties":{"PARCELID":"222-004755","OWNERNME1":"MERZLIKINS ALEKSANDRA","SITEADDRESS":"3905 EBRINGTON RD","RESYRBLT":2021,"RESFLRAREA_AG":4330,"STATEDAREA":0.50019999999999998,"ACRES":0.50153400000000004,"SCHLDSCRP":"NEW ALBANY-PLAIN LSD","CVTTXDSCRP":"PLAIN TWP-NEW ALBANY CORP","CLASSCD":"510","CLASSDSCRP":"SINGLE FAMILY DWELLING, PLATTED LOT","SALEPRICE":1839000,"SALEDATE":1653282000000}},{"type":"Feature","geometry":{"type":"Polygon","coordinates":[[[-82.83536200548788,40.066138238346433],[-82.83525521446586,40.066308790732236],[-82.835229678473539,40.066351473230078],[-82.835730850387151,40.066415987976931],[-82.835887480968751,40.066420386613487],[-82.836003837590411,40.066018142396871],[-82.835923343130759,40.066003324011803],[-82.835843247618044,40.065986482057845],[-82.835830273706478,40.065984407237643],[-82.835817135126476,40.065984336699643],[-82.835804139684981,40.065986272096374],[-82.835791591835545,40.065990168085918],[-82.83577978554564,40.06599593339412],[-82.835768997409687,40.066003432952961],[-82.83572758923394,40.066034040058938],[-82.835683016529785,40.066059821951796],[-82.835635839045267,40.066080454860206],[-82.835586649239488,40.066095679674241],[-82.835536064842472,40.066105305199315],[-82.835484721097629,40.066109210557208],[-82.835433262784335,40.066107346704086],[-82.835421661641092,40.066106870568234],[-82.835410119649637,40.06610813376377],[-82.835398896117368,40.06611110791119],[-82.835388243197016,40.066115726192002],[-82.835378400221728,40.06612188484992],[-82.835369588328078,40.066129445521838],[-82.83536200548788,40.066138238346433]]]},"properties":{"PARCELID":"222-004754","OWNERNME1":"NIEDERPRUEM MOLLIE E TTEE","SITEADDRESS":"7210 EBRINGTON RD","RESYRBLT":2023,"RESFLRAREA_AG":4862,"STATEDAREA":0.50490000000000002,"ACRES":0.50635761000000001,"SCHLDSCRP":"NEW ALBANY-PLAIN LSD","CVTTXDSCRP":"PLAIN TWP-NEW ALBANY CORP","CLASSCD":"510","CLASSDSCRP":"SINGLE FAMILY DWELLING, PLATTED LOT","SALEPRICE":0,"SALEDATE":1782968400000}},{"type":"Feature","geometry":{"type":"Polygon","coordinates":[[[-82.835080270169982,40.066271653163412],[-82.834748375324409,40.06614034080021],[-82.834563342351785,40.066067133848634],[-82.834229355464203,40.065887540665088],[-82.834081113887009,40.065877464646945],[-82.834017880345598,40.066396875726632],[-82.834951091705221,40.066562097930152],[-82.834976541011201,40.066486610805114],[-82.835006634404607,40.066412852002969],[-82.835041255444239,40.06634110692066],[-82.835080270169982,40.066271653163412]]]},"properties":{"PARCELID":"222-004782","OWNERNME1":"PETROFF RONALD R","SITEADDRESS":"3910 EBRINGTON RD","RESYRBLT":2021,"RESFLRAREA_AG":5757,"STATEDAREA":0.99939999999999996,"ACRES":1.0017635499999999,"SCHLDSCRP":"NEW ALBANY-PLAIN LSD","CVTTXDSCRP":"PLAIN TWP-NEW ALBANY CORP","CLASSCD":"510","CLASSDSCRP":"SINGLE FAMILY DWELLING, PLATTED LOT","SALEPRICE":600000,"SALEDATE":1603342800000}},{"type":"Feature","geometry":{"type":"Polygon","coordinates":[[[-82.839149796607671,40.066355359946442],[-82.8392465459888,40.066378362381641],[-82.839294445377888,40.066474110255008],[-82.839279170771206,40.066498340233345],[-82.83941651279919,40.066504509113841],[-82.839420283088359,40.066471557513296],[-82.839431234247257,40.066372977532701],[-82.839419784840146,40.06636971616819],[-82.838525938410285,40.066113867791273],[-82.838798141177222,40.066219236518066],[-82.839139123638304,40.066351229026523],[-82.839149796607671,40.066355359946442]]]},"properties":{"PARCELID":"223-000001","OWNERNME1":"NEW ALBANY CO","SITEADDRESS":"5700 THOMPSON RD","RESYRBLT":null,"RESFLRAREA_AG":null,"STATEDAREA":null,"ACRES":0.11657599,"SCHLDSCRP":"COLUMBUS CSD","CVTTXDSCRP":"PLAIN TWP-NEW ALBANY-COLS","CLASSCD":"500","CLASSDSCRP":"RESIDENTIAL, VACANT LAND, LOT","SALEPRICE":0,"SALEDATE":1441342800000}},{"type":"Feature","geometry":{"type":"Polygon","coordinates":[[[-82.836450970577658,40.065478157823051],[-82.836338160669868,40.065467616663248],[-82.836216936670084,40.065908831118008],[-82.83629958595364,40.065916997353689],[-82.836382423369969,40.065922960065635],[-82.836518783887897,40.065933204095472],[-82.836641121414559,40.065508071938119],[-82.836613926266054,40.065501847363556],[-82.836450970577658,40.065478157823051]]]},"properties":{"PARCELID":"222-004823","OWNERNME1":"HASSE BRIAN R","SITEADDRESS":"HANBYS LP","RESYRBLT":2016,"RESFLRAREA_AG":4226,"STATEDAREA":0.31759999999999999,"ACRES":0.31834458999999998,"SCHLDSCRP":"NEW ALBANY-PLAIN LSD","CVTTXDSCRP":"PLAIN TWP-NEW ALBANY CORP","CLASSCD":"510","CLASSDSCRP":"SINGLE FAMILY DWELLING, PLATTED LOT","SALEPRICE":1950000,"SALEDATE":1699246800000}},{"type":"Feature","geometry":{"type":"Polygon","coordinates":[[[-82.837323223233653,40.068100351536195],[-82.83731446990943,40.068127179997411],[-82.837301613183087,40.06815230153407],[-82.837284971919232,40.068175093097281],[-82.837264958844258,40.068194989424732],[-82.837242070310111,40.068211497059963],[-82.837216873984133,40.068224206590763],[-82.837189994770071,40.06823280280318],[-82.837353207057163,40.068680074127698],[-82.837796428546184,40.068675612024009],[-82.837800919754386,40.068628516166775],[-82.83787377188635,40.068359165979004],[-82.837872861527416,40.068153709883937],[-82.837323223233653,40.068100351536195]]]},"properties":{"PARCELID":"222-004851","OWNERNME1":"CARMEN JESSE TTEE","SITEADDRESS":"7113 ARMSCOTE END","RESYRBLT":2021,"RESFLRAREA_AG":4520,"STATEDAREA":0.7429,"ACRES":0.74487108000000002,"SCHLDSCRP":"NEW ALBANY-PLAIN LSD","CVTTXDSCRP":"PLAIN TWP-NEW ALBANY CORP","CLASSCD":"510","CLASSDSCRP":"SINGLE FAMILY DWELLING, PLATTED LOT","SALEPRICE":0,"SALEDATE":1734411600000}},{"type":"Feature","geometry":{"type":"Polygon","coordinates":[[[-82.837353207057163,40.068680074127698],[-82.837189994770071,40.06823280280318],[-82.837155642015389,40.068243418741169],[-82.837120027893548,40.068248362850667],[-82.837084082438537,40.068247506020249],[-82.837048744336897,40.068240870625338],[-82.837014936414562,40.068228629943924],[-82.836983541538132,40.068211103631505],[-82.836955379559399,40.068188749373562],[-82.836931185905712,40.068162150933482],[-82.836911592374776,40.068132002908023],[-82.836897110635803,40.068099092588518],[-82.836509544140057,40.068273345057008],[-82.83675174124555,40.0685912229536],[-82.836888173882116,40.068770442246525],[-82.837353207057163,40.068680074127698]]]},"properties":{"PARCELID":"222-004852","OWNERNME1":"DEJOHN JOHN","SITEADDRESS":"7112 ARMSCOTE END","RESYRBLT":2021,"RESFLRAREA_AG":5097,"STATEDAREA":0.75700000000000001,"ACRES":0.75891310999999995,"SCHLDSCRP":"NEW ALBANY-PLAIN LSD","CVTTXDSCRP":"PLAIN TWP-NEW ALBANY CORP","CLASSCD":"510","CLASSDSCRP":"SINGLE FAMILY DWELLING, PLATTED LOT","SALEPRICE":325000,"SALEDATE":1588309200000}},{"type":"Feature","geometry":{"type":"Polygon","coordinates":[[[-82.836776494187447,40.067833076739547],[-82.836327844616548,40.06803479301179],[-82.836495598620402,40.068255038673229],[-82.836509544140057,40.068273345057008],[-82.836897110635803,40.068099092588518],[-82.836895626212893,40.068079203396017],[-82.836897251145757,40.068059325189793],[-82.836901945940042,40.068039941113952],[-82.836904628290497,40.068028224068001],[-82.836905490390521,40.068016234866477],[-82.836904512028482,40.068004254591962],[-82.836901716141739,40.067992564117766],[-82.836897168278853,40.067981437522917],[-82.836890975062857,40.067971135666511],[-82.836883281691541,40.067961900071921],[-82.836828501178161,40.067898637955111],[-82.836776494187447,40.067833076739547]]]},"properties":{"PARCELID":"222-004853","OWNERNME1":"BONASERA MICHAEL D TTEE","SITEADDRESS":"7108 ARMSCOTE END","RESYRBLT":2018,"RESFLRAREA_AG":4706,"STATEDAREA":0.33000000000000002,"ACRES":0.33080853999999998,"SCHLDSCRP":"NEW ALBANY-PLAIN LSD","CVTTXDSCRP":"PLAIN TWP-NEW ALBANY CORP","CLASSCD":"510","CLASSDSCRP":"SINGLE FAMILY DWELLING, PLATTED LOT","SALEPRICE":0,"SALEDATE":1740459600000}},{"type":"Feature","geometry":{"type":"Polygon","coordinates":[[[-82.837323223233653,40.068100351536195],[-82.837872861527416,40.068153709883937],[-82.837871487221037,40.067843121559278],[-82.837550004259398,40.067668991152857],[-82.837257808703725,40.067959905506427],[-82.837276338259201,40.06797406624252],[-82.837292361703106,40.067991010861675],[-82.837305465667967,40.068010302232238],[-82.837315312102035,40.068031442681828],[-82.83732164699029,40.068053886836168],[-82.837324306907377,40.068077055688406],[-82.837323223233653,40.068100351536195]]]},"properties":{"PARCELID":"222-004850","OWNERNME1":"MATHERS GERALD","SITEADDRESS":"7109 ARMSCOTE END","RESYRBLT":2021,"RESFLRAREA_AG":4769,"STATEDAREA":0.4718,"ACRES":0.47305986999999999,"SCHLDSCRP":"NEW ALBANY-PLAIN LSD","CVTTXDSCRP":"PLAIN TWP-NEW ALBANY CORP","CLASSCD":"510","CLASSDSCRP":"SINGLE FAMILY DWELLING, PLATTED LOT","SALEPRICE":1885000,"SALEDATE":1649307600000}},{"type":"Feature","geometry":{"type":"Polygon","coordinates":[[[-82.836614897664219,40.067578479871237],[-82.836142173063806,40.067791020387759],[-82.836292684341785,40.06798863112158],[-82.836327844616548,40.06803479301179],[-82.836776494187447,40.067833076739547],[-82.836717867751446,40.0677512961337],[-82.836663945070342,40.067666340433746],[-82.836614897664219,40.067578479871237]]]},"properties":{"PARCELID":"222-004854","OWNERNME1":"MIRZA ZEYN","SITEADDRESS":"7104 ARMSCOTE END","RESYRBLT":null,"RESFLRAREA_AG":null,"STATEDAREA":0.34899999999999998,"ACRES":0.34988386999999999,"SCHLDSCRP":"NEW ALBANY-PLAIN LSD","CVTTXDSCRP":"PLAIN TWP-NEW ALBANY CORP","CLASSCD":"500","CLASSDSCRP":"RESIDENTIAL, VACANT LAND, LOT","SALEPRICE":515000,"SALEDATE":1700024400000}},{"type":"Feature","geometry":{"type":"Polygon","coordinates":[[[-82.837254828947096,40.067475955326351],[-82.836891287179526,40.067709263377381],[-82.836953660432599,40.067793081261208],[-82.837020855398563,40.067873085616711],[-82.837037307256566,40.067887544800264],[-82.837055843641167,40.067899212450705],[-82.837075995554841,40.067907793359502],[-82.837097253124867,40.06791307041717],[-82.837119078503761,40.067914910106474],[-82.837155881627609,40.06791832513013],[-82.837191784080801,40.067927108419184],[-82.837226007189798,40.06794106947649],[-82.837257808703725,40.067959905506427],[-82.837550004259398,40.067668991152857],[-82.837321707337324,40.067545331881838],[-82.837254828947096,40.067475955326351]]]},"properties":{"PARCELID":"222-004849","OWNERNME1":"YANG ERIC","SITEADDRESS":"ARMSCOTE END","RESYRBLT":2016,"RESFLRAREA_AG":4172,"STATEDAREA":0.39760000000000001,"ACRES":0.39859451000000001,"SCHLDSCRP":"NEW ALBANY-PLAIN LSD","CVTTXDSCRP":"PLAIN TWP-NEW ALBANY CORP","CLASSCD":"510","CLASSDSCRP":"SINGLE FAMILY DWELLING, PLATTED LOT","SALEPRICE":1900000,"SALEDATE":1707800400000}},{"type":"Feature","geometry":{"type":"Polygon","coordinates":[[[-82.836504821394598,40.067312010220682],[-82.836177287124244,40.067407742127479],[-82.835909794964209,40.067485924260936],[-82.836090239977182,40.067722840571854],[-82.836142173063806,40.067791020387759],[-82.836614897664219,40.067578479871237],[-82.836572955071674,40.067491886625632],[-82.836536219906506,40.06740295913329],[-82.836504821394598,40.067312010220682]]]},"properties":{"PARCELID":"222-004855","OWNERNME1":"BRESSLER M RANDY","SITEADDRESS":"ARMSCOTE END","RESYRBLT":2016,"RESFLRAREA_AG":5052,"STATEDAREA":0.43059999999999998,"ACRES":0.43168809000000002,"SCHLDSCRP":"NEW ALBANY-PLAIN LSD","CVTTXDSCRP":"PLAIN TWP-NEW ALBANY CORP","CLASSCD":"510","CLASSDSCRP":"SINGLE FAMILY DWELLING, PLATTED LOT","SALEPRICE":2825000,"SALEDATE":1754629200000}},{"type":"Feature","geometry":{"type":"Polygon","coordinates":[[[-82.837871487221037,40.067843121559278],[-82.83787121367024,40.067781417085818],[-82.838063081281874,40.067636123882075],[-82.837912406377384,40.067518670102935],[-82.837625665151464,40.067295147823899],[-82.837321707337324,40.067545331881838],[-82.837550004259398,40.067668991152857],[-82.837871487221037,40.067843121559278]]]},"properties":{"PARCELID":"222-004844","OWNERNME1":"ALFONSO MARK","SITEADDRESS":"7014 HANBYS LP","RESYRBLT":2018,"RESFLRAREA_AG":4425,"STATEDAREA":0.43430000000000002,"ACRES":0.43544031,"SCHLDSCRP":"NEW ALBANY-PLAIN LSD","CVTTXDSCRP":"PLAIN TWP-NEW ALBANY CORP","CLASSCD":"510","CLASSDSCRP":"SINGLE FAMILY DWELLING, PLATTED LOT","SALEPRICE":275000,"SALEDATE":1478062800000}},{"type":"Feature","geometry":{"type":"Polygon","coordinates":[[[-82.836675018123913,40.067267736948921],[-82.836706877041422,40.067361181847957],[-82.836744596608227,40.067452418759679],[-82.836788025037976,40.06754108053989],[-82.836836987571374,40.067626810406935],[-82.836891287179526,40.067709263377381],[-82.837254828947096,40.067475955326351],[-82.837061003043573,40.067274894593012],[-82.836675018123913,40.067267736948921]]]},"properties":{"PARCELID":"222-004848","OWNERNME1":"KING BAILEY LLC","SITEADDRESS":"7101 ARMSCOTE END","RESYRBLT":2017,"RESFLRAREA_AG":5037,"STATEDAREA":0.35020000000000001,"ACRES":0.35111466000000002,"SCHLDSCRP":"NEW ALBANY-PLAIN LSD","CVTTXDSCRP":"PLAIN TWP-NEW ALBANY CORP","CLASSCD":"510","CLASSDSCRP":"SINGLE FAMILY DWELLING, PLATTED LOT","SALEPRICE":2200000,"SALEDATE":1712120400000}},{"type":"Feature","geometry":{"type":"Polygon","coordinates":[[[-82.835800725314371,40.067114667842311],[-82.83566483519229,40.067164309474094],[-82.835664935297999,40.067164406453998],[-82.835887799512491,40.067457050540384],[-82.835909794964209,40.067485924260936],[-82.836177287124244,40.067407742127479],[-82.83599664276106,40.067042908398328],[-82.835800725314371,40.067114667842311]]]},"properties":{"PARCELID":"222-004847","OWNERNME1":"BOYER KRISTI","SITEADDRESS":"7030 HANBYS LOOP","RESYRBLT":2017,"RESFLRAREA_AG":4482,"STATEDAREA":0.28960000000000002,"ACRES":0.29040655999999998,"SCHLDSCRP":"NEW ALBANY-PLAIN LSD","CVTTXDSCRP":"PLAIN TWP-NEW ALBANY CORP","CLASSCD":"510","CLASSDSCRP":"SINGLE FAMILY DWELLING, PLATTED LOT","SALEPRICE":2035000,"SALEDATE":1780030800000}},{"type":"Feature","geometry":{"type":"Polygon","coordinates":[[[-82.836621248024088,40.066994682915713],[-82.836633139157684,40.06708681991018],[-82.83665108864345,40.06717797055893],[-82.836675018123913,40.067267736948921],[-82.837061003043573,40.067274894593012],[-82.837213394286991,40.067047221909405],[-82.837113546156274,40.067011874556876],[-82.837011648833538,40.066982960543655],[-82.836908116363063,40.066960597357436],[-82.836803369433298,40.066944875867627],[-82.836697833667415,40.066935859956104],[-82.836687005726773,40.066934749732887],[-82.836676144771431,40.066935468442409],[-82.836665557542048,40.06693799578651],[-82.836655543048565,40.066942260386647],[-82.836646384125402,40.066948141799813],[-82.836638339443553,40.066955473920125],[-82.836631636205041,40.066964049670105],[-82.836626463726148,40.066973626849034],[-82.836622968090651,40.066983934973344],[-82.836621248024088,40.066994682915713]]]},"properties":{"PARCELID":"222-004857","OWNERNME1":"CITY OF NEW ALBANY","SITEADDRESS":"HANBY LP","RESYRBLT":null,"RESFLRAREA_AG":null,"STATEDAREA":0.35830000000000001,"ACRES":0.35924524000000002,"SCHLDSCRP":"NEW ALBANY-PLAIN LSD","CVTTXDSCRP":"PLAIN TWP-NEW ALBANY CORP","CLASSCD":"640","CLASSDSCRP":"EXEMPT PROPERTY OWNED BY MUNICIPALS","SALEPRICE":0,"SALEDATE":1481259600000}},{"type":"Feature","geometry":{"type":"Polygon","coordinates":[[[-82.837213394286991,40.067047221909405],[-82.837061003043573,40.067274894593012],[-82.837254828947096,40.067475955326351],[-82.837321707337324,40.067545331881838],[-82.837625665151464,40.067295147823899],[-82.837555303293598,40.067240300168464],[-82.837475212799419,40.06718300008886],[-82.837391243746552,40.067131551235221],[-82.837303822830322,40.067086215048946],[-82.837213394286991,40.067047221909405]]]},"properties":{"PARCELID":"222-004845","OWNERNME1":"TAMARKIN MARIA","SITEADDRESS":"7018 HANBYS LP","RESYRBLT":2019,"RESFLRAREA_AG":4654,"STATEDAREA":0.34039999999999998,"ACRES":0.34126179000000001,"SCHLDSCRP":"NEW ALBANY-PLAIN LSD","CVTTXDSCRP":"PLAIN TWP-NEW ALBANY CORP","CLASSCD":"510","CLASSDSCRP":"SINGLE FAMILY DWELLING, PLATTED LOT","SALEPRICE":2350000,"SALEDATE":1759986000000}},{"type":"Feature","geometry":{"type":"Polygon","coordinates":[[[-82.836022517529642,40.067033429355057],[-82.83599664276106,40.067042908398328],[-82.836177287124244,40.067407742127479],[-82.836504821394598,40.067312010220682],[-82.836483095090671,40.067235389127362],[-82.836465423961386,40.067157732476566],[-82.836451856808651,40.067079254730736],[-82.836442431100551,40.067000172619927],[-82.8364383838707,40.066988807070594],[-82.836432442283012,40.066978306912645],[-82.836424783394023,40.066968985045854],[-82.836415635435003,40.066961119257464],[-82.836405271010847,40.066954943944275],[-82.836393998976504,40.066950643127718],[-82.836382155233323,40.0669483449701],[-82.836370092719264,40.066948117955434],[-82.836358170891572,40.066949968848661],[-82.836272722691888,40.066964162351567],[-82.836188141456788,40.066982840280403],[-82.836104662364733,40.067005950701102],[-82.836022517529642,40.067033429355057]]]},"properties":{"PARCELID":"222-004846","OWNERNME1":"PERSICHETTI JOSEPH MICHAEL NATALUCCI","SITEADDRESS":"7096 ARMSCOTE END","RESYRBLT":2017,"RESFLRAREA_AG":4939,"STATEDAREA":0.36049999999999999,"ACRES":0.36145791999999999,"SCHLDSCRP":"NEW ALBANY-PLAIN LSD","CVTTXDSCRP":"PLAIN TWP-NEW ALBANY CORP","CLASSCD":"510","CLASSDSCRP":"SINGLE FAMILY DWELLING, PLATTED LOT","SALEPRICE":0,"SALEDATE":1549947600000}},{"type":"Feature","geometry":{"type":"Polygon","coordinates":[[[-82.837366705342632,40.06695515208316],[-82.837439693480661,40.066989977614959],[-82.837510773588505,40.067028548384016],[-82.837579753650445,40.067070760195307],[-82.837646447323806,40.067116499017878],[-82.837916312545914,40.066878840515322],[-82.837623107248618,40.066717512172822],[-82.837566060480512,40.066692946193811],[-82.837366705342632,40.06695515208316]]]},"properties":{"PARCELID":"222-004842","OWNERNME1":"PATEL VIREN","SITEADDRESS":"7009 HANBYS LP","RESYRBLT":2022,"RESFLRAREA_AG":3634,"STATEDAREA":0.27700000000000002,"ACRES":0.27773344999999999,"SCHLDSCRP":"NEW ALBANY-PLAIN LSD","CVTTXDSCRP":"PLAIN TWP-NEW ALBANY CORP","CLASSCD":"510","CLASSDSCRP":"SINGLE FAMILY DWELLING, PLATTED LOT","SALEPRICE":1040000,"SALEDATE":1652158800000}},{"type":"Feature","geometry":{"type":"Polygon","coordinates":[[[-82.838789134196929,40.066930958695522],[-82.838737544138823,40.066893823954842],[-82.837912406377384,40.067518670102935],[-82.838063081281874,40.067636123882075],[-82.838364027499736,40.067408230364258],[-82.838415043370219,40.067337470275234],[-82.838624909451624,40.067083272096831],[-82.838789134196929,40.066930958695522]]]},"properties":{"PARCELID":"222-004856","OWNERNME1":"CITY OF NEW ALBANY","SITEADDRESS":"HANBY LP","RESYRBLT":null,"RESFLRAREA_AG":null,"STATEDAREA":0.33339999999999997,"ACRES":0.33431003999999998,"SCHLDSCRP":"NEW ALBANY-PLAIN LSD","CVTTXDSCRP":"PLAIN TWP-NEW ALBANY CORP","CLASSCD":"640","CLASSDSCRP":"EXEMPT PROPERTY OWNED BY MUNICIPALS","SALEPRICE":0,"SALEDATE":1481259600000}},{"type":"Feature","geometry":{"type":"Polygon","coordinates":[[[-82.837916312545914,40.066878840515322],[-82.837646447323806,40.067116499017878],[-82.83768269914161,40.067143829236699],[-82.837788678521221,40.067226442019567],[-82.837817483257325,40.067243895860152],[-82.837848625125986,40.067256722917087],[-82.837881366470242,40.067264619356074],[-82.837914931746425,40.067267398134298],[-82.837948525894348,40.067264993430875],[-82.837981353169965,40.06725746220598],[-82.838012635994133,40.067244982851619],[-82.838041633371077,40.067227850966056],[-82.838207062929172,40.067102575733813],[-82.837916312545914,40.066878840515322]]]},"properties":{"PARCELID":"222-004843","OWNERNME1":"GRAFTON JANET ELAINE","SITEADDRESS":"7005 HANBYS LP","RESYRBLT":2022,"RESFLRAREA_AG":3624,"STATEDAREA":0.27889999999999998,"ACRES":0.27964442,"SCHLDSCRP":"NEW ALBANY-PLAIN LSD","CVTTXDSCRP":"PLAIN TWP-NEW ALBANY CORP","CLASSCD":"510","CLASSDSCRP":"SINGLE FAMILY DWELLING, PLATTED LOT","SALEPRICE":410000,"SALEDATE":1644901200000}},{"type":"Feature","geometry":{"type":"Polygon","coordinates":[[[-82.837050466605874,40.066848164587043],[-82.83715804166026,40.066877209726279],[-82.837263592025934,40.066912918727184],[-82.837366705342632,40.06695515208316],[-82.837566060480512,40.066692946193811],[-82.837309351142864,40.06658240569562],[-82.83717312557458,40.066544501762444],[-82.837050466605874,40.066848164587043]]]},"properties":{"PARCELID":"222-004841","OWNERNME1":"JENNER BOONE","SITEADDRESS":"7013 HANBYS LP","RESYRBLT":2022,"RESFLRAREA_AG":4524,"STATEDAREA":0.28439999999999999,"ACRES":0.28512156,"SCHLDSCRP":"NEW ALBANY-PLAIN LSD","CVTTXDSCRP":"PLAIN TWP-NEW ALBANY CORP","CLASSCD":"510","CLASSDSCRP":"SINGLE FAMILY DWELLING, PLATTED LOT","SALEPRICE":1495000,"SALEDATE":1678424400000}},{"type":"Feature","geometry":{"type":"Polygon","coordinates":[[[-82.836746610979901,40.066801133980078],[-82.836848682359687,40.066811415614438],[-82.836950063080835,40.066827107266796],[-82.837050466605874,40.066848164587043],[-82.83717312557458,40.066544501762444],[-82.836971912075001,40.06648851515174],[-82.836789176693259,40.066464061436939],[-82.836746610979901,40.066801133980078]]]},"properties":{"PARCELID":"222-004840","OWNERNME1":"PALACIOS DENNY F","SITEADDRESS":"7017 HANBYS LP","RESYRBLT":2023,"RESFLRAREA_AG":3392,"STATEDAREA":0.27279999999999999,"ACRES":0.27348837999999998,"SCHLDSCRP":"NEW ALBANY-PLAIN LSD","CVTTXDSCRP":"PLAIN TWP-NEW ALBANY CORP","CLASSCD":"510","CLASSDSCRP":"SINGLE FAMILY DWELLING, PLATTED LOT","SALEPRICE":647200,"SALEDATE":1651813200000}},{"type":"Feature","geometry":{"type":"Polygon","coordinates":[[[-82.838372832917273,40.066977043507684],[-82.838387944773572,40.066965458260242],[-82.83840096216116,40.066951561002263],[-82.838411535679754,40.066935724750699],[-82.838419381525043,40.066918374567102],[-82.838424289106342,40.066899976148555],[-82.838426126699019,40.066881023327866],[-82.838424844980167,40.066862024818555],[-82.838420478352461,40.066843490560501],[-82.838413144020777,40.066825918032578],[-82.838403038846224,40.06680977889981],[-82.838390434062276,40.066795506353415],[-82.838375667994512,40.066783483483462],[-82.838280767095085,40.066711446675477],[-82.838183034247464,40.066643301441495],[-82.837916312545914,40.066878840515322],[-82.838207062929172,40.067102575733813],[-82.838372832917273,40.066977043507684]]]},"properties":{"PARCELID":"222-004830","OWNERNME1":"RAJAMANI THAIRAJAN","SITEADDRESS":"6964 HANBYS LP","RESYRBLT":2020,"RESFLRAREA_AG":4177,"STATEDAREA":0.30299999999999999,"ACRES":0.30381882999999998,"SCHLDSCRP":"NEW ALBANY-PLAIN LSD","CVTTXDSCRP":"PLAIN TWP-NEW ALBANY CORP","CLASSCD":"510","CLASSDSCRP":"SINGLE FAMILY DWELLING, PLATTED LOT","SALEPRICE":250000,"SALEDATE":1575435600000}},{"type":"Feature","geometry":{"type":"Polygon","coordinates":[[[-82.837852514058625,40.066450439896805],[-82.837623107248618,40.066717512172822],[-82.837916312545914,40.066878840515322],[-82.838183034247464,40.066643301441495],[-82.838075460825152,40.066574625942899],[-82.837965228717252,40.066510304502579],[-82.837852514058625,40.066450439896805]]]},"properties":{"PARCELID":"222-004831","OWNERNME1":"SNOWDEN WILLIAM L","SITEADDRESS":"6968 HANBYS LP","RESYRBLT":2022,"RESFLRAREA_AG":3825,"STATEDAREA":0.28899999999999998,"ACRES":0.28971056000000001,"SCHLDSCRP":"NEW ALBANY-PLAIN LSD","CVTTXDSCRP":"PLAIN TWP-NEW ALBANY CORP","CLASSCD":"510","CLASSDSCRP":"SINGLE FAMILY DWELLING, PLATTED LOT","SALEPRICE":1675000,"SALEDATE":1681275600000}},{"type":"Feature","geometry":{"type":"Polygon","coordinates":[[[-82.836746610979901,40.066801133980078],[-82.836789176693259,40.066464061436939],[-82.836620220013955,40.066441452950158],[-82.836383756436263,40.066434335219633],[-82.836370493742393,40.066433963402105],[-82.836425868923797,40.066803349439787],[-82.836532690640311,40.066796818849745],[-82.836639709242874,40.066796079640781],[-82.836746610979901,40.066801133980078]]]},"properties":{"PARCELID":"222-004839","OWNERNME1":"MERCADO LTD","SITEADDRESS":"7021 HANBYS LP","RESYRBLT":2022,"RESFLRAREA_AG":4183,"STATEDAREA":0.30659999999999998,"ACRES":0.30734843000000001,"SCHLDSCRP":"NEW ALBANY-PLAIN LSD","CVTTXDSCRP":"PLAIN TWP-NEW ALBANY CORP","CLASSCD":"510","CLASSDSCRP":"SINGLE FAMILY DWELLING, PLATTED LOT","SALEPRICE":0,"SALEDATE":1700456400000}},{"type":"Feature","geometry":{"type":"Polygon","coordinates":[[[-82.836000015212633,40.066423562005376],[-82.836110722620091,40.06685777348104],[-82.836214707469424,40.066833794774091],[-82.836319864680149,40.066815634699523],[-82.836425868923797,40.066803349439787],[-82.836370493742393,40.066433963402105],[-82.83630188833834,40.066432037901109],[-82.836000015212633,40.066423562005376]]]},"properties":{"PARCELID":"222-004838","OWNERNME1":"ZUIKA ERIKS JANIS PAULS","SITEADDRESS":"7025 HANBYS LP","RESYRBLT":2021,"RESFLRAREA_AG":3493,"STATEDAREA":0.32250000000000001,"ACRES":0.32336426000000001,"SCHLDSCRP":"NEW ALBANY-PLAIN LSD","CVTTXDSCRP":"PLAIN TWP-NEW ALBANY CORP","CLASSCD":"510","CLASSDSCRP":"SINGLE FAMILY DWELLING, PLATTED LOT","SALEPRICE":760000,"SALEDATE":1617598800000}},{"type":"Feature","geometry":{"type":"Polygon","coordinates":[[[-82.835887480968751,40.066420386613487],[-82.835730850387151,40.066415987976931],[-82.835726519667318,40.066756904588921],[-82.835723751928185,40.06699061441909],[-82.83594554266918,40.066909376977215],[-82.836027515005966,40.066881598201739],[-82.836110722620091,40.06685777348104],[-82.836000015212633,40.066423562005376],[-82.835887480968751,40.066420386613487]]]},"properties":{"PARCELID":"222-004837","OWNERNME1":"PLAZA JOSE ANTONIO","SITEADDRESS":"7029 HANBYS LP","RESYRBLT":2018,"RESFLRAREA_AG":4037,"STATEDAREA":0.3911,"ACRES":0.39216422000000001,"SCHLDSCRP":"NEW ALBANY-PLAIN LSD","CVTTXDSCRP":"PLAIN TWP-NEW ALBANY CORP","CLASSCD":"510","CLASSDSCRP":"SINGLE FAMILY DWELLING, PLATTED LOT","SALEPRICE":1070000,"SALEDATE":1591765200000}},{"type":"Feature","geometry":{"type":"Polygon","coordinates":[[[-82.839139123638304,40.066351229026523],[-82.838575106807966,40.066745867915415],[-82.838657748245666,40.066818283908113],[-82.838737544138823,40.066893823954842],[-82.838789134196929,40.066930958695522],[-82.839127531469927,40.066693324958536],[-82.839206615044006,40.066613426974776],[-82.839279170771206,40.066498340233345],[-82.839294445377888,40.066474110255008],[-82.8392465459888,40.066378362381641],[-82.839149796607671,40.066355359946442],[-82.839139123638304,40.066351229026523]]]},"properties":{"PARCELID":"222-004829","OWNERNME1":"SHORT SAMUEL","SITEADDRESS":"6961 HANBYS LP","RESYRBLT":2024,"RESFLRAREA_AG":6196,"STATEDAREA":0.43219999999999997,"ACRES":0.43332066000000002,"SCHLDSCRP":"NEW ALBANY-PLAIN LSD","CVTTXDSCRP":"PLAIN TWP-NEW ALBANY CORP","CLASSCD":"599","CLASSDSCRP":"OTHER RESIDENTIAL","SALEPRICE":2000000,"SALEDATE":1713848400000}},{"type":"Feature","geometry":{"type":"Polygon","coordinates":[[[-82.839139123638304,40.066351229026523],[-82.838798141177222,40.066219236518066],[-82.838364030299374,40.066583235756248],[-82.838471345191394,40.066662245978925],[-82.838575106807966,40.066745867915415],[-82.839139123638304,40.066351229026523]]]},"properties":{"PARCELID":"222-004828","OWNERNME1":"RAVIPATI VIJAY","SITEADDRESS":"6965 HANBYS LP","RESYRBLT":2020,"RESFLRAREA_AG":3600,"STATEDAREA":0.41489999999999999,"ACRES":0.41596333000000002,"SCHLDSCRP":"NEW ALBANY-PLAIN LSD","CVTTXDSCRP":"PLAIN TWP-NEW ALBANY CORP","CLASSCD":"510","CLASSDSCRP":"SINGLE FAMILY DWELLING, PLATTED LOT","SALEPRICE":1345062,"SALEDATE":1624942800000}},{"type":"Feature","geometry":{"type":"Polygon","coordinates":[[[-82.837491702484499,40.066292873752438],[-82.837309351142864,40.06658240569562],[-82.837566060480512,40.066692946193811],[-82.837623107248618,40.066717512172822],[-82.837852514058625,40.066450439896805],[-82.837734255933881,40.066393387606929],[-82.837613928221629,40.066340840585049],[-82.837491702484499,40.066292873752438]]]},"properties":{"PARCELID":"222-004832","OWNERNME1":"MONAHAN SEAN","SITEADDRESS":"6972 HANBYS LP","RESYRBLT":2020,"RESFLRAREA_AG":4839,"STATEDAREA":0.29289999999999999,"ACRES":0.29366732000000001,"SCHLDSCRP":"NEW ALBANY-PLAIN LSD","CVTTXDSCRP":"PLAIN TWP-NEW ALBANY CORP","CLASSCD":"510","CLASSDSCRP":"SINGLE FAMILY DWELLING, PLATTED LOT","SALEPRICE":2253000,"SALEDATE":1723525200000}},{"type":"Feature","geometry":{"type":"Polygon","coordinates":[[[-82.837309351142864,40.06658240569562],[-82.837491702484499,40.066292873752438],[-82.837364912509045,40.066248420860518],[-82.837236602357308,40.06620856785009],[-82.83710693885071,40.066173366535729],[-82.836971912075001,40.06648851515174],[-82.83717312557458,40.066544501762444],[-82.837309351142864,40.06658240569562]]]},"properties":{"PARCELID":"222-004833","OWNERNME1":"SPERWER KIMBERLY","SITEADDRESS":"6976 HANBYS LP","RESYRBLT":2017,"RESFLRAREA_AG":3666,"STATEDAREA":0.29780000000000001,"ACRES":0.29861407000000001,"SCHLDSCRP":"NEW ALBANY-PLAIN LSD","CVTTXDSCRP":"PLAIN TWP-NEW ALBANY CORP","CLASSCD":"510","CLASSDSCRP":"SINGLE FAMILY DWELLING, PLATTED LOT","SALEPRICE":1200000,"SALEDATE":1630386000000}},{"type":"Feature","geometry":{"type":"Polygon","coordinates":[[[-82.836705008027891,40.066094020414212],[-82.836620220013955,40.066441452950158],[-82.836789176693259,40.066464061436939],[-82.836971912075001,40.06648851515174],[-82.83710693885071,40.066173366535729],[-82.836973911433645,40.066142250889818],[-82.836839880184428,40.06611579146152],[-82.836705008027891,40.066094020414212]]]},"properties":{"PARCELID":"222-004834","OWNERNME1":"SACCO GEORGE","SITEADDRESS":"6980 HANBYS LP","RESYRBLT":2022,"RESFLRAREA_AG":4672,"STATEDAREA":0.31109999999999999,"ACRES":0.31189335000000001,"SCHLDSCRP":"NEW ALBANY-PLAIN LSD","CVTTXDSCRP":"PLAIN TWP-NEW ALBANY CORP","CLASSCD":"510","CLASSDSCRP":"SINGLE FAMILY DWELLING, PLATTED LOT","SALEPRICE":1554897,"SALEDATE":1643605200000}},{"type":"Feature","geometry":{"type":"Polygon","coordinates":[[[-82.836354070887921,40.066059088271082],[-82.83630188833834,40.066432037901109],[-82.836370493742393,40.066433963402105],[-82.836383756436263,40.066434335219633],[-82.836620220013955,40.066441452950158],[-82.836705008027891,40.066094020414212],[-82.836537210043957,40.066073475749889],[-82.83636869812635,40.066059985743578],[-82.836354070887921,40.066059088271082]]]},"properties":{"PARCELID":"222-004835","OWNERNME1":"GIRARDI DANIEL","SITEADDRESS":"6984 HANBYS LP","RESYRBLT":2022,"RESFLRAREA_AG":4044,"STATEDAREA":0.28699999999999998,"ACRES":0.2877458,"SCHLDSCRP":"NEW ALBANY-PLAIN LSD","CVTTXDSCRP":"PLAIN TWP-NEW ALBANY CORP","CLASSCD":"510","CLASSDSCRP":"SINGLE FAMILY DWELLING, PLATTED LOT","SALEPRICE":150000,"SALEDATE":1647838800000}},{"type":"Feature","geometry":{"type":"Polygon","coordinates":[[[-82.835887480968751,40.066420386613487],[-82.836000015212633,40.066423562005376],[-82.83630188833834,40.066432037901109],[-82.836354070887921,40.066059088271082],[-82.836236868266795,40.066049569610264],[-82.836120075205685,40.066035915300347],[-82.836003837590411,40.066018142396871],[-82.835887480968751,40.066420386613487]]]},"properties":{"PARCELID":"222-004836","OWNERNME1":"DEAL RYAN","SITEADDRESS":"6988 HANBYS LP","RESYRBLT":2021,"RESFLRAREA_AG":3787,"STATEDAREA":0.34849999999999998,"ACRES":0.34948903999999997,"SCHLDSCRP":"NEW ALBANY-PLAIN LSD","CVTTXDSCRP":"PLAIN TWP-NEW ALBANY CORP","CLASSCD":"510","CLASSDSCRP":"SINGLE FAMILY DWELLING, PLATTED LOT","SALEPRICE":165000,"SALEDATE":1596517200000}},{"type":"Feature","geometry":{"type":"Polygon","coordinates":[[[-82.837470416930131,40.066133839410909],[-82.837586429166464,40.066175443194986],[-82.837701016555684,40.066220824293033],[-82.837814056147593,40.066269934011935],[-82.838062913642588,40.065946948621132],[-82.837652169163917,40.065819131426281],[-82.837470416930131,40.066133839410909]]]},"properties":{"PARCELID":"222-004827","OWNERNME1":"KNAPP SARAH","SITEADDRESS":"6975 HANBYS LP","RESYRBLT":2017,"RESFLRAREA_AG":4815,"STATEDAREA":0.34449999999999997,"ACRES":0.34539913999999999,"SCHLDSCRP":"NEW ALBANY-PLAIN LSD","CVTTXDSCRP":"PLAIN TWP-NEW ALBANY CORP","CLASSCD":"510","CLASSDSCRP":"SINGLE FAMILY DWELLING, PLATTED LOT","SALEPRICE":2550000,"SALEDATE":1780376400000}},{"type":"Feature","geometry":{"type":"Polygon","coordinates":[[[-82.837652169163917,40.065819131426281],[-82.837424237757119,40.065748202861911],[-82.83728661514337,40.065692170177947],[-82.837141937862384,40.066037593737647],[-82.837252337250163,40.066066526492023],[-82.837361860377015,40.066098617203778],[-82.837470416930131,40.066133839410909],[-82.837652169163917,40.065819131426281]]]},"properties":{"PARCELID":"222-004826","OWNERNME1":"THOMPSON MARTY","SITEADDRESS":"6979 HANBYS LP","RESYRBLT":2017,"RESFLRAREA_AG":4704,"STATEDAREA":0.30449999999999999,"ACRES":0.30525405999999999,"SCHLDSCRP":"NEW ALBANY-PLAIN LSD","CVTTXDSCRP":"PLAIN TWP-NEW ALBANY CORP","CLASSCD":"510","CLASSDSCRP":"SINGLE FAMILY DWELLING, PLATTED LOT","SALEPRICE":190000,"SALEDATE":1485234000000}},{"type":"Feature","geometry":{"type":"Polygon","coordinates":[[[-82.83728661514337,40.065692170177947],[-82.837082633972742,40.065609118444556],[-82.836929627300151,40.065574100174153],[-82.836819199435595,40.065971444392993],[-82.836981228279242,40.06600130077144],[-82.837141937862384,40.066037593737647],[-82.83728661514337,40.065692170177947]]]},"properties":{"PARCELID":"222-004825","OWNERNME1":"COHEN KATHERINE","SITEADDRESS":"6983 HANBYS LP","RESYRBLT":2020,"RESFLRAREA_AG":4575,"STATEDAREA":0.32690000000000002,"ACRES":0.32777667999999999,"SCHLDSCRP":"NEW ALBANY-PLAIN LSD","CVTTXDSCRP":"PLAIN TWP-NEW ALBANY CORP","CLASSCD":"510","CLASSDSCRP":"SINGLE FAMILY DWELLING, PLATTED LOT","SALEPRICE":2454776,"SALEDATE":1765947600000}},{"type":"Feature","geometry":{"type":"Polygon","coordinates":[[[-82.836929627300151,40.065574100174153],[-82.836641121414559,40.065508071938119],[-82.836518783887897,40.065933204095472],[-82.836669333537117,40.06594963847332],[-82.836819199435595,40.065971444392993],[-82.836929627300151,40.065574100174153]]]},"properties":{"PARCELID":"222-004824","OWNERNME1":"THOMPSON BRIAN MICHAEL","SITEADDRESS":"6987 HANBYS LP","RESYRBLT":2019,"RESFLRAREA_AG":4055,"STATEDAREA":0.29559999999999997,"ACRES":0.29637671999999998,"SCHLDSCRP":"NEW ALBANY-PLAIN LSD","CVTTXDSCRP":"PLAIN TWP-NEW ALBANY CORP","CLASSCD":"510","CLASSDSCRP":"SINGLE FAMILY DWELLING, PLATTED LOT","SALEPRICE":1800000,"SALEDATE":1672376400000}},{"type":"Feature","geometry":{"type":"Polygon","coordinates":[[[-82.837080052973832,40.068164522364249],[-82.837095842762764,40.068169506771746],[-82.837112229295315,40.068171882335612],[-82.837128784491711,40.068171586996897],[-82.837145075866033,40.068168628470993],[-82.837160677824414,40.068163084046084],[-82.837175182783199,40.068155098564034],[-82.83718821181661,40.068144880636602],[-82.837199424555791,40.068132697195672],[-82.837208528080495,40.068118866519967],[-82.837215284571386,40.068103749920361],[-82.837219517522712,40.068087742301053],[-82.837221116353362,40.06807126184313],[-82.837220039295687,40.068054739080061],[-82.83720789619602,40.068037662588523],[-82.837193172084355,40.068022754135605],[-82.837176247990655,40.068010399521668],[-82.837157561875969,40.068000918458914],[-82.837137597298835,40.067994556297926],[-82.837116870901781,40.067991477678447],[-82.837095919041687,40.067991762268875],[-82.837075283909982,40.067995402704582],[-82.837055499501773,40.068002304778517],[-82.837037077797191,40.068012289879093],[-82.837020495512405,40.068025099612264],[-82.837011828917426,40.068035764987464],[-82.837005056811307,40.068047723192826],[-82.837000367823904,40.068060641145209],[-82.836997892561982,40.06807415902874],[-82.836997699971349,40.068087900317089],[-82.836999795416389,40.068101482261227],[-82.837004120530722,40.068114526550502],[-82.837010554842863,40.068126669850052],[-82.837018919131879,40.068137573921128],[-82.837028980419348,40.068146935042392],[-82.837040458458759,40.068154492469716],[-82.837053033541494,40.068160035698988],[-82.837066355401959,40.068163410329419],[-82.837080052973832,40.068164522364249]]]},"properties":{"PARCELID":"222-004858","OWNERNME1":"CITY OF NEW ALBANY","SITEADDRESS":"ARMSCOTE END","RESYRBLT":null,"RESFLRAREA_AG":null,"STATEDAREA":0.074200000000000002,"ACRES":0.074036099999999994,"SCHLDSCRP":"NEW ALBANY-PLAIN LSD","CVTTXDSCRP":"PLAIN TWP-NEW ALBANY CORP","CLASSCD":"640","CLASSDSCRP":"EXEMPT PROPERTY OWNED BY MUNICIPALS","SALEPRICE":0,"SALEDATE":1481259600000}},{"type":"Feature","geometry":{"type":"Polygon","coordinates":[[[-82.835758925698045,40.065462750712804],[-82.835727313380815,40.065530776753484],[-82.835710439124327,40.065566680049585],[-82.835746692648655,40.065589020395613],[-82.835779209963491,40.065616516455748],[-82.835807264110372,40.065648553526913],[-82.835830227909653,40.065684415387011],[-82.835847587981661,40.0657233003068],[-82.835858956223888,40.065764338973388],[-82.835864078487461,40.065806613924629],[-82.835865935355827,40.065816479784353],[-82.835869427510431,40.065825891904431],[-82.835874455157352,40.065834581318377],[-82.83588087462347,40.06584229971218],[-82.835888502462211,40.065848826520316],[-82.835897120695776,40.06585397522872],[-82.835906483044283,40.06585759870476],[-82.835916321963538,40.065859593401775],[-82.836042867801979,40.065884138904885],[-82.836129725056139,40.065897734049038],[-82.836216936670084,40.065908831118008],[-82.836338160669868,40.065467616663248],[-82.836115441808573,40.065446722955961],[-82.835948548591702,40.0654502775335],[-82.835758925698045,40.065462750712804]]]},"properties":{"PARCELID":"222-004753","OWNERNME1":"GLOYNE MICHAEL LOUIS TTEE","SITEADDRESS":"7215 EBRINGTON ROUND","RESYRBLT":2021,"RESFLRAREA_AG":4597,"STATEDAREA":0.47660000000000002,"ACRES":0.47795436000000002,"SCHLDSCRP":"NEW ALBANY-PLAIN LSD","CVTTXDSCRP":"PLAIN TWP-NEW ALBANY CORP","CLASSCD":"510","CLASSDSCRP":"SINGLE FAMILY DWELLING, PLATTED LOT","SALEPRICE":0,"SALEDATE":1692334800000}},{"type":"Feature","geometry":{"type":"Polygon","coordinates":[[[-82.836683918051833,40.069996534734038],[-82.837062377767381,40.069940854178974],[-82.837053223607228,40.069923819703412],[-82.837046998571154,40.069905510663794],[-82.836983026313845,40.069645206516768],[-82.836977584514813,40.069634212072494],[-82.836970345713326,40.069624307995824],[-82.836961522426378,40.069615785050971],[-82.836951373688308,40.069608893454834],[-82.836940197446125,40.069603835531126],[-82.836928321812323,40.069600759770537],[-82.83691609543213,40.069599756471362],[-82.836903877248062,40.069600855088474],[-82.836806459191962,40.069607612566323],[-82.836708821827472,40.069609311453554],[-82.83661122765325,40.069605947182701],[-82.836359677795855,40.069590737388374],[-82.836348894355069,40.069589978731869],[-82.836338123219761,40.069590895683014],[-82.836327623193711,40.069593466209753],[-82.836317646566528,40.069597628548671],[-82.836308433051926,40.069603282689073],[-82.836300204027864,40.069610292775948],[-82.83629315721744,40.069618490374232],[-82.836287461938056,40.069627678515928],[-82.836283255033223,40.069637636432716],[-82.836266236074351,40.069715656747839],[-82.836245001135552,40.069792636562767],[-82.83621961301148,40.069868348237485],[-82.836219139848609,40.069869644666426],[-82.83619266384828,40.069937123204078],[-82.83616305102899,40.070003285221659],[-82.836683918051833,40.069996534734038]]]},"properties":{"PARCELID":"222-004871","OWNERNME1":"CUMMISKEY COLEY TR","SITEADDRESS":"3995 EBRINGTON RD","RESYRBLT":2022,"RESFLRAREA_AG":5542,"STATEDAREA":null,"ACRES":0.70062736999999997,"SCHLDSCRP":"NEW ALBANY-PLAIN LSD","CVTTXDSCRP":"PLAIN TWP-NEW ALBANY CORP","CLASSCD":"510","CLASSDSCRP":"SINGLE FAMILY DWELLING, PLATTED LOT","SALEPRICE":475000,"SALEDATE":1634014800000}},{"type":"Feature","geometry":{"type":"Polygon","coordinates":[[[-82.835815919035213,40.070961628915789],[-82.835838763834019,40.070944738655818],[-82.835858545755414,40.070924346468594],[-82.835874734333373,40.070900999184865],[-82.835886895459865,40.070875322878344],[-82.835894703025801,40.070848006077135],[-82.835897947665813,40.070819781300337],[-82.835896542372652,40.070791405415058],[-82.835890524830205,40.070763639340491],[-82.835880056403084,40.070737227643313],[-82.835865417809487,40.070712878571634],[-82.835847001593521,40.070691245062825],[-82.835825301598874,40.070672907234531],[-82.835800899726067,40.070658356828432],[-82.835763549959367,40.07063649906398],[-82.835723294655793,40.070620615818932],[-82.835681082544937,40.070611081426655],[-82.835637908474041,40.07060812059197],[-82.835594789961675,40.070611803095275],[-82.835552743216994,40.07062204214801],[-82.835512759189925,40.070638596438066],[-82.835475780216683,40.070661075816986],[-82.835442677810875,40.070688950494905],[-82.83541423212391,40.07072156352654],[-82.835391113558501,40.070758146293976],[-82.835373866968752,40.070797836621274],[-82.835384526269891,40.070840393460827],[-82.835401900227467,40.070880678084343],[-82.835425535247865,40.070917638754032],[-82.835454814275721,40.070950310512806],[-82.835488972903718,40.070977840377076],[-82.835527119329569,40.070999509606139],[-82.835568257638855,40.071014752466837],[-82.835611313806055,40.071023171003553],[-82.835655163734799,40.071024545427875],[-82.835698662605495,40.071018839856784],[-82.835740674763841,40.071006203249468],[-82.835780103370141,40.070986965518337],[-82.835815919035213,40.070961628915789]]]},"properties":{"PARCELID":"222-004498","OWNERNME1":"CITY OF NEW ALBANY","SITEADDRESS":"CLUB DR","RESYRBLT":null,"RESFLRAREA_AG":null,"STATEDAREA":0.38950000000000001,"ACRES":0.38953915,"SCHLDSCRP":"NEW ALBANY-PLAIN LSD","CVTTXDSCRP":"PLAIN TWP-NEW ALBANY CORP","CLASSCD":"640","CLASSDSCRP":"EXEMPT PROPERTY OWNED BY MUNICIPALS","SALEPRICE":0,"SALEDATE":1481259600000}},{"type":"Feature","geometry":{"type":"Polygon","coordinates":[[[-82.838798141177222,40.066219236518066],[-82.838525938410285,40.066113867791273],[-82.838474124137605,40.066093810940401],[-82.838134686952728,40.066435882381079],[-82.838250897239007,40.066507164344792],[-82.838364030299374,40.066583235756248],[-82.838798141177222,40.066219236518066]]]},"properties":{"PARCELID":"222-004883","OWNERNME1":"MULLER PATRICK ROWAN TR","SITEADDRESS":"6967 HANBYS LP","RESYRBLT":2017,"RESFLRAREA_AG":4221,"STATEDAREA":0.34999999999999998,"ACRES":0.35090979999999999,"SCHLDSCRP":"NEW ALBANY-PLAIN LSD","CVTTXDSCRP":"PLAIN TWP-NEW ALBANY CORP","CLASSCD":"510","CLASSDSCRP":"SINGLE FAMILY DWELLING, PLATTED LOT","SALEPRICE":1339168,"SALEDATE":1565672400000}},{"type":"Feature","geometry":{"type":"Polygon","coordinates":[[[-82.838062913642588,40.065946948621132],[-82.837814056147593,40.066269934011935],[-82.837922811430502,40.066321569516468],[-82.838029730363203,40.066376907376181],[-82.838134686952728,40.066435882381079],[-82.838474124137605,40.066093810940401],[-82.838225154144368,40.065997433838852],[-82.838062913642588,40.065946948621132]]]},"properties":{"PARCELID":"222-004882","OWNERNME1":"HANBYS LOOP LLC","SITEADDRESS":"6971 HANBYS LP","RESYRBLT":2019,"RESFLRAREA_AG":4133,"STATEDAREA":0.39250000000000002,"ACRES":0.39348221999999999,"SCHLDSCRP":"NEW ALBANY-PLAIN LSD","CVTTXDSCRP":"PLAIN TWP-NEW ALBANY CORP","CLASSCD":"510","CLASSDSCRP":"SINGLE FAMILY DWELLING, PLATTED LOT","SALEPRICE":0,"SALEDATE":1604379600000}},{"type":"Feature","geometry":{"type":"MultiPolygon","coordinates":[[[[-82.838179355251171,40.070411828641952],[-82.838123343158671,40.069915957937503],[-82.83810582028481,40.069892822174012],[-82.838179355251171,40.070411828641952]]],[[[-82.838179355251171,40.070411828641952],[-82.838226798368382,40.070542356921152],[-82.838199256801417,40.070463103365867],[-82.838179355251171,40.070411828641952]]]]},"properties":{"PARCELID":"222-002948","OWNERNME1":"NEW ALBANY CO LLC","SITEADDRESS":"1 CLUB LN","RESYRBLT":null,"RESFLRAREA_AG":null,"STATEDAREA":null,"ACRES":0.0088459200000000002,"SCHLDSCRP":"NEW ALBANY-PLAIN LSD","CVTTXDSCRP":"PLAIN TWP-NEW ALBANY CORP","CLASSCD":"500","CLASSDSCRP":"RESIDENTIAL, VACANT LAND, LOT","SALEPRICE":0,"SALEDATE":1435294800000}},{"type":"Feature","geometry":{"type":"MultiPolygon","coordinates":[[[[-82.834483536397414,40.065470586151946],[-82.8343581710309,40.065444573020287],[-82.834424082404041,40.065459450969236],[-82.834488756406543,40.065479019716662],[-82.834551859662511,40.065503178391289],[-82.834578105979745,40.06547189663052],[-82.834491528527494,40.065449741297932],[-82.834483536397414,40.065470586151946]]],[[[-82.836450970577658,40.065478157823051],[-82.836613926266054,40.065501847363556],[-82.836641121414559,40.065508071938119],[-82.836929627300151,40.065574100174153],[-82.837082633972742,40.065609118444556],[-82.83728661514337,40.065692170177947],[-82.837424237757119,40.065748202861911],[-82.837652169163917,40.065819131426281],[-82.837711453615739,40.065837579399016],[-82.837318177147267,40.065545385496442],[-82.836725194392997,40.065418341946511],[-82.835752852948019,40.065452142662643],[-82.83572070599017,40.065527650697597],[-82.835728110275895,40.065528802140662],[-82.835758925698045,40.065462750712804],[-82.835948548591702,40.0654502775335],[-82.836115441808573,40.065446722955961],[-82.836338160669868,40.065467616663248],[-82.836450970577658,40.065478157823051]]],[[[-82.834254674351556,40.065857364866787],[-82.834150882070816,40.065834978155628],[-82.834144691050355,40.065881786952303],[-82.834229355464203,40.065887540665088],[-82.834254674351556,40.065857364866787]]],[[[-82.83912187165582,40.066697299470718],[-82.839406253785313,40.066598419227596],[-82.83941651279919,40.066504509113841],[-82.839279170771206,40.066498340233345],[-82.839206615044006,40.066613426974776],[-82.839127531469927,40.066693324958536],[-82.83912187165582,40.066697299470718]]],[[[-82.83787121367024,40.067781417085818],[-82.837871487221037,40.067843121559278],[-82.837872861527416,40.068153709883937],[-82.837872973234894,40.068179053611281],[-82.837873204633894,40.06823113968867],[-82.838068660372684,40.067933082020801],[-82.838244396432842,40.06777583340827],[-82.838356738952626,40.067441435211165],[-82.838528724840344,40.067248236489888],[-82.838574963333144,40.067143767655686],[-82.838415043370219,40.067337470275234],[-82.838364027499736,40.067408230364258],[-82.838063081281874,40.067636123882075],[-82.83787121367024,40.067781417085818]]],[[[-82.834672739790506,40.068475067663208],[-82.834681735293785,40.068475536481905],[-82.834667737343324,40.068470812119926],[-82.834672739790506,40.068475067663208]]]]},"properties":{"PARCELID":"222-002952","OWNERNME1":"NEW ALBANY CO LLC","SITEADDRESS":"1 CLUB LN","RESYRBLT":null,"RESFLRAREA_AG":null,"STATEDAREA":0.71930000000000005,"ACRES":0.75053033000000002,"SCHLDSCRP":"NEW ALBANY-PLAIN LSD","CVTTXDSCRP":"PLAIN TWP-NEW ALBANY CORP","CLASSCD":"500","CLASSDSCRP":"RESIDENTIAL, VACANT LAND, LOT","SALEPRICE":0,"SALEDATE":1441342800000}},{"type":"Feature","geometry":{"type":"Polygon","coordinates":[[[-82.831630460203357,40.07387004749291],[-82.831281761971908,40.074253690667632],[-82.831242306422638,40.074279679908116],[-82.8308895821324,40.074512007816907],[-82.830884643511155,40.074580652470125],[-82.830876146450862,40.074700081552891],[-82.831793707020864,40.074712600907638],[-82.831856427961881,40.07471345683728],[-82.831800680718061,40.07421594870592],[-82.831788028527541,40.073601842376561],[-82.831723855394657,40.073599120850709],[-82.83165021401129,40.073595999118368],[-82.831630460203357,40.07387004749291]]]},"properties":{"PARCELID":"222-001054","OWNERNME1":"WEISBROD JUSTIN","SITEADDRESS":"5092 HARLEM RD","RESYRBLT":1992,"RESFLRAREA_AG":3169,"STATEDAREA":1.284,"ACRES":1.28439265,"SCHLDSCRP":"NEW ALBANY-PLAIN LSD","CVTTXDSCRP":"PLAIN TWP-NEW ALBANY CORP","CLASSCD":"511","CLASSDSCRP":"SINGLE FAMILY, O-9.999 AC","SALEPRICE":640000,"SALEDATE":1583211600000}},{"type":"Feature","geometry":{"type":"Polygon","coordinates":[[[-82.833433617557702,40.072408418823663],[-82.833274113722297,40.072229893422751],[-82.83306271678795,40.072331511125299],[-82.832959426130628,40.072400430086603],[-82.832954112495287,40.072409778137093],[-82.832882536694015,40.07253515453867],[-82.832797960500955,40.072632294924716],[-82.832727294302629,40.072649239989147],[-82.832488854737278,40.072625757734372],[-82.832247912484704,40.072527618093567],[-82.832247714315258,40.072527606945862],[-82.832079932126803,40.072518758918044],[-82.831883305032576,40.072571471183494],[-82.831804582692286,40.072622476005272],[-82.831822494962992,40.072706973579024],[-82.831855644970702,40.072988798066923],[-82.831802423102005,40.07299251562862],[-82.831731134041974,40.072997497277939],[-82.831782943247475,40.073436430478942],[-82.831855299549389,40.073439535942796],[-82.831948809024453,40.07344366055105],[-82.832039986353521,40.073445207247886],[-82.832130778955772,40.073453716124646],[-82.832220655987825,40.073469137431893],[-82.832309091959416,40.073491381004814],[-82.832395569805854,40.073520316790358],[-82.832479583911109,40.07355577560768],[-82.832560643064113,40.073597550137258],[-82.832638273330716,40.07364539613306],[-82.832712020824673,40.073699033850595],[-82.832781454361424,40.073758149682511],[-82.832846167979085,40.073822397992188],[-82.832905783312086,40.073891403134596],[-82.832959951803346,40.073964761652597],[-82.833008356742184,40.074042044635867],[-82.833050715116116,40.07412280022865],[-82.833113948020141,40.074250184469662],[-82.833183176398279,40.074374412391926],[-82.833258243112454,40.074495202016614],[-82.833338977772428,40.074612279169322],[-82.833425197122594,40.074725378102414],[-82.83351670545791,40.074834242098191],[-82.833613295068119,40.074938624051661],[-82.833714746709234,40.075038287031369],[-82.833820830101175,40.075133004817246],[-82.833931304450516,40.075222562414069],[-82.834045918996964,40.075306756539469],[-82.834164413582627,40.075385396085359],[-82.834286519242497,40.075458302551716],[-82.834411958814968,40.075525310451752],[-82.834540447570944,40.075586267687548],[-82.834671693860145,40.075641035895281],[-82.834805399773117,40.075689490759302],[-82.834941261817391,40.075731522294312],[-82.835078971606421,40.075767035094998],[-82.835218216559582,40.07579594855261],[-82.835358680611591,40.075818197037925],[-82.835500044930072,40.075833730050192],[-82.835641988639125,40.07584251233181],[-82.836277272568239,40.075906027463397],[-82.836279019270421,40.075897787318986],[-82.836410749494974,40.075283068675297],[-82.836318623955236,40.074927571858609],[-82.836062811462867,40.074565682217511],[-82.835320613992295,40.073966908707028],[-82.83423007065764,40.073112257417307],[-82.834006706305473,40.072937184732147],[-82.833819208714033,40.072790260013576],[-82.833640547390246,40.072640887272783],[-82.833433617557702,40.072408418823663]]]},"properties":{"PARCELID":"545-198842","OWNERNME1":"NEW ALBANY CO LLC","SITEADDRESS":"1 CLUB LN","RESYRBLT":null,"RESFLRAREA_AG":null,"STATEDAREA":18.289999999999999,"ACRES":18.290765520000001,"SCHLDSCRP":"NEW ALBANY-PLAIN LSD","CVTTXDSCRP":"COLUMBUS-PLAIN LSD","CLASSCD":"463","CLASSDSCRP":"GOLF COURSES","SALEPRICE":0,"SALEDATE":1283403600000}},{"type":"Feature","geometry":{"type":"Polygon","coordinates":[[[-82.836948902038728,40.06931590574959],[-82.836963993449814,40.069299678618215],[-82.836981169535179,40.069285676740755],[-82.837000105093566,40.069274165220008],[-82.836756395981553,40.068942799315337],[-82.836714508699799,40.068997582694223],[-82.836948902038728,40.06931590574959]]]},"properties":{"PARCELID":"222-005155","OWNERNME1":"PEACOCK 61 LLC TR","SITEADDRESS":"COLDICOTT LEYS","RESYRBLT":null,"RESFLRAREA_AG":null,"STATEDAREA":0.062,"ACRES":0.062041640000000002,"SCHLDSCRP":"NEW ALBANY-PLAIN LSD","CVTTXDSCRP":"PLAIN TWP-NEW ALBANY CORP","CLASSCD":"500","CLASSDSCRP":"RESIDENTIAL, VACANT LAND, LOT","SALEPRICE":0,"SALEDATE":1595826000000}},{"type":"Feature","geometry":{"type":"Polygon","coordinates":[[[-82.836756395981553,40.068942799315337],[-82.837000105093566,40.069274165220008],[-82.837031197619268,40.069260797641228],[-82.837064006355959,40.069252489566033],[-82.837097713719714,40.069249448029183],[-82.837131479733046,40.069251748824875],[-82.837164462956963,40.069259334617968],[-82.837195841459362,40.069272016372743],[-82.837224833297313,40.069289478063666],[-82.837250716002828,40.069311284550594],[-82.837796428546184,40.068675612024009],[-82.837353207057163,40.068680074127698],[-82.836888173882116,40.068770442246525],[-82.836756395981553,40.068942799315337]]]},"properties":{"PARCELID":"222-004764","OWNERNME1":"PEACOCK 61 LLC TR","SITEADDRESS":"COLDICOTT LEYS","RESYRBLT":null,"RESFLRAREA_AG":null,"STATEDAREA":0.88370000000000004,"ACRES":0.88580365999999999,"SCHLDSCRP":"NEW ALBANY-PLAIN LSD","CVTTXDSCRP":"PLAIN TWP-NEW ALBANY CORP","CLASSCD":"500","CLASSDSCRP":"RESIDENTIAL, VACANT LAND, LOT","SALEPRICE":0,"SALEDATE":1595826000000}},{"type":"Feature","geometry":{"type":"Polygon","coordinates":[[[-82.826579557700811,40.072314634978092],[-82.826465855856753,40.072304420046031],[-82.826210288972888,40.072281403122325],[-82.826026514919221,40.07226485281938],[-82.825945786883921,40.072257581863333],[-82.825470984961356,40.072130031477158],[-82.825470231414116,40.072129830026519],[-82.82545196803504,40.072188019594378],[-82.825439128519804,40.072247641097803],[-82.825431821494547,40.07230819012095],[-82.825430108778903,40.072369154400882],[-82.82543400486297,40.072430018161455],[-82.825448196519687,40.0725035028753],[-82.825469223248604,40.072575331024098],[-82.825496899376219,40.072644868339623],[-82.825530980512411,40.072711500782511],[-82.825571165708567,40.072774639964472],[-82.825617100115053,40.072833728343966],[-82.825668378114614,40.072888244149468],[-82.825724546904198,40.072937705986938],[-82.825785110493314,40.07298167709066],[-82.825861594371446,40.073029035514438],[-82.825941513481169,40.073070333696222],[-82.826024388587044,40.073105323991214],[-82.826109722727992,40.073133796579889],[-82.826197004197311,40.073155580726187],[-82.826285709611142,40.073170545801354],[-82.826375307046916,40.073178602067223],[-82.826465259233061,40.073179701214336],[-82.826555026770748,40.073173836651655],[-82.826911831202281,40.073141002926306],[-82.827073879271978,40.073129491493006],[-82.827236269050459,40.073124838554911],[-82.827398710389915,40.073127052425605],[-82.827560913050419,40.073136129149475],[-82.827722587218474,40.073152052508803],[-82.828855115227952,40.073288268173869],[-82.82906313559063,40.07331055315381],[-82.829271658157808,40.07332750693211],[-82.829480546322586,40.073339118402046],[-82.830521164891323,40.073383178721393],[-82.83171127054429,40.073433354562582],[-82.831782943247475,40.073436430478942],[-82.831723039721538,40.072928929855628],[-82.83165206963605,40.072933922264923],[-82.831600330709506,40.072799560709136],[-82.831585636712134,40.072715328711404],[-82.831625303571315,40.072716589325317],[-82.83169827410785,40.072719108657168],[-82.83164242783765,40.07245288092102],[-82.831712960789417,40.072444095488791],[-82.831794341041061,40.072573093980097],[-82.831804582692286,40.072622476005272],[-82.831883305032576,40.072571471183494],[-82.832079932126803,40.072518758918044],[-82.832247714315258,40.072527606945862],[-82.832247912484704,40.072527618093567],[-82.832488854737278,40.072625757734372],[-82.832727294302629,40.072649239989147],[-82.832797960500955,40.072632294924716],[-82.832882536694015,40.07253515453867],[-82.832954112495287,40.072409778137093],[-82.832959426130628,40.072400430086603],[-82.83306271678795,40.072331511125299],[-82.833274113722297,40.072229893422751],[-82.833389385862148,40.072201018142998],[-82.833543810896657,40.072214579063235],[-82.833953296068344,40.072290278683056],[-82.834057199555446,40.072274610942117],[-82.834228368073354,40.072204125482443],[-82.83433717997174,40.072095111739436],[-82.834348614206917,40.072095079213433],[-82.834481529711212,40.072094426352912],[-82.834740924524141,40.072092797181043],[-82.834802028805527,40.072092416000238],[-82.835163373588188,40.072114194041909],[-82.835580477847174,40.0721393322615],[-82.835806126611388,40.072190045852949],[-82.836134288329646,40.072263799734358],[-82.836219689353726,40.07228299328964],[-82.836471384348485,40.072301467683943],[-82.836570236999989,40.072287227033918],[-82.83657876532051,40.072286014710443],[-82.836638460535767,40.07227690611731],[-82.836669449155238,40.072271707308211],[-82.836559202018094,40.072149435898737],[-82.836675346265537,40.072153219944823],[-82.836703330304204,40.072153963512939],[-82.836731084022944,40.072150304222085],[-82.836757919006885,40.072142332838858],[-82.836783169629811,40.072130247088779],[-82.836806209564699,40.072114346751874],[-82.836826467319341,40.072095026226762],[-82.836843440411883,40.072072764747851],[-82.836856707834613,40.072048114498209],[-82.836897162010047,40.071917059148191],[-82.836903275752249,40.07188992747222],[-82.836904913764997,40.071862163780125],[-82.836749805604171,40.071670906645117],[-82.836704167741573,40.071656616982104],[-82.836657034315735,40.071648526917699],[-82.836609243538561,40.07164678032408],[-82.836164855068262,40.071658923416045],[-82.836085444291811,40.071714326269998],[-82.835806805171543,40.07165335809291],[-82.835646125121514,40.071675778388617],[-82.835470236149575,40.071656791387873],[-82.83519641644989,40.07170561104644],[-82.835007439222991,40.071769420254228],[-82.834993083546067,40.071774267716151],[-82.834874605302147,40.071731232956239],[-82.834650742503911,40.071766458413954],[-82.834379402951512,40.071662917747126],[-82.834278335651902,40.071451012965319],[-82.834154228852626,40.071259454381405],[-82.833958420888024,40.070957221922491],[-82.833903595003619,40.070872595328197],[-82.833510122640206,40.070558579732122],[-82.832962935842886,40.070302645404958],[-82.833049844239866,40.069967468259982],[-82.833111675618127,40.069728781247832],[-82.833976399682811,40.069370566959037],[-82.8352956964047,40.068845660642637],[-82.8354059655057,40.068768174619031],[-82.835420003328892,40.068688507204037],[-82.835430206494578,40.068630597737773],[-82.835324228020198,40.068557006074826],[-82.834707331269456,40.068484172481234],[-82.834681735293785,40.068475536481905],[-82.834672739790506,40.068475067663208],[-82.834667737343324,40.068470812119926],[-82.834657318137715,40.068467296090255],[-82.83450519833012,40.068415963030517],[-82.834315629102903,40.068218975408222],[-82.834145775739159,40.067978788627926],[-82.834093931788999,40.06783088754905],[-82.834042007241081,40.06768275611271],[-82.83401693055157,40.067335620822213],[-82.833982418686162,40.06685787706153],[-82.833974723938724,40.066751364005221],[-82.834017880345598,40.066396875726632],[-82.834081113887009,40.065877464646945],[-82.834144691050355,40.065881786952303],[-82.834150882070816,40.065834978155628],[-82.834254674351556,40.065857364866787],[-82.834551859662511,40.065503178391289],[-82.834488756406543,40.065479019716655],[-82.834424082404041,40.065459450969236],[-82.8343581710309,40.065444573020287],[-82.834211777812143,40.065420331340576],[-82.83406450319093,40.065402197960267],[-82.83391660192531,40.065390204246768],[-82.833768329857307,40.065384370947008],[-82.833619943470367,40.065384708151527],[-82.833471699445695,40.065391215277025],[-82.833323854218207,40.065403881067361],[-82.831957970368137,40.065549942609742],[-82.831815847659968,40.065565166203477],[-82.831559654446636,40.065589065410997],[-82.831302900581662,40.065605905467429],[-82.831045780535931,40.065615673617771],[-82.830484224853024,40.065629310550484],[-82.829932293460857,40.065642664709529],[-82.82979729796061,40.065643172342867],[-82.829662407187527,40.065637831732616],[-82.829527874378925,40.065626652904974],[-82.829393952100048,40.065609656846526],[-82.829260891770019,40.065586875464831],[-82.829128943189744,40.065558351528544],[-82.829008686258092,40.065526881973817],[-82.82888993591979,40.065490133917528],[-82.828772923744793,40.065448179020464],[-82.828657877913486,40.065401099097066],[-82.82854502277182,40.065348985955879],[-82.828454779471656,40.065304494095933],[-82.828442359736485,40.065299484617519],[-82.828429308084651,40.065296484770798],[-82.828415947483208,40.065295568787874],[-82.828402608544224,40.065296759335013],[-82.828389621343732,40.065300026951775],[-82.828377307253916,40.065305290780003],[-82.828365970990603,40.065312420564695],[-82.828355893073009,40.065321239877186],[-82.828156237415556,40.065560619483946],[-82.82783579130934,40.065945273570748],[-82.82771415407106,40.06609125492006],[-82.827555137852485,40.066378241597434],[-82.827696510427259,40.066651596778222],[-82.827767571989483,40.066697042407455],[-82.827722082024081,40.066851186095484],[-82.827782049787302,40.066902536539885],[-82.827837481243037,40.06695875357007],[-82.82788798276178,40.06701943797804],[-82.827933195722508,40.067084158832088],[-82.827972799059239,40.067152456536931],[-82.828009399514301,40.067335403240023],[-82.828031010804807,40.067400074986885],[-82.828047783716286,40.06746616698458],[-82.828059626521309,40.067533317790158],[-82.828066474454104,40.067601160170241],[-82.828068290064792,40.067669323109421],[-82.828065063424191,40.067737433839191],[-82.827955642359385,40.069002938984283],[-82.827939683788912,40.069106702057667],[-82.827917544182668,40.069209324127449],[-82.827889302901497,40.069310437338295],[-82.827855061178056,40.069409679243485],[-82.827814941753957,40.069506694104099],[-82.827769088439865,40.069601134164223],[-82.827717665599863,40.069692660897459],[-82.827660857562392,40.069780946220412],[-82.82759886795948,40.069865673668744],[-82.827531918996783,40.069946539531529],[-82.827460250657126,40.070023253939958],[-82.827384119840204,40.070095541906348],[-82.827303799441779,40.070163144309902],[-82.827219577375416,40.070225818825513],[-82.827131755540449,40.070283340792393],[-82.827018701795382,40.07036233275975],[-82.826909362080215,40.070446390518853],[-82.826803963205492,40.070535339703163],[-82.82670272380706,40.070628995799524],[-82.826605853892474,40.070727164530936],[-82.826513554405352,40.070829642259532],[-82.826406631527206,40.070955399349188],[-82.826546695381552,40.0710418523147],[-82.826860226420209,40.071235376130218],[-82.827177472030883,40.071431190713454],[-82.827185213441808,40.071437106871265],[-82.827286494324227,40.071514517624991],[-82.827362403949081,40.071572535021581],[-82.827575800087885,40.07173563404006],[-82.827684177488976,40.071818479647249],[-82.828154270099006,40.072169082362642],[-82.828493841531795,40.072422328499812],[-82.828591017818098,40.072495075426744],[-82.828111274391603,40.072452113862362],[-82.82780030611201,40.072424264772287],[-82.827576501308926,40.072404226097859],[-82.827164021441945,40.07236729277971],[-82.827127178577541,40.072363975720151],[-82.826844409831651,40.072338511477021],[-82.826579557700811,40.072314634978092]]]},"properties":{"PARCELID":"222-000568","OWNERNME1":"NEW ALBANY CO LLC","SITEADDRESS":"1 CLUB LN","RESYRBLT":null,"RESFLRAREA_AG":null,"STATEDAREA":null,"ACRES":118.86211480999999,"SCHLDSCRP":"NEW ALBANY-PLAIN LSD","CVTTXDSCRP":"PLAIN TWP-NEW ALBANY CORP","CLASSCD":"463","CLASSDSCRP":"GOLF COURSES","SALEPRICE":0,"SALEDATE":1498539600000}},{"type":"Feature","geometry":{"type":"Polygon","coordinates":[[[-82.845076674922524,40.066460756566329],[-82.84508200491841,40.066379469847433],[-82.845082032202257,40.066379063592088],[-82.844942867516153,40.066373676702675],[-82.844937508900827,40.066455369674216],[-82.845076674922524,40.066460756566329]]]},"properties":{"PARCELID":"010-309153","OWNERNME1":"CAMDEN OWNER LLC","SITEADDRESS":"6485 ANTHONY MARTIN 101","RESYRBLT":2022,"RESFLRAREA_AG":1168,"STATEDAREA":null,"ACRES":0.026679290000000001,"SCHLDSCRP":"COLUMBUS CSD","CVTTXDSCRP":"CITY OF COLUMBUS","CLASSCD":"553","CLASSDSCRP":"CONDO 40+ RENTAL UNITS","SALEPRICE":0,"SALEDATE":1696568400000}},{"type":"Feature","geometry":{"type":"Polygon","coordinates":[[[-82.844948170377563,40.066292796242429],[-82.844942867516153,40.066373676702675],[-82.845082032202257,40.066379063592088],[-82.84508733490182,40.066298183125753],[-82.844948170377563,40.066292796242429]]]},"properties":{"PARCELID":"010-309154","OWNERNME1":"CAMDEN OWNER LLC","SITEADDRESS":"6485 ANTHONY MARTIN 102","RESYRBLT":2022,"RESFLRAREA_AG":1168,"STATEDAREA":null,"ACRES":0.026413699999999998,"SCHLDSCRP":"COLUMBUS CSD","CVTTXDSCRP":"CITY OF COLUMBUS","CLASSCD":"553","CLASSDSCRP":"CONDO 40+ RENTAL UNITS","SALEPRICE":0,"SALEDATE":1696568400000}},{"type":"Feature","geometry":{"type":"Polygon","coordinates":[[[-82.844858609956233,40.066452907490955],[-82.844865216947852,40.066345964953136],[-82.844759941913551,40.066342125613133],[-82.844753334764505,40.066449069045802],[-82.844858609956233,40.066452907490955]]]},"properties":{"PARCELID":"010-309184","OWNERNME1":"CAMDEN OWNER LLC","SITEADDRESS":"6525 ANTHONY MARTIN 108","RESYRBLT":2022,"RESFLRAREA_AG":1168,"STATEDAREA":null,"ACRES":0.026412580000000001,"SCHLDSCRP":"COLUMBUS CSD","CVTTXDSCRP":"CITY OF COLUMBUS","CLASSCD":"553","CLASSDSCRP":"CONDO 40+ RENTAL UNITS","SALEPRICE":0,"SALEDATE":1696568400000}},{"type":"Feature","geometry":{"type":"Polygon","coordinates":[[[-82.844753334764505,40.066449069045802],[-82.844759941913551,40.066342125613133],[-82.844654661030077,40.066338286196],[-82.844648053719112,40.066445229622879],[-82.844753334764505,40.066449069045802]]]},"properties":{"PARCELID":"010-309183","OWNERNME1":"CAMDEN OWNER LLC","SITEADDRESS":"6525 ANTHONY MARTIN 107","RESYRBLT":2022,"RESFLRAREA_AG":1168,"STATEDAREA":null,"ACRES":0.026414190000000001,"SCHLDSCRP":"COLUMBUS CSD","CVTTXDSCRP":"CITY OF COLUMBUS","CLASSCD":"553","CLASSDSCRP":"CONDO 40+ RENTAL UNITS","SALEPRICE":0,"SALEDATE":1696568400000}},{"type":"Feature","geometry":{"type":"Polygon","coordinates":[[[-82.84486640274487,40.06632677397171],[-82.844871957372945,40.066236865057277],[-82.844766682499355,40.066233024822559],[-82.844761127739631,40.066322934632751],[-82.84486640274487,40.06632677397171]]]},"properties":{"PARCELID":"010-309182","OWNERNME1":"CAMDEN OWNER LLC","SITEADDRESS":"6525 ANTHONY MARTIN 106","RESYRBLT":2022,"RESFLRAREA_AG":1016,"STATEDAREA":null,"ACRES":0.022205780000000001,"SCHLDSCRP":"COLUMBUS CSD","CVTTXDSCRP":"CITY OF COLUMBUS","CLASSCD":"553","CLASSDSCRP":"CONDO 40+ RENTAL UNITS","SALEPRICE":0,"SALEDATE":1696568400000}},{"type":"Feature","geometry":{"type":"Polygon","coordinates":[[[-82.844655846885217,40.066319095216663],[-82.844761127739631,40.066322934632751],[-82.844766682499355,40.066233024822559],[-82.844661401776605,40.066229184510732],[-82.844655846885217,40.066319095216663]]]},"properties":{"PARCELID":"010-309181","OWNERNME1":"CAMDEN OWNER LLC","SITEADDRESS":"6525 ANTHONY MARTIN 105","RESYRBLT":2022,"RESFLRAREA_AG":1016,"STATEDAREA":null,"ACRES":0.02220716,"SCHLDSCRP":"COLUMBUS CSD","CVTTXDSCRP":"CITY OF COLUMBUS","CLASSCD":"553","CLASSDSCRP":"CONDO 40+ RENTAL UNITS","SALEPRICE":0,"SALEDATE":1696568400000}},{"type":"Feature","geometry":{"type":"Polygon","coordinates":[[[-82.844666957785464,40.066139265692605],[-82.844661401776605,40.066229184510732],[-82.844766682499355,40.066233024822559],[-82.844772238376549,40.066143106900213],[-82.844666957785464,40.066139265692605]]]},"properties":{"PARCELID":"010-309179","OWNERNME1":"CAMDEN OWNER LLC","SITEADDRESS":"6525 ANTHONY MARTIN 103","RESYRBLT":2022,"RESFLRAREA_AG":733,"STATEDAREA":null,"ACRES":0.022209260000000002,"SCHLDSCRP":"COLUMBUS CSD","CVTTXDSCRP":"CITY OF COLUMBUS","CLASSCD":"553","CLASSDSCRP":"CONDO 40+ RENTAL UNITS","SALEPRICE":0,"SALEDATE":1696568400000}},{"type":"Feature","geometry":{"type":"Polygon","coordinates":[[[-82.844877513109537,40.066146946229487],[-82.844772238376549,40.066143106900213],[-82.844766682499355,40.066233024822559],[-82.844871957372945,40.066236865057277],[-82.844877513109537,40.066146946229487]]]},"properties":{"PARCELID":"010-309180","OWNERNME1":"CAMDEN OWNER LLC","SITEADDRESS":"6525 ANTHONY MARTIN 104","RESYRBLT":2022,"RESFLRAREA_AG":733,"STATEDAREA":null,"ACRES":0.02220801,"SCHLDSCRP":"COLUMBUS CSD","CVTTXDSCRP":"CITY OF COLUMBUS","CLASSCD":"553","CLASSDSCRP":"CONDO 40+ RENTAL UNITS","SALEPRICE":0,"SALEDATE":1696568400000}},{"type":"Feature","geometry":{"type":"Polygon","coordinates":[[[-82.844674780213424,40.066012664668229],[-82.844668172915277,40.066119598202967],[-82.844773453476591,40.066123439409481],[-82.844780060603867,40.066016504067797],[-82.844674780213424,40.066012664668229]]]},"properties":{"PARCELID":"010-309177","OWNERNME1":"CAMDEN OWNER LLC","SITEADDRESS":"6525 ANTHONY MARTIN 101","RESYRBLT":2022,"RESFLRAREA_AG":1168,"STATEDAREA":null,"ACRES":0.026412120000000001,"SCHLDSCRP":"COLUMBUS CSD","CVTTXDSCRP":"CITY OF COLUMBUS","CLASSCD":"553","CLASSDSCRP":"CONDO 40+ RENTAL UNITS","SALEPRICE":0,"SALEDATE":1696568400000}},{"type":"Feature","geometry":{"type":"Polygon","coordinates":[[[-82.844885335149669,40.066020344290855],[-82.844780060603867,40.066016504067797],[-82.844773453476591,40.066123439409481],[-82.844878728179793,40.066127278737717],[-82.844885335149669,40.066020344290855]]]},"properties":{"PARCELID":"010-309178","OWNERNME1":"CAMDEN OWNER LLC","SITEADDRESS":"6525 ANTHONY MARTIN 102","RESYRBLT":2022,"RESFLRAREA_AG":1168,"STATEDAREA":null,"ACRES":0.026410659999999999,"SCHLDSCRP":"COLUMBUS CSD","CVTTXDSCRP":"CITY OF COLUMBUS","CLASSCD":"553","CLASSDSCRP":"CONDO 40+ RENTAL UNITS","SALEPRICE":0,"SALEDATE":1696568400000}},{"type":"Feature","geometry":{"type":"Polygon","coordinates":[[[-82.844351029780611,40.066264803836944],[-82.844357637536746,40.066157861319979],[-82.844323403763795,40.066156613409028],[-82.844252362815951,40.066154021525051],[-82.844245754902403,40.066260964936831],[-82.844315967071054,40.066263525029918],[-82.844351029780611,40.066264803836944]]]},"properties":{"PARCELID":"010-309201","OWNERNME1":"CAMDEN OWNER LLC","SITEADDRESS":"6536 ANTHONY MARTIN 101","RESYRBLT":2022,"RESFLRAREA_AG":1168,"STATEDAREA":null,"ACRES":0.026412540000000002,"SCHLDSCRP":"COLUMBUS CSD","CVTTXDSCRP":"CITY OF COLUMBUS","CLASSCD":"553","CLASSDSCRP":"CONDO 40+ RENTAL UNITS","SALEPRICE":0,"SALEDATE":1696568400000}},{"type":"Feature","geometry":{"type":"Polygon","coordinates":[[[-82.844140474170558,40.066257125058954],[-82.844245754902403,40.066260964936831],[-82.844252362815951,40.066154021525051],[-82.84414708224601,40.066150181652944],[-82.844140474170558,40.066257125058954]]]},"properties":{"PARCELID":"010-309202","OWNERNME1":"CAMDEN OWNER LLC","SITEADDRESS":"6536 ANTHONY MARTIN 102","RESYRBLT":2022,"RESFLRAREA_AG":1168,"STATEDAREA":null,"ACRES":0.026414190000000001,"SCHLDSCRP":"COLUMBUS CSD","CVTTXDSCRP":"CITY OF COLUMBUS","CLASSCD":"553","CLASSDSCRP":"CONDO 40+ RENTAL UNITS","SALEPRICE":0,"SALEDATE":1696568400000}},{"type":"Feature","geometry":{"type":"Polygon","coordinates":[[[-82.844148268238357,40.066130990677337],[-82.844253548779221,40.0661348305484],[-82.844259104181688,40.066044920755772],[-82.844153823772473,40.066041079988949],[-82.844148268238357,40.066130990677337]]]},"properties":{"PARCELID":"010-309204","OWNERNME1":"CAMDEN OWNER LLC","SITEADDRESS":"6536 ANTHONY MARTIN 104","RESYRBLT":2022,"RESFLRAREA_AG":1016,"STATEDAREA":null,"ACRES":0.02220716,"SCHLDSCRP":"COLUMBUS CSD","CVTTXDSCRP":"CITY OF COLUMBUS","CLASSCD":"553","CLASSDSCRP":"CONDO 40+ RENTAL UNITS","SALEPRICE":0,"SALEDATE":1696568400000}},{"type":"Feature","geometry":{"type":"Polygon","coordinates":[[[-82.844358823470941,40.066138670342347],[-82.844364378741744,40.066048761445444],[-82.844330991477392,40.066047542577756],[-82.844259104181688,40.066044920755772],[-82.844253548779221,40.0661348305484],[-82.844324738598601,40.066137427399156],[-82.844358823470941,40.066138670342347]]]},"properties":{"PARCELID":"010-309203","OWNERNME1":"CAMDEN OWNER LLC","SITEADDRESS":"6536 ANTHONY MARTIN 103","RESYRBLT":2022,"RESFLRAREA_AG":1016,"STATEDAREA":null,"ACRES":0.022205840000000001,"SCHLDSCRP":"COLUMBUS CSD","CVTTXDSCRP":"CITY OF COLUMBUS","CLASSCD":"553","CLASSDSCRP":"CONDO 40+ RENTAL UNITS","SALEPRICE":0,"SALEDATE":1696568400000}},{"type":"Feature","geometry":{"type":"Polygon","coordinates":[[[-82.844159380424131,40.065951161188394],[-82.844153823772473,40.066041079988949],[-82.844259104181688,40.066044920755772],[-82.844264660701668,40.06595500285097],[-82.844159380424131,40.065951161188394]]]},"properties":{"PARCELID":"010-309206","OWNERNME1":"CAMDEN OWNER LLC","SITEADDRESS":"6536 ANTHONY MARTIN 106","RESYRBLT":2022,"RESFLRAREA_AG":733,"STATEDAREA":null,"ACRES":0.022209260000000002,"SCHLDSCRP":"COLUMBUS CSD","CVTTXDSCRP":"CITY OF COLUMBUS","CLASSCD":"553","CLASSDSCRP":"CONDO 40+ RENTAL UNITS","SALEPRICE":0,"SALEDATE":1696568400000}},{"type":"Feature","geometry":{"type":"Polygon","coordinates":[[[-82.844369935121122,40.065958842635204],[-82.844264660701668,40.06595500285097],[-82.844259104181688,40.066044920755772],[-82.844330991477392,40.066047542577756],[-82.844364378741744,40.066048761445444],[-82.844369935121122,40.065958842635204]]]},"properties":{"PARCELID":"010-309205","OWNERNME1":"CAMDEN OWNER LLC","SITEADDRESS":"6536 ANTHONY MARTIN 105","RESYRBLT":2022,"RESFLRAREA_AG":733,"STATEDAREA":null,"ACRES":0.022207959999999999,"SCHLDSCRP":"COLUMBUS CSD","CVTTXDSCRP":"CITY OF COLUMBUS","CLASSCD":"553","CLASSDSCRP":"CONDO 40+ RENTAL UNITS","SALEPRICE":0,"SALEDATE":1696568400000}},{"type":"Feature","geometry":{"type":"Polygon","coordinates":[[[-82.844160595694532,40.065931493702557],[-82.844265875942284,40.065935335364081],[-82.844272483834018,40.065828400043266],[-82.84416720375711,40.06582456018873],[-82.844160595694532,40.065931493702557]]]},"properties":{"PARCELID":"010-309208","OWNERNME1":"CAMDEN OWNER LLC","SITEADDRESS":"6536 ANTHONY MARTIN 108","RESYRBLT":2022,"RESFLRAREA_AG":1168,"STATEDAREA":null,"ACRES":0.026412120000000001,"SCHLDSCRP":"COLUMBUS CSD","CVTTXDSCRP":"CITY OF COLUMBUS","CLASSCD":"553","CLASSDSCRP":"CONDO 40+ RENTAL UNITS","SALEPRICE":0,"SALEDATE":1696568400000}},{"type":"Feature","geometry":{"type":"Polygon","coordinates":[[[-82.844377758066273,40.065832240721285],[-82.844272483834018,40.065828400043266],[-82.844265875942284,40.065935335364081],[-82.844338615447953,40.065937988007384],[-82.84437115033198,40.065939175147264],[-82.844377758066273,40.065832240721285]]]},"properties":{"PARCELID":"010-309207","OWNERNME1":"CAMDEN OWNER LLC","SITEADDRESS":"6536 ANTHONY MARTIN 107","RESYRBLT":2022,"RESFLRAREA_AG":1168,"STATEDAREA":null,"ACRES":0.026410639999999999,"SCHLDSCRP":"COLUMBUS CSD","CVTTXDSCRP":"CITY OF COLUMBUS","CLASSCD":"553","CLASSDSCRP":"CONDO 40+ RENTAL UNITS","SALEPRICE":0,"SALEDATE":1696568400000}},{"type":"Feature","geometry":{"type":"Polygon","coordinates":[[[-82.844655846885217,40.066319095216663],[-82.844761127739631,40.066322934632751],[-82.844766682499355,40.066233024822559],[-82.844661401776605,40.066229184510732],[-82.844655846885217,40.066319095216663]]]},"properties":{"PARCELID":"010-309189","OWNERNME1":"CAMDEN OWNER LLC","SITEADDRESS":"6525 ANTHONY MARTIN 205","RESYRBLT":2022,"RESFLRAREA_AG":1016,"STATEDAREA":null,"ACRES":0.02220716,"SCHLDSCRP":"COLUMBUS CSD","CVTTXDSCRP":"CITY OF COLUMBUS","CLASSCD":"553","CLASSDSCRP":"CONDO 40+ RENTAL UNITS","SALEPRICE":0,"SALEDATE":1696568400000}},{"type":"Feature","geometry":{"type":"Polygon","coordinates":[[[-82.844351029780611,40.066264803836944],[-82.844357637536746,40.066157861319979],[-82.844323403763795,40.066156613409028],[-82.844252362815951,40.066154021525051],[-82.844245754902403,40.066260964936831],[-82.844315967071054,40.066263525029918],[-82.844351029780611,40.066264803836944]]]},"properties":{"PARCELID":"010-309209","OWNERNME1":"CAMDEN OWNER LLC","SITEADDRESS":"6536 ANTHONY MARTIN 201","RESYRBLT":2022,"RESFLRAREA_AG":1168,"STATEDAREA":null,"ACRES":0.026412540000000002,"SCHLDSCRP":"COLUMBUS CSD","CVTTXDSCRP":"CITY OF COLUMBUS","CLASSCD":"553","CLASSDSCRP":"CONDO 40+ RENTAL UNITS","SALEPRICE":0,"SALEDATE":1696568400000}},{"type":"Feature","geometry":{"type":"Polygon","coordinates":[[[-82.844140474170558,40.066257125058954],[-82.844245754902403,40.066260964936831],[-82.844252362815951,40.066154021525051],[-82.84414708224601,40.066150181652944],[-82.844140474170558,40.066257125058954]]]},"properties":{"PARCELID":"010-309210","OWNERNME1":"CAMDEN OWNER LLC","SITEADDRESS":"6536 ANTHONY MARTIN 202","RESYRBLT":2022,"RESFLRAREA_AG":1168,"STATEDAREA":null,"ACRES":0.026414190000000001,"SCHLDSCRP":"COLUMBUS CSD","CVTTXDSCRP":"CITY OF COLUMBUS","CLASSCD":"553","CLASSDSCRP":"CONDO 40+ RENTAL UNITS","SALEPRICE":0,"SALEDATE":1696568400000}},{"type":"Feature","geometry":{"type":"Polygon","coordinates":[[[-82.844160595694532,40.065931493702557],[-82.844265875942284,40.065935335364081],[-82.844272483834018,40.065828400043266],[-82.84416720375711,40.06582456018873],[-82.844160595694532,40.065931493702557]]]},"properties":{"PARCELID":"010-309216","OWNERNME1":"CAMDEN OWNER LLC","SITEADDRESS":"6536 ANTHONY MARTIN 208","RESYRBLT":2022,"RESFLRAREA_AG":1168,"STATEDAREA":null,"ACRES":0.026412120000000001,"SCHLDSCRP":"COLUMBUS CSD","CVTTXDSCRP":"CITY OF COLUMBUS","CLASSCD":"553","CLASSDSCRP":"CONDO 40+ RENTAL UNITS","SALEPRICE":0,"SALEDATE":1696568400000}},{"type":"Feature","geometry":{"type":"Polygon","coordinates":[[[-82.844885335149669,40.066020344290855],[-82.844780060603867,40.066016504067797],[-82.844773453476591,40.066123439409481],[-82.844878728179793,40.066127278737717],[-82.844885335149669,40.066020344290855]]]},"properties":{"PARCELID":"010-309186","OWNERNME1":"CAMDEN OWNER LLC","SITEADDRESS":"6525 ANTHONY MARTIN 202","RESYRBLT":2022,"RESFLRAREA_AG":1168,"STATEDAREA":null,"ACRES":0.026410659999999999,"SCHLDSCRP":"COLUMBUS CSD","CVTTXDSCRP":"CITY OF COLUMBUS","CLASSCD":"553","CLASSDSCRP":"CONDO 40+ RENTAL UNITS","SALEPRICE":0,"SALEDATE":1696568400000}},{"type":"Feature","geometry":{"type":"Polygon","coordinates":[[[-82.845076674922524,40.066460756566329],[-82.84508200491841,40.066379469847433],[-82.845082032202257,40.066379063592088],[-82.844942867516153,40.066373676702675],[-82.844937508900827,40.066455369674216],[-82.845076674922524,40.066460756566329]]]},"properties":{"PARCELID":"010-309161","OWNERNME1":"CAMDEN OWNER LLC","SITEADDRESS":"6485 ANTHONY MARTIN 201","RESYRBLT":2022,"RESFLRAREA_AG":1168,"STATEDAREA":null,"ACRES":0.026679290000000001,"SCHLDSCRP":"COLUMBUS CSD","CVTTXDSCRP":"CITY OF COLUMBUS","CLASSCD":"553","CLASSDSCRP":"CONDO 40+ RENTAL UNITS","SALEPRICE":0,"SALEDATE":1696568400000}},{"type":"Feature","geometry":{"type":"Polygon","coordinates":[[[-82.844877513109537,40.066146946229487],[-82.844772238376549,40.066143106900213],[-82.844766682499355,40.066233024822559],[-82.844871957372945,40.066236865057277],[-82.844877513109537,40.066146946229487]]]},"properties":{"PARCELID":"010-309188","OWNERNME1":"CAMDEN OWNER LLC","SITEADDRESS":"6525 ANTHONY MARTIN 204","RESYRBLT":2022,"RESFLRAREA_AG":733,"STATEDAREA":null,"ACRES":0.02220801,"SCHLDSCRP":"COLUMBUS CSD","CVTTXDSCRP":"CITY OF COLUMBUS","CLASSCD":"553","CLASSDSCRP":"CONDO 40+ RENTAL UNITS","SALEPRICE":0,"SALEDATE":1696568400000}},{"type":"Feature","geometry":{"type":"Polygon","coordinates":[[[-82.844753334764505,40.066449069045802],[-82.844759941913551,40.066342125613133],[-82.844654661030077,40.066338286196],[-82.844648053719112,40.066445229622879],[-82.844753334764505,40.066449069045802]]]},"properties":{"PARCELID":"010-309191","OWNERNME1":"CAMDEN OWNER LLC","SITEADDRESS":"6525 ANTHONY MARTING 207","RESYRBLT":2022,"RESFLRAREA_AG":1168,"STATEDAREA":null,"ACRES":0.026414190000000001,"SCHLDSCRP":"COLUMBUS CSD","CVTTXDSCRP":"CITY OF COLUMBUS","CLASSCD":"553","CLASSDSCRP":"CONDO 40+ RENTAL UNITS","SALEPRICE":0,"SALEDATE":1696568400000}},{"type":"Feature","geometry":{"type":"Polygon","coordinates":[[[-82.844358823470941,40.066138670342347],[-82.844364378741744,40.066048761445444],[-82.844330991477392,40.066047542577756],[-82.844259104181688,40.066044920755772],[-82.844253548779221,40.0661348305484],[-82.844324738598601,40.066137427399156],[-82.844358823470941,40.066138670342347]]]},"properties":{"PARCELID":"010-309211","OWNERNME1":"CAMDEN OWNER LLC","SITEADDRESS":"6536 ANTHONY MARTIN 203","RESYRBLT":2022,"RESFLRAREA_AG":1016,"STATEDAREA":null,"ACRES":0.022205840000000001,"SCHLDSCRP":"COLUMBUS CSD","CVTTXDSCRP":"CITY OF COLUMBUS","CLASSCD":"553","CLASSDSCRP":"CONDO 40+ RENTAL UNITS","SALEPRICE":0,"SALEDATE":1696568400000}},{"type":"Feature","geometry":{"type":"Polygon","coordinates":[[[-82.844369935121122,40.065958842635204],[-82.844264660701668,40.06595500285097],[-82.844259104181688,40.066044920755772],[-82.844330991477392,40.066047542577756],[-82.844364378741744,40.066048761445444],[-82.844369935121122,40.065958842635204]]]},"properties":{"PARCELID":"010-309213","OWNERNME1":"CAMDEN OWNER LLC","SITEADDRESS":"6536 ANTHONY MARTIN 205","RESYRBLT":2022,"RESFLRAREA_AG":733,"STATEDAREA":null,"ACRES":0.022207959999999999,"SCHLDSCRP":"COLUMBUS CSD","CVTTXDSCRP":"CITY OF COLUMBUS","CLASSCD":"553","CLASSDSCRP":"CONDO 40+ RENTAL UNITS","SALEPRICE":0,"SALEDATE":1696568400000}},{"type":"Feature","geometry":{"type":"Polygon","coordinates":[[[-82.844159380424131,40.065951161188394],[-82.844153823772473,40.066041079988949],[-82.844259104181688,40.066044920755772],[-82.844264660701668,40.06595500285097],[-82.844159380424131,40.065951161188394]]]},"properties":{"PARCELID":"010-309214","OWNERNME1":"CAMDEN OWNER LLC","SITEADDRESS":"6536 ANTHONY MARTIN 206","RESYRBLT":2022,"RESFLRAREA_AG":733,"STATEDAREA":null,"ACRES":0.022209260000000002,"SCHLDSCRP":"COLUMBUS CSD","CVTTXDSCRP":"CITY OF COLUMBUS","CLASSCD":"553","CLASSDSCRP":"CONDO 40+ RENTAL UNITS","SALEPRICE":0,"SALEDATE":1696568400000}},{"type":"Feature","geometry":{"type":"Polygon","coordinates":[[[-82.844858609956233,40.066452907490955],[-82.844865216947852,40.066345964953136],[-82.844759941913551,40.066342125613133],[-82.844753334764505,40.066449069045802],[-82.844858609956233,40.066452907490955]]]},"properties":{"PARCELID":"010-309192","OWNERNME1":"CAMDEN OWNER LLC","SITEADDRESS":"6525 ANTHONY MARTIN 208","RESYRBLT":2022,"RESFLRAREA_AG":1168,"STATEDAREA":null,"ACRES":0.026412580000000001,"SCHLDSCRP":"COLUMBUS CSD","CVTTXDSCRP":"CITY OF COLUMBUS","CLASSCD":"553","CLASSDSCRP":"CONDO 40+ RENTAL UNITS","SALEPRICE":0,"SALEDATE":1696568400000}},{"type":"Feature","geometry":{"type":"Polygon","coordinates":[[[-82.844666957785464,40.066139265692605],[-82.844661401776605,40.066229184510732],[-82.844766682499355,40.066233024822559],[-82.844772238376549,40.066143106900213],[-82.844666957785464,40.066139265692605]]]},"properties":{"PARCELID":"010-309187","OWNERNME1":"CAMDEN OWNER LLC","SITEADDRESS":"6485 ANTHONY MARTIN 203","RESYRBLT":2022,"RESFLRAREA_AG":733,"STATEDAREA":null,"ACRES":0.022209260000000002,"SCHLDSCRP":"COLUMBUS CSD","CVTTXDSCRP":"CITY OF COLUMBUS","CLASSCD":"553","CLASSDSCRP":"CONDO 40+ RENTAL UNITS","SALEPRICE":0,"SALEDATE":1696568400000}},{"type":"Feature","geometry":{"type":"Polygon","coordinates":[[[-82.844948170377563,40.066292796242429],[-82.844942867516153,40.066373676702675],[-82.845082032202257,40.066379063592088],[-82.84508733490182,40.066298183125753],[-82.844948170377563,40.066292796242429]]]},"properties":{"PARCELID":"010-309162","OWNERNME1":"CAMDEN OWNER LLC","SITEADDRESS":"6485 ANTHONY MARTIN 202","RESYRBLT":2022,"RESFLRAREA_AG":1168,"STATEDAREA":null,"ACRES":0.026413699999999998,"SCHLDSCRP":"COLUMBUS CSD","CVTTXDSCRP":"CITY OF COLUMBUS","CLASSCD":"553","CLASSDSCRP":"CONDO 40+ RENTAL UNITS","SALEPRICE":0,"SALEDATE":1696568400000}},{"type":"Feature","geometry":{"type":"Polygon","coordinates":[[[-82.844377758066273,40.065832240721285],[-82.844272483834018,40.065828400043266],[-82.844265875942284,40.065935335364081],[-82.844338615447953,40.065937988007384],[-82.84437115033198,40.065939175147264],[-82.844377758066273,40.065832240721285]]]},"properties":{"PARCELID":"010-309215","OWNERNME1":"CAMDEN OWNER LLC","SITEADDRESS":"6536 ANTHONY MARTING 207","RESYRBLT":2022,"RESFLRAREA_AG":1168,"STATEDAREA":null,"ACRES":0.026410639999999999,"SCHLDSCRP":"COLUMBUS CSD","CVTTXDSCRP":"CITY OF COLUMBUS","CLASSCD":"553","CLASSDSCRP":"CONDO 40+ RENTAL UNITS","SALEPRICE":0,"SALEDATE":1696568400000}},{"type":"Feature","geometry":{"type":"Polygon","coordinates":[[[-82.84486640274487,40.06632677397171],[-82.844871957372945,40.066236865057277],[-82.844766682499355,40.066233024822559],[-82.844761127739631,40.066322934632751],[-82.84486640274487,40.06632677397171]]]},"properties":{"PARCELID":"010-309190","OWNERNME1":"CAMDEN OWNER LLC","SITEADDRESS":"6525 ANTHONY MARTIN 206","RESYRBLT":2022,"RESFLRAREA_AG":1016,"STATEDAREA":null,"ACRES":0.022205780000000001,"SCHLDSCRP":"COLUMBUS CSD","CVTTXDSCRP":"CITY OF COLUMBUS","CLASSCD":"553","CLASSDSCRP":"CONDO 40+ RENTAL UNITS","SALEPRICE":0,"SALEDATE":1696568400000}},{"type":"Feature","geometry":{"type":"Polygon","coordinates":[[[-82.844148268238357,40.066130990677337],[-82.844253548779221,40.0661348305484],[-82.844259104181688,40.066044920755772],[-82.844153823772473,40.066041079988949],[-82.844148268238357,40.066130990677337]]]},"properties":{"PARCELID":"010-309212","OWNERNME1":"CAMDEN OWNER LLC","SITEADDRESS":"6536 ALEXANDER CLAY 204","RESYRBLT":2022,"RESFLRAREA_AG":1016,"STATEDAREA":null,"ACRES":0.02220716,"SCHLDSCRP":"COLUMBUS CSD","CVTTXDSCRP":"CITY OF COLUMBUS","CLASSCD":"553","CLASSDSCRP":"CONDO 40+ RENTAL UNITS","SALEPRICE":0,"SALEDATE":1696568400000}},{"type":"Feature","geometry":{"type":"Polygon","coordinates":[[[-82.844674780213424,40.066012664668229],[-82.844668172915277,40.066119598202967],[-82.844773453476591,40.066123439409481],[-82.844780060603867,40.066016504067797],[-82.844674780213424,40.066012664668229]]]},"properties":{"PARCELID":"010-309185","OWNERNME1":"CAMDEN OWNER LLC","SITEADDRESS":"6525 ANTHONY MARTIN 201","RESYRBLT":2022,"RESFLRAREA_AG":1168,"STATEDAREA":null,"ACRES":0.026412120000000001,"SCHLDSCRP":"COLUMBUS CSD","CVTTXDSCRP":"CITY OF COLUMBUS","CLASSCD":"553","CLASSDSCRP":"CONDO 40+ RENTAL UNITS","SALEPRICE":0,"SALEDATE":1696568400000}},{"type":"Feature","geometry":{"type":"Polygon","coordinates":[[[-82.844358823470941,40.066138670342347],[-82.844364378741744,40.066048761445444],[-82.844330991477392,40.066047542577756],[-82.844259104181688,40.066044920755772],[-82.844253548779221,40.0661348305484],[-82.844324738598601,40.066137427399156],[-82.844358823470941,40.066138670342347]]]},"properties":{"PARCELID":"010-309219","OWNERNME1":"CAMDEN OWNER LLC","SITEADDRESS":"6536 ANTHONY MARTIN 303","RESYRBLT":2022,"RESFLRAREA_AG":1016,"STATEDAREA":null,"ACRES":0.022205840000000001,"SCHLDSCRP":"COLUMBUS CSD","CVTTXDSCRP":"CITY OF COLUMBUS","CLASSCD":"553","CLASSDSCRP":"CONDO 40+ RENTAL UNITS","SALEPRICE":0,"SALEDATE":1696568400000}},{"type":"Feature","geometry":{"type":"Polygon","coordinates":[[[-82.844159380424131,40.065951161188394],[-82.844153823772473,40.066041079988949],[-82.844259104181688,40.066044920755772],[-82.844264660701668,40.06595500285097],[-82.844159380424131,40.065951161188394]]]},"properties":{"PARCELID":"010-309222","OWNERNME1":"CAMDEN OWNER LLC","SITEADDRESS":"6536 ANTHONY MARTIN 306","RESYRBLT":2022,"RESFLRAREA_AG":733,"STATEDAREA":null,"ACRES":0.022209260000000002,"SCHLDSCRP":"COLUMBUS CSD","CVTTXDSCRP":"CITY OF COLUMBUS","CLASSCD":"553","CLASSDSCRP":"CONDO 40+ RENTAL UNITS","SALEPRICE":0,"SALEDATE":1696568400000}},{"type":"Feature","geometry":{"type":"Polygon","coordinates":[[[-82.844753334764505,40.066449069045802],[-82.844759941913551,40.066342125613133],[-82.844654661030077,40.066338286196],[-82.844648053719112,40.066445229622879],[-82.844753334764505,40.066449069045802]]]},"properties":{"PARCELID":"010-309199","OWNERNME1":"CAMDEN OWNER LLC","SITEADDRESS":"6525 ANTHONY MARTIN 307","RESYRBLT":2022,"RESFLRAREA_AG":1168,"STATEDAREA":null,"ACRES":0.026414190000000001,"SCHLDSCRP":"COLUMBUS CSD","CVTTXDSCRP":"CITY OF COLUMBUS","CLASSCD":"553","CLASSDSCRP":"CONDO 40+ RENTAL UNITS","SALEPRICE":0,"SALEDATE":1696568400000}},{"type":"Feature","geometry":{"type":"Polygon","coordinates":[[[-82.844674780213424,40.066012664668229],[-82.844668172915277,40.066119598202967],[-82.844773453476591,40.066123439409481],[-82.844780060603867,40.066016504067797],[-82.844674780213424,40.066012664668229]]]},"properties":{"PARCELID":"010-309193","OWNERNME1":"CAMDEN OWNER LLC","SITEADDRESS":"6525 ANTHONY MARTING 301","RESYRBLT":2022,"RESFLRAREA_AG":1168,"STATEDAREA":null,"ACRES":0.026412120000000001,"SCHLDSCRP":"COLUMBUS CSD","CVTTXDSCRP":"CITY OF COLUMBUS","CLASSCD":"553","CLASSDSCRP":"CONDO 40+ RENTAL UNITS","SALEPRICE":0,"SALEDATE":1696568400000}},{"type":"Feature","geometry":{"type":"Polygon","coordinates":[[[-82.844140474170558,40.066257125058954],[-82.844245754902403,40.066260964936831],[-82.844252362815951,40.066154021525051],[-82.84414708224601,40.066150181652944],[-82.844140474170558,40.066257125058954]]]},"properties":{"PARCELID":"010-309218","OWNERNME1":"CAMDEN OWNER LLC","SITEADDRESS":"6536 ANTHONY MARTIN 302","RESYRBLT":2022,"RESFLRAREA_AG":1168,"STATEDAREA":null,"ACRES":0.026414190000000001,"SCHLDSCRP":"COLUMBUS CSD","CVTTXDSCRP":"CITY OF COLUMBUS","CLASSCD":"553","CLASSDSCRP":"CONDO 40+ RENTAL UNITS","SALEPRICE":0,"SALEDATE":1696568400000}},{"type":"Feature","geometry":{"type":"Polygon","coordinates":[[[-82.844666957785464,40.066139265692605],[-82.844661401776605,40.066229184510732],[-82.844766682499355,40.066233024822559],[-82.844772238376549,40.066143106900213],[-82.844666957785464,40.066139265692605]]]},"properties":{"PARCELID":"010-309195","OWNERNME1":"CAMDEN OWNER LLC","SITEADDRESS":"6525 ANTHONY MARTIN 303","RESYRBLT":2022,"RESFLRAREA_AG":733,"STATEDAREA":null,"ACRES":0.022209260000000002,"SCHLDSCRP":"COLUMBUS CSD","CVTTXDSCRP":"CITY OF COLUMBUS","CLASSCD":"553","CLASSDSCRP":"CONDO 40+ RENTAL UNITS","SALEPRICE":0,"SALEDATE":1696568400000}},{"type":"Feature","geometry":{"type":"Polygon","coordinates":[[[-82.844351029780611,40.066264803836944],[-82.844357637536746,40.066157861319979],[-82.844323403763795,40.066156613409028],[-82.844252362815951,40.066154021525051],[-82.844245754902403,40.066260964936831],[-82.844315967071054,40.066263525029918],[-82.844351029780611,40.066264803836944]]]},"properties":{"PARCELID":"010-309217","OWNERNME1":"CAMDEN OWNER LLC","SITEADDRESS":"6536 ANTHONY MARTIN 301","RESYRBLT":2022,"RESFLRAREA_AG":1168,"STATEDAREA":null,"ACRES":0.026412540000000002,"SCHLDSCRP":"COLUMBUS CSD","CVTTXDSCRP":"CITY OF COLUMBUS","CLASSCD":"553","CLASSDSCRP":"CONDO 40+ RENTAL UNITS","SALEPRICE":0,"SALEDATE":1696568400000}},{"type":"Feature","geometry":{"type":"Polygon","coordinates":[[[-82.84486640274487,40.06632677397171],[-82.844871957372945,40.066236865057277],[-82.844766682499355,40.066233024822559],[-82.844761127739631,40.066322934632751],[-82.84486640274487,40.06632677397171]]]},"properties":{"PARCELID":"010-309198","OWNERNME1":"CAMDEN OWNER LLC","SITEADDRESS":"6525 ANTHONY MARTIN 306","RESYRBLT":2022,"RESFLRAREA_AG":1016,"STATEDAREA":null,"ACRES":0.022205780000000001,"SCHLDSCRP":"COLUMBUS CSD","CVTTXDSCRP":"CITY OF COLUMBUS","CLASSCD":"553","CLASSDSCRP":"CONDO 40+ RENTAL UNITS","SALEPRICE":0,"SALEDATE":1696568400000}},{"type":"Feature","geometry":{"type":"Polygon","coordinates":[[[-82.844885335149669,40.066020344290855],[-82.844780060603867,40.066016504067797],[-82.844773453476591,40.066123439409481],[-82.844878728179793,40.066127278737717],[-82.844885335149669,40.066020344290855]]]},"properties":{"PARCELID":"010-309194","OWNERNME1":"CAMDEN OWNER LLC","SITEADDRESS":"6525 ANTHONY MARTIN 302","RESYRBLT":2022,"RESFLRAREA_AG":1168,"STATEDAREA":null,"ACRES":0.026410659999999999,"SCHLDSCRP":"COLUMBUS CSD","CVTTXDSCRP":"CITY OF COLUMBUS","CLASSCD":"553","CLASSDSCRP":"CONDO 40+ RENTAL UNITS","SALEPRICE":0,"SALEDATE":1696568400000}},{"type":"Feature","geometry":{"type":"Polygon","coordinates":[[[-82.844377758066273,40.065832240721285],[-82.844272483834018,40.065828400043266],[-82.844265875942284,40.065935335364081],[-82.844338615447953,40.065937988007384],[-82.84437115033198,40.065939175147264],[-82.844377758066273,40.065832240721285]]]},"properties":{"PARCELID":"010-309223","OWNERNME1":"CAMDEN OWNER LLC","SITEADDRESS":"6536 ANTHONY MARTIN 307","RESYRBLT":2022,"RESFLRAREA_AG":1168,"STATEDAREA":null,"ACRES":0.026410639999999999,"SCHLDSCRP":"COLUMBUS CSD","CVTTXDSCRP":"CITY OF COLUMBUS","CLASSCD":"553","CLASSDSCRP":"CONDO 40+ RENTAL UNITS","SALEPRICE":0,"SALEDATE":1696568400000}},{"type":"Feature","geometry":{"type":"Polygon","coordinates":[[[-82.845076674922524,40.066460756566329],[-82.84508200491841,40.066379469847433],[-82.845082032202257,40.066379063592088],[-82.844942867516153,40.066373676702675],[-82.844937508900827,40.066455369674216],[-82.845076674922524,40.066460756566329]]]},"properties":{"PARCELID":"010-309169","OWNERNME1":"CAMDEN OWNER LLC","SITEADDRESS":"6485 ANTHONY MARTIN 301","RESYRBLT":2022,"RESFLRAREA_AG":1168,"STATEDAREA":null,"ACRES":0.026679290000000001,"SCHLDSCRP":"COLUMBUS CSD","CVTTXDSCRP":"CITY OF COLUMBUS","CLASSCD":"553","CLASSDSCRP":"CONDO 40+ RENTAL UNITS","SALEPRICE":0,"SALEDATE":1696568400000}},{"type":"Feature","geometry":{"type":"Polygon","coordinates":[[[-82.844369935121122,40.065958842635204],[-82.844264660701668,40.06595500285097],[-82.844259104181688,40.066044920755772],[-82.844330991477392,40.066047542577756],[-82.844364378741744,40.066048761445444],[-82.844369935121122,40.065958842635204]]]},"properties":{"PARCELID":"010-309221","OWNERNME1":"CAMDEN OWNER LLC","SITEADDRESS":"6536 ANTHONY MARTIN 305","RESYRBLT":2022,"RESFLRAREA_AG":733,"STATEDAREA":null,"ACRES":0.022207959999999999,"SCHLDSCRP":"COLUMBUS CSD","CVTTXDSCRP":"CITY OF COLUMBUS","CLASSCD":"553","CLASSDSCRP":"CONDO 40+ RENTAL UNITS","SALEPRICE":0,"SALEDATE":1696568400000}},{"type":"Feature","geometry":{"type":"Polygon","coordinates":[[[-82.844877513109537,40.066146946229487],[-82.844772238376549,40.066143106900213],[-82.844766682499355,40.066233024822559],[-82.844871957372945,40.066236865057277],[-82.844877513109537,40.066146946229487]]]},"properties":{"PARCELID":"010-309196","OWNERNME1":"CAMDEN OWNER LLC","SITEADDRESS":"6525 ANTHONY MARTIN 304","RESYRBLT":2022,"RESFLRAREA_AG":733,"STATEDAREA":null,"ACRES":0.02220801,"SCHLDSCRP":"COLUMBUS CSD","CVTTXDSCRP":"CITY OF COLUMBUS","CLASSCD":"553","CLASSDSCRP":"CONDO 40+ RENTAL UNITS","SALEPRICE":0,"SALEDATE":1696568400000}},{"type":"Feature","geometry":{"type":"Polygon","coordinates":[[[-82.844160595694532,40.065931493702557],[-82.844265875942284,40.065935335364081],[-82.844272483834018,40.065828400043266],[-82.84416720375711,40.06582456018873],[-82.844160595694532,40.065931493702557]]]},"properties":{"PARCELID":"010-309224","OWNERNME1":"CAMDEN OWNER LLC","SITEADDRESS":"6536 ANTHONY MARTIN 308","RESYRBLT":2022,"RESFLRAREA_AG":1168,"STATEDAREA":null,"ACRES":0.026412120000000001,"SCHLDSCRP":"COLUMBUS CSD","CVTTXDSCRP":"CITY OF COLUMBUS","CLASSCD":"553","CLASSDSCRP":"CONDO 40+ RENTAL UNITS","SALEPRICE":0,"SALEDATE":1696568400000}},{"type":"Feature","geometry":{"type":"Polygon","coordinates":[[[-82.844148268238357,40.066130990677337],[-82.844253548779221,40.0661348305484],[-82.844259104181688,40.066044920755772],[-82.844153823772473,40.066041079988949],[-82.844148268238357,40.066130990677337]]]},"properties":{"PARCELID":"010-309220","OWNERNME1":"CAMDEN OWNER LLC","SITEADDRESS":"6536 ANTHONY MARTIN 304","RESYRBLT":2022,"RESFLRAREA_AG":1016,"STATEDAREA":null,"ACRES":0.02220716,"SCHLDSCRP":"COLUMBUS CSD","CVTTXDSCRP":"CITY OF COLUMBUS","CLASSCD":"553","CLASSDSCRP":"CONDO 40+ RENTAL UNITS","SALEPRICE":0,"SALEDATE":1696568400000}},{"type":"Feature","geometry":{"type":"Polygon","coordinates":[[[-82.844655846885217,40.066319095216663],[-82.844761127739631,40.066322934632751],[-82.844766682499355,40.066233024822559],[-82.844661401776605,40.066229184510732],[-82.844655846885217,40.066319095216663]]]},"properties":{"PARCELID":"010-309197","OWNERNME1":"CAMDEN OWNER LLC","SITEADDRESS":"6525 ANTHONY MARTIN 305","RESYRBLT":2022,"RESFLRAREA_AG":1016,"STATEDAREA":null,"ACRES":0.02220716,"SCHLDSCRP":"COLUMBUS CSD","CVTTXDSCRP":"CITY OF COLUMBUS","CLASSCD":"553","CLASSDSCRP":"CONDO 40+ RENTAL UNITS","SALEPRICE":0,"SALEDATE":1696568400000}},{"type":"Feature","geometry":{"type":"Polygon","coordinates":[[[-82.844948170377563,40.066292796242429],[-82.844942867516153,40.066373676702675],[-82.845082032202257,40.066379063592088],[-82.84508733490182,40.066298183125753],[-82.844948170377563,40.066292796242429]]]},"properties":{"PARCELID":"010-309170","OWNERNME1":"CAMDEN OWNER LLC","SITEADDRESS":"6485 ANTHONY MARTIN 302","RESYRBLT":2022,"RESFLRAREA_AG":1168,"STATEDAREA":null,"ACRES":0.026413699999999998,"SCHLDSCRP":"COLUMBUS CSD","CVTTXDSCRP":"CITY OF COLUMBUS","CLASSCD":"553","CLASSDSCRP":"CONDO 40+ RENTAL UNITS","SALEPRICE":0,"SALEDATE":1696568400000}},{"type":"Feature","geometry":{"type":"Polygon","coordinates":[[[-82.844858609956233,40.066452907490955],[-82.844865216947852,40.066345964953136],[-82.844759941913551,40.066342125613133],[-82.844753334764505,40.066449069045802],[-82.844858609956233,40.066452907490955]]]},"properties":{"PARCELID":"010-309200","OWNERNME1":"CAMDEN OWNER LLC","SITEADDRESS":"6525 ANTHONY MARTIN 308","RESYRBLT":2022,"RESFLRAREA_AG":1168,"STATEDAREA":null,"ACRES":0.026412580000000001,"SCHLDSCRP":"COLUMBUS CSD","CVTTXDSCRP":"CITY OF COLUMBUS","CLASSCD":"553","CLASSDSCRP":"CONDO 40+ RENTAL UNITS","SALEPRICE":0,"SALEDATE":1696568400000}},{"type":"Feature","geometry":{"type":"Polygon","coordinates":[[[-82.834748375324409,40.06614034080021],[-82.835080270169982,40.066271653163412],[-82.835094025129877,40.066249210372739],[-82.835200816465161,40.066078659930746],[-82.835203930669977,40.066072924649404],[-82.835206174719858,40.066066796357333],[-82.835207500583508,40.066060406223592],[-82.835207879882319,40.066053891021674],[-82.835207608874384,40.066049960631979],[-82.835206974610358,40.066046054694212],[-82.835205976018216,40.066042193925476],[-82.835203433304102,40.066035755401089],[-82.835200018450521,40.066029733875823],[-82.835195798052524,40.066024246778952],[-82.835192799458042,40.066021057265132],[-82.835187761020876,40.06601660100705],[-82.835162417798799,40.065994405733626],[-82.835139457975004,40.065969753034807],[-82.835133133810473,40.065961928556781],[-82.835130089273875,40.065957962846447],[-82.835124237640699,40.065949925377097],[-82.835118706540442,40.065941754603784],[-82.835113503040773,40.065933457711267],[-82.835097925729656,40.065903545135882],[-82.835094247314871,40.065894780079745],[-82.835083624938761,40.065861676897534],[-82.835077991846674,40.065827370574205],[-82.835077470801892,40.065792608755217],[-82.835082073159626,40.065758149012765],[-82.834748375324409,40.06614034080021]]]},"properties":{"PARCELID":"222-004783","OWNERNME1":"SNYDER JENELLE D","SITEADDRESS":"SOUTHFIELD RD","RESYRBLT":null,"RESFLRAREA_AG":null,"STATEDAREA":0.25800000000000001,"ACRES":0.25891329000000002,"SCHLDSCRP":"NEW ALBANY-PLAIN LSD","CVTTXDSCRP":"PLAIN TWP-NEW ALBANY CORP","CLASSCD":"500","CLASSDSCRP":"RESIDENTIAL, VACANT LAND, LOT","SALEPRICE":0,"SALEDATE":1674018000000}},{"type":"Feature","geometry":{"type":"Polygon","coordinates":[[[-82.834229355464203,40.065887540665088],[-82.834563342351785,40.066067133848634],[-82.834748375324409,40.06614034080021],[-82.835082073159626,40.065758149012765],[-82.835082677752339,40.06575012554044],[-82.835081986910694,40.065742109033813],[-82.835080018542314,40.065734307292566],[-82.835076823670221,40.065726922549324],[-82.835072485110189,40.065720146227498],[-82.835067115324108,40.065714153979343],[-82.835060853504714,40.065709101132768],[-82.835053861967623,40.065705118664987],[-82.835019172581056,40.065684446410678],[-82.834985475479854,40.065662193298344],[-82.834942211513393,40.065633461059285],[-82.834855741395316,40.065583427023597],[-82.834765927177131,40.065539678969209],[-82.834673225076386,40.065502439117388],[-82.834578105979745,40.06547189663052],[-82.834229355464203,40.065887540665088]]]},"properties":{"PARCELID":"222-004784","OWNERNME1":"SNYDER JENELLE D","SITEADDRESS":"7230 SOUTHFIELD DR","RESYRBLT":2019,"RESFLRAREA_AG":5345,"STATEDAREA":0.74199999999999999,"ACRES":0.74401026999999997,"SCHLDSCRP":"NEW ALBANY-PLAIN LSD","CVTTXDSCRP":"PLAIN TWP-NEW ALBANY CORP","CLASSCD":"510","CLASSDSCRP":"SINGLE FAMILY DWELLING, PLATTED LOT","SALEPRICE":0,"SALEDATE":1674018000000}},{"type":"Feature","geometry":{"type":"Polygon","coordinates":[[[-82.836566443098519,40.070402964633942],[-82.836681287805689,40.070800438082969],[-82.836816918464208,40.070770402352636],[-82.836900388632927,40.07081573210656],[-82.836965786969074,40.070818014097014],[-82.837183965686492,40.070716645416667],[-82.836566443098519,40.070402964633942]]]},"properties":{"PARCELID":"222-005291","OWNERNME1":"MORGAN MIRANDA E TTEE","SITEADDRESS":"HIGHGROVE RD","RESYRBLT":null,"RESFLRAREA_AG":null,"STATEDAREA":0.27400000000000002,"ACRES":0.27378549000000002,"SCHLDSCRP":"NEW ALBANY-PLAIN LSD","CVTTXDSCRP":"PLAIN TWP-NEW ALBANY CORP","CLASSCD":"510","CLASSDSCRP":"SINGLE FAMILY DWELLING, PLATTED LOT","SALEPRICE":0,"SALEDATE":1706763600000}},{"type":"Feature","geometry":{"type":"Polygon","coordinates":[[[-82.836566443098519,40.070402964633942],[-82.837183965686492,40.070716645416667],[-82.837275790475388,40.070569520621483],[-82.83735424754849,40.070538551378633],[-82.837394370424306,40.070572826844668],[-82.837255973032342,40.070015054746868],[-82.837225072619773,40.070017782378471],[-82.837194114194943,40.070015819879039],[-82.837163805566476,40.070009212117583],[-82.837134839686527,40.069998110168669],[-82.837107878807728,40.069982767858342],[-82.837083539342004,40.069963535960881],[-82.837062377767381,40.069940854178974],[-82.836683918051833,40.069996534734038],[-82.83616305102899,40.070003285221659],[-82.836124068310852,40.070079560423068],[-82.836081371692359,40.070153820489267],[-82.836104394174598,40.070168255354012],[-82.836566443098519,40.070402964633942]]]},"properties":{"PARCELID":"222-005151","OWNERNME1":"MORGAN MIRANDA E TTEE","SITEADDRESS":"3830 HIGHGROVE RD","RESYRBLT":2023,"RESFLRAREA_AG":9689,"STATEDAREA":1.333,"ACRES":1.3366208100000001,"SCHLDSCRP":"NEW ALBANY-PLAIN LSD","CVTTXDSCRP":"PLAIN TWP-NEW ALBANY CORP","CLASSCD":"510","CLASSDSCRP":"SINGLE FAMILY DWELLING, PLATTED LOT","SALEPRICE":0,"SALEDATE":1706763600000}},{"type":"Feature","geometry":{"type":"Polygon","coordinates":[[[-82.836104394174598,40.070168255354012],[-82.836050648181057,40.070222997753305],[-82.836001214435541,40.070281663475043],[-82.83595637841772,40.070343913724912],[-82.835916399055421,40.070409389007978],[-82.835881507229303,40.070477711204752],[-82.835861658244099,40.07052192836418],[-82.835859354217646,40.07052923321779],[-82.835858282985342,40.07053681753618],[-82.835858473722553,40.070544474757831],[-82.835859921234501,40.070551996335674],[-82.83586258609769,40.070559177416953],[-82.835866395733646,40.070565822422438],[-82.835871246385636,40.070571750373126],[-82.835877005944482,40.070576799819236],[-82.83588351754662,40.070580833237365],[-82.835920083926737,40.070604684294963],[-82.835952451570918,40.070633981201169],[-82.835979817447139,40.07066799710806],[-82.836001502615787,40.070705888090686],[-82.836016969074009,40.070746714084535],[-82.836025833103349,40.070789462208317],[-82.836027874789792,40.070833071893247],[-82.836028489298442,40.070840700307762],[-82.836030355599377,40.070848122386295],[-82.83603342240518,40.070855134164312],[-82.836037605437639,40.070861542952677],[-82.836042789743757,40.070867172632866],[-82.836048832854729,40.070871868496866],[-82.836055568701141,40.070875501498648],[-82.836062812176664,40.070877971800499],[-82.836752544184279,40.071126620721728],[-82.836705408385185,40.071058678780318],[-82.836561223375327,40.070945721366542],[-82.836561078838315,40.070842232870291],[-82.836681287805689,40.070800438082969],[-82.836566443098519,40.070402964633942],[-82.836104394174598,40.070168255354012]]]},"properties":{"PARCELID":"222-004497","OWNERNME1":"KANTOR ANTHONY STEPHAN TTEE","SITEADDRESS":"15 HIGHGROVE","RESYRBLT":2014,"RESFLRAREA_AG":7746,"STATEDAREA":1.0589999999999999,"ACRES":1.0589303800000001,"SCHLDSCRP":"NEW ALBANY-PLAIN LSD","CVTTXDSCRP":"PLAIN TWP-NEW ALBANY CORP","CLASSCD":"510","CLASSDSCRP":"SINGLE FAMILY DWELLING, PLATTED LOT","SALEPRICE":3900000,"SALEDATE":1744261200000}},{"type":"Feature","geometry":{"type":"Polygon","coordinates":[[[-82.831398683926878,40.062452340852971],[-82.831390833321549,40.062528950057214],[-82.831540624343987,40.062549664908254],[-82.831538611744648,40.062577121211419],[-82.833745553784794,40.062679579029947],[-82.834322915426455,40.061350422397666],[-82.833349812685455,40.061294145354445],[-82.832255264221587,40.061230836681446],[-82.832078666139836,40.061356237154463],[-82.830827035025195,40.062220894951743],[-82.830844429879207,40.062347392653876],[-82.83093885008067,40.062391408356042],[-82.831035601859099,40.062430030239121],[-82.831398683926878,40.062452340852971]]]},"properties":{"PARCELID":"222-005376","OWNERNME1":"OAKLAND NURSERY INC","SITEADDRESS":"5211 JOHNSTOWN RD","RESYRBLT":null,"RESFLRAREA_AG":null,"STATEDAREA":9.9000000000000004,"ACRES":8.3504002899999996,"SCHLDSCRP":"NEW ALBANY-PLAIN LSD","CVTTXDSCRP":"PLAIN TWP-NEW ALBANY CORP","CLASSCD":"407","CLASSDSCRP":"COMMERCIAL LAWN/GARDEN SALES","SALEPRICE":420000,"SALEDATE":1305781200000}},{"type":"Feature","geometry":{"type":"Polygon","coordinates":[[[-82.843722527855405,40.064375019238618],[-82.843794421198069,40.06437803223281],[-82.843794833112085,40.06437221758447],[-82.843871265943136,40.064375418988725],[-82.843871802831742,40.06436786039167],[-82.844011044158961,40.064373695020095],[-82.844021528120265,40.064226008267234],[-82.843887582767522,40.064220395916301],[-82.843888242284777,40.06421109247642],[-82.843739161442798,40.064204845183781],[-82.843738584050271,40.064212984793215],[-82.843668961800503,40.064210067793461],[-82.843669663005954,40.064200182438292],[-82.843583394044288,40.064196568361005],[-82.843583021424578,40.064201800198802],[-82.843496752465413,40.064198186057936],[-82.843496184594855,40.064206123901386],[-82.843382462027563,40.064201871228256],[-82.843376663561969,40.064349444263613],[-82.843488718261582,40.064354141315803],[-82.84348830514989,40.064359955966559],[-82.843574575481881,40.064363570110032],[-82.843574120713015,40.064369965776869],[-82.843637690068277,40.064372629448229],[-82.843638473435277,40.064361582065551],[-82.843723229054859,40.064365133883747],[-82.843722527855405,40.064375019238618]]]},"properties":{"PARCELID":"010-328387","OWNERNME1":"CLIFTON PARK BORROWER LLC","SITEADDRESS":"6549 CLIFTON PARK CIR SOUTH 4-101","RESYRBLT":2013,"RESFLRAREA_AG":748,"STATEDAREA":null,"ACRES":0.23570764,"SCHLDSCRP":"COLUMBUS CSD","CVTTXDSCRP":"CITY OF COLUMBUS","CLASSCD":"553","CLASSDSCRP":"CONDO 40+ RENTAL UNITS","SALEPRICE":null,"SALEDATE":null}},{"type":"Feature","geometry":{"type":"Polygon","coordinates":[[[-82.844451409310039,40.064403912127368],[-82.844518748762766,40.064406892995244],[-82.84451918406333,40.064401079176278],[-82.844601656921938,40.064404728915477],[-82.844602223038947,40.064397171129805],[-82.844732363567175,40.064402931621458],[-82.844743521360897,40.064254107154305],[-82.844614895858228,40.064248414281813],[-82.844615505972271,40.064240275472578],[-82.844465692843755,40.064233643985823],[-82.844465126713231,40.064241201771289],[-82.84439097693226,40.064237918411756],[-82.844391719072974,40.064228035633981],[-82.844311516210951,40.064224487170627],[-82.844311036891753,40.064230882012218],[-82.844218727793418,40.064226795264197],[-82.844218205639152,40.064233772025531],[-82.844113035294626,40.064229116752884],[-82.844101920152212,40.064377359238101],[-82.844215413626557,40.064382383710324],[-82.844214933120824,40.064388777653981],[-82.84430875484037,40.064392932022677],[-82.844308362343597,40.064398163020158],[-82.844370406032183,40.064400910018826],[-82.844371235000366,40.064389863398048],[-82.844452193100935,40.064393448333703],[-82.844451409310039,40.064403912127368]]]},"properties":{"PARCELID":"010-328363","OWNERNME1":"CLIFTON PARK BORROWER LLC","SITEADDRESS":"6519 CLIFTON PARK CIR SOUTH 3-101","RESYRBLT":2013,"RESFLRAREA_AG":748,"STATEDAREA":null,"ACRES":0.23410328999999999,"SCHLDSCRP":"COLUMBUS CSD","CVTTXDSCRP":"CITY OF COLUMBUS","CLASSCD":"553","CLASSDSCRP":"CONDO 40+ RENTAL UNITS","SALEPRICE":null,"SALEDATE":null}},{"type":"Feature","geometry":{"type":"Polygon","coordinates":[[[-82.843106315082338,40.064637687223687],[-82.843106991034162,40.064629551834209],[-82.843118337865448,40.064630107706009],[-82.843125717545391,40.064541193171785],[-82.843131011084751,40.064541452402615],[-82.843136607593536,40.064474042453149],[-82.843147195838725,40.064474561810727],[-82.843150332051863,40.064436788239242],[-82.843132936672006,40.064435935717682],[-82.843139160401705,40.064360968709352],[-82.843158824418012,40.064361932585669],[-82.843162008143679,40.064323577078831],[-82.843144611624396,40.064322725463036],[-82.843150159392806,40.064255894742331],[-82.843141839832654,40.064255486740947],[-82.843144251399295,40.064226430494273],[-82.843152573300259,40.064226838488615],[-82.843157830031714,40.064163495780484],[-82.842932441373492,40.064152450250205],[-82.842929642445952,40.064186154775861],[-82.842934179748568,40.06418637839657],[-82.84292950020307,40.06424274778022],[-82.842923450468817,40.064242451120037],[-82.842918384811256,40.064303469681477],[-82.842910821465836,40.064303099084093],[-82.842906238131221,40.064358307296096],[-82.842917583744423,40.064358863190741],[-82.842912469370503,40.064420462785371],[-82.84289885626275,40.064419795526149],[-82.842894514076562,40.064472097661039],[-82.842905102315186,40.064472616139838],[-82.842899699220993,40.064537701937418],[-82.842917095800061,40.064538555390662],[-82.842909667141285,40.064628049146734],[-82.843106315082338,40.064637687223687]]]},"properties":{"PARCELID":"010-328411","OWNERNME1":"CLIFTON PARK BORROWER LLC","SITEADDRESS":"4070 CLIFTON PARK CIR EAST 5-101","RESYRBLT":2013,"RESFLRAREA_AG":748,"STATEDAREA":null,"ACRES":0.25226294999999999,"SCHLDSCRP":"COLUMBUS CSD","CVTTXDSCRP":"CITY OF COLUMBUS","CLASSCD":"553","CLASSDSCRP":"CONDO 40+ RENTAL UNITS","SALEPRICE":null,"SALEDATE":null}},{"type":"Feature","geometry":{"type":"Polygon","coordinates":[[[-82.84401214002888,40.064728032648212],[-82.844183978905633,40.064734420989396],[-82.844184674261626,40.064723370259678],[-82.844239178881836,40.064725395502798],[-82.844243207777268,40.064661416918135],[-82.844250776582669,40.064661697352832],[-82.844251948984351,40.064643085497735],[-82.844244380172043,40.064642803261911],[-82.844248407885772,40.06457882467857],[-82.844206772442575,40.06457727599733],[-82.844207248331841,40.064569714876043],[-82.844124737167817,40.064566648567784],[-82.844124992428192,40.064562577059299],[-82.844017499312116,40.064558580544023],[-82.844016987606636,40.064566723563956],[-82.843870129942033,40.064561263366365],[-82.843870604700214,40.064553703150416],[-82.843681355492933,40.06454666729455],[-82.843680697033548,40.064557137019925],[-82.843636034570125,40.064555476306886],[-82.843626804275601,40.064702047084353],[-82.843678278298356,40.064703961667497],[-82.843677545891225,40.064715594296956],[-82.843860740270742,40.064722404710984],[-82.843861216194256,40.06471484269094],[-82.844012615944862,40.06472047242876],[-82.84401214002888,40.064728032648212]]]},"properties":{"PARCELID":"010-328555","OWNERNME1":"CLIFTON PARK BORROWER LLC","SITEADDRESS":"6540 CLIFTON PARK CIR SOUTH 11-101","RESYRBLT":2013,"RESFLRAREA_AG":666,"STATEDAREA":null,"ACRES":0.23188215000000001,"SCHLDSCRP":"COLUMBUS CSD","CVTTXDSCRP":"CITY OF COLUMBUS","CLASSCD":"553","CLASSDSCRP":"CONDO 40+ RENTAL UNITS","SALEPRICE":null,"SALEDATE":null}},{"type":"Feature","geometry":{"type":"Polygon","coordinates":[[[-82.844956996828401,40.064898576605422],[-82.845159220480355,40.064904182662296],[-82.84516094049664,40.064867520950742],[-82.845179119617328,40.064868024135265],[-82.845181549686671,40.064816231877103],[-82.845173219208689,40.06481600147179],[-82.845177346396767,40.064728130261443],[-82.845188706125555,40.064728444531831],[-82.84519097421402,40.064680143514117],[-82.845174310946447,40.064679682711116],[-82.845177373021713,40.064614505515557],[-82.845195549736445,40.064615009605042],[-82.845197870629235,40.06456554394012],[-82.845190297500451,40.064565335628018],[-82.84519445222827,40.064476881632416],[-82.845206569229703,40.064477217092538],[-82.845208947615532,40.064426587666567],[-82.845192283236599,40.064426126869499],[-82.845194142299334,40.064386555768934],[-82.844991162845176,40.064380929478901],[-82.844989467989436,40.064417009326],[-82.844973562090402,40.064416567886042],[-82.844971075542389,40.064469523902474],[-82.844977135209575,40.064469690740168],[-82.844973064129675,40.0645563999987],[-82.844963974020317,40.064556147491949],[-82.844961542625541,40.06460793975414],[-82.844975175455474,40.064608318521181],[-82.844972307432627,40.064669420778003],[-82.844961703853599,40.064669126782505],[-82.844955091000131,40.064809954893619],[-82.844948273977081,40.064809765060566],[-82.844945951721542,40.064859229818815],[-82.844958826110826,40.064859587398082],[-82.844956996828401,40.064898576605422]]]},"properties":{"PARCELID":"010-328339","OWNERNME1":"CLIFTON PARK BORROWER LLC","SITEADDRESS":"4091 CLIFTON PARK CIR WEST 2-101","RESYRBLT":2013,"RESFLRAREA_AG":1015,"STATEDAREA":null,"ACRES":0.26667436999999999,"SCHLDSCRP":"COLUMBUS CSD","CVTTXDSCRP":"CITY OF COLUMBUS","CLASSCD":"553","CLASSDSCRP":"CONDO 40+ RENTAL UNITS","SALEPRICE":null,"SALEDATE":null}},{"type":"Feature","geometry":{"type":"Polygon","coordinates":[[[-82.843053251194974,40.065120213726274],[-82.843053959982157,40.065112079143411],[-82.843063788699908,40.065112585415378],[-82.843069099324183,40.065051577859087],[-82.843064561920016,40.065051345237706],[-82.843069060490578,40.064999634352503],[-82.843081916466232,40.065000294796349],[-82.843086365151251,40.064949165849555],[-82.843069730362558,40.064948311098057],[-82.843076303060258,40.06487277930696],[-82.843090671476673,40.064873517290202],[-82.843094765171344,40.064826455634332],[-82.843085691555601,40.064825988588751],[-82.843086904937536,40.064812044493117],[-82.843080855081695,40.064811733431533],[-82.84309010856569,40.064705407331608],[-82.842879129626738,40.064694569097426],[-82.842870988322744,40.064788113169953],[-82.842858890961509,40.064787491017412],[-82.842851609226898,40.064871157381198],[-82.842858415316627,40.064871506775816],[-82.842845521160498,40.065019666028022],[-82.84285837713773,40.065020326496317],[-82.842850588410343,40.065109802369484],[-82.843053251194974,40.065120213726274]]]},"properties":{"PARCELID":"010-328435","OWNERNME1":"CLIFTON PARK BORROWER LLC","SITEADDRESS":"4096 CLIFTON PARK CIR EAST 6-101","RESYRBLT":2013,"RESFLRAREA_AG":748,"STATEDAREA":null,"ACRES":0.21436116,"SCHLDSCRP":"COLUMBUS CSD","CVTTXDSCRP":"CITY OF COLUMBUS","CLASSCD":"553","CLASSDSCRP":"CONDO 40+ RENTAL UNITS","SALEPRICE":null,"SALEDATE":null}},{"type":"Feature","geometry":{"type":"Polygon","coordinates":[[[-82.844066943629699,40.065352638454684],[-82.844067518499727,40.065346832336509],[-82.844143087534036,40.065351250117949],[-82.844144065390452,40.065341380164924],[-82.844193942523518,40.065344296175269],[-82.844200268306068,40.065280427059207],[-82.844211604058344,40.065281089130117],[-82.844213674716386,40.065260187098012],[-82.844203850318351,40.065259612463088],[-82.844209888067326,40.065198645955476],[-82.844154721879121,40.065195419419567],[-82.844155642833869,40.065186130526357],[-82.84397427453824,40.065175525455338],[-82.843973180512549,40.065186556634607],[-82.843828840985736,40.065178116997544],[-82.843829475119037,40.065171729812938],[-82.843711583727313,40.065164836452567],[-82.843711008833509,40.065170643470019],[-82.843639216639957,40.065166444923968],[-82.843638238714192,40.065176314873412],[-82.843596674748838,40.065173884068621],[-82.843582182376466,40.065320203611165],[-82.843635081019428,40.065323298352126],[-82.843634219244223,40.065332007074311],[-82.843803495867306,40.065341905040405],[-82.843804013858374,40.065336679983758],[-82.843810815550981,40.065337077969161],[-82.843811276636174,40.065332433072136],[-82.843952593772826,40.065340696951587],[-82.843952074620745,40.065345922012341],[-82.844066943629699,40.065352638454684]]]},"properties":{"PARCELID":"010-328531","OWNERNME1":"CLIFTON PARK BORROWER LLC","SITEADDRESS":"6543 CLIFTON PARK CIR NORTH 10-101","RESYRBLT":2013,"RESFLRAREA_AG":666,"STATEDAREA":null,"ACRES":0.23293660999999999,"SCHLDSCRP":"COLUMBUS CSD","CVTTXDSCRP":"CITY OF COLUMBUS","CLASSCD":"553","CLASSDSCRP":"CONDO 40+ RENTAL UNITS","SALEPRICE":null,"SALEDATE":null}},{"type":"Feature","geometry":{"type":"Polygon","coordinates":[[[-82.844906445054875,40.065600930194861],[-82.845109258316668,40.065609426472236],[-82.845112065907315,40.065569888630058],[-82.845130226561977,40.065570648550803],[-82.845133693497331,40.065521806364721],[-82.845122341042043,40.065521330858068],[-82.845128861942442,40.065429462938958],[-82.845138698459365,40.065429875351093],[-82.845141958303799,40.065383940040796],[-82.845124552726446,40.065383211227157],[-82.845129132477652,40.065318669927791],[-82.845147294243347,40.065319430743109],[-82.845150802810295,40.065270008436265],[-82.845140965143784,40.065269596028564],[-82.845147276570017,40.065180634084697],[-82.845155601817922,40.065180982487313],[-82.845159231805553,40.065129816238674],[-82.845141826282827,40.065129085626346],[-82.845144510057267,40.065091291722062],[-82.845076399266432,40.065088438661235],[-82.845076812249374,40.065082624006486],[-82.845035946953118,40.065080912147742],[-82.845035535138905,40.065086726798889],[-82.844941695961495,40.065082795510719],[-82.844939096551258,40.06511942647419],[-82.844924717018927,40.065118824741639],[-82.84492268355018,40.065173097906914],[-82.844930415136119,40.065173336392107],[-82.844926796239207,40.065261189875102],[-82.844919942196071,40.065261107321632],[-82.84491787219342,40.065311570107575],[-82.844928385715633,40.065312356104997],[-82.844924966547666,40.065373426639098],[-82.844911988900833,40.065373066657095],[-82.844908394873841,40.065423724842844],[-82.844911420863653,40.065423851954371],[-82.844901558709196,40.065562818088878],[-82.844909125459324,40.065563136313017],[-82.844906445054875,40.065600930194861]]]},"properties":{"PARCELID":"010-328315","OWNERNME1":"CLIFTON PARK BORROWER LLC","SITEADDRESS":"4125 CLIFTON PARK CIR WEST 1-101","RESYRBLT":2013,"RESFLRAREA_AG":1015,"STATEDAREA":null,"ACRES":0.26555033,"SCHLDSCRP":"COLUMBUS CSD","CVTTXDSCRP":"CITY OF COLUMBUS","CLASSCD":"553","CLASSDSCRP":"CONDO 40+ RENTAL UNITS","SALEPRICE":null,"SALEDATE":null}},{"type":"Feature","geometry":{"type":"Polygon","coordinates":[[[-82.843040809482673,40.065673912070402],[-82.843041507812785,40.065664609428147],[-82.84304983086632,40.065664978700433],[-82.84305641340535,40.06557719589857],[-82.843066250042241,40.065577630999059],[-82.843071132493222,40.06551251972089],[-82.843080212910905,40.065512921903931],[-82.843083308444548,40.065471645993931],[-82.843065905001822,40.065470874540523],[-82.843071442941053,40.065397044336947],[-82.84308808897984,40.065397781976174],[-82.843090706231848,40.065362899993985],[-82.843078599814319,40.06536236344833],[-82.843083873665066,40.065292022076719],[-82.843074794443936,40.06529161898991],[-82.843076932267451,40.065263133641807],[-82.843082984288714,40.065263400567424],[-82.843087825037429,40.065198871196834],[-82.843003080341404,40.065195119851815],[-82.843003604969397,40.065188143091582],[-82.842977121233019,40.065186971237132],[-82.842976642951868,40.06519336516692],[-82.842872227446975,40.065188742603127],[-82.842865205755146,40.065282340129464],[-82.842859152552023,40.065282071394833],[-82.842854443626067,40.065344856786808],[-82.842840825964899,40.065344253477214],[-82.842836857053015,40.065397157010786],[-82.8428482060894,40.065397659766418],[-82.842843933765423,40.065454631341268],[-82.842826530338513,40.065453861653616],[-82.842823959301242,40.065488160798523],[-82.84283001134115,40.065488427737137],[-82.842828530112925,40.06550819505442],[-82.842838366738619,40.065508630174023],[-82.842833352022794,40.065575484509033],[-82.842845458471174,40.065576020179321],[-82.842838787643089,40.065664966814865],[-82.843040809482673,40.065673912070402]]]},"properties":{"PARCELID":"010-328459","OWNERNME1":"CLIFTON PARK BORROWER LLC","SITEADDRESS":"4122 CLIFTON PARK CIR EAST 7-101","RESYRBLT":2013,"RESFLRAREA_AG":748,"STATEDAREA":null,"ACRES":0.25270252999999998,"SCHLDSCRP":"COLUMBUS CSD","CVTTXDSCRP":"CITY OF COLUMBUS","CLASSCD":"553","CLASSDSCRP":"CONDO 40+ RENTAL UNITS","SALEPRICE":null,"SALEDATE":null}},{"type":"Feature","geometry":{"type":"Polygon","coordinates":[[[-82.843920017310893,40.065681731007494],[-82.843920523719405,40.065674170701968],[-82.843976535077843,40.065676384389654],[-82.843986701270794,40.065524601766782],[-82.843934475704842,40.065522538214367],[-82.84393517516925,40.065512070172559],[-82.843861000004154,40.065509136888132],[-82.843860610364231,40.065514952369632],[-82.84375918637204,40.065510942360646],[-82.843759576020432,40.065505126879465],[-82.843674804754315,40.065501774165597],[-82.843674104078559,40.065512242209323],[-82.843590087837114,40.065508920549043],[-82.843590789702091,40.065498453402938],[-82.843520399057454,40.065495669147886],[-82.843520010561193,40.065501484624889],[-82.843422369931886,40.065497624475853],[-82.843422800098111,40.065491227083015],[-82.843339541258416,40.065487934551811],[-82.843338761895794,40.065499566412086],[-82.843291835587621,40.065497710444006],[-82.84328171693322,40.065651826346709],[-82.843327681984718,40.065653645500333],[-82.843327136188861,40.065661786811994],[-82.843396770786867,40.065664539169035],[-82.843397122320823,40.065659305595176],[-82.843516710486213,40.065664035549261],[-82.843516358961253,40.065669269123475],[-82.843579938141673,40.065671783298136],[-82.843580600689094,40.065661897161498],[-82.843664617115351,40.065665218828379],[-82.843663992723307,40.065674523059606],[-82.843729844022363,40.065677126874363],[-82.843730037090054,40.065674219139126],[-82.843920017310893,40.065681731007494]]]},"properties":{"PARCELID":"010-328483","OWNERNME1":"CLIFTON PARK BORROWER LLC","SITEADDRESS":"6554 CLIFTON PARK CIR NORTH 8-101","RESYRBLT":2013,"RESFLRAREA_AG":1015,"STATEDAREA":null,"ACRES":0.26800555999999998,"SCHLDSCRP":"COLUMBUS CSD","CVTTXDSCRP":"CITY OF COLUMBUS","CLASSCD":"553","CLASSDSCRP":"CONDO 40+ RENTAL UNITS","SALEPRICE":null,"SALEDATE":null}},{"type":"Feature","geometry":{"type":"Polygon","coordinates":[[[-82.844590781272316,40.065708049857705],[-82.844590597617852,40.065710957566779],[-82.844659485868675,40.065713518633608],[-82.84466014653114,40.065703047999911],[-82.844713892241231,40.065705047331114],[-82.844723450693849,40.065553240306315],[-82.844674245751037,40.065551411387169],[-82.844675013790479,40.065539196855831],[-82.844603098626379,40.065536524892757],[-82.844602695528152,40.065542922210732],[-82.84449292996419,40.065538842729453],[-82.844493333063525,40.065532443610621],[-82.844418388474992,40.065529658832162],[-82.844417656183253,40.065541291462601],[-82.844340441850107,40.065538421423895],[-82.844341137184784,40.065527369796037],[-82.844268463508556,40.065524668329317],[-82.844268135488463,40.06552990273795],[-82.844156096719828,40.065525739540099],[-82.844156499850186,40.065519340422419],[-82.844077772008006,40.065516414302444],[-82.844077039659282,40.065528046930794],[-82.844040702820777,40.065526695220811],[-82.844031107081861,40.065679084090789],[-82.844078798545908,40.065680856468845],[-82.844078321467336,40.065688418490453],[-82.844333433770387,40.065697900449116],[-82.844333873864485,40.065690922130365],[-82.844412604259787,40.065693848071753],[-82.844412126040879,40.065701409197516],[-82.844590781272316,40.065708049857705]]]},"properties":{"PARCELID":"010-328507","OWNERNME1":"CLIFTON PARK BORROWER LLC","SITEADDRESS":"6524 CLIFTON PARK CIR NORTH 9-101","RESYRBLT":2013,"RESFLRAREA_AG":1015,"STATEDAREA":null,"ACRES":0.26411983,"SCHLDSCRP":"COLUMBUS CSD","CVTTXDSCRP":"CITY OF COLUMBUS","CLASSCD":"553","CLASSDSCRP":"CONDO 40+ RENTAL UNITS","SALEPRICE":null,"SALEDATE":null}},{"type":"Feature","geometry":{"type":"Polygon","coordinates":[[[-82.843722527855405,40.064375019238618],[-82.843794421198069,40.06437803223281],[-82.843794833112085,40.06437221758447],[-82.843871265943136,40.064375418988725],[-82.843871802831742,40.06436786039167],[-82.844011044158961,40.064373695020095],[-82.844021528120265,40.064226008267234],[-82.843887582767522,40.064220395916301],[-82.843888242284777,40.06421109247642],[-82.843739161442798,40.064204845183781],[-82.843738584050271,40.064212984793215],[-82.843668961800503,40.064210067793461],[-82.843669663005954,40.064200182438292],[-82.843583394044288,40.064196568361005],[-82.843583021424578,40.064201800198802],[-82.843496752465413,40.064198186057936],[-82.843496184594855,40.064206123901386],[-82.843382462027563,40.064201871228256],[-82.843376663561969,40.064349444263613],[-82.843488718261582,40.064354141315803],[-82.84348830514989,40.064359955966559],[-82.843574575481881,40.064363570110032],[-82.843574120713015,40.064369965776869],[-82.843637690068277,40.064372629448229],[-82.843638473435277,40.064361582065551],[-82.843723229054859,40.064365133883747],[-82.843722527855405,40.064375019238618]]]},"properties":{"PARCELID":"010-328388","OWNERNME1":"CLIFTON PARK BORROWER LLC","SITEADDRESS":"6549 CLIFTON PARK CIR SOUTH 4-102","RESYRBLT":2013,"RESFLRAREA_AG":748,"STATEDAREA":null,"ACRES":0.23570764,"SCHLDSCRP":"COLUMBUS CSD","CVTTXDSCRP":"CITY OF COLUMBUS","CLASSCD":"553","CLASSDSCRP":"CONDO 40+ RENTAL UNITS","SALEPRICE":null,"SALEDATE":null}},{"type":"Feature","geometry":{"type":"Polygon","coordinates":[[[-82.844451409310039,40.064403912127368],[-82.844518748762766,40.064406892995244],[-82.84451918406333,40.064401079176278],[-82.844601656921938,40.064404728915477],[-82.844602223038947,40.064397171129805],[-82.844732363567175,40.064402931621458],[-82.844743521360897,40.064254107154305],[-82.844614895858228,40.064248414281813],[-82.844615505972271,40.064240275472578],[-82.844465692843755,40.064233643985823],[-82.844465126713231,40.064241201771289],[-82.84439097693226,40.064237918411756],[-82.844391719072974,40.064228035633981],[-82.844311516210951,40.064224487170627],[-82.844311036891753,40.064230882012218],[-82.844218727793418,40.064226795264197],[-82.844218205639152,40.064233772025531],[-82.844113035294626,40.064229116752884],[-82.844101920152212,40.064377359238101],[-82.844215413626557,40.064382383710324],[-82.844214933120824,40.064388777653981],[-82.84430875484037,40.064392932022677],[-82.844308362343597,40.064398163020158],[-82.844370406032183,40.064400910018826],[-82.844371235000366,40.064389863398048],[-82.844452193100935,40.064393448333703],[-82.844451409310039,40.064403912127368]]]},"properties":{"PARCELID":"010-328364","OWNERNME1":"CLIFTON PARK BORROWER LLC","SITEADDRESS":"6519 CLIFTON PARK CIR SOUTH 3-102","RESYRBLT":2013,"RESFLRAREA_AG":748,"STATEDAREA":null,"ACRES":0.23410328999999999,"SCHLDSCRP":"COLUMBUS CSD","CVTTXDSCRP":"CITY OF COLUMBUS","CLASSCD":"553","CLASSDSCRP":"CONDO 40+ RENTAL UNITS","SALEPRICE":null,"SALEDATE":null}},{"type":"Feature","geometry":{"type":"Polygon","coordinates":[[[-82.843106315082338,40.064637687223687],[-82.843106991034162,40.064629551834209],[-82.843118337865448,40.064630107706009],[-82.843125717545391,40.064541193171785],[-82.843131011084751,40.064541452402615],[-82.843136607593536,40.064474042453149],[-82.843147195838725,40.064474561810727],[-82.843150332051863,40.064436788239242],[-82.843132936672006,40.064435935717682],[-82.843139160401705,40.064360968709352],[-82.843158824418012,40.064361932585669],[-82.843162008143679,40.064323577078831],[-82.843144611624396,40.064322725463036],[-82.843150159392806,40.064255894742331],[-82.843141839832654,40.064255486740947],[-82.843144251399295,40.064226430494273],[-82.843152573300259,40.064226838488615],[-82.843157830031714,40.064163495780484],[-82.842932441373492,40.064152450250205],[-82.842929642445952,40.064186154775861],[-82.842934179748568,40.06418637839657],[-82.84292950020307,40.06424274778022],[-82.842923450468817,40.064242451120037],[-82.842918384811256,40.064303469681477],[-82.842910821465836,40.064303099084093],[-82.842906238131221,40.064358307296096],[-82.842917583744423,40.064358863190741],[-82.842912469370503,40.064420462785371],[-82.84289885626275,40.064419795526149],[-82.842894514076562,40.064472097661039],[-82.842905102315186,40.064472616139838],[-82.842899699220993,40.064537701937418],[-82.842917095800061,40.064538555390662],[-82.842909667141285,40.064628049146734],[-82.843106315082338,40.064637687223687]]]},"properties":{"PARCELID":"010-328412","OWNERNME1":"CLIFTON PARK BORROWER LLC","SITEADDRESS":"4070 CLIFTON PARK CIR EAST 5-102","RESYRBLT":2013,"RESFLRAREA_AG":748,"STATEDAREA":null,"ACRES":0.25226294999999999,"SCHLDSCRP":"COLUMBUS CSD","CVTTXDSCRP":"CITY OF COLUMBUS","CLASSCD":"553","CLASSDSCRP":"CONDO 40+ RENTAL UNITS","SALEPRICE":null,"SALEDATE":null}},{"type":"Feature","geometry":{"type":"Polygon","coordinates":[[[-82.84401214002888,40.064728032648212],[-82.844183978905633,40.064734420989396],[-82.844184674261626,40.064723370259678],[-82.844239178881836,40.064725395502798],[-82.844243207777268,40.064661416918135],[-82.844250776582669,40.064661697352832],[-82.844251948984351,40.064643085497735],[-82.844244380172043,40.064642803261911],[-82.844248407885772,40.06457882467857],[-82.844206772442575,40.06457727599733],[-82.844207248331841,40.064569714876043],[-82.844124737167817,40.064566648567784],[-82.844124992428192,40.064562577059299],[-82.844017499312116,40.064558580544023],[-82.844016987606636,40.064566723563956],[-82.843870129942033,40.064561263366365],[-82.843870604700214,40.064553703150416],[-82.843681355492933,40.06454666729455],[-82.843680697033548,40.064557137019925],[-82.843636034570125,40.064555476306886],[-82.843626804275601,40.064702047084353],[-82.843678278298356,40.064703961667497],[-82.843677545891225,40.064715594296956],[-82.843860740270742,40.064722404710984],[-82.843861216194256,40.06471484269094],[-82.844012615944862,40.06472047242876],[-82.84401214002888,40.064728032648212]]]},"properties":{"PARCELID":"010-328556","OWNERNME1":"CLIFTON PARK BORROWER LLC","SITEADDRESS":"6540 CLIFTON PARK CIR SOUTH 11-102","RESYRBLT":2013,"RESFLRAREA_AG":666,"STATEDAREA":null,"ACRES":0.23188215000000001,"SCHLDSCRP":"COLUMBUS CSD","CVTTXDSCRP":"CITY OF COLUMBUS","CLASSCD":"553","CLASSDSCRP":"CONDO 40+ RENTAL UNITS","SALEPRICE":null,"SALEDATE":null}},{"type":"Feature","geometry":{"type":"Polygon","coordinates":[[[-82.844956996828401,40.064898576605422],[-82.845159220480355,40.064904182662296],[-82.84516094049664,40.064867520950742],[-82.845179119617328,40.064868024135265],[-82.845181549686671,40.064816231877103],[-82.845173219208689,40.06481600147179],[-82.845177346396767,40.064728130261443],[-82.845188706125555,40.064728444531831],[-82.84519097421402,40.064680143514117],[-82.845174310946447,40.064679682711116],[-82.845177373021713,40.064614505515557],[-82.845195549736445,40.064615009605042],[-82.845197870629235,40.06456554394012],[-82.845190297500451,40.064565335628018],[-82.84519445222827,40.064476881632416],[-82.845206569229703,40.064477217092538],[-82.845208947615532,40.064426587666567],[-82.845192283236599,40.064426126869499],[-82.845194142299334,40.064386555768934],[-82.844991162845176,40.064380929478901],[-82.844989467989436,40.064417009326],[-82.844973562090402,40.064416567886042],[-82.844971075542389,40.064469523902474],[-82.844977135209575,40.064469690740168],[-82.844973064129675,40.0645563999987],[-82.844963974020317,40.064556147491949],[-82.844961542625541,40.06460793975414],[-82.844975175455474,40.064608318521181],[-82.844972307432627,40.064669420778003],[-82.844961703853599,40.064669126782505],[-82.844955091000131,40.064809954893619],[-82.844948273977081,40.064809765060566],[-82.844945951721542,40.064859229818815],[-82.844958826110826,40.064859587398082],[-82.844956996828401,40.064898576605422]]]},"properties":{"PARCELID":"010-328340","OWNERNME1":"CLIFTON PARK BORROWER LLC","SITEADDRESS":"4091 CLIFTON PARK CIR WEST 2-102","RESYRBLT":2013,"RESFLRAREA_AG":1015,"STATEDAREA":null,"ACRES":0.26667436999999999,"SCHLDSCRP":"COLUMBUS CSD","CVTTXDSCRP":"CITY OF COLUMBUS","CLASSCD":"553","CLASSDSCRP":"CONDO 40+ RENTAL UNITS","SALEPRICE":null,"SALEDATE":null}},{"type":"Feature","geometry":{"type":"Polygon","coordinates":[[[-82.843053251194974,40.065120213726274],[-82.843053959982157,40.065112079143411],[-82.843063788699908,40.065112585415378],[-82.843069099324183,40.065051577859087],[-82.843064561920016,40.065051345237706],[-82.843069060490578,40.064999634352503],[-82.843081916466232,40.065000294796349],[-82.843086365151251,40.064949165849555],[-82.843069730362558,40.064948311098057],[-82.843076303060258,40.06487277930696],[-82.843090671476673,40.064873517290202],[-82.843094765171344,40.064826455634332],[-82.843085691555601,40.064825988588751],[-82.843086904937536,40.064812044493117],[-82.843080855081695,40.064811733431533],[-82.84309010856569,40.064705407331608],[-82.842879129626738,40.064694569097426],[-82.842870988322744,40.064788113169953],[-82.842858890961509,40.064787491017412],[-82.842851609226898,40.064871157381198],[-82.842858415316627,40.064871506775816],[-82.842845521160498,40.065019666028022],[-82.84285837713773,40.065020326496317],[-82.842850588410343,40.065109802369484],[-82.843053251194974,40.065120213726274]]]},"properties":{"PARCELID":"010-328436","OWNERNME1":"CLIFTON PARK BORROWER LLC","SITEADDRESS":"4096 CLIFTON PARK CIR EAST 6-102","RESYRBLT":2013,"RESFLRAREA_AG":748,"STATEDAREA":null,"ACRES":0.21436116,"SCHLDSCRP":"COLUMBUS CSD","CVTTXDSCRP":"CITY OF COLUMBUS","CLASSCD":"553","CLASSDSCRP":"CONDO 40+ RENTAL UNITS","SALEPRICE":null,"SALEDATE":null}},{"type":"Feature","geometry":{"type":"Polygon","coordinates":[[[-82.844066943629699,40.065352638454684],[-82.844067518499727,40.065346832336509],[-82.844143087534036,40.065351250117949],[-82.844144065390452,40.065341380164924],[-82.844193942523518,40.065344296175269],[-82.844200268306068,40.065280427059207],[-82.844211604058344,40.065281089130117],[-82.844213674716386,40.065260187098012],[-82.844203850318351,40.065259612463088],[-82.844209888067326,40.065198645955476],[-82.844154721879121,40.065195419419567],[-82.844155642833869,40.065186130526357],[-82.84397427453824,40.065175525455338],[-82.843973180512549,40.065186556634607],[-82.843828840985736,40.065178116997544],[-82.843829475119037,40.065171729812938],[-82.843711583727313,40.065164836452567],[-82.843711008833509,40.065170643470019],[-82.843639216639957,40.065166444923968],[-82.843638238714192,40.065176314873412],[-82.843596674748838,40.065173884068621],[-82.843582182376466,40.065320203611165],[-82.843635081019428,40.065323298352126],[-82.843634219244223,40.065332007074311],[-82.843803495867306,40.065341905040405],[-82.843804013858374,40.065336679983758],[-82.843810815550981,40.065337077969161],[-82.843811276636174,40.065332433072136],[-82.843952593772826,40.065340696951587],[-82.843952074620745,40.065345922012341],[-82.844066943629699,40.065352638454684]]]},"properties":{"PARCELID":"010-328532","OWNERNME1":"CLIFTON PARK BORROWER LLC","SITEADDRESS":"6543 CLIFTON PARK CIR NORTH 10-102","RESYRBLT":2013,"RESFLRAREA_AG":666,"STATEDAREA":null,"ACRES":0.23293660999999999,"SCHLDSCRP":"COLUMBUS CSD","CVTTXDSCRP":"CITY OF COLUMBUS","CLASSCD":"553","CLASSDSCRP":"CONDO 40+ RENTAL UNITS","SALEPRICE":null,"SALEDATE":null}},{"type":"Feature","geometry":{"type":"Polygon","coordinates":[[[-82.844906445054875,40.065600930194861],[-82.845109258316668,40.065609426472236],[-82.845112065907315,40.065569888630058],[-82.845130226561977,40.065570648550803],[-82.845133693497331,40.065521806364721],[-82.845122341042043,40.065521330858068],[-82.845128861942442,40.065429462938958],[-82.845138698459365,40.065429875351093],[-82.845141958303799,40.065383940040796],[-82.845124552726446,40.065383211227157],[-82.845129132477652,40.065318669927791],[-82.845147294243347,40.065319430743109],[-82.845150802810295,40.065270008436265],[-82.845140965143784,40.065269596028564],[-82.845147276570017,40.065180634084697],[-82.845155601817922,40.065180982487313],[-82.845159231805553,40.065129816238674],[-82.845141826282827,40.065129085626346],[-82.845144510057267,40.065091291722062],[-82.845076399266432,40.065088438661235],[-82.845076812249374,40.065082624006486],[-82.845035946953118,40.065080912147742],[-82.845035535138905,40.065086726798889],[-82.844941695961495,40.065082795510719],[-82.844939096551258,40.06511942647419],[-82.844924717018927,40.065118824741639],[-82.84492268355018,40.065173097906914],[-82.844930415136119,40.065173336392107],[-82.844926796239207,40.065261189875102],[-82.844919942196071,40.065261107321632],[-82.84491787219342,40.065311570107575],[-82.844928385715633,40.065312356104997],[-82.844924966547666,40.065373426639098],[-82.844911988900833,40.065373066657095],[-82.844908394873841,40.065423724842844],[-82.844911420863653,40.065423851954371],[-82.844901558709196,40.065562818088878],[-82.844909125459324,40.065563136313017],[-82.844906445054875,40.065600930194861]]]},"properties":{"PARCELID":"010-328316","OWNERNME1":"CLIFTON PARK BORROWER LLC","SITEADDRESS":"4125 CLIFTON PARK CIR WEST 1-102","RESYRBLT":2013,"RESFLRAREA_AG":1015,"STATEDAREA":null,"ACRES":0.26555033,"SCHLDSCRP":"COLUMBUS CSD","CVTTXDSCRP":"CITY OF COLUMBUS","CLASSCD":"553","CLASSDSCRP":"CONDO 40+ RENTAL UNITS","SALEPRICE":null,"SALEDATE":null}},{"type":"Feature","geometry":{"type":"Polygon","coordinates":[[[-82.843040809482673,40.065673912070402],[-82.843041507812785,40.065664609428147],[-82.84304983086632,40.065664978700433],[-82.84305641340535,40.06557719589857],[-82.843066250042241,40.065577630999059],[-82.843071132493222,40.06551251972089],[-82.843080212910905,40.065512921903931],[-82.843083308444548,40.065471645993931],[-82.843065905001822,40.065470874540523],[-82.843071442941053,40.065397044336947],[-82.84308808897984,40.065397781976174],[-82.843090706231848,40.065362899993985],[-82.843078599814319,40.06536236344833],[-82.843083873665066,40.065292022076719],[-82.843074794443936,40.06529161898991],[-82.843076932267451,40.065263133641807],[-82.843082984288714,40.065263400567424],[-82.843087825037429,40.065198871196834],[-82.843003080341404,40.065195119851815],[-82.843003604969397,40.065188143091582],[-82.842977121233019,40.065186971237132],[-82.842976642951868,40.06519336516692],[-82.842872227446975,40.065188742603127],[-82.842865205755146,40.065282340129464],[-82.842859152552023,40.065282071394833],[-82.842854443626067,40.065344856786808],[-82.842840825964899,40.065344253477214],[-82.842836857053015,40.065397157010786],[-82.8428482060894,40.065397659766418],[-82.842843933765423,40.065454631341268],[-82.842826530338513,40.065453861653616],[-82.842823959301242,40.065488160798523],[-82.84283001134115,40.065488427737137],[-82.842828530112925,40.06550819505442],[-82.842838366738619,40.065508630174023],[-82.842833352022794,40.065575484509033],[-82.842845458471174,40.065576020179321],[-82.842838787643089,40.065664966814865],[-82.843040809482673,40.065673912070402]]]},"properties":{"PARCELID":"010-328460","OWNERNME1":"CLIFTON PARK BORROWER LLC","SITEADDRESS":"4122 CLIFTON PARK CIR EAST 7-102","RESYRBLT":2013,"RESFLRAREA_AG":748,"STATEDAREA":null,"ACRES":0.25270252999999998,"SCHLDSCRP":"COLUMBUS CSD","CVTTXDSCRP":"CITY OF COLUMBUS","CLASSCD":"553","CLASSDSCRP":"CONDO 40+ RENTAL UNITS","SALEPRICE":null,"SALEDATE":null}},{"type":"Feature","geometry":{"type":"Polygon","coordinates":[[[-82.843920017310893,40.065681731007494],[-82.843920523719405,40.065674170701968],[-82.843976535077843,40.065676384389654],[-82.843986701270794,40.065524601766782],[-82.843934475704842,40.065522538214367],[-82.84393517516925,40.065512070172559],[-82.843861000004154,40.065509136888132],[-82.843860610364231,40.065514952369632],[-82.84375918637204,40.065510942360646],[-82.843759576020432,40.065505126879465],[-82.843674804754315,40.065501774165597],[-82.843674104078559,40.065512242209323],[-82.843590087837114,40.065508920549043],[-82.843590789702091,40.065498453402938],[-82.843520399057454,40.065495669147886],[-82.843520010561193,40.065501484624889],[-82.843422369931886,40.065497624475853],[-82.843422800098111,40.065491227083015],[-82.843339541258416,40.065487934551811],[-82.843338761895794,40.065499566412086],[-82.843291835587621,40.065497710444006],[-82.84328171693322,40.065651826346709],[-82.843327681984718,40.065653645500333],[-82.843327136188861,40.065661786811994],[-82.843396770786867,40.065664539169035],[-82.843397122320823,40.065659305595176],[-82.843516710486213,40.065664035549261],[-82.843516358961253,40.065669269123475],[-82.843579938141673,40.065671783298136],[-82.843580600689094,40.065661897161498],[-82.843664617115351,40.065665218828379],[-82.843663992723307,40.065674523059606],[-82.843729844022363,40.065677126874363],[-82.843730037090054,40.065674219139126],[-82.843920017310893,40.065681731007494]]]},"properties":{"PARCELID":"010-328484","OWNERNME1":"CLIFTON PARK BORROWER LLC","SITEADDRESS":"6554 CLIFTON PARK CIR NORTH 8-102","RESYRBLT":2013,"RESFLRAREA_AG":1015,"STATEDAREA":null,"ACRES":0.26800555999999998,"SCHLDSCRP":"COLUMBUS CSD","CVTTXDSCRP":"CITY OF COLUMBUS","CLASSCD":"553","CLASSDSCRP":"CONDO 40+ RENTAL UNITS","SALEPRICE":null,"SALEDATE":null}},{"type":"Feature","geometry":{"type":"Polygon","coordinates":[[[-82.844590781272316,40.065708049857705],[-82.844590597617852,40.065710957566779],[-82.844659485868675,40.065713518633608],[-82.84466014653114,40.065703047999911],[-82.844713892241231,40.065705047331114],[-82.844723450693849,40.065553240306315],[-82.844674245751037,40.065551411387169],[-82.844675013790479,40.065539196855831],[-82.844603098626379,40.065536524892757],[-82.844602695528152,40.065542922210732],[-82.84449292996419,40.065538842729453],[-82.844493333063525,40.065532443610621],[-82.844418388474992,40.065529658832162],[-82.844417656183253,40.065541291462601],[-82.844340441850107,40.065538421423895],[-82.844341137184784,40.065527369796037],[-82.844268463508556,40.065524668329317],[-82.844268135488463,40.06552990273795],[-82.844156096719828,40.065525739540099],[-82.844156499850186,40.065519340422419],[-82.844077772008006,40.065516414302444],[-82.844077039659282,40.065528046930794],[-82.844040702820777,40.065526695220811],[-82.844031107081861,40.065679084090789],[-82.844078798545908,40.065680856468845],[-82.844078321467336,40.065688418490453],[-82.844333433770387,40.065697900449116],[-82.844333873864485,40.065690922130365],[-82.844412604259787,40.065693848071753],[-82.844412126040879,40.065701409197516],[-82.844590781272316,40.065708049857705]]]},"properties":{"PARCELID":"010-328508","OWNERNME1":"CLIFTON PARK BORROWER LLC","SITEADDRESS":"6524 CLIFTON PARK CIR NORTH 9-102","RESYRBLT":2013,"RESFLRAREA_AG":1015,"STATEDAREA":null,"ACRES":0.26411983,"SCHLDSCRP":"COLUMBUS CSD","CVTTXDSCRP":"CITY OF COLUMBUS","CLASSCD":"553","CLASSDSCRP":"CONDO 40+ RENTAL UNITS","SALEPRICE":null,"SALEDATE":null}},{"type":"Feature","geometry":{"type":"Polygon","coordinates":[[[-82.843722527855405,40.064375019238618],[-82.843794421198069,40.06437803223281],[-82.843794833112085,40.06437221758447],[-82.843871265943136,40.064375418988725],[-82.843871802831742,40.06436786039167],[-82.844011044158961,40.064373695020095],[-82.844021528120265,40.064226008267234],[-82.843887582767522,40.064220395916301],[-82.843888242284777,40.06421109247642],[-82.843739161442798,40.064204845183781],[-82.843738584050271,40.064212984793215],[-82.843668961800503,40.064210067793461],[-82.843669663005954,40.064200182438292],[-82.843583394044288,40.064196568361005],[-82.843583021424578,40.064201800198802],[-82.843496752465413,40.064198186057936],[-82.843496184594855,40.064206123901386],[-82.843382462027563,40.064201871228256],[-82.843376663561969,40.064349444263613],[-82.843488718261582,40.064354141315803],[-82.84348830514989,40.064359955966559],[-82.843574575481881,40.064363570110032],[-82.843574120713015,40.064369965776869],[-82.843637690068277,40.064372629448229],[-82.843638473435277,40.064361582065551],[-82.843723229054859,40.064365133883747],[-82.843722527855405,40.064375019238618]]]},"properties":{"PARCELID":"010-328389","OWNERNME1":"CLIFTON PARK BORROWER LLC","SITEADDRESS":"6549 CLIFTON PARK CIR SOUTH 4-103","RESYRBLT":2013,"RESFLRAREA_AG":1015,"STATEDAREA":null,"ACRES":0.23570764,"SCHLDSCRP":"COLUMBUS CSD","CVTTXDSCRP":"CITY OF COLUMBUS","CLASSCD":"553","CLASSDSCRP":"CONDO 40+ RENTAL UNITS","SALEPRICE":null,"SALEDATE":null}},{"type":"Feature","geometry":{"type":"Polygon","coordinates":[[[-82.844451409310039,40.064403912127368],[-82.844518748762766,40.064406892995244],[-82.84451918406333,40.064401079176278],[-82.844601656921938,40.064404728915477],[-82.844602223038947,40.064397171129805],[-82.844732363567175,40.064402931621458],[-82.844743521360897,40.064254107154305],[-82.844614895858228,40.064248414281813],[-82.844615505972271,40.064240275472578],[-82.844465692843755,40.064233643985823],[-82.844465126713231,40.064241201771289],[-82.84439097693226,40.064237918411756],[-82.844391719072974,40.064228035633981],[-82.844311516210951,40.064224487170627],[-82.844311036891753,40.064230882012218],[-82.844218727793418,40.064226795264197],[-82.844218205639152,40.064233772025531],[-82.844113035294626,40.064229116752884],[-82.844101920152212,40.064377359238101],[-82.844215413626557,40.064382383710324],[-82.844214933120824,40.064388777653981],[-82.84430875484037,40.064392932022677],[-82.844308362343597,40.064398163020158],[-82.844370406032183,40.064400910018826],[-82.844371235000366,40.064389863398048],[-82.844452193100935,40.064393448333703],[-82.844451409310039,40.064403912127368]]]},"properties":{"PARCELID":"010-328365","OWNERNME1":"CLIFTON PARK BORROWER LLC","SITEADDRESS":"6519 CLIFTON PARK CIR SOUTH 3-103","RESYRBLT":2013,"RESFLRAREA_AG":1015,"STATEDAREA":null,"ACRES":0.23410328999999999,"SCHLDSCRP":"COLUMBUS CSD","CVTTXDSCRP":"CITY OF COLUMBUS","CLASSCD":"553","CLASSDSCRP":"CONDO 40+ RENTAL UNITS","SALEPRICE":null,"SALEDATE":null}},{"type":"Feature","geometry":{"type":"Polygon","coordinates":[[[-82.843106315082338,40.064637687223687],[-82.843106991034162,40.064629551834209],[-82.843118337865448,40.064630107706009],[-82.843125717545391,40.064541193171785],[-82.843131011084751,40.064541452402615],[-82.843136607593536,40.064474042453149],[-82.843147195838725,40.064474561810727],[-82.843150332051863,40.064436788239242],[-82.843132936672006,40.064435935717682],[-82.843139160401705,40.064360968709352],[-82.843158824418012,40.064361932585669],[-82.843162008143679,40.064323577078831],[-82.843144611624396,40.064322725463036],[-82.843150159392806,40.064255894742331],[-82.843141839832654,40.064255486740947],[-82.843144251399295,40.064226430494273],[-82.843152573300259,40.064226838488615],[-82.843157830031714,40.064163495780484],[-82.842932441373492,40.064152450250205],[-82.842929642445952,40.064186154775861],[-82.842934179748568,40.06418637839657],[-82.84292950020307,40.06424274778022],[-82.842923450468817,40.064242451120037],[-82.842918384811256,40.064303469681477],[-82.842910821465836,40.064303099084093],[-82.842906238131221,40.064358307296096],[-82.842917583744423,40.064358863190741],[-82.842912469370503,40.064420462785371],[-82.84289885626275,40.064419795526149],[-82.842894514076562,40.064472097661039],[-82.842905102315186,40.064472616139838],[-82.842899699220993,40.064537701937418],[-82.842917095800061,40.064538555390662],[-82.842909667141285,40.064628049146734],[-82.843106315082338,40.064637687223687]]]},"properties":{"PARCELID":"010-328413","OWNERNME1":"CLIFTON PARK BORROWER LLC","SITEADDRESS":"4070 CLIFTON PARK CIR EAST 5-103","RESYRBLT":2013,"RESFLRAREA_AG":1015,"STATEDAREA":null,"ACRES":0.25226294999999999,"SCHLDSCRP":"COLUMBUS CSD","CVTTXDSCRP":"CITY OF COLUMBUS","CLASSCD":"553","CLASSDSCRP":"CONDO 40+ RENTAL UNITS","SALEPRICE":null,"SALEDATE":null}},{"type":"Feature","geometry":{"type":"Polygon","coordinates":[[[-82.84401214002888,40.064728032648212],[-82.844183978905633,40.064734420989396],[-82.844184674261626,40.064723370259678],[-82.844239178881836,40.064725395502798],[-82.844243207777268,40.064661416918135],[-82.844250776582669,40.064661697352832],[-82.844251948984351,40.064643085497735],[-82.844244380172043,40.064642803261911],[-82.844248407885772,40.06457882467857],[-82.844206772442575,40.06457727599733],[-82.844207248331841,40.064569714876043],[-82.844124737167817,40.064566648567784],[-82.844124992428192,40.064562577059299],[-82.844017499312116,40.064558580544023],[-82.844016987606636,40.064566723563956],[-82.843870129942033,40.064561263366365],[-82.843870604700214,40.064553703150416],[-82.843681355492933,40.06454666729455],[-82.843680697033548,40.064557137019925],[-82.843636034570125,40.064555476306886],[-82.843626804275601,40.064702047084353],[-82.843678278298356,40.064703961667497],[-82.843677545891225,40.064715594296956],[-82.843860740270742,40.064722404710984],[-82.843861216194256,40.06471484269094],[-82.844012615944862,40.06472047242876],[-82.84401214002888,40.064728032648212]]]},"properties":{"PARCELID":"010-328557","OWNERNME1":"CLIFTON PARK BORROWER LLC","SITEADDRESS":"6540 CLIFTON PARK CIR SOUTH 11-103","RESYRBLT":2013,"RESFLRAREA_AG":1000,"STATEDAREA":null,"ACRES":0.23188215000000001,"SCHLDSCRP":"COLUMBUS CSD","CVTTXDSCRP":"CITY OF COLUMBUS","CLASSCD":"553","CLASSDSCRP":"CONDO 40+ RENTAL UNITS","SALEPRICE":null,"SALEDATE":null}},{"type":"Feature","geometry":{"type":"Polygon","coordinates":[[[-82.844956996828401,40.064898576605422],[-82.845159220480355,40.064904182662296],[-82.84516094049664,40.064867520950742],[-82.845179119617328,40.064868024135265],[-82.845181549686671,40.064816231877103],[-82.845173219208689,40.06481600147179],[-82.845177346396767,40.064728130261443],[-82.845188706125555,40.064728444531831],[-82.84519097421402,40.064680143514117],[-82.845174310946447,40.064679682711116],[-82.845177373021713,40.064614505515557],[-82.845195549736445,40.064615009605042],[-82.845197870629235,40.06456554394012],[-82.845190297500451,40.064565335628018],[-82.84519445222827,40.064476881632416],[-82.845206569229703,40.064477217092538],[-82.845208947615532,40.064426587666567],[-82.845192283236599,40.064426126869499],[-82.845194142299334,40.064386555768934],[-82.844991162845176,40.064380929478901],[-82.844989467989436,40.064417009326],[-82.844973562090402,40.064416567886042],[-82.844971075542389,40.064469523902474],[-82.844977135209575,40.064469690740168],[-82.844973064129675,40.0645563999987],[-82.844963974020317,40.064556147491949],[-82.844961542625541,40.06460793975414],[-82.844975175455474,40.064608318521181],[-82.844972307432627,40.064669420778003],[-82.844961703853599,40.064669126782505],[-82.844955091000131,40.064809954893619],[-82.844948273977081,40.064809765060566],[-82.844945951721542,40.064859229818815],[-82.844958826110826,40.064859587398082],[-82.844956996828401,40.064898576605422]]]},"properties":{"PARCELID":"010-328341","OWNERNME1":"CLIFTON PARK BORROWER LLC","SITEADDRESS":"4091 CLIFTON PARK CIR WEST 2-103","RESYRBLT":2013,"RESFLRAREA_AG":1015,"STATEDAREA":null,"ACRES":0.26667436999999999,"SCHLDSCRP":"COLUMBUS CSD","CVTTXDSCRP":"CITY OF COLUMBUS","CLASSCD":"553","CLASSDSCRP":"CONDO 40+ RENTAL UNITS","SALEPRICE":null,"SALEDATE":null}},{"type":"Feature","geometry":{"type":"Polygon","coordinates":[[[-82.843053251194974,40.065120213726274],[-82.843053959982157,40.065112079143411],[-82.843063788699908,40.065112585415378],[-82.843069099324183,40.065051577859087],[-82.843064561920016,40.065051345237706],[-82.843069060490578,40.064999634352503],[-82.843081916466232,40.065000294796349],[-82.843086365151251,40.064949165849555],[-82.843069730362558,40.064948311098057],[-82.843076303060258,40.06487277930696],[-82.843090671476673,40.064873517290202],[-82.843094765171344,40.064826455634332],[-82.843085691555601,40.064825988588751],[-82.843086904937536,40.064812044493117],[-82.843080855081695,40.064811733431533],[-82.84309010856569,40.064705407331608],[-82.842879129626738,40.064694569097426],[-82.842870988322744,40.064788113169953],[-82.842858890961509,40.064787491017412],[-82.842851609226898,40.064871157381198],[-82.842858415316627,40.064871506775816],[-82.842845521160498,40.065019666028022],[-82.84285837713773,40.065020326496317],[-82.842850588410343,40.065109802369484],[-82.843053251194974,40.065120213726274]]]},"properties":{"PARCELID":"010-328437","OWNERNME1":"CLIFTON PARK BORROWER LLC","SITEADDRESS":"4096 CLIFTON PARK CIR EAST 6-103","RESYRBLT":2013,"RESFLRAREA_AG":666,"STATEDAREA":null,"ACRES":0.21436116,"SCHLDSCRP":"COLUMBUS CSD","CVTTXDSCRP":"CITY OF COLUMBUS","CLASSCD":"553","CLASSDSCRP":"CONDO 40+ RENTAL UNITS","SALEPRICE":null,"SALEDATE":null}},{"type":"Feature","geometry":{"type":"Polygon","coordinates":[[[-82.844066943629699,40.065352638454684],[-82.844067518499727,40.065346832336509],[-82.844143087534036,40.065351250117949],[-82.844144065390452,40.065341380164924],[-82.844193942523518,40.065344296175269],[-82.844200268306068,40.065280427059207],[-82.844211604058344,40.065281089130117],[-82.844213674716386,40.065260187098012],[-82.844203850318351,40.065259612463088],[-82.844209888067326,40.065198645955476],[-82.844154721879121,40.065195419419567],[-82.844155642833869,40.065186130526357],[-82.84397427453824,40.065175525455338],[-82.843973180512549,40.065186556634607],[-82.843828840985736,40.065178116997544],[-82.843829475119037,40.065171729812938],[-82.843711583727313,40.065164836452567],[-82.843711008833509,40.065170643470019],[-82.843639216639957,40.065166444923968],[-82.843638238714192,40.065176314873412],[-82.843596674748838,40.065173884068621],[-82.843582182376466,40.065320203611165],[-82.843635081019428,40.065323298352126],[-82.843634219244223,40.065332007074311],[-82.843803495867306,40.065341905040405],[-82.843804013858374,40.065336679983758],[-82.843810815550981,40.065337077969161],[-82.843811276636174,40.065332433072136],[-82.843952593772826,40.065340696951587],[-82.843952074620745,40.065345922012341],[-82.844066943629699,40.065352638454684]]]},"properties":{"PARCELID":"010-328533","OWNERNME1":"CLIFTON PARK BORROWER LLC","SITEADDRESS":"6543 CLIFTON PARK CIR NORTH 10-103","RESYRBLT":2013,"RESFLRAREA_AG":1000,"STATEDAREA":null,"ACRES":0.23293660999999999,"SCHLDSCRP":"COLUMBUS CSD","CVTTXDSCRP":"CITY OF COLUMBUS","CLASSCD":"553","CLASSDSCRP":"CONDO 40+ RENTAL UNITS","SALEPRICE":null,"SALEDATE":null}},{"type":"Feature","geometry":{"type":"Polygon","coordinates":[[[-82.844906445054875,40.065600930194861],[-82.845109258316668,40.065609426472236],[-82.845112065907315,40.065569888630058],[-82.845130226561977,40.065570648550803],[-82.845133693497331,40.065521806364721],[-82.845122341042043,40.065521330858068],[-82.845128861942442,40.065429462938958],[-82.845138698459365,40.065429875351093],[-82.845141958303799,40.065383940040796],[-82.845124552726446,40.065383211227157],[-82.845129132477652,40.065318669927791],[-82.845147294243347,40.065319430743109],[-82.845150802810295,40.065270008436265],[-82.845140965143784,40.065269596028564],[-82.845147276570017,40.065180634084697],[-82.845155601817922,40.065180982487313],[-82.845159231805553,40.065129816238674],[-82.845141826282827,40.065129085626346],[-82.845144510057267,40.065091291722062],[-82.845076399266432,40.065088438661235],[-82.845076812249374,40.065082624006486],[-82.845035946953118,40.065080912147742],[-82.845035535138905,40.065086726798889],[-82.844941695961495,40.065082795510719],[-82.844939096551258,40.06511942647419],[-82.844924717018927,40.065118824741639],[-82.84492268355018,40.065173097906914],[-82.844930415136119,40.065173336392107],[-82.844926796239207,40.065261189875102],[-82.844919942196071,40.065261107321632],[-82.84491787219342,40.065311570107575],[-82.844928385715633,40.065312356104997],[-82.844924966547666,40.065373426639098],[-82.844911988900833,40.065373066657095],[-82.844908394873841,40.065423724842844],[-82.844911420863653,40.065423851954371],[-82.844901558709196,40.065562818088878],[-82.844909125459324,40.065563136313017],[-82.844906445054875,40.065600930194861]]]},"properties":{"PARCELID":"010-328317","OWNERNME1":"CLIFTON PARK BORROWER LLC","SITEADDRESS":"4125 CLIFTON PARK CIR WEST 1-103","RESYRBLT":2013,"RESFLRAREA_AG":1015,"STATEDAREA":null,"ACRES":0.26555033,"SCHLDSCRP":"COLUMBUS CSD","CVTTXDSCRP":"CITY OF COLUMBUS","CLASSCD":"553","CLASSDSCRP":"CONDO 40+ RENTAL UNITS","SALEPRICE":null,"SALEDATE":null}},{"type":"Feature","geometry":{"type":"Polygon","coordinates":[[[-82.843040809482673,40.065673912070402],[-82.843041507812785,40.065664609428147],[-82.84304983086632,40.065664978700433],[-82.84305641340535,40.06557719589857],[-82.843066250042241,40.065577630999059],[-82.843071132493222,40.06551251972089],[-82.843080212910905,40.065512921903931],[-82.843083308444548,40.065471645993931],[-82.843065905001822,40.065470874540523],[-82.843071442941053,40.065397044336947],[-82.84308808897984,40.065397781976174],[-82.843090706231848,40.065362899993985],[-82.843078599814319,40.06536236344833],[-82.843083873665066,40.065292022076719],[-82.843074794443936,40.06529161898991],[-82.843076932267451,40.065263133641807],[-82.843082984288714,40.065263400567424],[-82.843087825037429,40.065198871196834],[-82.843003080341404,40.065195119851815],[-82.843003604969397,40.065188143091582],[-82.842977121233019,40.065186971237132],[-82.842976642951868,40.06519336516692],[-82.842872227446975,40.065188742603127],[-82.842865205755146,40.065282340129464],[-82.842859152552023,40.065282071394833],[-82.842854443626067,40.065344856786808],[-82.842840825964899,40.065344253477214],[-82.842836857053015,40.065397157010786],[-82.8428482060894,40.065397659766418],[-82.842843933765423,40.065454631341268],[-82.842826530338513,40.065453861653616],[-82.842823959301242,40.065488160798523],[-82.84283001134115,40.065488427737137],[-82.842828530112925,40.06550819505442],[-82.842838366738619,40.065508630174023],[-82.842833352022794,40.065575484509033],[-82.842845458471174,40.065576020179321],[-82.842838787643089,40.065664966814865],[-82.843040809482673,40.065673912070402]]]},"properties":{"PARCELID":"010-328461","OWNERNME1":"CLIFTON PARK BORROWER LLC","SITEADDRESS":"4122 CLIFTON PARK CIR EAST 7-103","RESYRBLT":2013,"RESFLRAREA_AG":1015,"STATEDAREA":null,"ACRES":0.25270252999999998,"SCHLDSCRP":"COLUMBUS CSD","CVTTXDSCRP":"CITY OF COLUMBUS","CLASSCD":"553","CLASSDSCRP":"CONDO 40+ RENTAL UNITS","SALEPRICE":null,"SALEDATE":null}},{"type":"Feature","geometry":{"type":"Polygon","coordinates":[[[-82.843920017310893,40.065681731007494],[-82.843920523719405,40.065674170701968],[-82.843976535077843,40.065676384389654],[-82.843986701270794,40.065524601766782],[-82.843934475704842,40.065522538214367],[-82.84393517516925,40.065512070172559],[-82.843861000004154,40.065509136888132],[-82.843860610364231,40.065514952369632],[-82.84375918637204,40.065510942360646],[-82.843759576020432,40.065505126879465],[-82.843674804754315,40.065501774165597],[-82.843674104078559,40.065512242209323],[-82.843590087837114,40.065508920549043],[-82.843590789702091,40.065498453402938],[-82.843520399057454,40.065495669147886],[-82.843520010561193,40.065501484624889],[-82.843422369931886,40.065497624475853],[-82.843422800098111,40.065491227083015],[-82.843339541258416,40.065487934551811],[-82.843338761895794,40.065499566412086],[-82.843291835587621,40.065497710444006],[-82.84328171693322,40.065651826346709],[-82.843327681984718,40.065653645500333],[-82.843327136188861,40.065661786811994],[-82.843396770786867,40.065664539169035],[-82.843397122320823,40.065659305595176],[-82.843516710486213,40.065664035549261],[-82.843516358961253,40.065669269123475],[-82.843579938141673,40.065671783298136],[-82.843580600689094,40.065661897161498],[-82.843664617115351,40.065665218828379],[-82.843663992723307,40.065674523059606],[-82.843729844022363,40.065677126874363],[-82.843730037090054,40.065674219139126],[-82.843920017310893,40.065681731007494]]]},"properties":{"PARCELID":"010-328485","OWNERNME1":"CLIFTON PARK BORROWER LLC","SITEADDRESS":"6554 CLIFTON PARK CIR NORTH 8-103","RESYRBLT":2013,"RESFLRAREA_AG":1015,"STATEDAREA":null,"ACRES":0.26800555999999998,"SCHLDSCRP":"COLUMBUS CSD","CVTTXDSCRP":"CITY OF COLUMBUS","CLASSCD":"553","CLASSDSCRP":"CONDO 40+ RENTAL UNITS","SALEPRICE":null,"SALEDATE":null}},{"type":"Feature","geometry":{"type":"Polygon","coordinates":[[[-82.844590781272316,40.065708049857705],[-82.844590597617852,40.065710957566779],[-82.844659485868675,40.065713518633608],[-82.84466014653114,40.065703047999911],[-82.844713892241231,40.065705047331114],[-82.844723450693849,40.065553240306315],[-82.844674245751037,40.065551411387169],[-82.844675013790479,40.065539196855831],[-82.844603098626379,40.065536524892757],[-82.844602695528152,40.065542922210732],[-82.84449292996419,40.065538842729453],[-82.844493333063525,40.065532443610621],[-82.844418388474992,40.065529658832162],[-82.844417656183253,40.065541291462601],[-82.844340441850107,40.065538421423895],[-82.844341137184784,40.065527369796037],[-82.844268463508556,40.065524668329317],[-82.844268135488463,40.06552990273795],[-82.844156096719828,40.065525739540099],[-82.844156499850186,40.065519340422419],[-82.844077772008006,40.065516414302444],[-82.844077039659282,40.065528046930794],[-82.844040702820777,40.065526695220811],[-82.844031107081861,40.065679084090789],[-82.844078798545908,40.065680856468845],[-82.844078321467336,40.065688418490453],[-82.844333433770387,40.065697900449116],[-82.844333873864485,40.065690922130365],[-82.844412604259787,40.065693848071753],[-82.844412126040879,40.065701409197516],[-82.844590781272316,40.065708049857705]]]},"properties":{"PARCELID":"010-328509","OWNERNME1":"CLIFTON PARK BORROWER LLC","SITEADDRESS":"6524 CLIFTON PARK CIR NORTH 9-103","RESYRBLT":2013,"RESFLRAREA_AG":1015,"STATEDAREA":null,"ACRES":0.26411983,"SCHLDSCRP":"COLUMBUS CSD","CVTTXDSCRP":"CITY OF COLUMBUS","CLASSCD":"553","CLASSDSCRP":"CONDO 40+ RENTAL UNITS","SALEPRICE":null,"SALEDATE":null}},{"type":"Feature","geometry":{"type":"Polygon","coordinates":[[[-82.843722527855405,40.064375019238618],[-82.843794421198069,40.06437803223281],[-82.843794833112085,40.06437221758447],[-82.843871265943136,40.064375418988725],[-82.843871802831742,40.06436786039167],[-82.844011044158961,40.064373695020095],[-82.844021528120265,40.064226008267234],[-82.843887582767522,40.064220395916301],[-82.843888242284777,40.06421109247642],[-82.843739161442798,40.064204845183781],[-82.843738584050271,40.064212984793215],[-82.843668961800503,40.064210067793461],[-82.843669663005954,40.064200182438292],[-82.843583394044288,40.064196568361005],[-82.843583021424578,40.064201800198802],[-82.843496752465413,40.064198186057936],[-82.843496184594855,40.064206123901386],[-82.843382462027563,40.064201871228256],[-82.843376663561969,40.064349444263613],[-82.843488718261582,40.064354141315803],[-82.84348830514989,40.064359955966559],[-82.843574575481881,40.064363570110032],[-82.843574120713015,40.064369965776869],[-82.843637690068277,40.064372629448229],[-82.843638473435277,40.064361582065551],[-82.843723229054859,40.064365133883747],[-82.843722527855405,40.064375019238618]]]},"properties":{"PARCELID":"010-328390","OWNERNME1":"CLIFTON PARK BORROWER LLC","SITEADDRESS":"6549 CLIFTON PARK CIR SOUTH 4-104","RESYRBLT":2013,"RESFLRAREA_AG":1015,"STATEDAREA":null,"ACRES":0.23570764,"SCHLDSCRP":"COLUMBUS CSD","CVTTXDSCRP":"CITY OF COLUMBUS","CLASSCD":"553","CLASSDSCRP":"CONDO 40+ RENTAL UNITS","SALEPRICE":null,"SALEDATE":null}},{"type":"Feature","geometry":{"type":"Polygon","coordinates":[[[-82.844451409310039,40.064403912127368],[-82.844518748762766,40.064406892995244],[-82.84451918406333,40.064401079176278],[-82.844601656921938,40.064404728915477],[-82.844602223038947,40.064397171129805],[-82.844732363567175,40.064402931621458],[-82.844743521360897,40.064254107154305],[-82.844614895858228,40.064248414281813],[-82.844615505972271,40.064240275472578],[-82.844465692843755,40.064233643985823],[-82.844465126713231,40.064241201771289],[-82.84439097693226,40.064237918411756],[-82.844391719072974,40.064228035633981],[-82.844311516210951,40.064224487170627],[-82.844311036891753,40.064230882012218],[-82.844218727793418,40.064226795264197],[-82.844218205639152,40.064233772025531],[-82.844113035294626,40.064229116752884],[-82.844101920152212,40.064377359238101],[-82.844215413626557,40.064382383710324],[-82.844214933120824,40.064388777653981],[-82.84430875484037,40.064392932022677],[-82.844308362343597,40.064398163020158],[-82.844370406032183,40.064400910018826],[-82.844371235000366,40.064389863398048],[-82.844452193100935,40.064393448333703],[-82.844451409310039,40.064403912127368]]]},"properties":{"PARCELID":"010-328366","OWNERNME1":"CLIFTON PARK BORROWER LLC","SITEADDRESS":"6519 CLIFTON PARK CIR SOUTH 3-104","RESYRBLT":2013,"RESFLRAREA_AG":1015,"STATEDAREA":null,"ACRES":0.23410328999999999,"SCHLDSCRP":"COLUMBUS CSD","CVTTXDSCRP":"CITY OF COLUMBUS","CLASSCD":"553","CLASSDSCRP":"CONDO 40+ RENTAL UNITS","SALEPRICE":null,"SALEDATE":null}},{"type":"Feature","geometry":{"type":"Polygon","coordinates":[[[-82.843106315082338,40.064637687223687],[-82.843106991034162,40.064629551834209],[-82.843118337865448,40.064630107706009],[-82.843125717545391,40.064541193171785],[-82.843131011084751,40.064541452402615],[-82.843136607593536,40.064474042453149],[-82.843147195838725,40.064474561810727],[-82.843150332051863,40.064436788239242],[-82.843132936672006,40.064435935717682],[-82.843139160401705,40.064360968709352],[-82.843158824418012,40.064361932585669],[-82.843162008143679,40.064323577078831],[-82.843144611624396,40.064322725463036],[-82.843150159392806,40.064255894742331],[-82.843141839832654,40.064255486740947],[-82.843144251399295,40.064226430494273],[-82.843152573300259,40.064226838488615],[-82.843157830031714,40.064163495780484],[-82.842932441373492,40.064152450250205],[-82.842929642445952,40.064186154775861],[-82.842934179748568,40.06418637839657],[-82.84292950020307,40.06424274778022],[-82.842923450468817,40.064242451120037],[-82.842918384811256,40.064303469681477],[-82.842910821465836,40.064303099084093],[-82.842906238131221,40.064358307296096],[-82.842917583744423,40.064358863190741],[-82.842912469370503,40.064420462785371],[-82.84289885626275,40.064419795526149],[-82.842894514076562,40.064472097661039],[-82.842905102315186,40.064472616139838],[-82.842899699220993,40.064537701937418],[-82.842917095800061,40.064538555390662],[-82.842909667141285,40.064628049146734],[-82.843106315082338,40.064637687223687]]]},"properties":{"PARCELID":"010-328414","OWNERNME1":"CLIFTON PARK BORROWER LLC","SITEADDRESS":"4070 CLIFTON PARK CIR EAST 5-104","RESYRBLT":2013,"RESFLRAREA_AG":1015,"STATEDAREA":null,"ACRES":0.25226294999999999,"SCHLDSCRP":"COLUMBUS CSD","CVTTXDSCRP":"CITY OF COLUMBUS","CLASSCD":"553","CLASSDSCRP":"CONDO 40+ RENTAL UNITS","SALEPRICE":null,"SALEDATE":null}},{"type":"Feature","geometry":{"type":"Polygon","coordinates":[[[-82.84401214002888,40.064728032648212],[-82.844183978905633,40.064734420989396],[-82.844184674261626,40.064723370259678],[-82.844239178881836,40.064725395502798],[-82.844243207777268,40.064661416918135],[-82.844250776582669,40.064661697352832],[-82.844251948984351,40.064643085497735],[-82.844244380172043,40.064642803261911],[-82.844248407885772,40.06457882467857],[-82.844206772442575,40.06457727599733],[-82.844207248331841,40.064569714876043],[-82.844124737167817,40.064566648567784],[-82.844124992428192,40.064562577059299],[-82.844017499312116,40.064558580544023],[-82.844016987606636,40.064566723563956],[-82.843870129942033,40.064561263366365],[-82.843870604700214,40.064553703150416],[-82.843681355492933,40.06454666729455],[-82.843680697033548,40.064557137019925],[-82.843636034570125,40.064555476306886],[-82.843626804275601,40.064702047084353],[-82.843678278298356,40.064703961667497],[-82.843677545891225,40.064715594296956],[-82.843860740270742,40.064722404710984],[-82.843861216194256,40.06471484269094],[-82.844012615944862,40.06472047242876],[-82.84401214002888,40.064728032648212]]]},"properties":{"PARCELID":"010-328558","OWNERNME1":"CLIFTON PARK BORROWER LLC","SITEADDRESS":"6540 CLIFTON PARK CIR SOUTH 11-104","RESYRBLT":2013,"RESFLRAREA_AG":1000,"STATEDAREA":null,"ACRES":0.23188215000000001,"SCHLDSCRP":"COLUMBUS CSD","CVTTXDSCRP":"CITY OF COLUMBUS","CLASSCD":"553","CLASSDSCRP":"CONDO 40+ RENTAL UNITS","SALEPRICE":null,"SALEDATE":null}},{"type":"Feature","geometry":{"type":"Polygon","coordinates":[[[-82.844956996828401,40.064898576605422],[-82.845159220480355,40.064904182662296],[-82.84516094049664,40.064867520950742],[-82.845179119617328,40.064868024135265],[-82.845181549686671,40.064816231877103],[-82.845173219208689,40.06481600147179],[-82.845177346396767,40.064728130261443],[-82.845188706125555,40.064728444531831],[-82.84519097421402,40.064680143514117],[-82.845174310946447,40.064679682711116],[-82.845177373021713,40.064614505515557],[-82.845195549736445,40.064615009605042],[-82.845197870629235,40.06456554394012],[-82.845190297500451,40.064565335628018],[-82.84519445222827,40.064476881632416],[-82.845206569229703,40.064477217092538],[-82.845208947615532,40.064426587666567],[-82.845192283236599,40.064426126869499],[-82.845194142299334,40.064386555768934],[-82.844991162845176,40.064380929478901],[-82.844989467989436,40.064417009326],[-82.844973562090402,40.064416567886042],[-82.844971075542389,40.064469523902474],[-82.844977135209575,40.064469690740168],[-82.844973064129675,40.0645563999987],[-82.844963974020317,40.064556147491949],[-82.844961542625541,40.06460793975414],[-82.844975175455474,40.064608318521181],[-82.844972307432627,40.064669420778003],[-82.844961703853599,40.064669126782505],[-82.844955091000131,40.064809954893619],[-82.844948273977081,40.064809765060566],[-82.844945951721542,40.064859229818815],[-82.844958826110826,40.064859587398082],[-82.844956996828401,40.064898576605422]]]},"properties":{"PARCELID":"010-328342","OWNERNME1":"CLIFTON PARK BORROWER LLC","SITEADDRESS":"4091 CLIFTON PARK CIR WEST 2-104","RESYRBLT":2013,"RESFLRAREA_AG":1015,"STATEDAREA":null,"ACRES":0.26667436999999999,"SCHLDSCRP":"COLUMBUS CSD","CVTTXDSCRP":"CITY OF COLUMBUS","CLASSCD":"553","CLASSDSCRP":"CONDO 40+ RENTAL UNITS","SALEPRICE":null,"SALEDATE":null}},{"type":"Feature","geometry":{"type":"Polygon","coordinates":[[[-82.843053251194974,40.065120213726274],[-82.843053959982157,40.065112079143411],[-82.843063788699908,40.065112585415378],[-82.843069099324183,40.065051577859087],[-82.843064561920016,40.065051345237706],[-82.843069060490578,40.064999634352503],[-82.843081916466232,40.065000294796349],[-82.843086365151251,40.064949165849555],[-82.843069730362558,40.064948311098057],[-82.843076303060258,40.06487277930696],[-82.843090671476673,40.064873517290202],[-82.843094765171344,40.064826455634332],[-82.843085691555601,40.064825988588751],[-82.843086904937536,40.064812044493117],[-82.843080855081695,40.064811733431533],[-82.84309010856569,40.064705407331608],[-82.842879129626738,40.064694569097426],[-82.842870988322744,40.064788113169953],[-82.842858890961509,40.064787491017412],[-82.842851609226898,40.064871157381198],[-82.842858415316627,40.064871506775816],[-82.842845521160498,40.065019666028022],[-82.84285837713773,40.065020326496317],[-82.842850588410343,40.065109802369484],[-82.843053251194974,40.065120213726274]]]},"properties":{"PARCELID":"010-328438","OWNERNME1":"CLIFTON PARK BORROWER LLC","SITEADDRESS":"4096 CLIFTON PARK CIR EAST 6-104","RESYRBLT":2013,"RESFLRAREA_AG":666,"STATEDAREA":null,"ACRES":0.21436116,"SCHLDSCRP":"COLUMBUS CSD","CVTTXDSCRP":"CITY OF COLUMBUS","CLASSCD":"553","CLASSDSCRP":"CONDO 40+ RENTAL UNITS","SALEPRICE":null,"SALEDATE":null}},{"type":"Feature","geometry":{"type":"Polygon","coordinates":[[[-82.844066943629699,40.065352638454684],[-82.844067518499727,40.065346832336509],[-82.844143087534036,40.065351250117949],[-82.844144065390452,40.065341380164924],[-82.844193942523518,40.065344296175269],[-82.844200268306068,40.065280427059207],[-82.844211604058344,40.065281089130117],[-82.844213674716386,40.065260187098012],[-82.844203850318351,40.065259612463088],[-82.844209888067326,40.065198645955476],[-82.844154721879121,40.065195419419567],[-82.844155642833869,40.065186130526357],[-82.84397427453824,40.065175525455338],[-82.843973180512549,40.065186556634607],[-82.843828840985736,40.065178116997544],[-82.843829475119037,40.065171729812938],[-82.843711583727313,40.065164836452567],[-82.843711008833509,40.065170643470019],[-82.843639216639957,40.065166444923968],[-82.843638238714192,40.065176314873412],[-82.843596674748838,40.065173884068621],[-82.843582182376466,40.065320203611165],[-82.843635081019428,40.065323298352126],[-82.843634219244223,40.065332007074311],[-82.843803495867306,40.065341905040405],[-82.843804013858374,40.065336679983758],[-82.843810815550981,40.065337077969161],[-82.843811276636174,40.065332433072136],[-82.843952593772826,40.065340696951587],[-82.843952074620745,40.065345922012341],[-82.844066943629699,40.065352638454684]]]},"properties":{"PARCELID":"010-328534","OWNERNME1":"CLIFTON PARK BORROWER LLC","SITEADDRESS":"6543 CLIFTON PARK CIR NORTH 10-104","RESYRBLT":2013,"RESFLRAREA_AG":1000,"STATEDAREA":null,"ACRES":0.23293660999999999,"SCHLDSCRP":"COLUMBUS CSD","CVTTXDSCRP":"CITY OF COLUMBUS","CLASSCD":"553","CLASSDSCRP":"CONDO 40+ RENTAL UNITS","SALEPRICE":null,"SALEDATE":null}},{"type":"Feature","geometry":{"type":"Polygon","coordinates":[[[-82.844906445054875,40.065600930194861],[-82.845109258316668,40.065609426472236],[-82.845112065907315,40.065569888630058],[-82.845130226561977,40.065570648550803],[-82.845133693497331,40.065521806364721],[-82.845122341042043,40.065521330858068],[-82.845128861942442,40.065429462938958],[-82.845138698459365,40.065429875351093],[-82.845141958303799,40.065383940040796],[-82.845124552726446,40.065383211227157],[-82.845129132477652,40.065318669927791],[-82.845147294243347,40.065319430743109],[-82.845150802810295,40.065270008436265],[-82.845140965143784,40.065269596028564],[-82.845147276570017,40.065180634084697],[-82.845155601817922,40.065180982487313],[-82.845159231805553,40.065129816238674],[-82.845141826282827,40.065129085626346],[-82.845144510057267,40.065091291722062],[-82.845076399266432,40.065088438661235],[-82.845076812249374,40.065082624006486],[-82.845035946953118,40.065080912147742],[-82.845035535138905,40.065086726798889],[-82.844941695961495,40.065082795510719],[-82.844939096551258,40.06511942647419],[-82.844924717018927,40.065118824741639],[-82.84492268355018,40.065173097906914],[-82.844930415136119,40.065173336392107],[-82.844926796239207,40.065261189875102],[-82.844919942196071,40.065261107321632],[-82.84491787219342,40.065311570107575],[-82.844928385715633,40.065312356104997],[-82.844924966547666,40.065373426639098],[-82.844911988900833,40.065373066657095],[-82.844908394873841,40.065423724842844],[-82.844911420863653,40.065423851954371],[-82.844901558709196,40.065562818088878],[-82.844909125459324,40.065563136313017],[-82.844906445054875,40.065600930194861]]]},"properties":{"PARCELID":"010-328318","OWNERNME1":"CLIFTON PARK BORROWER LLC","SITEADDRESS":"4125 CLIFTON PARK CIR WEST 1-104","RESYRBLT":2013,"RESFLRAREA_AG":1015,"STATEDAREA":null,"ACRES":0.26555033,"SCHLDSCRP":"COLUMBUS CSD","CVTTXDSCRP":"CITY OF COLUMBUS","CLASSCD":"553","CLASSDSCRP":"CONDO 40+ RENTAL UNITS","SALEPRICE":null,"SALEDATE":null}},{"type":"Feature","geometry":{"type":"Polygon","coordinates":[[[-82.843040809482673,40.065673912070402],[-82.843041507812785,40.065664609428147],[-82.84304983086632,40.065664978700433],[-82.84305641340535,40.06557719589857],[-82.843066250042241,40.065577630999059],[-82.843071132493222,40.06551251972089],[-82.843080212910905,40.065512921903931],[-82.843083308444548,40.065471645993931],[-82.843065905001822,40.065470874540523],[-82.843071442941053,40.065397044336947],[-82.84308808897984,40.065397781976174],[-82.843090706231848,40.065362899993985],[-82.843078599814319,40.06536236344833],[-82.843083873665066,40.065292022076719],[-82.843074794443936,40.06529161898991],[-82.843076932267451,40.065263133641807],[-82.843082984288714,40.065263400567424],[-82.843087825037429,40.065198871196834],[-82.843003080341404,40.065195119851815],[-82.843003604969397,40.065188143091582],[-82.842977121233019,40.065186971237132],[-82.842976642951868,40.06519336516692],[-82.842872227446975,40.065188742603127],[-82.842865205755146,40.065282340129464],[-82.842859152552023,40.065282071394833],[-82.842854443626067,40.065344856786808],[-82.842840825964899,40.065344253477214],[-82.842836857053015,40.065397157010786],[-82.8428482060894,40.065397659766418],[-82.842843933765423,40.065454631341268],[-82.842826530338513,40.065453861653616],[-82.842823959301242,40.065488160798523],[-82.84283001134115,40.065488427737137],[-82.842828530112925,40.06550819505442],[-82.842838366738619,40.065508630174023],[-82.842833352022794,40.065575484509033],[-82.842845458471174,40.065576020179321],[-82.842838787643089,40.065664966814865],[-82.843040809482673,40.065673912070402]]]},"properties":{"PARCELID":"010-328462","OWNERNME1":"CLIFTON PARK BORROWER LLC","SITEADDRESS":"4122 CLIFTON PARK CIR EAST 7-104","RESYRBLT":2013,"RESFLRAREA_AG":1015,"STATEDAREA":null,"ACRES":0.25270252999999998,"SCHLDSCRP":"COLUMBUS CSD","CVTTXDSCRP":"CITY OF COLUMBUS","CLASSCD":"553","CLASSDSCRP":"CONDO 40+ RENTAL UNITS","SALEPRICE":null,"SALEDATE":null}},{"type":"Feature","geometry":{"type":"Polygon","coordinates":[[[-82.843920017310893,40.065681731007494],[-82.843920523719405,40.065674170701968],[-82.843976535077843,40.065676384389654],[-82.843986701270794,40.065524601766782],[-82.843934475704842,40.065522538214367],[-82.84393517516925,40.065512070172559],[-82.843861000004154,40.065509136888132],[-82.843860610364231,40.065514952369632],[-82.84375918637204,40.065510942360646],[-82.843759576020432,40.065505126879465],[-82.843674804754315,40.065501774165597],[-82.843674104078559,40.065512242209323],[-82.843590087837114,40.065508920549043],[-82.843590789702091,40.065498453402938],[-82.843520399057454,40.065495669147886],[-82.843520010561193,40.065501484624889],[-82.843422369931886,40.065497624475853],[-82.843422800098111,40.065491227083015],[-82.843339541258416,40.065487934551811],[-82.843338761895794,40.065499566412086],[-82.843291835587621,40.065497710444006],[-82.84328171693322,40.065651826346709],[-82.843327681984718,40.065653645500333],[-82.843327136188861,40.065661786811994],[-82.843396770786867,40.065664539169035],[-82.843397122320823,40.065659305595176],[-82.843516710486213,40.065664035549261],[-82.843516358961253,40.065669269123475],[-82.843579938141673,40.065671783298136],[-82.843580600689094,40.065661897161498],[-82.843664617115351,40.065665218828379],[-82.843663992723307,40.065674523059606],[-82.843729844022363,40.065677126874363],[-82.843730037090054,40.065674219139126],[-82.843920017310893,40.065681731007494]]]},"properties":{"PARCELID":"010-328486","OWNERNME1":"CLIFTON PARK BORROWER LLC","SITEADDRESS":"6554 CLIFTON PARK CIR NORTH 8-104","RESYRBLT":2013,"RESFLRAREA_AG":1015,"STATEDAREA":null,"ACRES":0.26800555999999998,"SCHLDSCRP":"COLUMBUS CSD","CVTTXDSCRP":"CITY OF COLUMBUS","CLASSCD":"553","CLASSDSCRP":"CONDO 40+ RENTAL UNITS","SALEPRICE":null,"SALEDATE":null}},{"type":"Feature","geometry":{"type":"Polygon","coordinates":[[[-82.844590781272316,40.065708049857705],[-82.844590597617852,40.065710957566779],[-82.844659485868675,40.065713518633608],[-82.84466014653114,40.065703047999911],[-82.844713892241231,40.065705047331114],[-82.844723450693849,40.065553240306315],[-82.844674245751037,40.065551411387169],[-82.844675013790479,40.065539196855831],[-82.844603098626379,40.065536524892757],[-82.844602695528152,40.065542922210732],[-82.84449292996419,40.065538842729453],[-82.844493333063525,40.065532443610621],[-82.844418388474992,40.065529658832162],[-82.844417656183253,40.065541291462601],[-82.844340441850107,40.065538421423895],[-82.844341137184784,40.065527369796037],[-82.844268463508556,40.065524668329317],[-82.844268135488463,40.06552990273795],[-82.844156096719828,40.065525739540099],[-82.844156499850186,40.065519340422419],[-82.844077772008006,40.065516414302444],[-82.844077039659282,40.065528046930794],[-82.844040702820777,40.065526695220811],[-82.844031107081861,40.065679084090789],[-82.844078798545908,40.065680856468845],[-82.844078321467336,40.065688418490453],[-82.844333433770387,40.065697900449116],[-82.844333873864485,40.065690922130365],[-82.844412604259787,40.065693848071753],[-82.844412126040879,40.065701409197516],[-82.844590781272316,40.065708049857705]]]},"properties":{"PARCELID":"010-328510","OWNERNME1":"CLIFTON PARK BORROWER LLC","SITEADDRESS":"6524 CLIFTON PARK CIR NORTH 9-104","RESYRBLT":2013,"RESFLRAREA_AG":1015,"STATEDAREA":null,"ACRES":0.26411983,"SCHLDSCRP":"COLUMBUS CSD","CVTTXDSCRP":"CITY OF COLUMBUS","CLASSCD":"553","CLASSDSCRP":"CONDO 40+ RENTAL UNITS","SALEPRICE":null,"SALEDATE":null}},{"type":"Feature","geometry":{"type":"Polygon","coordinates":[[[-82.843722527855405,40.064375019238618],[-82.843794421198069,40.06437803223281],[-82.843794833112085,40.06437221758447],[-82.843871265943136,40.064375418988725],[-82.843871802831742,40.06436786039167],[-82.844011044158961,40.064373695020095],[-82.844021528120265,40.064226008267234],[-82.843887582767522,40.064220395916301],[-82.843888242284777,40.06421109247642],[-82.843739161442798,40.064204845183781],[-82.843738584050271,40.064212984793215],[-82.843668961800503,40.064210067793461],[-82.843669663005954,40.064200182438292],[-82.843583394044288,40.064196568361005],[-82.843583021424578,40.064201800198802],[-82.843496752465413,40.064198186057936],[-82.843496184594855,40.064206123901386],[-82.843382462027563,40.064201871228256],[-82.843376663561969,40.064349444263613],[-82.843488718261582,40.064354141315803],[-82.84348830514989,40.064359955966559],[-82.843574575481881,40.064363570110032],[-82.843574120713015,40.064369965776869],[-82.843637690068277,40.064372629448229],[-82.843638473435277,40.064361582065551],[-82.843723229054859,40.064365133883747],[-82.843722527855405,40.064375019238618]]]},"properties":{"PARCELID":"010-328391","OWNERNME1":"CLIFTON PARK BORROWER LLC","SITEADDRESS":"6549 CLIFTON PARK CIR SOUTH 4-105","RESYRBLT":2013,"RESFLRAREA_AG":1015,"STATEDAREA":null,"ACRES":0.23570764,"SCHLDSCRP":"COLUMBUS CSD","CVTTXDSCRP":"CITY OF COLUMBUS","CLASSCD":"553","CLASSDSCRP":"CONDO 40+ RENTAL UNITS","SALEPRICE":null,"SALEDATE":null}},{"type":"Feature","geometry":{"type":"Polygon","coordinates":[[[-82.844451409310039,40.064403912127368],[-82.844518748762766,40.064406892995244],[-82.84451918406333,40.064401079176278],[-82.844601656921938,40.064404728915477],[-82.844602223038947,40.064397171129805],[-82.844732363567175,40.064402931621458],[-82.844743521360897,40.064254107154305],[-82.844614895858228,40.064248414281813],[-82.844615505972271,40.064240275472578],[-82.844465692843755,40.064233643985823],[-82.844465126713231,40.064241201771289],[-82.84439097693226,40.064237918411756],[-82.844391719072974,40.064228035633981],[-82.844311516210951,40.064224487170627],[-82.844311036891753,40.064230882012218],[-82.844218727793418,40.064226795264197],[-82.844218205639152,40.064233772025531],[-82.844113035294626,40.064229116752884],[-82.844101920152212,40.064377359238101],[-82.844215413626557,40.064382383710324],[-82.844214933120824,40.064388777653981],[-82.84430875484037,40.064392932022677],[-82.844308362343597,40.064398163020158],[-82.844370406032183,40.064400910018826],[-82.844371235000366,40.064389863398048],[-82.844452193100935,40.064393448333703],[-82.844451409310039,40.064403912127368]]]},"properties":{"PARCELID":"010-328367","OWNERNME1":"CLIFTON PARK BORROWER LLC","SITEADDRESS":"6519 CLIFTON PARK CIR SOUTH 3-105","RESYRBLT":2013,"RESFLRAREA_AG":1015,"STATEDAREA":null,"ACRES":0.23410328999999999,"SCHLDSCRP":"COLUMBUS CSD","CVTTXDSCRP":"CITY OF COLUMBUS","CLASSCD":"553","CLASSDSCRP":"CONDO 40+ RENTAL UNITS","SALEPRICE":null,"SALEDATE":null}},{"type":"Feature","geometry":{"type":"Polygon","coordinates":[[[-82.843106315082338,40.064637687223687],[-82.843106991034162,40.064629551834209],[-82.843118337865448,40.064630107706009],[-82.843125717545391,40.064541193171785],[-82.843131011084751,40.064541452402615],[-82.843136607593536,40.064474042453149],[-82.843147195838725,40.064474561810727],[-82.843150332051863,40.064436788239242],[-82.843132936672006,40.064435935717682],[-82.843139160401705,40.064360968709352],[-82.843158824418012,40.064361932585669],[-82.843162008143679,40.064323577078831],[-82.843144611624396,40.064322725463036],[-82.843150159392806,40.064255894742331],[-82.843141839832654,40.064255486740947],[-82.843144251399295,40.064226430494273],[-82.843152573300259,40.064226838488615],[-82.843157830031714,40.064163495780484],[-82.842932441373492,40.064152450250205],[-82.842929642445952,40.064186154775861],[-82.842934179748568,40.06418637839657],[-82.84292950020307,40.06424274778022],[-82.842923450468817,40.064242451120037],[-82.842918384811256,40.064303469681477],[-82.842910821465836,40.064303099084093],[-82.842906238131221,40.064358307296096],[-82.842917583744423,40.064358863190741],[-82.842912469370503,40.064420462785371],[-82.84289885626275,40.064419795526149],[-82.842894514076562,40.064472097661039],[-82.842905102315186,40.064472616139838],[-82.842899699220993,40.064537701937418],[-82.842917095800061,40.064538555390662],[-82.842909667141285,40.064628049146734],[-82.843106315082338,40.064637687223687]]]},"properties":{"PARCELID":"010-328415","OWNERNME1":"CLIFTON PARK BORROWER LLC","SITEADDRESS":"4070 CLIFTON PARK CIR EAST 5-105","RESYRBLT":2013,"RESFLRAREA_AG":1015,"STATEDAREA":null,"ACRES":0.25226294999999999,"SCHLDSCRP":"COLUMBUS CSD","CVTTXDSCRP":"CITY OF COLUMBUS","CLASSCD":"553","CLASSDSCRP":"CONDO 40+ RENTAL UNITS","SALEPRICE":null,"SALEDATE":null}},{"type":"Feature","geometry":{"type":"Polygon","coordinates":[[[-82.84401214002888,40.064728032648212],[-82.844183978905633,40.064734420989396],[-82.844184674261626,40.064723370259678],[-82.844239178881836,40.064725395502798],[-82.844243207777268,40.064661416918135],[-82.844250776582669,40.064661697352832],[-82.844251948984351,40.064643085497735],[-82.844244380172043,40.064642803261911],[-82.844248407885772,40.06457882467857],[-82.844206772442575,40.06457727599733],[-82.844207248331841,40.064569714876043],[-82.844124737167817,40.064566648567784],[-82.844124992428192,40.064562577059299],[-82.844017499312116,40.064558580544023],[-82.844016987606636,40.064566723563956],[-82.843870129942033,40.064561263366365],[-82.843870604700214,40.064553703150416],[-82.843681355492933,40.06454666729455],[-82.843680697033548,40.064557137019925],[-82.843636034570125,40.064555476306886],[-82.843626804275601,40.064702047084353],[-82.843678278298356,40.064703961667497],[-82.843677545891225,40.064715594296956],[-82.843860740270742,40.064722404710984],[-82.843861216194256,40.06471484269094],[-82.844012615944862,40.06472047242876],[-82.84401214002888,40.064728032648212]]]},"properties":{"PARCELID":"010-328559","OWNERNME1":"CLIFTON PARK BORROWER LLC","SITEADDRESS":"6540 CLIFTON PARK CIR SOUTH 11-105","RESYRBLT":2013,"RESFLRAREA_AG":1000,"STATEDAREA":null,"ACRES":0.23188215000000001,"SCHLDSCRP":"COLUMBUS CSD","CVTTXDSCRP":"CITY OF COLUMBUS","CLASSCD":"553","CLASSDSCRP":"CONDO 40+ RENTAL UNITS","SALEPRICE":null,"SALEDATE":null}},{"type":"Feature","geometry":{"type":"Polygon","coordinates":[[[-82.844956996828401,40.064898576605422],[-82.845159220480355,40.064904182662296],[-82.84516094049664,40.064867520950742],[-82.845179119617328,40.064868024135265],[-82.845181549686671,40.064816231877103],[-82.845173219208689,40.06481600147179],[-82.845177346396767,40.064728130261443],[-82.845188706125555,40.064728444531831],[-82.84519097421402,40.064680143514117],[-82.845174310946447,40.064679682711116],[-82.845177373021713,40.064614505515557],[-82.845195549736445,40.064615009605042],[-82.845197870629235,40.06456554394012],[-82.845190297500451,40.064565335628018],[-82.84519445222827,40.064476881632416],[-82.845206569229703,40.064477217092538],[-82.845208947615532,40.064426587666567],[-82.845192283236599,40.064426126869499],[-82.845194142299334,40.064386555768934],[-82.844991162845176,40.064380929478901],[-82.844989467989436,40.064417009326],[-82.844973562090402,40.064416567886042],[-82.844971075542389,40.064469523902474],[-82.844977135209575,40.064469690740168],[-82.844973064129675,40.0645563999987],[-82.844963974020317,40.064556147491949],[-82.844961542625541,40.06460793975414],[-82.844975175455474,40.064608318521181],[-82.844972307432627,40.064669420778003],[-82.844961703853599,40.064669126782505],[-82.844955091000131,40.064809954893619],[-82.844948273977081,40.064809765060566],[-82.844945951721542,40.064859229818815],[-82.844958826110826,40.064859587398082],[-82.844956996828401,40.064898576605422]]]},"properties":{"PARCELID":"010-328343","OWNERNME1":"CLIFTON PARK BORROWER LLC","SITEADDRESS":"4091 CLIFTON PARK CIR WEST 2-105","RESYRBLT":2013,"RESFLRAREA_AG":1015,"STATEDAREA":null,"ACRES":0.26667436999999999,"SCHLDSCRP":"COLUMBUS CSD","CVTTXDSCRP":"CITY OF COLUMBUS","CLASSCD":"553","CLASSDSCRP":"CONDO 40+ RENTAL UNITS","SALEPRICE":null,"SALEDATE":null}},{"type":"Feature","geometry":{"type":"Polygon","coordinates":[[[-82.843053251194974,40.065120213726274],[-82.843053959982157,40.065112079143411],[-82.843063788699908,40.065112585415378],[-82.843069099324183,40.065051577859087],[-82.843064561920016,40.065051345237706],[-82.843069060490578,40.064999634352503],[-82.843081916466232,40.065000294796349],[-82.843086365151251,40.064949165849555],[-82.843069730362558,40.064948311098057],[-82.843076303060258,40.06487277930696],[-82.843090671476673,40.064873517290202],[-82.843094765171344,40.064826455634332],[-82.843085691555601,40.064825988588751],[-82.843086904937536,40.064812044493117],[-82.843080855081695,40.064811733431533],[-82.84309010856569,40.064705407331608],[-82.842879129626738,40.064694569097426],[-82.842870988322744,40.064788113169953],[-82.842858890961509,40.064787491017412],[-82.842851609226898,40.064871157381198],[-82.842858415316627,40.064871506775816],[-82.842845521160498,40.065019666028022],[-82.84285837713773,40.065020326496317],[-82.842850588410343,40.065109802369484],[-82.843053251194974,40.065120213726274]]]},"properties":{"PARCELID":"010-328439","OWNERNME1":"CLIFTON PARK BORROWER LLC","SITEADDRESS":"4096 CLIFTON PARK CIR EAST 6-105","RESYRBLT":2013,"RESFLRAREA_AG":666,"STATEDAREA":null,"ACRES":0.21436116,"SCHLDSCRP":"COLUMBUS CSD","CVTTXDSCRP":"CITY OF COLUMBUS","CLASSCD":"553","CLASSDSCRP":"CONDO 40+ RENTAL UNITS","SALEPRICE":null,"SALEDATE":null}},{"type":"Feature","geometry":{"type":"Polygon","coordinates":[[[-82.844066943629699,40.065352638454684],[-82.844067518499727,40.065346832336509],[-82.844143087534036,40.065351250117949],[-82.844144065390452,40.065341380164924],[-82.844193942523518,40.065344296175269],[-82.844200268306068,40.065280427059207],[-82.844211604058344,40.065281089130117],[-82.844213674716386,40.065260187098012],[-82.844203850318351,40.065259612463088],[-82.844209888067326,40.065198645955476],[-82.844154721879121,40.065195419419567],[-82.844155642833869,40.065186130526357],[-82.84397427453824,40.065175525455338],[-82.843973180512549,40.065186556634607],[-82.843828840985736,40.065178116997544],[-82.843829475119037,40.065171729812938],[-82.843711583727313,40.065164836452567],[-82.843711008833509,40.065170643470019],[-82.843639216639957,40.065166444923968],[-82.843638238714192,40.065176314873412],[-82.843596674748838,40.065173884068621],[-82.843582182376466,40.065320203611165],[-82.843635081019428,40.065323298352126],[-82.843634219244223,40.065332007074311],[-82.843803495867306,40.065341905040405],[-82.843804013858374,40.065336679983758],[-82.843810815550981,40.065337077969161],[-82.843811276636174,40.065332433072136],[-82.843952593772826,40.065340696951587],[-82.843952074620745,40.065345922012341],[-82.844066943629699,40.065352638454684]]]},"properties":{"PARCELID":"010-328535","OWNERNME1":"CLIFTON PARK BORROWER LLC","SITEADDRESS":"6543 CLIFTON PARK CIR NORTH 10-105","RESYRBLT":2013,"RESFLRAREA_AG":1000,"STATEDAREA":null,"ACRES":0.23293660999999999,"SCHLDSCRP":"COLUMBUS CSD","CVTTXDSCRP":"CITY OF COLUMBUS","CLASSCD":"553","CLASSDSCRP":"CONDO 40+ RENTAL UNITS","SALEPRICE":null,"SALEDATE":null}},{"type":"Feature","geometry":{"type":"Polygon","coordinates":[[[-82.844906445054875,40.065600930194861],[-82.845109258316668,40.065609426472236],[-82.845112065907315,40.065569888630058],[-82.845130226561977,40.065570648550803],[-82.845133693497331,40.065521806364721],[-82.845122341042043,40.065521330858068],[-82.845128861942442,40.065429462938958],[-82.845138698459365,40.065429875351093],[-82.845141958303799,40.065383940040796],[-82.845124552726446,40.065383211227157],[-82.845129132477652,40.065318669927791],[-82.845147294243347,40.065319430743109],[-82.845150802810295,40.065270008436265],[-82.845140965143784,40.065269596028564],[-82.845147276570017,40.065180634084697],[-82.845155601817922,40.065180982487313],[-82.845159231805553,40.065129816238674],[-82.845141826282827,40.065129085626346],[-82.845144510057267,40.065091291722062],[-82.845076399266432,40.065088438661235],[-82.845076812249374,40.065082624006486],[-82.845035946953118,40.065080912147742],[-82.845035535138905,40.065086726798889],[-82.844941695961495,40.065082795510719],[-82.844939096551258,40.06511942647419],[-82.844924717018927,40.065118824741639],[-82.84492268355018,40.065173097906914],[-82.844930415136119,40.065173336392107],[-82.844926796239207,40.065261189875102],[-82.844919942196071,40.065261107321632],[-82.84491787219342,40.065311570107575],[-82.844928385715633,40.065312356104997],[-82.844924966547666,40.065373426639098],[-82.844911988900833,40.065373066657095],[-82.844908394873841,40.065423724842844],[-82.844911420863653,40.065423851954371],[-82.844901558709196,40.065562818088878],[-82.844909125459324,40.065563136313017],[-82.844906445054875,40.065600930194861]]]},"properties":{"PARCELID":"010-328319","OWNERNME1":"CLIFTON PARK BORROWER LLC","SITEADDRESS":"4125 CLIFTON PARK CIR WEST 1-105","RESYRBLT":2013,"RESFLRAREA_AG":1015,"STATEDAREA":null,"ACRES":0.26555033,"SCHLDSCRP":"COLUMBUS CSD","CVTTXDSCRP":"CITY OF COLUMBUS","CLASSCD":"553","CLASSDSCRP":"CONDO 40+ RENTAL UNITS","SALEPRICE":null,"SALEDATE":null}},{"type":"Feature","geometry":{"type":"Polygon","coordinates":[[[-82.843040809482673,40.065673912070402],[-82.843041507812785,40.065664609428147],[-82.84304983086632,40.065664978700433],[-82.84305641340535,40.06557719589857],[-82.843066250042241,40.065577630999059],[-82.843071132493222,40.06551251972089],[-82.843080212910905,40.065512921903931],[-82.843083308444548,40.065471645993931],[-82.843065905001822,40.065470874540523],[-82.843071442941053,40.065397044336947],[-82.84308808897984,40.065397781976174],[-82.843090706231848,40.065362899993985],[-82.843078599814319,40.06536236344833],[-82.843083873665066,40.065292022076719],[-82.843074794443936,40.06529161898991],[-82.843076932267451,40.065263133641807],[-82.843082984288714,40.065263400567424],[-82.843087825037429,40.065198871196834],[-82.843003080341404,40.065195119851815],[-82.843003604969397,40.065188143091582],[-82.842977121233019,40.065186971237132],[-82.842976642951868,40.06519336516692],[-82.842872227446975,40.065188742603127],[-82.842865205755146,40.065282340129464],[-82.842859152552023,40.065282071394833],[-82.842854443626067,40.065344856786808],[-82.842840825964899,40.065344253477214],[-82.842836857053015,40.065397157010786],[-82.8428482060894,40.065397659766418],[-82.842843933765423,40.065454631341268],[-82.842826530338513,40.065453861653616],[-82.842823959301242,40.065488160798523],[-82.84283001134115,40.065488427737137],[-82.842828530112925,40.06550819505442],[-82.842838366738619,40.065508630174023],[-82.842833352022794,40.065575484509033],[-82.842845458471174,40.065576020179321],[-82.842838787643089,40.065664966814865],[-82.843040809482673,40.065673912070402]]]},"properties":{"PARCELID":"010-328463","OWNERNME1":"CLIFTON PARK BORROWER LLC","SITEADDRESS":"4122 CLIFTON PARK CIR EAST 7-105","RESYRBLT":2013,"RESFLRAREA_AG":1015,"STATEDAREA":null,"ACRES":0.25270252999999998,"SCHLDSCRP":"COLUMBUS CSD","CVTTXDSCRP":"CITY OF COLUMBUS","CLASSCD":"553","CLASSDSCRP":"CONDO 40+ RENTAL UNITS","SALEPRICE":null,"SALEDATE":null}},{"type":"Feature","geometry":{"type":"Polygon","coordinates":[[[-82.843920017310893,40.065681731007494],[-82.843920523719405,40.065674170701968],[-82.843976535077843,40.065676384389654],[-82.843986701270794,40.065524601766782],[-82.843934475704842,40.065522538214367],[-82.84393517516925,40.065512070172559],[-82.843861000004154,40.065509136888132],[-82.843860610364231,40.065514952369632],[-82.84375918637204,40.065510942360646],[-82.843759576020432,40.065505126879465],[-82.843674804754315,40.065501774165597],[-82.843674104078559,40.065512242209323],[-82.843590087837114,40.065508920549043],[-82.843590789702091,40.065498453402938],[-82.843520399057454,40.065495669147886],[-82.843520010561193,40.065501484624889],[-82.843422369931886,40.065497624475853],[-82.843422800098111,40.065491227083015],[-82.843339541258416,40.065487934551811],[-82.843338761895794,40.065499566412086],[-82.843291835587621,40.065497710444006],[-82.84328171693322,40.065651826346709],[-82.843327681984718,40.065653645500333],[-82.843327136188861,40.065661786811994],[-82.843396770786867,40.065664539169035],[-82.843397122320823,40.065659305595176],[-82.843516710486213,40.065664035549261],[-82.843516358961253,40.065669269123475],[-82.843579938141673,40.065671783298136],[-82.843580600689094,40.065661897161498],[-82.843664617115351,40.065665218828379],[-82.843663992723307,40.065674523059606],[-82.843729844022363,40.065677126874363],[-82.843730037090054,40.065674219139126],[-82.843920017310893,40.065681731007494]]]},"properties":{"PARCELID":"010-328487","OWNERNME1":"CLIFTON PARK BORROWER LLC","SITEADDRESS":"6554 CLIFTON PARK CIR NORTH 8-105","RESYRBLT":2013,"RESFLRAREA_AG":1015,"STATEDAREA":null,"ACRES":0.26800555999999998,"SCHLDSCRP":"COLUMBUS CSD","CVTTXDSCRP":"CITY OF COLUMBUS","CLASSCD":"553","CLASSDSCRP":"CONDO 40+ RENTAL UNITS","SALEPRICE":null,"SALEDATE":null}},{"type":"Feature","geometry":{"type":"Polygon","coordinates":[[[-82.844590781272316,40.065708049857705],[-82.844590597617852,40.065710957566779],[-82.844659485868675,40.065713518633608],[-82.84466014653114,40.065703047999911],[-82.844713892241231,40.065705047331114],[-82.844723450693849,40.065553240306315],[-82.844674245751037,40.065551411387169],[-82.844675013790479,40.065539196855831],[-82.844603098626379,40.065536524892757],[-82.844602695528152,40.065542922210732],[-82.84449292996419,40.065538842729453],[-82.844493333063525,40.065532443610621],[-82.844418388474992,40.065529658832162],[-82.844417656183253,40.065541291462601],[-82.844340441850107,40.065538421423895],[-82.844341137184784,40.065527369796037],[-82.844268463508556,40.065524668329317],[-82.844268135488463,40.06552990273795],[-82.844156096719828,40.065525739540099],[-82.844156499850186,40.065519340422419],[-82.844077772008006,40.065516414302444],[-82.844077039659282,40.065528046930794],[-82.844040702820777,40.065526695220811],[-82.844031107081861,40.065679084090789],[-82.844078798545908,40.065680856468845],[-82.844078321467336,40.065688418490453],[-82.844333433770387,40.065697900449116],[-82.844333873864485,40.065690922130365],[-82.844412604259787,40.065693848071753],[-82.844412126040879,40.065701409197516],[-82.844590781272316,40.065708049857705]]]},"properties":{"PARCELID":"010-328511","OWNERNME1":"CLIFTON PARK BORROWER LLC","SITEADDRESS":"6524 CLIFTON PARK CIR NORTH 9-105","RESYRBLT":2013,"RESFLRAREA_AG":1015,"STATEDAREA":null,"ACRES":0.26411983,"SCHLDSCRP":"COLUMBUS CSD","CVTTXDSCRP":"CITY OF COLUMBUS","CLASSCD":"553","CLASSDSCRP":"CONDO 40+ RENTAL UNITS","SALEPRICE":null,"SALEDATE":null}},{"type":"Feature","geometry":{"type":"Polygon","coordinates":[[[-82.843722527855405,40.064375019238618],[-82.843794421198069,40.06437803223281],[-82.843794833112085,40.06437221758447],[-82.843871265943136,40.064375418988725],[-82.843871802831742,40.06436786039167],[-82.844011044158961,40.064373695020095],[-82.844021528120265,40.064226008267234],[-82.843887582767522,40.064220395916301],[-82.843888242284777,40.06421109247642],[-82.843739161442798,40.064204845183781],[-82.843738584050271,40.064212984793215],[-82.843668961800503,40.064210067793461],[-82.843669663005954,40.064200182438292],[-82.843583394044288,40.064196568361005],[-82.843583021424578,40.064201800198802],[-82.843496752465413,40.064198186057936],[-82.843496184594855,40.064206123901386],[-82.843382462027563,40.064201871228256],[-82.843376663561969,40.064349444263613],[-82.843488718261582,40.064354141315803],[-82.84348830514989,40.064359955966559],[-82.843574575481881,40.064363570110032],[-82.843574120713015,40.064369965776869],[-82.843637690068277,40.064372629448229],[-82.843638473435277,40.064361582065551],[-82.843723229054859,40.064365133883747],[-82.843722527855405,40.064375019238618]]]},"properties":{"PARCELID":"010-328392","OWNERNME1":"CLIFTON PARK BORROWER LLC","SITEADDRESS":"6549 CLIFTON PARK CIR SOUTH 4-106","RESYRBLT":2013,"RESFLRAREA_AG":1015,"STATEDAREA":null,"ACRES":0.23570764,"SCHLDSCRP":"COLUMBUS CSD","CVTTXDSCRP":"CITY OF COLUMBUS","CLASSCD":"553","CLASSDSCRP":"CONDO 40+ RENTAL UNITS","SALEPRICE":null,"SALEDATE":null}},{"type":"Feature","geometry":{"type":"Polygon","coordinates":[[[-82.844451409310039,40.064403912127368],[-82.844518748762766,40.064406892995244],[-82.84451918406333,40.064401079176278],[-82.844601656921938,40.064404728915477],[-82.844602223038947,40.064397171129805],[-82.844732363567175,40.064402931621458],[-82.844743521360897,40.064254107154305],[-82.844614895858228,40.064248414281813],[-82.844615505972271,40.064240275472578],[-82.844465692843755,40.064233643985823],[-82.844465126713231,40.064241201771289],[-82.84439097693226,40.064237918411756],[-82.844391719072974,40.064228035633981],[-82.844311516210951,40.064224487170627],[-82.844311036891753,40.064230882012218],[-82.844218727793418,40.064226795264197],[-82.844218205639152,40.064233772025531],[-82.844113035294626,40.064229116752884],[-82.844101920152212,40.064377359238101],[-82.844215413626557,40.064382383710324],[-82.844214933120824,40.064388777653981],[-82.84430875484037,40.064392932022677],[-82.844308362343597,40.064398163020158],[-82.844370406032183,40.064400910018826],[-82.844371235000366,40.064389863398048],[-82.844452193100935,40.064393448333703],[-82.844451409310039,40.064403912127368]]]},"properties":{"PARCELID":"010-328368","OWNERNME1":"CLIFTON PARK BORROWER LLC","SITEADDRESS":"6519 CLIFTON PARK CIR SOUTH 3-106","RESYRBLT":2013,"RESFLRAREA_AG":1015,"STATEDAREA":null,"ACRES":0.23410328999999999,"SCHLDSCRP":"COLUMBUS CSD","CVTTXDSCRP":"CITY OF COLUMBUS","CLASSCD":"553","CLASSDSCRP":"CONDO 40+ RENTAL UNITS","SALEPRICE":null,"SALEDATE":null}},{"type":"Feature","geometry":{"type":"Polygon","coordinates":[[[-82.843106315082338,40.064637687223687],[-82.843106991034162,40.064629551834209],[-82.843118337865448,40.064630107706009],[-82.843125717545391,40.064541193171785],[-82.843131011084751,40.064541452402615],[-82.843136607593536,40.064474042453149],[-82.843147195838725,40.064474561810727],[-82.843150332051863,40.064436788239242],[-82.843132936672006,40.064435935717682],[-82.843139160401705,40.064360968709352],[-82.843158824418012,40.064361932585669],[-82.843162008143679,40.064323577078831],[-82.843144611624396,40.064322725463036],[-82.843150159392806,40.064255894742331],[-82.843141839832654,40.064255486740947],[-82.843144251399295,40.064226430494273],[-82.843152573300259,40.064226838488615],[-82.843157830031714,40.064163495780484],[-82.842932441373492,40.064152450250205],[-82.842929642445952,40.064186154775861],[-82.842934179748568,40.06418637839657],[-82.84292950020307,40.06424274778022],[-82.842923450468817,40.064242451120037],[-82.842918384811256,40.064303469681477],[-82.842910821465836,40.064303099084093],[-82.842906238131221,40.064358307296096],[-82.842917583744423,40.064358863190741],[-82.842912469370503,40.064420462785371],[-82.84289885626275,40.064419795526149],[-82.842894514076562,40.064472097661039],[-82.842905102315186,40.064472616139838],[-82.842899699220993,40.064537701937418],[-82.842917095800061,40.064538555390662],[-82.842909667141285,40.064628049146734],[-82.843106315082338,40.064637687223687]]]},"properties":{"PARCELID":"010-328416","OWNERNME1":"CLIFTON PARK BORROWER LLC","SITEADDRESS":"4070 CLIFTON PARK CIR EAST 5-106","RESYRBLT":2013,"RESFLRAREA_AG":1015,"STATEDAREA":null,"ACRES":0.25226294999999999,"SCHLDSCRP":"COLUMBUS CSD","CVTTXDSCRP":"CITY OF COLUMBUS","CLASSCD":"553","CLASSDSCRP":"CONDO 40+ RENTAL UNITS","SALEPRICE":null,"SALEDATE":null}},{"type":"Feature","geometry":{"type":"Polygon","coordinates":[[[-82.84401214002888,40.064728032648212],[-82.844183978905633,40.064734420989396],[-82.844184674261626,40.064723370259678],[-82.844239178881836,40.064725395502798],[-82.844243207777268,40.064661416918135],[-82.844250776582669,40.064661697352832],[-82.844251948984351,40.064643085497735],[-82.844244380172043,40.064642803261911],[-82.844248407885772,40.06457882467857],[-82.844206772442575,40.06457727599733],[-82.844207248331841,40.064569714876043],[-82.844124737167817,40.064566648567784],[-82.844124992428192,40.064562577059299],[-82.844017499312116,40.064558580544023],[-82.844016987606636,40.064566723563956],[-82.843870129942033,40.064561263366365],[-82.843870604700214,40.064553703150416],[-82.843681355492933,40.06454666729455],[-82.843680697033548,40.064557137019925],[-82.843636034570125,40.064555476306886],[-82.843626804275601,40.064702047084353],[-82.843678278298356,40.064703961667497],[-82.843677545891225,40.064715594296956],[-82.843860740270742,40.064722404710984],[-82.843861216194256,40.06471484269094],[-82.844012615944862,40.06472047242876],[-82.84401214002888,40.064728032648212]]]},"properties":{"PARCELID":"010-328560","OWNERNME1":"CLIFTON PARK BORROWER LLC","SITEADDRESS":"6540 CLIFTON PARK CIR SOUTH 11-106","RESYRBLT":2013,"RESFLRAREA_AG":1000,"STATEDAREA":null,"ACRES":0.23188215000000001,"SCHLDSCRP":"COLUMBUS CSD","CVTTXDSCRP":"CITY OF COLUMBUS","CLASSCD":"553","CLASSDSCRP":"CONDO 40+ RENTAL UNITS","SALEPRICE":null,"SALEDATE":null}},{"type":"Feature","geometry":{"type":"Polygon","coordinates":[[[-82.844956996828401,40.064898576605422],[-82.845159220480355,40.064904182662296],[-82.84516094049664,40.064867520950742],[-82.845179119617328,40.064868024135265],[-82.845181549686671,40.064816231877103],[-82.845173219208689,40.06481600147179],[-82.845177346396767,40.064728130261443],[-82.845188706125555,40.064728444531831],[-82.84519097421402,40.064680143514117],[-82.845174310946447,40.064679682711116],[-82.845177373021713,40.064614505515557],[-82.845195549736445,40.064615009605042],[-82.845197870629235,40.06456554394012],[-82.845190297500451,40.064565335628018],[-82.84519445222827,40.064476881632416],[-82.845206569229703,40.064477217092538],[-82.845208947615532,40.064426587666567],[-82.845192283236599,40.064426126869499],[-82.845194142299334,40.064386555768934],[-82.844991162845176,40.064380929478901],[-82.844989467989436,40.064417009326],[-82.844973562090402,40.064416567886042],[-82.844971075542389,40.064469523902474],[-82.844977135209575,40.064469690740168],[-82.844973064129675,40.0645563999987],[-82.844963974020317,40.064556147491949],[-82.844961542625541,40.06460793975414],[-82.844975175455474,40.064608318521181],[-82.844972307432627,40.064669420778003],[-82.844961703853599,40.064669126782505],[-82.844955091000131,40.064809954893619],[-82.844948273977081,40.064809765060566],[-82.844945951721542,40.064859229818815],[-82.844958826110826,40.064859587398082],[-82.844956996828401,40.064898576605422]]]},"properties":{"PARCELID":"010-328344","OWNERNME1":"CLIFTON PARK BORROWER LLC","SITEADDRESS":"4091 CLIFTON PARK CIR WEST 2-106","RESYRBLT":2013,"RESFLRAREA_AG":1015,"STATEDAREA":null,"ACRES":0.26667436999999999,"SCHLDSCRP":"COLUMBUS CSD","CVTTXDSCRP":"CITY OF COLUMBUS","CLASSCD":"553","CLASSDSCRP":"CONDO 40+ RENTAL UNITS","SALEPRICE":null,"SALEDATE":null}},{"type":"Feature","geometry":{"type":"Polygon","coordinates":[[[-82.843053251194974,40.065120213726274],[-82.843053959982157,40.065112079143411],[-82.843063788699908,40.065112585415378],[-82.843069099324183,40.065051577859087],[-82.843064561920016,40.065051345237706],[-82.843069060490578,40.064999634352503],[-82.843081916466232,40.065000294796349],[-82.843086365151251,40.064949165849555],[-82.843069730362558,40.064948311098057],[-82.843076303060258,40.06487277930696],[-82.843090671476673,40.064873517290202],[-82.843094765171344,40.064826455634332],[-82.843085691555601,40.064825988588751],[-82.843086904937536,40.064812044493117],[-82.843080855081695,40.064811733431533],[-82.84309010856569,40.064705407331608],[-82.842879129626738,40.064694569097426],[-82.842870988322744,40.064788113169953],[-82.842858890961509,40.064787491017412],[-82.842851609226898,40.064871157381198],[-82.842858415316627,40.064871506775816],[-82.842845521160498,40.065019666028022],[-82.84285837713773,40.065020326496317],[-82.842850588410343,40.065109802369484],[-82.843053251194974,40.065120213726274]]]},"properties":{"PARCELID":"010-328440","OWNERNME1":"CLIFTON PARK BORROWER LLC","SITEADDRESS":"4096 CLIFTON PARK CIR EAST 6-106","RESYRBLT":2013,"RESFLRAREA_AG":666,"STATEDAREA":null,"ACRES":0.21436116,"SCHLDSCRP":"COLUMBUS CSD","CVTTXDSCRP":"CITY OF COLUMBUS","CLASSCD":"553","CLASSDSCRP":"CONDO 40+ RENTAL UNITS","SALEPRICE":null,"SALEDATE":null}},{"type":"Feature","geometry":{"type":"Polygon","coordinates":[[[-82.844066943629699,40.065352638454684],[-82.844067518499727,40.065346832336509],[-82.844143087534036,40.065351250117949],[-82.844144065390452,40.065341380164924],[-82.844193942523518,40.065344296175269],[-82.844200268306068,40.065280427059207],[-82.844211604058344,40.065281089130117],[-82.844213674716386,40.065260187098012],[-82.844203850318351,40.065259612463088],[-82.844209888067326,40.065198645955476],[-82.844154721879121,40.065195419419567],[-82.844155642833869,40.065186130526357],[-82.84397427453824,40.065175525455338],[-82.843973180512549,40.065186556634607],[-82.843828840985736,40.065178116997544],[-82.843829475119037,40.065171729812938],[-82.843711583727313,40.065164836452567],[-82.843711008833509,40.065170643470019],[-82.843639216639957,40.065166444923968],[-82.843638238714192,40.065176314873412],[-82.843596674748838,40.065173884068621],[-82.843582182376466,40.065320203611165],[-82.843635081019428,40.065323298352126],[-82.843634219244223,40.065332007074311],[-82.843803495867306,40.065341905040405],[-82.843804013858374,40.065336679983758],[-82.843810815550981,40.065337077969161],[-82.843811276636174,40.065332433072136],[-82.843952593772826,40.065340696951587],[-82.843952074620745,40.065345922012341],[-82.844066943629699,40.065352638454684]]]},"properties":{"PARCELID":"010-328536","OWNERNME1":"CLIFTON PARK BORROWER LLC","SITEADDRESS":"6543 CLIFTON PARK CIR NORTH 10-106","RESYRBLT":2013,"RESFLRAREA_AG":1000,"STATEDAREA":null,"ACRES":0.23293660999999999,"SCHLDSCRP":"COLUMBUS CSD","CVTTXDSCRP":"CITY OF COLUMBUS","CLASSCD":"553","CLASSDSCRP":"CONDO 40+ RENTAL UNITS","SALEPRICE":null,"SALEDATE":null}},{"type":"Feature","geometry":{"type":"Polygon","coordinates":[[[-82.844906445054875,40.065600930194861],[-82.845109258316668,40.065609426472236],[-82.845112065907315,40.065569888630058],[-82.845130226561977,40.065570648550803],[-82.845133693497331,40.065521806364721],[-82.845122341042043,40.065521330858068],[-82.845128861942442,40.065429462938958],[-82.845138698459365,40.065429875351093],[-82.845141958303799,40.065383940040796],[-82.845124552726446,40.065383211227157],[-82.845129132477652,40.065318669927791],[-82.845147294243347,40.065319430743109],[-82.845150802810295,40.065270008436265],[-82.845140965143784,40.065269596028564],[-82.845147276570017,40.065180634084697],[-82.845155601817922,40.065180982487313],[-82.845159231805553,40.065129816238674],[-82.845141826282827,40.065129085626346],[-82.845144510057267,40.065091291722062],[-82.845076399266432,40.065088438661235],[-82.845076812249374,40.065082624006486],[-82.845035946953118,40.065080912147742],[-82.845035535138905,40.065086726798889],[-82.844941695961495,40.065082795510719],[-82.844939096551258,40.06511942647419],[-82.844924717018927,40.065118824741639],[-82.84492268355018,40.065173097906914],[-82.844930415136119,40.065173336392107],[-82.844926796239207,40.065261189875102],[-82.844919942196071,40.065261107321632],[-82.84491787219342,40.065311570107575],[-82.844928385715633,40.065312356104997],[-82.844924966547666,40.065373426639098],[-82.844911988900833,40.065373066657095],[-82.844908394873841,40.065423724842844],[-82.844911420863653,40.065423851954371],[-82.844901558709196,40.065562818088878],[-82.844909125459324,40.065563136313017],[-82.844906445054875,40.065600930194861]]]},"properties":{"PARCELID":"010-328320","OWNERNME1":"CLIFTON PARK BORROWER LLC","SITEADDRESS":"4125 CLIFTON PARK CIR WEST 1-106","RESYRBLT":2013,"RESFLRAREA_AG":1015,"STATEDAREA":null,"ACRES":0.26555033,"SCHLDSCRP":"COLUMBUS CSD","CVTTXDSCRP":"CITY OF COLUMBUS","CLASSCD":"553","CLASSDSCRP":"CONDO 40+ RENTAL UNITS","SALEPRICE":null,"SALEDATE":null}},{"type":"Feature","geometry":{"type":"Polygon","coordinates":[[[-82.843040809482673,40.065673912070402],[-82.843041507812785,40.065664609428147],[-82.84304983086632,40.065664978700433],[-82.84305641340535,40.06557719589857],[-82.843066250042241,40.065577630999059],[-82.843071132493222,40.06551251972089],[-82.843080212910905,40.065512921903931],[-82.843083308444548,40.065471645993931],[-82.843065905001822,40.065470874540523],[-82.843071442941053,40.065397044336947],[-82.84308808897984,40.065397781976174],[-82.843090706231848,40.065362899993985],[-82.843078599814319,40.06536236344833],[-82.843083873665066,40.065292022076719],[-82.843074794443936,40.06529161898991],[-82.843076932267451,40.065263133641807],[-82.843082984288714,40.065263400567424],[-82.843087825037429,40.065198871196834],[-82.843003080341404,40.065195119851815],[-82.843003604969397,40.065188143091582],[-82.842977121233019,40.065186971237132],[-82.842976642951868,40.06519336516692],[-82.842872227446975,40.065188742603127],[-82.842865205755146,40.065282340129464],[-82.842859152552023,40.065282071394833],[-82.842854443626067,40.065344856786808],[-82.842840825964899,40.065344253477214],[-82.842836857053015,40.065397157010786],[-82.8428482060894,40.065397659766418],[-82.842843933765423,40.065454631341268],[-82.842826530338513,40.065453861653616],[-82.842823959301242,40.065488160798523],[-82.84283001134115,40.065488427737137],[-82.842828530112925,40.06550819505442],[-82.842838366738619,40.065508630174023],[-82.842833352022794,40.065575484509033],[-82.842845458471174,40.065576020179321],[-82.842838787643089,40.065664966814865],[-82.843040809482673,40.065673912070402]]]},"properties":{"PARCELID":"010-328464","OWNERNME1":"CLIFTON PARK BORROWER LLC","SITEADDRESS":"4122 CLIFTON PARK CIR EAST 7-106","RESYRBLT":2013,"RESFLRAREA_AG":1015,"STATEDAREA":null,"ACRES":0.25270252999999998,"SCHLDSCRP":"COLUMBUS CSD","CVTTXDSCRP":"CITY OF COLUMBUS","CLASSCD":"553","CLASSDSCRP":"CONDO 40+ RENTAL UNITS","SALEPRICE":null,"SALEDATE":null}},{"type":"Feature","geometry":{"type":"Polygon","coordinates":[[[-82.843920017310893,40.065681731007494],[-82.843920523719405,40.065674170701968],[-82.843976535077843,40.065676384389654],[-82.843986701270794,40.065524601766782],[-82.843934475704842,40.065522538214367],[-82.84393517516925,40.065512070172559],[-82.843861000004154,40.065509136888132],[-82.843860610364231,40.065514952369632],[-82.84375918637204,40.065510942360646],[-82.843759576020432,40.065505126879465],[-82.843674804754315,40.065501774165597],[-82.843674104078559,40.065512242209323],[-82.843590087837114,40.065508920549043],[-82.843590789702091,40.065498453402938],[-82.843520399057454,40.065495669147886],[-82.843520010561193,40.065501484624889],[-82.843422369931886,40.065497624475853],[-82.843422800098111,40.065491227083015],[-82.843339541258416,40.065487934551811],[-82.843338761895794,40.065499566412086],[-82.843291835587621,40.065497710444006],[-82.84328171693322,40.065651826346709],[-82.843327681984718,40.065653645500333],[-82.843327136188861,40.065661786811994],[-82.843396770786867,40.065664539169035],[-82.843397122320823,40.065659305595176],[-82.843516710486213,40.065664035549261],[-82.843516358961253,40.065669269123475],[-82.843579938141673,40.065671783298136],[-82.843580600689094,40.065661897161498],[-82.843664617115351,40.065665218828379],[-82.843663992723307,40.065674523059606],[-82.843729844022363,40.065677126874363],[-82.843730037090054,40.065674219139126],[-82.843920017310893,40.065681731007494]]]},"properties":{"PARCELID":"010-328488","OWNERNME1":"CLIFTON PARK BORROWER LLC","SITEADDRESS":"6554 CLIFTON PARK CIR NORTH 8-106","RESYRBLT":2013,"RESFLRAREA_AG":1015,"STATEDAREA":null,"ACRES":0.26800555999999998,"SCHLDSCRP":"COLUMBUS CSD","CVTTXDSCRP":"CITY OF COLUMBUS","CLASSCD":"553","CLASSDSCRP":"CONDO 40+ RENTAL UNITS","SALEPRICE":null,"SALEDATE":null}},{"type":"Feature","geometry":{"type":"Polygon","coordinates":[[[-82.844590781272316,40.065708049857705],[-82.844590597617852,40.065710957566779],[-82.844659485868675,40.065713518633608],[-82.84466014653114,40.065703047999911],[-82.844713892241231,40.065705047331114],[-82.844723450693849,40.065553240306315],[-82.844674245751037,40.065551411387169],[-82.844675013790479,40.065539196855831],[-82.844603098626379,40.065536524892757],[-82.844602695528152,40.065542922210732],[-82.84449292996419,40.065538842729453],[-82.844493333063525,40.065532443610621],[-82.844418388474992,40.065529658832162],[-82.844417656183253,40.065541291462601],[-82.844340441850107,40.065538421423895],[-82.844341137184784,40.065527369796037],[-82.844268463508556,40.065524668329317],[-82.844268135488463,40.06552990273795],[-82.844156096719828,40.065525739540099],[-82.844156499850186,40.065519340422419],[-82.844077772008006,40.065516414302444],[-82.844077039659282,40.065528046930794],[-82.844040702820777,40.065526695220811],[-82.844031107081861,40.065679084090789],[-82.844078798545908,40.065680856468845],[-82.844078321467336,40.065688418490453],[-82.844333433770387,40.065697900449116],[-82.844333873864485,40.065690922130365],[-82.844412604259787,40.065693848071753],[-82.844412126040879,40.065701409197516],[-82.844590781272316,40.065708049857705]]]},"properties":{"PARCELID":"010-328512","OWNERNME1":"CLIFTON PARK BORROWER LLC","SITEADDRESS":"6524 CLIFTON PARK CIR NORTH 9-106","RESYRBLT":2013,"RESFLRAREA_AG":1015,"STATEDAREA":null,"ACRES":0.26411983,"SCHLDSCRP":"COLUMBUS CSD","CVTTXDSCRP":"CITY OF COLUMBUS","CLASSCD":"553","CLASSDSCRP":"CONDO 40+ RENTAL UNITS","SALEPRICE":null,"SALEDATE":null}},{"type":"Feature","geometry":{"type":"Polygon","coordinates":[[[-82.843722527855405,40.064375019238618],[-82.843794421198069,40.06437803223281],[-82.843794833112085,40.06437221758447],[-82.843871265943136,40.064375418988725],[-82.843871802831742,40.06436786039167],[-82.844011044158961,40.064373695020095],[-82.844021528120265,40.064226008267234],[-82.843887582767522,40.064220395916301],[-82.843888242284777,40.06421109247642],[-82.843739161442798,40.064204845183781],[-82.843738584050271,40.064212984793215],[-82.843668961800503,40.064210067793461],[-82.843669663005954,40.064200182438292],[-82.843583394044288,40.064196568361005],[-82.843583021424578,40.064201800198802],[-82.843496752465413,40.064198186057936],[-82.843496184594855,40.064206123901386],[-82.843382462027563,40.064201871228256],[-82.843376663561969,40.064349444263613],[-82.843488718261582,40.064354141315803],[-82.84348830514989,40.064359955966559],[-82.843574575481881,40.064363570110032],[-82.843574120713015,40.064369965776869],[-82.843637690068277,40.064372629448229],[-82.843638473435277,40.064361582065551],[-82.843723229054859,40.064365133883747],[-82.843722527855405,40.064375019238618]]]},"properties":{"PARCELID":"010-328393","OWNERNME1":"CLIFTON PARK BORROWER LLC","SITEADDRESS":"6549 CLIFTON PARK CIR SOUTH 4-107","RESYRBLT":2013,"RESFLRAREA_AG":748,"STATEDAREA":null,"ACRES":0.23570764,"SCHLDSCRP":"COLUMBUS CSD","CVTTXDSCRP":"CITY OF COLUMBUS","CLASSCD":"553","CLASSDSCRP":"CONDO 40+ RENTAL UNITS","SALEPRICE":null,"SALEDATE":null}},{"type":"Feature","geometry":{"type":"Polygon","coordinates":[[[-82.844451409310039,40.064403912127368],[-82.844518748762766,40.064406892995244],[-82.84451918406333,40.064401079176278],[-82.844601656921938,40.064404728915477],[-82.844602223038947,40.064397171129805],[-82.844732363567175,40.064402931621458],[-82.844743521360897,40.064254107154305],[-82.844614895858228,40.064248414281813],[-82.844615505972271,40.064240275472578],[-82.844465692843755,40.064233643985823],[-82.844465126713231,40.064241201771289],[-82.84439097693226,40.064237918411756],[-82.844391719072974,40.064228035633981],[-82.844311516210951,40.064224487170627],[-82.844311036891753,40.064230882012218],[-82.844218727793418,40.064226795264197],[-82.844218205639152,40.064233772025531],[-82.844113035294626,40.064229116752884],[-82.844101920152212,40.064377359238101],[-82.844215413626557,40.064382383710324],[-82.844214933120824,40.064388777653981],[-82.84430875484037,40.064392932022677],[-82.844308362343597,40.064398163020158],[-82.844370406032183,40.064400910018826],[-82.844371235000366,40.064389863398048],[-82.844452193100935,40.064393448333703],[-82.844451409310039,40.064403912127368]]]},"properties":{"PARCELID":"010-328369","OWNERNME1":"CLIFTON PARK BORROWER LLC","SITEADDRESS":"6519 CLIFTON PARK CIR SOUTH 3-107","RESYRBLT":2013,"RESFLRAREA_AG":748,"STATEDAREA":null,"ACRES":0.23410328999999999,"SCHLDSCRP":"COLUMBUS CSD","CVTTXDSCRP":"CITY OF COLUMBUS","CLASSCD":"553","CLASSDSCRP":"CONDO 40+ RENTAL UNITS","SALEPRICE":null,"SALEDATE":null}},{"type":"Feature","geometry":{"type":"Polygon","coordinates":[[[-82.843106315082338,40.064637687223687],[-82.843106991034162,40.064629551834209],[-82.843118337865448,40.064630107706009],[-82.843125717545391,40.064541193171785],[-82.843131011084751,40.064541452402615],[-82.843136607593536,40.064474042453149],[-82.843147195838725,40.064474561810727],[-82.843150332051863,40.064436788239242],[-82.843132936672006,40.064435935717682],[-82.843139160401705,40.064360968709352],[-82.843158824418012,40.064361932585669],[-82.843162008143679,40.064323577078831],[-82.843144611624396,40.064322725463036],[-82.843150159392806,40.064255894742331],[-82.843141839832654,40.064255486740947],[-82.843144251399295,40.064226430494273],[-82.843152573300259,40.064226838488615],[-82.843157830031714,40.064163495780484],[-82.842932441373492,40.064152450250205],[-82.842929642445952,40.064186154775861],[-82.842934179748568,40.06418637839657],[-82.84292950020307,40.06424274778022],[-82.842923450468817,40.064242451120037],[-82.842918384811256,40.064303469681477],[-82.842910821465836,40.064303099084093],[-82.842906238131221,40.064358307296096],[-82.842917583744423,40.064358863190741],[-82.842912469370503,40.064420462785371],[-82.84289885626275,40.064419795526149],[-82.842894514076562,40.064472097661039],[-82.842905102315186,40.064472616139838],[-82.842899699220993,40.064537701937418],[-82.842917095800061,40.064538555390662],[-82.842909667141285,40.064628049146734],[-82.843106315082338,40.064637687223687]]]},"properties":{"PARCELID":"010-328417","OWNERNME1":"CLIFTON PARK BORROWER LLC","SITEADDRESS":"4070 CLIFTON PARK CIR EAST 5-107","RESYRBLT":2013,"RESFLRAREA_AG":748,"STATEDAREA":null,"ACRES":0.25226294999999999,"SCHLDSCRP":"COLUMBUS CSD","CVTTXDSCRP":"CITY OF COLUMBUS","CLASSCD":"553","CLASSDSCRP":"CONDO 40+ RENTAL UNITS","SALEPRICE":null,"SALEDATE":null}},{"type":"Feature","geometry":{"type":"Polygon","coordinates":[[[-82.84401214002888,40.064728032648212],[-82.844183978905633,40.064734420989396],[-82.844184674261626,40.064723370259678],[-82.844239178881836,40.064725395502798],[-82.844243207777268,40.064661416918135],[-82.844250776582669,40.064661697352832],[-82.844251948984351,40.064643085497735],[-82.844244380172043,40.064642803261911],[-82.844248407885772,40.06457882467857],[-82.844206772442575,40.06457727599733],[-82.844207248331841,40.064569714876043],[-82.844124737167817,40.064566648567784],[-82.844124992428192,40.064562577059299],[-82.844017499312116,40.064558580544023],[-82.844016987606636,40.064566723563956],[-82.843870129942033,40.064561263366365],[-82.843870604700214,40.064553703150416],[-82.843681355492933,40.06454666729455],[-82.843680697033548,40.064557137019925],[-82.843636034570125,40.064555476306886],[-82.843626804275601,40.064702047084353],[-82.843678278298356,40.064703961667497],[-82.843677545891225,40.064715594296956],[-82.843860740270742,40.064722404710984],[-82.843861216194256,40.06471484269094],[-82.844012615944862,40.06472047242876],[-82.84401214002888,40.064728032648212]]]},"properties":{"PARCELID":"010-328561","OWNERNME1":"CLIFTON PARK BORROWER LLC","SITEADDRESS":"6540 CLIFTON PARK CIR SOUTH 11-107","RESYRBLT":2013,"RESFLRAREA_AG":666,"STATEDAREA":null,"ACRES":0.23188215000000001,"SCHLDSCRP":"COLUMBUS CSD","CVTTXDSCRP":"CITY OF COLUMBUS","CLASSCD":"553","CLASSDSCRP":"CONDO 40+ RENTAL UNITS","SALEPRICE":null,"SALEDATE":null}},{"type":"Feature","geometry":{"type":"Polygon","coordinates":[[[-82.844956996828401,40.064898576605422],[-82.845159220480355,40.064904182662296],[-82.84516094049664,40.064867520950742],[-82.845179119617328,40.064868024135265],[-82.845181549686671,40.064816231877103],[-82.845173219208689,40.06481600147179],[-82.845177346396767,40.064728130261443],[-82.845188706125555,40.064728444531831],[-82.84519097421402,40.064680143514117],[-82.845174310946447,40.064679682711116],[-82.845177373021713,40.064614505515557],[-82.845195549736445,40.064615009605042],[-82.845197870629235,40.06456554394012],[-82.845190297500451,40.064565335628018],[-82.84519445222827,40.064476881632416],[-82.845206569229703,40.064477217092538],[-82.845208947615532,40.064426587666567],[-82.845192283236599,40.064426126869499],[-82.845194142299334,40.064386555768934],[-82.844991162845176,40.064380929478901],[-82.844989467989436,40.064417009326],[-82.844973562090402,40.064416567886042],[-82.844971075542389,40.064469523902474],[-82.844977135209575,40.064469690740168],[-82.844973064129675,40.0645563999987],[-82.844963974020317,40.064556147491949],[-82.844961542625541,40.06460793975414],[-82.844975175455474,40.064608318521181],[-82.844972307432627,40.064669420778003],[-82.844961703853599,40.064669126782505],[-82.844955091000131,40.064809954893619],[-82.844948273977081,40.064809765060566],[-82.844945951721542,40.064859229818815],[-82.844958826110826,40.064859587398082],[-82.844956996828401,40.064898576605422]]]},"properties":{"PARCELID":"010-328345","OWNERNME1":"CLIFTON PARK BORROWER LLC","SITEADDRESS":"4091 CLIFTON PARK CIR WEST 2-107","RESYRBLT":2013,"RESFLRAREA_AG":1015,"STATEDAREA":null,"ACRES":0.26667436999999999,"SCHLDSCRP":"COLUMBUS CSD","CVTTXDSCRP":"CITY OF COLUMBUS","CLASSCD":"553","CLASSDSCRP":"CONDO 40+ RENTAL UNITS","SALEPRICE":null,"SALEDATE":null}},{"type":"Feature","geometry":{"type":"Polygon","coordinates":[[[-82.843053251194974,40.065120213726274],[-82.843053959982157,40.065112079143411],[-82.843063788699908,40.065112585415378],[-82.843069099324183,40.065051577859087],[-82.843064561920016,40.065051345237706],[-82.843069060490578,40.064999634352503],[-82.843081916466232,40.065000294796349],[-82.843086365151251,40.064949165849555],[-82.843069730362558,40.064948311098057],[-82.843076303060258,40.06487277930696],[-82.843090671476673,40.064873517290202],[-82.843094765171344,40.064826455634332],[-82.843085691555601,40.064825988588751],[-82.843086904937536,40.064812044493117],[-82.843080855081695,40.064811733431533],[-82.84309010856569,40.064705407331608],[-82.842879129626738,40.064694569097426],[-82.842870988322744,40.064788113169953],[-82.842858890961509,40.064787491017412],[-82.842851609226898,40.064871157381198],[-82.842858415316627,40.064871506775816],[-82.842845521160498,40.065019666028022],[-82.84285837713773,40.065020326496317],[-82.842850588410343,40.065109802369484],[-82.843053251194974,40.065120213726274]]]},"properties":{"PARCELID":"010-328441","OWNERNME1":"CLIFTON PARK BORROWER LLC","SITEADDRESS":"4096 CLIFTON PARK CIR EAST 6-107","RESYRBLT":2013,"RESFLRAREA_AG":748,"STATEDAREA":null,"ACRES":0.21436116,"SCHLDSCRP":"COLUMBUS CSD","CVTTXDSCRP":"CITY OF COLUMBUS","CLASSCD":"553","CLASSDSCRP":"CONDO 40+ RENTAL UNITS","SALEPRICE":null,"SALEDATE":null}},{"type":"Feature","geometry":{"type":"Polygon","coordinates":[[[-82.844066943629699,40.065352638454684],[-82.844067518499727,40.065346832336509],[-82.844143087534036,40.065351250117949],[-82.844144065390452,40.065341380164924],[-82.844193942523518,40.065344296175269],[-82.844200268306068,40.065280427059207],[-82.844211604058344,40.065281089130117],[-82.844213674716386,40.065260187098012],[-82.844203850318351,40.065259612463088],[-82.844209888067326,40.065198645955476],[-82.844154721879121,40.065195419419567],[-82.844155642833869,40.065186130526357],[-82.84397427453824,40.065175525455338],[-82.843973180512549,40.065186556634607],[-82.843828840985736,40.065178116997544],[-82.843829475119037,40.065171729812938],[-82.843711583727313,40.065164836452567],[-82.843711008833509,40.065170643470019],[-82.843639216639957,40.065166444923968],[-82.843638238714192,40.065176314873412],[-82.843596674748838,40.065173884068621],[-82.843582182376466,40.065320203611165],[-82.843635081019428,40.065323298352126],[-82.843634219244223,40.065332007074311],[-82.843803495867306,40.065341905040405],[-82.843804013858374,40.065336679983758],[-82.843810815550981,40.065337077969161],[-82.843811276636174,40.065332433072136],[-82.843952593772826,40.065340696951587],[-82.843952074620745,40.065345922012341],[-82.844066943629699,40.065352638454684]]]},"properties":{"PARCELID":"010-328537","OWNERNME1":"CLIFTON PARK BORROWER LLC","SITEADDRESS":"6543 CLIFTON PARK CIR NORTH 10-107","RESYRBLT":2013,"RESFLRAREA_AG":666,"STATEDAREA":null,"ACRES":0.23293660999999999,"SCHLDSCRP":"COLUMBUS CSD","CVTTXDSCRP":"CITY OF COLUMBUS","CLASSCD":"553","CLASSDSCRP":"CONDO 40+ RENTAL UNITS","SALEPRICE":null,"SALEDATE":null}},{"type":"Feature","geometry":{"type":"Polygon","coordinates":[[[-82.844906445054875,40.065600930194861],[-82.845109258316668,40.065609426472236],[-82.845112065907315,40.065569888630058],[-82.845130226561977,40.065570648550803],[-82.845133693497331,40.065521806364721],[-82.845122341042043,40.065521330858068],[-82.845128861942442,40.065429462938958],[-82.845138698459365,40.065429875351093],[-82.845141958303799,40.065383940040796],[-82.845124552726446,40.065383211227157],[-82.845129132477652,40.065318669927791],[-82.845147294243347,40.065319430743109],[-82.845150802810295,40.065270008436265],[-82.845140965143784,40.065269596028564],[-82.845147276570017,40.065180634084697],[-82.845155601817922,40.065180982487313],[-82.845159231805553,40.065129816238674],[-82.845141826282827,40.065129085626346],[-82.845144510057267,40.065091291722062],[-82.845076399266432,40.065088438661235],[-82.845076812249374,40.065082624006486],[-82.845035946953118,40.065080912147742],[-82.845035535138905,40.065086726798889],[-82.844941695961495,40.065082795510719],[-82.844939096551258,40.06511942647419],[-82.844924717018927,40.065118824741639],[-82.84492268355018,40.065173097906914],[-82.844930415136119,40.065173336392107],[-82.844926796239207,40.065261189875102],[-82.844919942196071,40.065261107321632],[-82.84491787219342,40.065311570107575],[-82.844928385715633,40.065312356104997],[-82.844924966547666,40.065373426639098],[-82.844911988900833,40.065373066657095],[-82.844908394873841,40.065423724842844],[-82.844911420863653,40.065423851954371],[-82.844901558709196,40.065562818088878],[-82.844909125459324,40.065563136313017],[-82.844906445054875,40.065600930194861]]]},"properties":{"PARCELID":"010-328321","OWNERNME1":"CLIFTON PARK BORROWER LLC","SITEADDRESS":"4125 CLIFTON PARK CIR WEST 1-107","RESYRBLT":2013,"RESFLRAREA_AG":1015,"STATEDAREA":null,"ACRES":0.26555033,"SCHLDSCRP":"COLUMBUS CSD","CVTTXDSCRP":"CITY OF COLUMBUS","CLASSCD":"553","CLASSDSCRP":"CONDO 40+ RENTAL UNITS","SALEPRICE":null,"SALEDATE":null}},{"type":"Feature","geometry":{"type":"Polygon","coordinates":[[[-82.843040809482673,40.065673912070402],[-82.843041507812785,40.065664609428147],[-82.84304983086632,40.065664978700433],[-82.84305641340535,40.06557719589857],[-82.843066250042241,40.065577630999059],[-82.843071132493222,40.06551251972089],[-82.843080212910905,40.065512921903931],[-82.843083308444548,40.065471645993931],[-82.843065905001822,40.065470874540523],[-82.843071442941053,40.065397044336947],[-82.84308808897984,40.065397781976174],[-82.843090706231848,40.065362899993985],[-82.843078599814319,40.06536236344833],[-82.843083873665066,40.065292022076719],[-82.843074794443936,40.06529161898991],[-82.843076932267451,40.065263133641807],[-82.843082984288714,40.065263400567424],[-82.843087825037429,40.065198871196834],[-82.843003080341404,40.065195119851815],[-82.843003604969397,40.065188143091582],[-82.842977121233019,40.065186971237132],[-82.842976642951868,40.06519336516692],[-82.842872227446975,40.065188742603127],[-82.842865205755146,40.065282340129464],[-82.842859152552023,40.065282071394833],[-82.842854443626067,40.065344856786808],[-82.842840825964899,40.065344253477214],[-82.842836857053015,40.065397157010786],[-82.8428482060894,40.065397659766418],[-82.842843933765423,40.065454631341268],[-82.842826530338513,40.065453861653616],[-82.842823959301242,40.065488160798523],[-82.84283001134115,40.065488427737137],[-82.842828530112925,40.06550819505442],[-82.842838366738619,40.065508630174023],[-82.842833352022794,40.065575484509033],[-82.842845458471174,40.065576020179321],[-82.842838787643089,40.065664966814865],[-82.843040809482673,40.065673912070402]]]},"properties":{"PARCELID":"010-328465","OWNERNME1":"CLIFTON PARK BORROWER LLC","SITEADDRESS":"4122 CLIFTON PARK CIR EAST 7-107","RESYRBLT":2013,"RESFLRAREA_AG":748,"STATEDAREA":null,"ACRES":0.25270252999999998,"SCHLDSCRP":"COLUMBUS CSD","CVTTXDSCRP":"CITY OF COLUMBUS","CLASSCD":"553","CLASSDSCRP":"CONDO 40+ RENTAL UNITS","SALEPRICE":null,"SALEDATE":null}},{"type":"Feature","geometry":{"type":"Polygon","coordinates":[[[-82.843920017310893,40.065681731007494],[-82.843920523719405,40.065674170701968],[-82.843976535077843,40.065676384389654],[-82.843986701270794,40.065524601766782],[-82.843934475704842,40.065522538214367],[-82.84393517516925,40.065512070172559],[-82.843861000004154,40.065509136888132],[-82.843860610364231,40.065514952369632],[-82.84375918637204,40.065510942360646],[-82.843759576020432,40.065505126879465],[-82.843674804754315,40.065501774165597],[-82.843674104078559,40.065512242209323],[-82.843590087837114,40.065508920549043],[-82.843590789702091,40.065498453402938],[-82.843520399057454,40.065495669147886],[-82.843520010561193,40.065501484624889],[-82.843422369931886,40.065497624475853],[-82.843422800098111,40.065491227083015],[-82.843339541258416,40.065487934551811],[-82.843338761895794,40.065499566412086],[-82.843291835587621,40.065497710444006],[-82.84328171693322,40.065651826346709],[-82.843327681984718,40.065653645500333],[-82.843327136188861,40.065661786811994],[-82.843396770786867,40.065664539169035],[-82.843397122320823,40.065659305595176],[-82.843516710486213,40.065664035549261],[-82.843516358961253,40.065669269123475],[-82.843579938141673,40.065671783298136],[-82.843580600689094,40.065661897161498],[-82.843664617115351,40.065665218828379],[-82.843663992723307,40.065674523059606],[-82.843729844022363,40.065677126874363],[-82.843730037090054,40.065674219139126],[-82.843920017310893,40.065681731007494]]]},"properties":{"PARCELID":"010-328489","OWNERNME1":"CLIFTON PARK BORROWER LLC","SITEADDRESS":"6554 CLIFTON PARK CIR NORTH 8-107","RESYRBLT":2013,"RESFLRAREA_AG":1015,"STATEDAREA":null,"ACRES":0.26800555999999998,"SCHLDSCRP":"COLUMBUS CSD","CVTTXDSCRP":"CITY OF COLUMBUS","CLASSCD":"553","CLASSDSCRP":"CONDO 40+ RENTAL UNITS","SALEPRICE":null,"SALEDATE":null}},{"type":"Feature","geometry":{"type":"Polygon","coordinates":[[[-82.844590781272316,40.065708049857705],[-82.844590597617852,40.065710957566779],[-82.844659485868675,40.065713518633608],[-82.84466014653114,40.065703047999911],[-82.844713892241231,40.065705047331114],[-82.844723450693849,40.065553240306315],[-82.844674245751037,40.065551411387169],[-82.844675013790479,40.065539196855831],[-82.844603098626379,40.065536524892757],[-82.844602695528152,40.065542922210732],[-82.84449292996419,40.065538842729453],[-82.844493333063525,40.065532443610621],[-82.844418388474992,40.065529658832162],[-82.844417656183253,40.065541291462601],[-82.844340441850107,40.065538421423895],[-82.844341137184784,40.065527369796037],[-82.844268463508556,40.065524668329317],[-82.844268135488463,40.06552990273795],[-82.844156096719828,40.065525739540099],[-82.844156499850186,40.065519340422419],[-82.844077772008006,40.065516414302444],[-82.844077039659282,40.065528046930794],[-82.844040702820777,40.065526695220811],[-82.844031107081861,40.065679084090789],[-82.844078798545908,40.065680856468845],[-82.844078321467336,40.065688418490453],[-82.844333433770387,40.065697900449116],[-82.844333873864485,40.065690922130365],[-82.844412604259787,40.065693848071753],[-82.844412126040879,40.065701409197516],[-82.844590781272316,40.065708049857705]]]},"properties":{"PARCELID":"010-328513","OWNERNME1":"CLIFTON PARK BORROWER LLC","SITEADDRESS":"6524 CLIFTON PARK CIR NORTH 9-107","RESYRBLT":2013,"RESFLRAREA_AG":1015,"STATEDAREA":null,"ACRES":0.26411983,"SCHLDSCRP":"COLUMBUS CSD","CVTTXDSCRP":"CITY OF COLUMBUS","CLASSCD":"553","CLASSDSCRP":"CONDO 40+ RENTAL UNITS","SALEPRICE":null,"SALEDATE":null}},{"type":"Feature","geometry":{"type":"Polygon","coordinates":[[[-82.843722527855405,40.064375019238618],[-82.843794421198069,40.06437803223281],[-82.843794833112085,40.06437221758447],[-82.843871265943136,40.064375418988725],[-82.843871802831742,40.06436786039167],[-82.844011044158961,40.064373695020095],[-82.844021528120265,40.064226008267234],[-82.843887582767522,40.064220395916301],[-82.843888242284777,40.06421109247642],[-82.843739161442798,40.064204845183781],[-82.843738584050271,40.064212984793215],[-82.843668961800503,40.064210067793461],[-82.843669663005954,40.064200182438292],[-82.843583394044288,40.064196568361005],[-82.843583021424578,40.064201800198802],[-82.843496752465413,40.064198186057936],[-82.843496184594855,40.064206123901386],[-82.843382462027563,40.064201871228256],[-82.843376663561969,40.064349444263613],[-82.843488718261582,40.064354141315803],[-82.84348830514989,40.064359955966559],[-82.843574575481881,40.064363570110032],[-82.843574120713015,40.064369965776869],[-82.843637690068277,40.064372629448229],[-82.843638473435277,40.064361582065551],[-82.843723229054859,40.064365133883747],[-82.843722527855405,40.064375019238618]]]},"properties":{"PARCELID":"010-328394","OWNERNME1":"CLIFTON PARK BORROWER LLC","SITEADDRESS":"6549 CLIFTON PARK CIR SOUTH 4-108","RESYRBLT":2013,"RESFLRAREA_AG":748,"STATEDAREA":null,"ACRES":0.23570764,"SCHLDSCRP":"COLUMBUS CSD","CVTTXDSCRP":"CITY OF COLUMBUS","CLASSCD":"553","CLASSDSCRP":"CONDO 40+ RENTAL UNITS","SALEPRICE":null,"SALEDATE":null}},{"type":"Feature","geometry":{"type":"Polygon","coordinates":[[[-82.844451409310039,40.064403912127368],[-82.844518748762766,40.064406892995244],[-82.84451918406333,40.064401079176278],[-82.844601656921938,40.064404728915477],[-82.844602223038947,40.064397171129805],[-82.844732363567175,40.064402931621458],[-82.844743521360897,40.064254107154305],[-82.844614895858228,40.064248414281813],[-82.844615505972271,40.064240275472578],[-82.844465692843755,40.064233643985823],[-82.844465126713231,40.064241201771289],[-82.84439097693226,40.064237918411756],[-82.844391719072974,40.064228035633981],[-82.844311516210951,40.064224487170627],[-82.844311036891753,40.064230882012218],[-82.844218727793418,40.064226795264197],[-82.844218205639152,40.064233772025531],[-82.844113035294626,40.064229116752884],[-82.844101920152212,40.064377359238101],[-82.844215413626557,40.064382383710324],[-82.844214933120824,40.064388777653981],[-82.84430875484037,40.064392932022677],[-82.844308362343597,40.064398163020158],[-82.844370406032183,40.064400910018826],[-82.844371235000366,40.064389863398048],[-82.844452193100935,40.064393448333703],[-82.844451409310039,40.064403912127368]]]},"properties":{"PARCELID":"010-328370","OWNERNME1":"CLIFTON PARK BORROWER LLC","SITEADDRESS":"6519 CLIFTON PARK CIR SOUTH 3-108","RESYRBLT":2013,"RESFLRAREA_AG":748,"STATEDAREA":null,"ACRES":0.23410328999999999,"SCHLDSCRP":"COLUMBUS CSD","CVTTXDSCRP":"CITY OF COLUMBUS","CLASSCD":"553","CLASSDSCRP":"CONDO 40+ RENTAL UNITS","SALEPRICE":null,"SALEDATE":null}},{"type":"Feature","geometry":{"type":"Polygon","coordinates":[[[-82.843106315082338,40.064637687223687],[-82.843106991034162,40.064629551834209],[-82.843118337865448,40.064630107706009],[-82.843125717545391,40.064541193171785],[-82.843131011084751,40.064541452402615],[-82.843136607593536,40.064474042453149],[-82.843147195838725,40.064474561810727],[-82.843150332051863,40.064436788239242],[-82.843132936672006,40.064435935717682],[-82.843139160401705,40.064360968709352],[-82.843158824418012,40.064361932585669],[-82.843162008143679,40.064323577078831],[-82.843144611624396,40.064322725463036],[-82.843150159392806,40.064255894742331],[-82.843141839832654,40.064255486740947],[-82.843144251399295,40.064226430494273],[-82.843152573300259,40.064226838488615],[-82.843157830031714,40.064163495780484],[-82.842932441373492,40.064152450250205],[-82.842929642445952,40.064186154775861],[-82.842934179748568,40.06418637839657],[-82.84292950020307,40.06424274778022],[-82.842923450468817,40.064242451120037],[-82.842918384811256,40.064303469681477],[-82.842910821465836,40.064303099084093],[-82.842906238131221,40.064358307296096],[-82.842917583744423,40.064358863190741],[-82.842912469370503,40.064420462785371],[-82.84289885626275,40.064419795526149],[-82.842894514076562,40.064472097661039],[-82.842905102315186,40.064472616139838],[-82.842899699220993,40.064537701937418],[-82.842917095800061,40.064538555390662],[-82.842909667141285,40.064628049146734],[-82.843106315082338,40.064637687223687]]]},"properties":{"PARCELID":"010-328418","OWNERNME1":"CLIFTON PARK BORROWER LLC","SITEADDRESS":"4070 CLIFTON PARK CIR EAST 5-108","RESYRBLT":2013,"RESFLRAREA_AG":748,"STATEDAREA":null,"ACRES":0.25226294999999999,"SCHLDSCRP":"COLUMBUS CSD","CVTTXDSCRP":"CITY OF COLUMBUS","CLASSCD":"553","CLASSDSCRP":"CONDO 40+ RENTAL UNITS","SALEPRICE":null,"SALEDATE":null}},{"type":"Feature","geometry":{"type":"Polygon","coordinates":[[[-82.84401214002888,40.064728032648212],[-82.844183978905633,40.064734420989396],[-82.844184674261626,40.064723370259678],[-82.844239178881836,40.064725395502798],[-82.844243207777268,40.064661416918135],[-82.844250776582669,40.064661697352832],[-82.844251948984351,40.064643085497735],[-82.844244380172043,40.064642803261911],[-82.844248407885772,40.06457882467857],[-82.844206772442575,40.06457727599733],[-82.844207248331841,40.064569714876043],[-82.844124737167817,40.064566648567784],[-82.844124992428192,40.064562577059299],[-82.844017499312116,40.064558580544023],[-82.844016987606636,40.064566723563956],[-82.843870129942033,40.064561263366365],[-82.843870604700214,40.064553703150416],[-82.843681355492933,40.06454666729455],[-82.843680697033548,40.064557137019925],[-82.843636034570125,40.064555476306886],[-82.843626804275601,40.064702047084353],[-82.843678278298356,40.064703961667497],[-82.843677545891225,40.064715594296956],[-82.843860740270742,40.064722404710984],[-82.843861216194256,40.06471484269094],[-82.844012615944862,40.06472047242876],[-82.84401214002888,40.064728032648212]]]},"properties":{"PARCELID":"010-328562","OWNERNME1":"CLIFTON PARK BORROWER LLC","SITEADDRESS":"6540 CLIFTON PARK CIR SOUTH 11-108","RESYRBLT":2013,"RESFLRAREA_AG":666,"STATEDAREA":null,"ACRES":0.23188215000000001,"SCHLDSCRP":"COLUMBUS CSD","CVTTXDSCRP":"CITY OF COLUMBUS","CLASSCD":"553","CLASSDSCRP":"CONDO 40+ RENTAL UNITS","SALEPRICE":null,"SALEDATE":null}},{"type":"Feature","geometry":{"type":"Polygon","coordinates":[[[-82.844956996828401,40.064898576605422],[-82.845159220480355,40.064904182662296],[-82.84516094049664,40.064867520950742],[-82.845179119617328,40.064868024135265],[-82.845181549686671,40.064816231877103],[-82.845173219208689,40.06481600147179],[-82.845177346396767,40.064728130261443],[-82.845188706125555,40.064728444531831],[-82.84519097421402,40.064680143514117],[-82.845174310946447,40.064679682711116],[-82.845177373021713,40.064614505515557],[-82.845195549736445,40.064615009605042],[-82.845197870629235,40.06456554394012],[-82.845190297500451,40.064565335628018],[-82.84519445222827,40.064476881632416],[-82.845206569229703,40.064477217092538],[-82.845208947615532,40.064426587666567],[-82.845192283236599,40.064426126869499],[-82.845194142299334,40.064386555768934],[-82.844991162845176,40.064380929478901],[-82.844989467989436,40.064417009326],[-82.844973562090402,40.064416567886042],[-82.844971075542389,40.064469523902474],[-82.844977135209575,40.064469690740168],[-82.844973064129675,40.0645563999987],[-82.844963974020317,40.064556147491949],[-82.844961542625541,40.06460793975414],[-82.844975175455474,40.064608318521181],[-82.844972307432627,40.064669420778003],[-82.844961703853599,40.064669126782505],[-82.844955091000131,40.064809954893619],[-82.844948273977081,40.064809765060566],[-82.844945951721542,40.064859229818815],[-82.844958826110826,40.064859587398082],[-82.844956996828401,40.064898576605422]]]},"properties":{"PARCELID":"010-328346","OWNERNME1":"CLIFTON PARK BORROWER LLC","SITEADDRESS":"4091 CLIFTON PARK CIR WEST 2-108","RESYRBLT":2013,"RESFLRAREA_AG":1015,"STATEDAREA":null,"ACRES":0.26667436999999999,"SCHLDSCRP":"COLUMBUS CSD","CVTTXDSCRP":"CITY OF COLUMBUS","CLASSCD":"553","CLASSDSCRP":"CONDO 40+ RENTAL UNITS","SALEPRICE":null,"SALEDATE":null}},{"type":"Feature","geometry":{"type":"Polygon","coordinates":[[[-82.843053251194974,40.065120213726274],[-82.843053959982157,40.065112079143411],[-82.843063788699908,40.065112585415378],[-82.843069099324183,40.065051577859087],[-82.843064561920016,40.065051345237706],[-82.843069060490578,40.064999634352503],[-82.843081916466232,40.065000294796349],[-82.843086365151251,40.064949165849555],[-82.843069730362558,40.064948311098057],[-82.843076303060258,40.06487277930696],[-82.843090671476673,40.064873517290202],[-82.843094765171344,40.064826455634332],[-82.843085691555601,40.064825988588751],[-82.843086904937536,40.064812044493117],[-82.843080855081695,40.064811733431533],[-82.84309010856569,40.064705407331608],[-82.842879129626738,40.064694569097426],[-82.842870988322744,40.064788113169953],[-82.842858890961509,40.064787491017412],[-82.842851609226898,40.064871157381198],[-82.842858415316627,40.064871506775816],[-82.842845521160498,40.065019666028022],[-82.84285837713773,40.065020326496317],[-82.842850588410343,40.065109802369484],[-82.843053251194974,40.065120213726274]]]},"properties":{"PARCELID":"010-328442","OWNERNME1":"CLIFTON PARK BORROWER LLC","SITEADDRESS":"4096 CLIFTON PARK CIR EAST 6-108","RESYRBLT":2013,"RESFLRAREA_AG":748,"STATEDAREA":null,"ACRES":0.21436116,"SCHLDSCRP":"COLUMBUS CSD","CVTTXDSCRP":"CITY OF COLUMBUS","CLASSCD":"553","CLASSDSCRP":"CONDO 40+ RENTAL UNITS","SALEPRICE":null,"SALEDATE":null}},{"type":"Feature","geometry":{"type":"Polygon","coordinates":[[[-82.844066943629699,40.065352638454684],[-82.844067518499727,40.065346832336509],[-82.844143087534036,40.065351250117949],[-82.844144065390452,40.065341380164924],[-82.844193942523518,40.065344296175269],[-82.844200268306068,40.065280427059207],[-82.844211604058344,40.065281089130117],[-82.844213674716386,40.065260187098012],[-82.844203850318351,40.065259612463088],[-82.844209888067326,40.065198645955476],[-82.844154721879121,40.065195419419567],[-82.844155642833869,40.065186130526357],[-82.84397427453824,40.065175525455338],[-82.843973180512549,40.065186556634607],[-82.843828840985736,40.065178116997544],[-82.843829475119037,40.065171729812938],[-82.843711583727313,40.065164836452567],[-82.843711008833509,40.065170643470019],[-82.843639216639957,40.065166444923968],[-82.843638238714192,40.065176314873412],[-82.843596674748838,40.065173884068621],[-82.843582182376466,40.065320203611165],[-82.843635081019428,40.065323298352126],[-82.843634219244223,40.065332007074311],[-82.843803495867306,40.065341905040405],[-82.843804013858374,40.065336679983758],[-82.843810815550981,40.065337077969161],[-82.843811276636174,40.065332433072136],[-82.843952593772826,40.065340696951587],[-82.843952074620745,40.065345922012341],[-82.844066943629699,40.065352638454684]]]},"properties":{"PARCELID":"010-328538","OWNERNME1":"CLIFTON PARK BORROWER LLC","SITEADDRESS":"6543 CLIFTON PARK CIR NORTH 10-108","RESYRBLT":2013,"RESFLRAREA_AG":666,"STATEDAREA":null,"ACRES":0.23293660999999999,"SCHLDSCRP":"COLUMBUS CSD","CVTTXDSCRP":"CITY OF COLUMBUS","CLASSCD":"553","CLASSDSCRP":"CONDO 40+ RENTAL UNITS","SALEPRICE":null,"SALEDATE":null}},{"type":"Feature","geometry":{"type":"Polygon","coordinates":[[[-82.844906445054875,40.065600930194861],[-82.845109258316668,40.065609426472236],[-82.845112065907315,40.065569888630058],[-82.845130226561977,40.065570648550803],[-82.845133693497331,40.065521806364721],[-82.845122341042043,40.065521330858068],[-82.845128861942442,40.065429462938958],[-82.845138698459365,40.065429875351093],[-82.845141958303799,40.065383940040796],[-82.845124552726446,40.065383211227157],[-82.845129132477652,40.065318669927791],[-82.845147294243347,40.065319430743109],[-82.845150802810295,40.065270008436265],[-82.845140965143784,40.065269596028564],[-82.845147276570017,40.065180634084697],[-82.845155601817922,40.065180982487313],[-82.845159231805553,40.065129816238674],[-82.845141826282827,40.065129085626346],[-82.845144510057267,40.065091291722062],[-82.845076399266432,40.065088438661235],[-82.845076812249374,40.065082624006486],[-82.845035946953118,40.065080912147742],[-82.845035535138905,40.065086726798889],[-82.844941695961495,40.065082795510719],[-82.844939096551258,40.06511942647419],[-82.844924717018927,40.065118824741639],[-82.84492268355018,40.065173097906914],[-82.844930415136119,40.065173336392107],[-82.844926796239207,40.065261189875102],[-82.844919942196071,40.065261107321632],[-82.84491787219342,40.065311570107575],[-82.844928385715633,40.065312356104997],[-82.844924966547666,40.065373426639098],[-82.844911988900833,40.065373066657095],[-82.844908394873841,40.065423724842844],[-82.844911420863653,40.065423851954371],[-82.844901558709196,40.065562818088878],[-82.844909125459324,40.065563136313017],[-82.844906445054875,40.065600930194861]]]},"properties":{"PARCELID":"010-328322","OWNERNME1":"CLIFTON PARK BORROWER LLC","SITEADDRESS":"4125 CLIFTON PARK CIR WEST 1-108","RESYRBLT":2013,"RESFLRAREA_AG":1015,"STATEDAREA":null,"ACRES":0.26555033,"SCHLDSCRP":"COLUMBUS CSD","CVTTXDSCRP":"CITY OF COLUMBUS","CLASSCD":"553","CLASSDSCRP":"CONDO 40+ RENTAL UNITS","SALEPRICE":null,"SALEDATE":null}},{"type":"Feature","geometry":{"type":"Polygon","coordinates":[[[-82.843040809482673,40.065673912070402],[-82.843041507812785,40.065664609428147],[-82.84304983086632,40.065664978700433],[-82.84305641340535,40.06557719589857],[-82.843066250042241,40.065577630999059],[-82.843071132493222,40.06551251972089],[-82.843080212910905,40.065512921903931],[-82.843083308444548,40.065471645993931],[-82.843065905001822,40.065470874540523],[-82.843071442941053,40.065397044336947],[-82.84308808897984,40.065397781976174],[-82.843090706231848,40.065362899993985],[-82.843078599814319,40.06536236344833],[-82.843083873665066,40.065292022076719],[-82.843074794443936,40.06529161898991],[-82.843076932267451,40.065263133641807],[-82.843082984288714,40.065263400567424],[-82.843087825037429,40.065198871196834],[-82.843003080341404,40.065195119851815],[-82.843003604969397,40.065188143091582],[-82.842977121233019,40.065186971237132],[-82.842976642951868,40.06519336516692],[-82.842872227446975,40.065188742603127],[-82.842865205755146,40.065282340129464],[-82.842859152552023,40.065282071394833],[-82.842854443626067,40.065344856786808],[-82.842840825964899,40.065344253477214],[-82.842836857053015,40.065397157010786],[-82.8428482060894,40.065397659766418],[-82.842843933765423,40.065454631341268],[-82.842826530338513,40.065453861653616],[-82.842823959301242,40.065488160798523],[-82.84283001134115,40.065488427737137],[-82.842828530112925,40.06550819505442],[-82.842838366738619,40.065508630174023],[-82.842833352022794,40.065575484509033],[-82.842845458471174,40.065576020179321],[-82.842838787643089,40.065664966814865],[-82.843040809482673,40.065673912070402]]]},"properties":{"PARCELID":"010-328466","OWNERNME1":"CLIFTON PARK BORROWER LLC","SITEADDRESS":"4122 CLIFTON PARK CIR EAST 7-108","RESYRBLT":2013,"RESFLRAREA_AG":748,"STATEDAREA":null,"ACRES":0.25270252999999998,"SCHLDSCRP":"COLUMBUS CSD","CVTTXDSCRP":"CITY OF COLUMBUS","CLASSCD":"553","CLASSDSCRP":"CONDO 40+ RENTAL UNITS","SALEPRICE":null,"SALEDATE":null}},{"type":"Feature","geometry":{"type":"Polygon","coordinates":[[[-82.843920017310893,40.065681731007494],[-82.843920523719405,40.065674170701968],[-82.843976535077843,40.065676384389654],[-82.843986701270794,40.065524601766782],[-82.843934475704842,40.065522538214367],[-82.84393517516925,40.065512070172559],[-82.843861000004154,40.065509136888132],[-82.843860610364231,40.065514952369632],[-82.84375918637204,40.065510942360646],[-82.843759576020432,40.065505126879465],[-82.843674804754315,40.065501774165597],[-82.843674104078559,40.065512242209323],[-82.843590087837114,40.065508920549043],[-82.843590789702091,40.065498453402938],[-82.843520399057454,40.065495669147886],[-82.843520010561193,40.065501484624889],[-82.843422369931886,40.065497624475853],[-82.843422800098111,40.065491227083015],[-82.843339541258416,40.065487934551811],[-82.843338761895794,40.065499566412086],[-82.843291835587621,40.065497710444006],[-82.84328171693322,40.065651826346709],[-82.843327681984718,40.065653645500333],[-82.843327136188861,40.065661786811994],[-82.843396770786867,40.065664539169035],[-82.843397122320823,40.065659305595176],[-82.843516710486213,40.065664035549261],[-82.843516358961253,40.065669269123475],[-82.843579938141673,40.065671783298136],[-82.843580600689094,40.065661897161498],[-82.843664617115351,40.065665218828379],[-82.843663992723307,40.065674523059606],[-82.843729844022363,40.065677126874363],[-82.843730037090054,40.065674219139126],[-82.843920017310893,40.065681731007494]]]},"properties":{"PARCELID":"010-328490","OWNERNME1":"CLIFTON PARK BORROWER LLC","SITEADDRESS":"6554 CLIFTON PARK CIR NORTH 8-108","RESYRBLT":2013,"RESFLRAREA_AG":1015,"STATEDAREA":null,"ACRES":0.26800555999999998,"SCHLDSCRP":"COLUMBUS CSD","CVTTXDSCRP":"CITY OF COLUMBUS","CLASSCD":"553","CLASSDSCRP":"CONDO 40+ RENTAL UNITS","SALEPRICE":null,"SALEDATE":null}},{"type":"Feature","geometry":{"type":"Polygon","coordinates":[[[-82.844590781272316,40.065708049857705],[-82.844590597617852,40.065710957566779],[-82.844659485868675,40.065713518633608],[-82.84466014653114,40.065703047999911],[-82.844713892241231,40.065705047331114],[-82.844723450693849,40.065553240306315],[-82.844674245751037,40.065551411387169],[-82.844675013790479,40.065539196855831],[-82.844603098626379,40.065536524892757],[-82.844602695528152,40.065542922210732],[-82.84449292996419,40.065538842729453],[-82.844493333063525,40.065532443610621],[-82.844418388474992,40.065529658832162],[-82.844417656183253,40.065541291462601],[-82.844340441850107,40.065538421423895],[-82.844341137184784,40.065527369796037],[-82.844268463508556,40.065524668329317],[-82.844268135488463,40.06552990273795],[-82.844156096719828,40.065525739540099],[-82.844156499850186,40.065519340422419],[-82.844077772008006,40.065516414302444],[-82.844077039659282,40.065528046930794],[-82.844040702820777,40.065526695220811],[-82.844031107081861,40.065679084090789],[-82.844078798545908,40.065680856468845],[-82.844078321467336,40.065688418490453],[-82.844333433770387,40.065697900449116],[-82.844333873864485,40.065690922130365],[-82.844412604259787,40.065693848071753],[-82.844412126040879,40.065701409197516],[-82.844590781272316,40.065708049857705]]]},"properties":{"PARCELID":"010-328514","OWNERNME1":"CLIFTON PARK BORROWER LLC","SITEADDRESS":"6524 CLIFTON PARK CIR NORTH 9-108","RESYRBLT":2013,"RESFLRAREA_AG":1015,"STATEDAREA":null,"ACRES":0.26411983,"SCHLDSCRP":"COLUMBUS CSD","CVTTXDSCRP":"CITY OF COLUMBUS","CLASSCD":"553","CLASSDSCRP":"CONDO 40+ RENTAL UNITS","SALEPRICE":null,"SALEDATE":null}},{"type":"Feature","geometry":{"type":"Polygon","coordinates":[[[-82.843722527855405,40.064375019238618],[-82.843794421198069,40.06437803223281],[-82.843794833112085,40.06437221758447],[-82.843871265943136,40.064375418988725],[-82.843871802831742,40.06436786039167],[-82.844011044158961,40.064373695020095],[-82.844021528120265,40.064226008267234],[-82.843887582767522,40.064220395916301],[-82.843888242284777,40.06421109247642],[-82.843739161442798,40.064204845183781],[-82.843738584050271,40.064212984793215],[-82.843668961800503,40.064210067793461],[-82.843669663005954,40.064200182438292],[-82.843583394044288,40.064196568361005],[-82.843583021424578,40.064201800198802],[-82.843496752465413,40.064198186057936],[-82.843496184594855,40.064206123901386],[-82.843382462027563,40.064201871228256],[-82.843376663561969,40.064349444263613],[-82.843488718261582,40.064354141315803],[-82.84348830514989,40.064359955966559],[-82.843574575481881,40.064363570110032],[-82.843574120713015,40.064369965776869],[-82.843637690068277,40.064372629448229],[-82.843638473435277,40.064361582065551],[-82.843723229054859,40.064365133883747],[-82.843722527855405,40.064375019238618]]]},"properties":{"PARCELID":"010-328395","OWNERNME1":"CLIFTON PARK BORROWER LLC","SITEADDRESS":"6549 CLIFTON PARK CIR SOUTH 4-109","RESYRBLT":2013,"RESFLRAREA_AG":748,"STATEDAREA":null,"ACRES":0.23570764,"SCHLDSCRP":"COLUMBUS CSD","CVTTXDSCRP":"CITY OF COLUMBUS","CLASSCD":"553","CLASSDSCRP":"CONDO 40+ RENTAL UNITS","SALEPRICE":null,"SALEDATE":null}},{"type":"Feature","geometry":{"type":"Polygon","coordinates":[[[-82.844451409310039,40.064403912127368],[-82.844518748762766,40.064406892995244],[-82.84451918406333,40.064401079176278],[-82.844601656921938,40.064404728915477],[-82.844602223038947,40.064397171129805],[-82.844732363567175,40.064402931621458],[-82.844743521360897,40.064254107154305],[-82.844614895858228,40.064248414281813],[-82.844615505972271,40.064240275472578],[-82.844465692843755,40.064233643985823],[-82.844465126713231,40.064241201771289],[-82.84439097693226,40.064237918411756],[-82.844391719072974,40.064228035633981],[-82.844311516210951,40.064224487170627],[-82.844311036891753,40.064230882012218],[-82.844218727793418,40.064226795264197],[-82.844218205639152,40.064233772025531],[-82.844113035294626,40.064229116752884],[-82.844101920152212,40.064377359238101],[-82.844215413626557,40.064382383710324],[-82.844214933120824,40.064388777653981],[-82.84430875484037,40.064392932022677],[-82.844308362343597,40.064398163020158],[-82.844370406032183,40.064400910018826],[-82.844371235000366,40.064389863398048],[-82.844452193100935,40.064393448333703],[-82.844451409310039,40.064403912127368]]]},"properties":{"PARCELID":"010-328371","OWNERNME1":"CLIFTON PARK BORROWER LLC","SITEADDRESS":"6519 CLIFTON PARK CIR SOUTH 3-109","RESYRBLT":2013,"RESFLRAREA_AG":748,"STATEDAREA":null,"ACRES":0.23410328999999999,"SCHLDSCRP":"COLUMBUS CSD","CVTTXDSCRP":"CITY OF COLUMBUS","CLASSCD":"553","CLASSDSCRP":"CONDO 40+ RENTAL UNITS","SALEPRICE":null,"SALEDATE":null}},{"type":"Feature","geometry":{"type":"Polygon","coordinates":[[[-82.843106315082338,40.064637687223687],[-82.843106991034162,40.064629551834209],[-82.843118337865448,40.064630107706009],[-82.843125717545391,40.064541193171785],[-82.843131011084751,40.064541452402615],[-82.843136607593536,40.064474042453149],[-82.843147195838725,40.064474561810727],[-82.843150332051863,40.064436788239242],[-82.843132936672006,40.064435935717682],[-82.843139160401705,40.064360968709352],[-82.843158824418012,40.064361932585669],[-82.843162008143679,40.064323577078831],[-82.843144611624396,40.064322725463036],[-82.843150159392806,40.064255894742331],[-82.843141839832654,40.064255486740947],[-82.843144251399295,40.064226430494273],[-82.843152573300259,40.064226838488615],[-82.843157830031714,40.064163495780484],[-82.842932441373492,40.064152450250205],[-82.842929642445952,40.064186154775861],[-82.842934179748568,40.06418637839657],[-82.84292950020307,40.06424274778022],[-82.842923450468817,40.064242451120037],[-82.842918384811256,40.064303469681477],[-82.842910821465836,40.064303099084093],[-82.842906238131221,40.064358307296096],[-82.842917583744423,40.064358863190741],[-82.842912469370503,40.064420462785371],[-82.84289885626275,40.064419795526149],[-82.842894514076562,40.064472097661039],[-82.842905102315186,40.064472616139838],[-82.842899699220993,40.064537701937418],[-82.842917095800061,40.064538555390662],[-82.842909667141285,40.064628049146734],[-82.843106315082338,40.064637687223687]]]},"properties":{"PARCELID":"010-328419","OWNERNME1":"CLIFTON PARK BORROWER LLC","SITEADDRESS":"4070 CLIFTON PARK CIR EAST 5-109","RESYRBLT":2013,"RESFLRAREA_AG":748,"STATEDAREA":null,"ACRES":0.25226294999999999,"SCHLDSCRP":"COLUMBUS CSD","CVTTXDSCRP":"CITY OF COLUMBUS","CLASSCD":"553","CLASSDSCRP":"CONDO 40+ RENTAL UNITS","SALEPRICE":null,"SALEDATE":null}},{"type":"Feature","geometry":{"type":"Polygon","coordinates":[[[-82.84401214002888,40.064728032648212],[-82.844183978905633,40.064734420989396],[-82.844184674261626,40.064723370259678],[-82.844239178881836,40.064725395502798],[-82.844243207777268,40.064661416918135],[-82.844250776582669,40.064661697352832],[-82.844251948984351,40.064643085497735],[-82.844244380172043,40.064642803261911],[-82.844248407885772,40.06457882467857],[-82.844206772442575,40.06457727599733],[-82.844207248331841,40.064569714876043],[-82.844124737167817,40.064566648567784],[-82.844124992428192,40.064562577059299],[-82.844017499312116,40.064558580544023],[-82.844016987606636,40.064566723563956],[-82.843870129942033,40.064561263366365],[-82.843870604700214,40.064553703150416],[-82.843681355492933,40.06454666729455],[-82.843680697033548,40.064557137019925],[-82.843636034570125,40.064555476306886],[-82.843626804275601,40.064702047084353],[-82.843678278298356,40.064703961667497],[-82.843677545891225,40.064715594296956],[-82.843860740270742,40.064722404710984],[-82.843861216194256,40.06471484269094],[-82.844012615944862,40.06472047242876],[-82.84401214002888,40.064728032648212]]]},"properties":{"PARCELID":"010-328563","OWNERNME1":"CLIFTON PARK BORROWER LLC","SITEADDRESS":"6540 CLIFTON PARK CIR SOUTH 11-109","RESYRBLT":2013,"RESFLRAREA_AG":666,"STATEDAREA":null,"ACRES":0.23188215000000001,"SCHLDSCRP":"COLUMBUS CSD","CVTTXDSCRP":"CITY OF COLUMBUS","CLASSCD":"553","CLASSDSCRP":"CONDO 40+ RENTAL UNITS","SALEPRICE":null,"SALEDATE":null}},{"type":"Feature","geometry":{"type":"Polygon","coordinates":[[[-82.844956996828401,40.064898576605422],[-82.845159220480355,40.064904182662296],[-82.84516094049664,40.064867520950742],[-82.845179119617328,40.064868024135265],[-82.845181549686671,40.064816231877103],[-82.845173219208689,40.06481600147179],[-82.845177346396767,40.064728130261443],[-82.845188706125555,40.064728444531831],[-82.84519097421402,40.064680143514117],[-82.845174310946447,40.064679682711116],[-82.845177373021713,40.064614505515557],[-82.845195549736445,40.064615009605042],[-82.845197870629235,40.06456554394012],[-82.845190297500451,40.064565335628018],[-82.84519445222827,40.064476881632416],[-82.845206569229703,40.064477217092538],[-82.845208947615532,40.064426587666567],[-82.845192283236599,40.064426126869499],[-82.845194142299334,40.064386555768934],[-82.844991162845176,40.064380929478901],[-82.844989467989436,40.064417009326],[-82.844973562090402,40.064416567886042],[-82.844971075542389,40.064469523902474],[-82.844977135209575,40.064469690740168],[-82.844973064129675,40.0645563999987],[-82.844963974020317,40.064556147491949],[-82.844961542625541,40.06460793975414],[-82.844975175455474,40.064608318521181],[-82.844972307432627,40.064669420778003],[-82.844961703853599,40.064669126782505],[-82.844955091000131,40.064809954893619],[-82.844948273977081,40.064809765060566],[-82.844945951721542,40.064859229818815],[-82.844958826110826,40.064859587398082],[-82.844956996828401,40.064898576605422]]]},"properties":{"PARCELID":"010-328347","OWNERNME1":"CLIFTON PARK BORROWER LLC","SITEADDRESS":"4091 CLIFTON PARK CIR WEST 2-109","RESYRBLT":2013,"RESFLRAREA_AG":1015,"STATEDAREA":null,"ACRES":0.26667436999999999,"SCHLDSCRP":"COLUMBUS CSD","CVTTXDSCRP":"CITY OF COLUMBUS","CLASSCD":"553","CLASSDSCRP":"CONDO 40+ RENTAL UNITS","SALEPRICE":null,"SALEDATE":null}},{"type":"Feature","geometry":{"type":"Polygon","coordinates":[[[-82.843053251194974,40.065120213726274],[-82.843053959982157,40.065112079143411],[-82.843063788699908,40.065112585415378],[-82.843069099324183,40.065051577859087],[-82.843064561920016,40.065051345237706],[-82.843069060490578,40.064999634352503],[-82.843081916466232,40.065000294796349],[-82.843086365151251,40.064949165849555],[-82.843069730362558,40.064948311098057],[-82.843076303060258,40.06487277930696],[-82.843090671476673,40.064873517290202],[-82.843094765171344,40.064826455634332],[-82.843085691555601,40.064825988588751],[-82.843086904937536,40.064812044493117],[-82.843080855081695,40.064811733431533],[-82.84309010856569,40.064705407331608],[-82.842879129626738,40.064694569097426],[-82.842870988322744,40.064788113169953],[-82.842858890961509,40.064787491017412],[-82.842851609226898,40.064871157381198],[-82.842858415316627,40.064871506775816],[-82.842845521160498,40.065019666028022],[-82.84285837713773,40.065020326496317],[-82.842850588410343,40.065109802369484],[-82.843053251194974,40.065120213726274]]]},"properties":{"PARCELID":"010-328443","OWNERNME1":"CLIFTON PARK BORROWER LLC","SITEADDRESS":"4096 CLIFTON PARK CIR EAST 6-109","RESYRBLT":2013,"RESFLRAREA_AG":748,"STATEDAREA":null,"ACRES":0.21436116,"SCHLDSCRP":"COLUMBUS CSD","CVTTXDSCRP":"CITY OF COLUMBUS","CLASSCD":"553","CLASSDSCRP":"CONDO 40+ RENTAL UNITS","SALEPRICE":null,"SALEDATE":null}},{"type":"Feature","geometry":{"type":"Polygon","coordinates":[[[-82.844066943629699,40.065352638454684],[-82.844067518499727,40.065346832336509],[-82.844143087534036,40.065351250117949],[-82.844144065390452,40.065341380164924],[-82.844193942523518,40.065344296175269],[-82.844200268306068,40.065280427059207],[-82.844211604058344,40.065281089130117],[-82.844213674716386,40.065260187098012],[-82.844203850318351,40.065259612463088],[-82.844209888067326,40.065198645955476],[-82.844154721879121,40.065195419419567],[-82.844155642833869,40.065186130526357],[-82.84397427453824,40.065175525455338],[-82.843973180512549,40.065186556634607],[-82.843828840985736,40.065178116997544],[-82.843829475119037,40.065171729812938],[-82.843711583727313,40.065164836452567],[-82.843711008833509,40.065170643470019],[-82.843639216639957,40.065166444923968],[-82.843638238714192,40.065176314873412],[-82.843596674748838,40.065173884068621],[-82.843582182376466,40.065320203611165],[-82.843635081019428,40.065323298352126],[-82.843634219244223,40.065332007074311],[-82.843803495867306,40.065341905040405],[-82.843804013858374,40.065336679983758],[-82.843810815550981,40.065337077969161],[-82.843811276636174,40.065332433072136],[-82.843952593772826,40.065340696951587],[-82.843952074620745,40.065345922012341],[-82.844066943629699,40.065352638454684]]]},"properties":{"PARCELID":"010-328539","OWNERNME1":"CLIFTON PARK BORROWER LLC","SITEADDRESS":"6543 CLIFTON PARK CIR NORTH 10-109","RESYRBLT":2013,"RESFLRAREA_AG":666,"STATEDAREA":null,"ACRES":0.23293660999999999,"SCHLDSCRP":"COLUMBUS CSD","CVTTXDSCRP":"CITY OF COLUMBUS","CLASSCD":"553","CLASSDSCRP":"CONDO 40+ RENTAL UNITS","SALEPRICE":null,"SALEDATE":null}},{"type":"Feature","geometry":{"type":"Polygon","coordinates":[[[-82.844906445054875,40.065600930194861],[-82.845109258316668,40.065609426472236],[-82.845112065907315,40.065569888630058],[-82.845130226561977,40.065570648550803],[-82.845133693497331,40.065521806364721],[-82.845122341042043,40.065521330858068],[-82.845128861942442,40.065429462938958],[-82.845138698459365,40.065429875351093],[-82.845141958303799,40.065383940040796],[-82.845124552726446,40.065383211227157],[-82.845129132477652,40.065318669927791],[-82.845147294243347,40.065319430743109],[-82.845150802810295,40.065270008436265],[-82.845140965143784,40.065269596028564],[-82.845147276570017,40.065180634084697],[-82.845155601817922,40.065180982487313],[-82.845159231805553,40.065129816238674],[-82.845141826282827,40.065129085626346],[-82.845144510057267,40.065091291722062],[-82.845076399266432,40.065088438661235],[-82.845076812249374,40.065082624006486],[-82.845035946953118,40.065080912147742],[-82.845035535138905,40.065086726798889],[-82.844941695961495,40.065082795510719],[-82.844939096551258,40.06511942647419],[-82.844924717018927,40.065118824741639],[-82.84492268355018,40.065173097906914],[-82.844930415136119,40.065173336392107],[-82.844926796239207,40.065261189875102],[-82.844919942196071,40.065261107321632],[-82.84491787219342,40.065311570107575],[-82.844928385715633,40.065312356104997],[-82.844924966547666,40.065373426639098],[-82.844911988900833,40.065373066657095],[-82.844908394873841,40.065423724842844],[-82.844911420863653,40.065423851954371],[-82.844901558709196,40.065562818088878],[-82.844909125459324,40.065563136313017],[-82.844906445054875,40.065600930194861]]]},"properties":{"PARCELID":"010-328323","OWNERNME1":"CLIFTON PARK BORROWER LLC","SITEADDRESS":"4125 CLIFTON PARK CIR WEST 1-109","RESYRBLT":2013,"RESFLRAREA_AG":1015,"STATEDAREA":null,"ACRES":0.26555033,"SCHLDSCRP":"COLUMBUS CSD","CVTTXDSCRP":"CITY OF COLUMBUS","CLASSCD":"553","CLASSDSCRP":"CONDO 40+ RENTAL UNITS","SALEPRICE":null,"SALEDATE":null}},{"type":"Feature","geometry":{"type":"Polygon","coordinates":[[[-82.843040809482673,40.065673912070402],[-82.843041507812785,40.065664609428147],[-82.84304983086632,40.065664978700433],[-82.84305641340535,40.06557719589857],[-82.843066250042241,40.065577630999059],[-82.843071132493222,40.06551251972089],[-82.843080212910905,40.065512921903931],[-82.843083308444548,40.065471645993931],[-82.843065905001822,40.065470874540523],[-82.843071442941053,40.065397044336947],[-82.84308808897984,40.065397781976174],[-82.843090706231848,40.065362899993985],[-82.843078599814319,40.06536236344833],[-82.843083873665066,40.065292022076719],[-82.843074794443936,40.06529161898991],[-82.843076932267451,40.065263133641807],[-82.843082984288714,40.065263400567424],[-82.843087825037429,40.065198871196834],[-82.843003080341404,40.065195119851815],[-82.843003604969397,40.065188143091582],[-82.842977121233019,40.065186971237132],[-82.842976642951868,40.06519336516692],[-82.842872227446975,40.065188742603127],[-82.842865205755146,40.065282340129464],[-82.842859152552023,40.065282071394833],[-82.842854443626067,40.065344856786808],[-82.842840825964899,40.065344253477214],[-82.842836857053015,40.065397157010786],[-82.8428482060894,40.065397659766418],[-82.842843933765423,40.065454631341268],[-82.842826530338513,40.065453861653616],[-82.842823959301242,40.065488160798523],[-82.84283001134115,40.065488427737137],[-82.842828530112925,40.06550819505442],[-82.842838366738619,40.065508630174023],[-82.842833352022794,40.065575484509033],[-82.842845458471174,40.065576020179321],[-82.842838787643089,40.065664966814865],[-82.843040809482673,40.065673912070402]]]},"properties":{"PARCELID":"010-328467","OWNERNME1":"CLIFTON PARK BORROWER LLC","SITEADDRESS":"4122 CLIFTON PARK CIR EAST 7-109","RESYRBLT":2013,"RESFLRAREA_AG":748,"STATEDAREA":null,"ACRES":0.25270252999999998,"SCHLDSCRP":"COLUMBUS CSD","CVTTXDSCRP":"CITY OF COLUMBUS","CLASSCD":"553","CLASSDSCRP":"CONDO 40+ RENTAL UNITS","SALEPRICE":null,"SALEDATE":null}},{"type":"Feature","geometry":{"type":"Polygon","coordinates":[[[-82.843920017310893,40.065681731007494],[-82.843920523719405,40.065674170701968],[-82.843976535077843,40.065676384389654],[-82.843986701270794,40.065524601766782],[-82.843934475704842,40.065522538214367],[-82.84393517516925,40.065512070172559],[-82.843861000004154,40.065509136888132],[-82.843860610364231,40.065514952369632],[-82.84375918637204,40.065510942360646],[-82.843759576020432,40.065505126879465],[-82.843674804754315,40.065501774165597],[-82.843674104078559,40.065512242209323],[-82.843590087837114,40.065508920549043],[-82.843590789702091,40.065498453402938],[-82.843520399057454,40.065495669147886],[-82.843520010561193,40.065501484624889],[-82.843422369931886,40.065497624475853],[-82.843422800098111,40.065491227083015],[-82.843339541258416,40.065487934551811],[-82.843338761895794,40.065499566412086],[-82.843291835587621,40.065497710444006],[-82.84328171693322,40.065651826346709],[-82.843327681984718,40.065653645500333],[-82.843327136188861,40.065661786811994],[-82.843396770786867,40.065664539169035],[-82.843397122320823,40.065659305595176],[-82.843516710486213,40.065664035549261],[-82.843516358961253,40.065669269123475],[-82.843579938141673,40.065671783298136],[-82.843580600689094,40.065661897161498],[-82.843664617115351,40.065665218828379],[-82.843663992723307,40.065674523059606],[-82.843729844022363,40.065677126874363],[-82.843730037090054,40.065674219139126],[-82.843920017310893,40.065681731007494]]]},"properties":{"PARCELID":"010-328491","OWNERNME1":"CLIFTON PARK BORROWER LLC","SITEADDRESS":"6554 CLIFTON PARK CIR NORTH 8-109","RESYRBLT":2013,"RESFLRAREA_AG":1015,"STATEDAREA":null,"ACRES":0.26800555999999998,"SCHLDSCRP":"COLUMBUS CSD","CVTTXDSCRP":"CITY OF COLUMBUS","CLASSCD":"553","CLASSDSCRP":"CONDO 40+ RENTAL UNITS","SALEPRICE":null,"SALEDATE":null}},{"type":"Feature","geometry":{"type":"Polygon","coordinates":[[[-82.844590781272316,40.065708049857705],[-82.844590597617852,40.065710957566779],[-82.844659485868675,40.065713518633608],[-82.84466014653114,40.065703047999911],[-82.844713892241231,40.065705047331114],[-82.844723450693849,40.065553240306315],[-82.844674245751037,40.065551411387169],[-82.844675013790479,40.065539196855831],[-82.844603098626379,40.065536524892757],[-82.844602695528152,40.065542922210732],[-82.84449292996419,40.065538842729453],[-82.844493333063525,40.065532443610621],[-82.844418388474992,40.065529658832162],[-82.844417656183253,40.065541291462601],[-82.844340441850107,40.065538421423895],[-82.844341137184784,40.065527369796037],[-82.844268463508556,40.065524668329317],[-82.844268135488463,40.06552990273795],[-82.844156096719828,40.065525739540099],[-82.844156499850186,40.065519340422419],[-82.844077772008006,40.065516414302444],[-82.844077039659282,40.065528046930794],[-82.844040702820777,40.065526695220811],[-82.844031107081861,40.065679084090789],[-82.844078798545908,40.065680856468845],[-82.844078321467336,40.065688418490453],[-82.844333433770387,40.065697900449116],[-82.844333873864485,40.065690922130365],[-82.844412604259787,40.065693848071753],[-82.844412126040879,40.065701409197516],[-82.844590781272316,40.065708049857705]]]},"properties":{"PARCELID":"010-328515","OWNERNME1":"CLIFTON PARK BORROWER LLC","SITEADDRESS":"6524 CLIFTON PARK CIR NORTH 9-109","RESYRBLT":2013,"RESFLRAREA_AG":1015,"STATEDAREA":null,"ACRES":0.26411983,"SCHLDSCRP":"COLUMBUS CSD","CVTTXDSCRP":"CITY OF COLUMBUS","CLASSCD":"553","CLASSDSCRP":"CONDO 40+ RENTAL UNITS","SALEPRICE":null,"SALEDATE":null}},{"type":"Feature","geometry":{"type":"Polygon","coordinates":[[[-82.843722527855405,40.064375019238618],[-82.843794421198069,40.06437803223281],[-82.843794833112085,40.06437221758447],[-82.843871265943136,40.064375418988725],[-82.843871802831742,40.06436786039167],[-82.844011044158961,40.064373695020095],[-82.844021528120265,40.064226008267234],[-82.843887582767522,40.064220395916301],[-82.843888242284777,40.06421109247642],[-82.843739161442798,40.064204845183781],[-82.843738584050271,40.064212984793215],[-82.843668961800503,40.064210067793461],[-82.843669663005954,40.064200182438292],[-82.843583394044288,40.064196568361005],[-82.843583021424578,40.064201800198802],[-82.843496752465413,40.064198186057936],[-82.843496184594855,40.064206123901386],[-82.843382462027563,40.064201871228256],[-82.843376663561969,40.064349444263613],[-82.843488718261582,40.064354141315803],[-82.84348830514989,40.064359955966559],[-82.843574575481881,40.064363570110032],[-82.843574120713015,40.064369965776869],[-82.843637690068277,40.064372629448229],[-82.843638473435277,40.064361582065551],[-82.843723229054859,40.064365133883747],[-82.843722527855405,40.064375019238618]]]},"properties":{"PARCELID":"010-328396","OWNERNME1":"CLIFTON PARK BORROWER LLC","SITEADDRESS":"6549 CLIFTON PARK CIR SOUTH 4-110","RESYRBLT":2013,"RESFLRAREA_AG":748,"STATEDAREA":null,"ACRES":0.23570764,"SCHLDSCRP":"COLUMBUS CSD","CVTTXDSCRP":"CITY OF COLUMBUS","CLASSCD":"553","CLASSDSCRP":"CONDO 40+ RENTAL UNITS","SALEPRICE":null,"SALEDATE":null}}],"exceededTransferLimit":true,"properties":{"exceededTransferLimit":true}}