{"type":"FeatureCollection","features":[{"type":"Feature","properties":{"PARCELID":"222-000821","SITEADDRESS":"THOMPSON RD","RESYRBLT":null,"RESFLRAREA_AG":null,"STATEDAREA":38315,"ACRES":0.87958826,"SCHLDSCRP":"NEW ALBANY-PLAIN LSD","CVTTXDSCRP":"PLAIN TWP-NEW ALBANY CORP","CLASSCD":"511","CLASSDSCRP":"SINGLE FAMILY, O-9.999 AC","SALEPRICE":300000,"SALEDATE":1109739600000},"geometry":{"type":"Polygon","coordinates":[[[-82.83776509099876,40.06056574695195],[-82.83768114429711,40.06061587940453],[-82.83757496317195,40.060679289446895],[-82.83717480748514,40.06096674816916],[-82.83714231333312,40.061410994288124],[-82.83771044940327,40.061431627918935],[-82.83776509099876,40.06056574695195]]]}},{"type":"Feature","properties":{"PARCELID":"222-000874","SITEADDRESS":"5150 JOHNSTOWN RD","RESYRBLT":1979,"RESFLRAREA_AG":3273,"STATEDAREA":72149,"ACRES":1.6576037,"SCHLDSCRP":"NEW ALBANY-PLAIN LSD","CVTTXDSCRP":"PLAIN TWP-NEW ALBANY CORP","CLASSCD":"511","CLASSDSCRP":"SINGLE FAMILY, O-9.999 AC","SALEPRICE":0,"SALEDATE":1160024400000},"geometry":{"type":"Polygon","coordinates":[[[-82.83065779652442,40.06006868727564],[-82.83217026484897,40.060938452052085],[-82.83257669592622,40.06065773374563],[-82.83196431863972,40.06030574813609],[-82.83164363953668,40.06012139951463],[-82.8314681646951,40.06002056225027],[-82.83126595488564,40.0600124091144],[-82.83076008592077,40.059992012213264],[-82.83062178174491,40.05998643575452],[-82.83065779652442,40.06006868727564]]]}},{"type":"Feature","properties":{"PARCELID":"222-001103","SITEADDRESS":"4186 JAMES RIVER RD","RESYRBLT":1993,"RESFLRAREA_AG":3243,"STATEDAREA":30673,"ACRES":0.70416658,"SCHLDSCRP":"NEW ALBANY-PLAIN LSD","CVTTXDSCRP":"PLAIN TWP-NEW ALBANY CORP","CLASSCD":"510","CLASSDSCRP":"SINGLE FAMILY DWELLING, PLATTED LOT","SALEPRICE":0,"SALEDATE":1663218000000},"geometry":{"type":"Polygon","coordinates":[[[-82.83076008592077,40.059992012213264],[-82.83126578489865,40.060012401488066],[-82.83126595488564,40.0600124091144],[-82.83194532461599,40.05954348508207],[-82.83184491224998,40.059457633233976],[-82.8317790241437,40.059397026908435],[-82.83171780353965,40.05933170917052],[-82.83076008592077,40.059992012213264]]]}},{"type":"Feature","properties":{"PARCELID":"222-001104","SITEADDRESS":"4200 JAMES RIVER RD","RESYRBLT":1995,"RESFLRAREA_AG":2441,"STATEDAREA":22004,"ACRES":0.5054216,"SCHLDSCRP":"NEW ALBANY-PLAIN LSD","CVTTXDSCRP":"PLAIN TWP-NEW ALBANY CORP","CLASSCD":"510","CLASSDSCRP":"SINGLE FAMILY DWELLING, PLATTED LOT","SALEPRICE":406000,"SALEDATE":1367557200000},"geometry":{"type":"Polygon","coordinates":[[[-82.83126595488564,40.0600124091144],[-82.8314681646951,40.06002056225027],[-82.83164363953668,40.06012139951463],[-82.8321841538944,40.05974764362024],[-82.83194532461599,40.05954348508207],[-82.83126595488564,40.0600124091144]]]}},{"type":"Feature","properties":{"PARCELID":"222-001105","SITEADDRESS":"4214 JAMES RIVER RD","RESYRBLT":1996,"RESFLRAREA_AG":2656,"STATEDAREA":21189,"ACRES":0.48643694,"SCHLDSCRP":"NEW ALBANY-PLAIN LSD","CVTTXDSCRP":"PLAIN TWP-NEW ALBANY CORP","CLASSCD":"510","CLASSDSCRP":"SINGLE FAMILY DWELLING, PLATTED LOT","SALEPRICE":0,"SALEDATE":1649221200000},"geometry":{"type":"Polygon","coordinates":[[[-82.83164363953668,40.06012139951463],[-82.83196431863972,40.06030574813609],[-82.83244699441201,40.05997233703655],[-82.8321841538944,40.05974764362024],[-82.83164363953668,40.06012139951463]]]}},{"type":"Feature","properties":{"PARCELID":"222-001106","SITEADDRESS":"4236 JAMES RIVER RD","RESYRBLT":1995,"RESFLRAREA_AG":3027,"STATEDAREA":33675,"ACRES":0.77306117,"SCHLDSCRP":"NEW ALBANY-PLAIN LSD","CVTTXDSCRP":"PLAIN TWP-NEW ALBANY CORP","CLASSCD":"510","CLASSDSCRP":"SINGLE FAMILY DWELLING, PLATTED LOT","SALEPRICE":540000,"SALEDATE":1540789200000},"geometry":{"type":"Polygon","coordinates":[[[-82.83244699441201,40.05997233703655],[-82.83196431863972,40.06030574813609],[-82.83257669592622,40.06065773374563],[-82.83289524762819,40.060437712038535],[-82.83290159021251,40.06043341173713],[-82.83290714174147,40.060428129550594],[-82.83291175190769,40.06042200849385],[-82.83291529589117,40.06041521429417],[-82.83291767773875,40.06040793090414],[-82.83291883296205,40.06040035552116],[-82.83291873028347,40.0603926932483],[-82.832917372483,40.0603851515412],[-82.83291479632301,40.060377934591145],[-82.83291107155293,40.06037123779669],[-82.83290629902068,40.06036524247317],[-82.8329006079423,40.06036011094365],[-82.83244699441201,40.05997233703655]]]}},{"type":"Feature","properties":{"PARCELID":"222-001343","SITEADDRESS":"4235 JAMES RIVER RD","RESYRBLT":1999,"RESFLRAREA_AG":4090,"STATEDAREA":32332,"ACRES":0.74224425,"SCHLDSCRP":"NEW ALBANY-PLAIN LSD","CVTTXDSCRP":"PLAIN TWP-NEW ALBANY CORP","CLASSCD":"510","CLASSDSCRP":"SINGLE FAMILY DWELLING, PLATTED LOT","SALEPRICE":0,"SALEDATE":1706245200000},"geometry":{"type":"Polygon","coordinates":[[[-82.83316121437716,40.06025404583812],[-82.83342779721006,40.0600700953794],[-82.83278154953139,40.05951975296477],[-82.83246318522954,40.05973967665488],[-82.83306033398037,40.06024995302149],[-82.83307157323924,40.06025733627312],[-82.83308381468015,40.06026290228322],[-82.83309676676039,40.06026651849144],[-82.83311012101258,40.060268098773975],[-82.8331235593912,40.060267605494744],[-82.83313676184719,40.06026505040171],[-82.8331494139502,40.0602604943471],[-82.83316121437716,40.06025404583812]]]}},{"type":"Feature","properties":{"PARCELID":"222-001344","SITEADDRESS":"5124 WHYTE HOUSE LN","RESYRBLT":1993,"RESFLRAREA_AG":3016,"STATEDAREA":32312,"ACRES":0.74178458,"SCHLDSCRP":"NEW ALBANY-PLAIN LSD","CVTTXDSCRP":"PLAIN TWP-NEW ALBANY CORP","CLASSCD":"510","CLASSDSCRP":"SINGLE FAMILY DWELLING, PLATTED LOT","SALEPRICE":497000,"SALEDATE":1357880400000},"geometry":{"type":"Polygon","coordinates":[[[-82.83310050069257,40.05929944486502],[-82.83278192451937,40.05951949342716],[-82.83278154953139,40.05951975296477],[-82.83342779721006,40.0600700953794],[-82.83352511753141,40.06000293886092],[-82.83369292854631,40.05988609618525],[-82.8336992544363,40.059881788525246],[-82.83370478916588,40.05987650273418],[-82.83370938318312,40.059870381637516],[-82.83371291235473,40.05986359063122],[-82.83371528132022,40.059856313212634],[-82.83371642606863,40.05984874602228],[-82.83371631566813,40.0598410935305],[-82.83371495310179,40.05983356251252],[-82.83371237518706,40.05982635646129],[-82.83370865158082,40.059819670088935],[-82.83370388289731,40.05981368406552],[-82.83369819798942,40.059808560137235],[-82.83348293410388,40.0596253364683],[-82.83310050069257,40.05929944486502]]]}},{"type":"Feature","properties":{"PARCELID":"222-001793","SITEADDRESS":"5714 THOMPSON RD","RESYRBLT":1905,"RESFLRAREA_AG":2104,"STATEDAREA":28689,"ACRES":0.65861818,"SCHLDSCRP":"NEW ALBANY-PLAIN LSD","CVTTXDSCRP":"PLAIN TWP-NEW ALBANY CORP","CLASSCD":"511","CLASSDSCRP":"SINGLE FAMILY, O-9.999 AC","SALEPRICE":0,"SALEDATE":1228712400000},"geometry":{"type":"Polygon","coordinates":[[[-82.83952130685168,40.06316840065902],[-82.83940339992404,40.06313286449354],[-82.83933545271704,40.063114599871],[-82.83926684457397,40.063099000445376],[-82.83919491560185,40.063087055372364],[-82.83912251509852,40.0630784165693],[-82.83907059915316,40.06385953753266],[-82.8394075857099,40.06387613389669],[-82.83951159572825,40.06322827162327],[-82.83952130685168,40.06316840065902]]]}},{"type":"Feature","properties":{"PARCELID":"222-003223","SITEADDRESS":"4071 WESTBURY","RESYRBLT":2004,"RESFLRAREA_AG":3923,"STATEDAREA":9436,"ACRES":0.21662872,"SCHLDSCRP":"NEW ALBANY-PLAIN LSD","CVTTXDSCRP":"PLAIN TWP-NEW ALBANY CORP","CLASSCD":"510","CLASSDSCRP":"SINGLE FAMILY DWELLING, PLATTED LOT","SALEPRICE":650000,"SALEDATE":1518411600000},"geometry":{"type":"Polygon","coordinates":[[[-82.82989744443337,40.064606489903746],[-82.83042274720361,40.06462396749451],[-82.83041887084941,40.06444527388391],[-82.82990748294421,40.064428314695284],[-82.82989744443337,40.064606489903746]]]}},{"type":"Feature","properties":{"PARCELID":"222-003224","SITEADDRESS":"4061 WESTBURY","RESYRBLT":2004,"RESFLRAREA_AG":3376,"STATEDAREA":9183,"ACRES":0.21082055,"SCHLDSCRP":"NEW ALBANY-PLAIN LSD","CVTTXDSCRP":"PLAIN TWP-NEW ALBANY CORP","CLASSCD":"510","CLASSDSCRP":"SINGLE FAMILY DWELLING, PLATTED LOT","SALEPRICE":892500,"SALEDATE":1690779600000},"geometry":{"type":"Polygon","coordinates":[[[-82.82990748294421,40.064428314695284],[-82.83041887084941,40.06444527388391],[-82.83041499452378,40.06426658206219],[-82.82991752250284,40.06425012416043],[-82.82990748294421,40.064428314695284]]]}},{"type":"Feature","properties":{"PARCELID":"222-003225","SITEADDRESS":"4051 WESTBURY","RESYRBLT":2004,"RESFLRAREA_AG":3697,"STATEDAREA":8937,"ACRES":0.20515463,"SCHLDSCRP":"NEW ALBANY-PLAIN LSD","CVTTXDSCRP":"PLAIN TWP-NEW ALBANY CORP","CLASSCD":"510","CLASSDSCRP":"SINGLE FAMILY DWELLING, PLATTED LOT","SALEPRICE":575000,"SALEDATE":1200632400000},"geometry":{"type":"Polygon","coordinates":[[[-82.82991752250284,40.06425012416043],[-82.83041499452378,40.06426658206219],[-82.83041111937736,40.06408788752313],[-82.8299275760098,40.06407167329691],[-82.82991752250284,40.06425012416043]]]}},{"type":"Feature","properties":{"PARCELID":"222-003226","SITEADDRESS":"4041 WESTBURY","RESYRBLT":2011,"RESFLRAREA_AG":4513,"STATEDAREA":8688,"ACRES":0.19945514,"SCHLDSCRP":"NEW ALBANY-PLAIN LSD","CVTTXDSCRP":"PLAIN TWP-NEW ALBANY CORP","CLASSCD":"510","CLASSDSCRP":"SINGLE FAMILY DWELLING, PLATTED LOT","SALEPRICE":0,"SALEDATE":1658725200000},"geometry":{"type":"Polygon","coordinates":[[[-82.83041160453567,40.063909178011066],[-82.82993814412683,40.06389348845683],[-82.82993623841206,40.06391792827183],[-82.8299275760098,40.06407167329691],[-82.83041111937736,40.06408788752313],[-82.83040840405607,40.06396272020113],[-82.83040892747233,40.06393588473907],[-82.83041160453567,40.063909178011066]]]}},{"type":"Feature","properties":{"PARCELID":"222-003227","SITEADDRESS":"4031 WESTBURY","RESYRBLT":2011,"RESFLRAREA_AG":4081,"STATEDAREA":9907,"ACRES":0.22742333,"SCHLDSCRP":"NEW ALBANY-PLAIN LSD","CVTTXDSCRP":"PLAIN TWP-NEW ALBANY CORP","CLASSCD":"510","CLASSDSCRP":"SINGLE FAMILY DWELLING, PLATTED LOT","SALEPRICE":520131,"SALEDATE":1323147600000},"geometry":{"type":"Polygon","coordinates":[[[-82.83001844406999,40.06363357102205],[-82.82998865445856,40.063695188413156],[-82.82996519459667,40.06375948272641],[-82.82994830103823,40.063825805659995],[-82.82993814412683,40.06389348845683],[-82.83041160453567,40.063909178011066],[-82.83042166251245,40.06386217440698],[-82.8304379092354,40.06381693564387],[-82.83046005348551,40.063774272616776],[-82.83001844406999,40.06363357102205]]]}},{"type":"Feature","properties":{"PARCELID":"222-003228","SITEADDRESS":"4021 WESTBURY","RESYRBLT":2005,"RESFLRAREA_AG":3105,"STATEDAREA":10026,"ACRES":0.23017193,"SCHLDSCRP":"NEW ALBANY-PLAIN LSD","CVTTXDSCRP":"PLAIN TWP-NEW ALBANY CORP","CLASSCD":"510","CLASSDSCRP":"SINGLE FAMILY DWELLING, PLATTED LOT","SALEPRICE":1100000,"SALEDATE":1683867600000},"geometry":{"type":"Polygon","coordinates":[[[-82.8301956171483,40.06341124393708],[-82.83014434014316,40.06346092670059],[-82.83009749631708,40.063514809575445],[-82.83005542837192,40.06357249836322],[-82.83001844406999,40.06363357102205],[-82.83046005348551,40.063774272616776],[-82.83047537435489,40.06375062272916],[-82.83050267770872,40.06371563722573],[-82.83053322227873,40.06368344269475],[-82.8305667243254,40.06365433820283],[-82.8304745292457,40.063593871120716],[-82.8301964354989,40.063411779302356],[-82.8301956171483,40.06341124393708]]]}},{"type":"Feature","properties":{"PARCELID":"222-003229","SITEADDRESS":"4011 WESTBURY","RESYRBLT":2006,"RESFLRAREA_AG":3953,"STATEDAREA":10207,"ACRES":0.23431448,"SCHLDSCRP":"NEW ALBANY-PLAIN LSD","CVTTXDSCRP":"PLAIN TWP-NEW ALBANY CORP","CLASSCD":"510","CLASSDSCRP":"SINGLE FAMILY DWELLING, PLATTED LOT","SALEPRICE":1566900,"SALEDATE":1784696400000},"geometry":{"type":"Polygon","coordinates":[[[-82.8304745292457,40.063593871120716],[-82.8305667243254,40.06365433820283],[-82.83061366231641,40.063621070065444],[-82.8306636668352,40.063592618491406],[-82.83071624533838,40.06356926372809],[-82.83047296676015,40.063265840664656],[-82.83045322588004,40.06324149772859],[-82.8303843580693,40.063276785538015],[-82.83031823694049,40.0633169850551],[-82.83025521219251,40.06336188367416],[-82.8301956171483,40.06341124393708],[-82.8301964354989,40.063411779302356],[-82.8304745292457,40.063593871120716]]]}},{"type":"Feature","properties":{"PARCELID":"222-003230","SITEADDRESS":"4001 WESTBURY","RESYRBLT":2010,"RESFLRAREA_AG":3090,"STATEDAREA":12473,"ACRES":0.28634918,"SCHLDSCRP":"NEW ALBANY-PLAIN LSD","CVTTXDSCRP":"PLAIN TWP-NEW ALBANY CORP","CLASSCD":"510","CLASSDSCRP":"SINGLE FAMILY DWELLING, PLATTED LOT","SALEPRICE":0,"SALEDATE":1737608400000},"geometry":{"type":"Polygon","coordinates":[[[-82.83045322588004,40.06324149772859],[-82.83047296676015,40.063265840664656],[-82.83071624533838,40.06356926372809],[-82.83077860786632,40.06354831528535],[-82.83084270142395,40.06353348497808],[-82.83085291033102,40.06353176751349],[-82.83086267448604,40.063528327637805],[-82.83087170557806,40.06352326692193],[-82.8308797369416,40.0635167347961],[-82.83088653143065,40.06350892413758],[-82.83089188842104,40.063500065575504],[-82.83089564973429,40.06349042068096],[-82.83089770430824,40.06348027424345],[-82.83087300668393,40.06320187853187],[-82.83087114498002,40.06319341223902],[-82.83086793647756,40.06318535931607],[-82.83086346592106,40.063177932460704],[-82.83085785138903,40.063171327834596],[-82.83085124117517,40.06316571988231],[-82.83084380987164,40.063161256723795],[-82.83083078225992,40.06315301858626],[-82.83081906595307,40.063146709626196],[-82.83080652920373,40.063142248153405],[-82.83079346132102,40.063139737124764],[-82.83078016387094,40.063139234487004],[-82.8307669437172,40.06314075183943],[-82.83069165743677,40.063157003663214],[-82.83061747075219,40.06317770346093],[-82.83054464620658,40.063202777976954],[-82.83047344152259,40.06323213847377],[-82.83047280760653,40.06323242755126],[-82.83045322588004,40.06324149772859]]]}},{"type":"Feature","properties":{"PARCELID":"222-003231","SITEADDRESS":"3995 HOLKHAM","RESYRBLT":2010,"RESFLRAREA_AG":3720,"STATEDAREA":10103,"ACRES":0.23192976,"SCHLDSCRP":"NEW ALBANY-PLAIN LSD","CVTTXDSCRP":"PLAIN TWP-NEW ALBANY CORP","CLASSCD":"510","CLASSDSCRP":"SINGLE FAMILY DWELLING, PLATTED LOT","SALEPRICE":527876,"SALEDATE":1297314000000},"geometry":{"type":"Polygon","coordinates":[[[-82.83110617065265,40.06298496805483],[-82.83110734524182,40.06298671283122],[-82.83110872384346,40.062988716408746],[-82.83111760120882,40.06300446770367],[-82.83112378718836,40.06302145724648],[-82.83112711570257,40.063039228906526],[-82.83112749738841,40.0630573055551],[-82.83112492199848,40.06307520187523],[-82.83111945867614,40.063092437391376],[-82.8311112540992,40.06310854936906],[-82.83110052854192,40.063123105238276],[-82.83157700139203,40.06313837992829],[-82.83158655334758,40.063016552559276],[-82.83158421889257,40.06300045991585],[-82.8315793787117,40.06298493588603],[-82.83157215365229,40.06297036806638],[-82.83156272410618,40.06295712017927],[-82.83155132550577,40.06294552299161],[-82.83153824244589,40.06293586605645],[-82.8315238015781,40.062928390483535],[-82.83150836345511,40.0629232829194],[-82.83149231352861,40.06292067088726],[-82.83147605252549,40.06292061960309],[-82.83117503140116,40.06290656947312],[-82.83116524357808,40.06290482845125],[-82.83115530224264,40.06290477858026],[-82.83114549744485,40.06290642131519],[-82.83113611525113,40.06290970872735],[-82.8311274293979,40.06291454490263],[-82.83111969330506,40.062920788740016],[-82.83111313268212,40.062928258068254],[-82.83110793894289,40.062936734961],[-82.8311042636208,40.06294597209503],[-82.83110221394762,40.0629556999662],[-82.83110184972494,40.062965634752544],[-82.83110318157944,40.06297548659508],[-82.83110617065265,40.06298496805483]]]}},{"type":"Feature","properties":{"PARCELID":"222-003232","SITEADDRESS":"4005 HOLKHAM","RESYRBLT":2005,"RESFLRAREA_AG":3394,"STATEDAREA":10205,"ACRES":0.23427936,"SCHLDSCRP":"NEW ALBANY-PLAIN LSD","CVTTXDSCRP":"PLAIN TWP-NEW ALBANY CORP","CLASSCD":"510","CLASSDSCRP":"SINGLE FAMILY DWELLING, PLATTED LOT","SALEPRICE":565000,"SALEDATE":1510117200000},"geometry":{"type":"Polygon","coordinates":[[[-82.8310729090625,40.06314924402652],[-82.83106631851267,40.063154503275555],[-82.83106074093656,40.06316082669965],[-82.83105634568027,40.0631680223073],[-82.83105326619233,40.06317587162584],[-82.83105159597201,40.063184136334634],[-82.83105138573046,40.06319256550102],[-82.83106445367739,40.06333992985782],[-82.83156324458989,40.063313839721026],[-82.83157700139203,40.06313837992829],[-82.83110052854192,40.063123105238276],[-82.83108753998893,40.063137042337104],[-82.8310729090625,40.06314924402652]]]}},{"type":"Feature","properties":{"PARCELID":"222-003233","SITEADDRESS":"4015 HOLKHAM","RESYRBLT":2011,"RESFLRAREA_AG":4190,"STATEDAREA":8842,"ACRES":0.20298624,"SCHLDSCRP":"NEW ALBANY-PLAIN LSD","CVTTXDSCRP":"PLAIN TWP-NEW ALBANY CORP","CLASSCD":"510","CLASSDSCRP":"SINGLE FAMILY DWELLING, PLATTED LOT","SALEPRICE":0,"SALEDATE":1395378000000},"geometry":{"type":"Polygon","coordinates":[[[-82.83156324458989,40.063313839721026],[-82.83106445367739,40.06333992985782],[-82.831080214154,40.06351777049151],[-82.83155399529913,40.063493132391436],[-82.83155602656598,40.063420766016854],[-82.83156052449922,40.063348511004484],[-82.83156324458989,40.063313839721026]]]}},{"type":"Feature","properties":{"PARCELID":"222-003234","SITEADDRESS":"4025 HOLKHAM","RESYRBLT":2010,"RESFLRAREA_AG":3147,"STATEDAREA":8522,"ACRES":0.19563774,"SCHLDSCRP":"NEW ALBANY-PLAIN LSD","CVTTXDSCRP":"PLAIN TWP-NEW ALBANY CORP","CLASSCD":"510","CLASSDSCRP":"SINGLE FAMILY DWELLING, PLATTED LOT","SALEPRICE":503401,"SALEDATE":1642568400000},"geometry":{"type":"Polygon","coordinates":[[[-82.83155399529913,40.063493132391436],[-82.831080214154,40.06351777049151],[-82.83109600296808,40.063695883015875],[-82.83155950473173,40.063671532334034],[-82.83155487287367,40.06358239033353],[-82.83155399529913,40.063493132391436]]]}},{"type":"Feature","properties":{"PARCELID":"222-003235","SITEADDRESS":"4035 HOLKHAM","RESYRBLT":2010,"RESFLRAREA_AG":3817,"STATEDAREA":8452,"ACRES":0.19403231,"SCHLDSCRP":"NEW ALBANY-PLAIN LSD","CVTTXDSCRP":"PLAIN TWP-NEW ALBANY CORP","CLASSCD":"510","CLASSDSCRP":"SINGLE FAMILY DWELLING, PLATTED LOT","SALEPRICE":1425000,"SALEDATE":1782795600000},"geometry":{"type":"Polygon","coordinates":[[[-82.83155950473173,40.063671532334034],[-82.83109600296808,40.063695883015875],[-82.8311117942161,40.06387399732064],[-82.83157503571205,40.06384963290608],[-82.83156222359274,40.063705276849795],[-82.83155950473173,40.063671532334034]]]}},{"type":"Feature","properties":{"PARCELID":"222-003236","SITEADDRESS":"4045 HOLKHAM","RESYRBLT":2011,"RESFLRAREA_AG":4183,"STATEDAREA":8446,"ACRES":0.19389775,"SCHLDSCRP":"NEW ALBANY-PLAIN LSD","CVTTXDSCRP":"PLAIN TWP-NEW ALBANY CORP","CLASSCD":"510","CLASSDSCRP":"SINGLE FAMILY DWELLING, PLATTED LOT","SALEPRICE":0,"SALEDATE":1675054800000},"geometry":{"type":"Polygon","coordinates":[[[-82.8311117942161,40.06387399732064],[-82.83112755844745,40.06405183700137],[-82.83159084697023,40.06402774528195],[-82.83157503571205,40.06384963290608],[-82.8311117942161,40.06387399732064]]]}},{"type":"Feature","properties":{"PARCELID":"222-003237","SITEADDRESS":"4055 HOLKHAM","RESYRBLT":2005,"RESFLRAREA_AG":3976,"STATEDAREA":8446,"ACRES":0.19389745,"SCHLDSCRP":"NEW ALBANY-PLAIN LSD","CVTTXDSCRP":"PLAIN TWP-NEW ALBANY CORP","CLASSCD":"510","CLASSDSCRP":"SINGLE FAMILY DWELLING, PLATTED LOT","SALEPRICE":0,"SALEDATE":1708491600000},"geometry":{"type":"Polygon","coordinates":[[[-82.83112755844745,40.06405183700137],[-82.83114334741866,40.06422993147125],[-82.83160663473488,40.06420558482518],[-82.83159084697023,40.06402774528195],[-82.83112755844745,40.06405183700137]]]}},{"type":"Feature","properties":{"PARCELID":"222-003238","SITEADDRESS":"4065 HOLKHAM","RESYRBLT":2011,"RESFLRAREA_AG":3844,"STATEDAREA":8453,"ACRES":0.1940609,"SCHLDSCRP":"NEW ALBANY-PLAIN LSD","CVTTXDSCRP":"PLAIN TWP-NEW ALBANY CORP","CLASSCD":"510","CLASSDSCRP":"SINGLE FAMILY DWELLING, PLATTED LOT","SALEPRICE":850000,"SALEDATE":1615784400000},"geometry":{"type":"Polygon","coordinates":[[[-82.83114334741866,40.06422993147125],[-82.83115910844296,40.064408047620546],[-82.8316224460649,40.06438367826014],[-82.83160663473488,40.06420558482518],[-82.83114334741866,40.06422993147125]]]}},{"type":"Feature","properties":{"PARCELID":"222-003239","SITEADDRESS":"4075 HOLKHAM","RESYRBLT":2010,"RESFLRAREA_AG":3434,"STATEDAREA":8448,"ACRES":0.19393067,"SCHLDSCRP":"NEW ALBANY-PLAIN LSD","CVTTXDSCRP":"PLAIN TWP-NEW ALBANY CORP","CLASSCD":"510","CLASSDSCRP":"SINGLE FAMILY DWELLING, PLATTED LOT","SALEPRICE":478700,"SALEDATE":1284958800000},"geometry":{"type":"Polygon","coordinates":[[[-82.83115910844296,40.064408047620546],[-82.83117490221169,40.06458588537502],[-82.83163825639868,40.06456179149735],[-82.8316224460649,40.06438367826014],[-82.83115910844296,40.064408047620546]]]}},{"type":"Feature","properties":{"PARCELID":"222-003250","SITEADDRESS":"4070 HOLKHAM","RESYRBLT":2006,"RESFLRAREA_AG":3769,"STATEDAREA":9308,"ACRES":0.21369005,"SCHLDSCRP":"NEW ALBANY-PLAIN LSD","CVTTXDSCRP":"PLAIN TWP-NEW ALBANY CORP","CLASSCD":"510","CLASSDSCRP":"SINGLE FAMILY DWELLING, PLATTED LOT","SALEPRICE":749500,"SALEDATE":1527656400000},"geometry":{"type":"Polygon","coordinates":[[[-82.83047925471807,40.06458592443251],[-82.83048002876404,40.06462243299855],[-82.83099663201261,40.0645951748559],[-82.8309808340016,40.0644173352901],[-82.83047613361984,40.064443762857984],[-82.83047925471807,40.06458592443251]]]}},{"type":"Feature","properties":{"PARCELID":"222-003251","SITEADDRESS":"4060 HOLKHAM","RESYRBLT":2005,"RESFLRAREA_AG":3060,"STATEDAREA":9100,"ACRES":0.20890122,"SCHLDSCRP":"NEW ALBANY-PLAIN LSD","CVTTXDSCRP":"PLAIN TWP-NEW ALBANY CORP","CLASSCD":"510","CLASSDSCRP":"SINGLE FAMILY DWELLING, PLATTED LOT","SALEPRICE":0,"SALEDATE":1358485200000},"geometry":{"type":"Polygon","coordinates":[[[-82.83047221249436,40.06426504774776],[-82.83047613361984,40.064443762857984],[-82.8309808340016,40.0644173352901],[-82.83096501836431,40.064239223775665],[-82.83047772487659,40.064264756659995],[-82.83047221249436,40.06426504774776]]]}},{"type":"Feature","properties":{"PARCELID":"222-003252","SITEADDRESS":"4050 HOLKHAM","RESYRBLT":2006,"RESFLRAREA_AG":3567,"STATEDAREA":8872,"ACRES":0.20366865,"SCHLDSCRP":"NEW ALBANY-PLAIN LSD","CVTTXDSCRP":"PLAIN TWP-NEW ALBANY CORP","CLASSCD":"510","CLASSDSCRP":"SINGLE FAMILY DWELLING, PLATTED LOT","SALEPRICE":1420000,"SALEDATE":1779166800000},"geometry":{"type":"Polygon","coordinates":[[[-82.83046829149204,40.06408635423962],[-82.83047221249436,40.06426504774776],[-82.83047772487659,40.064264756659995],[-82.83096501836431,40.064239223775665],[-82.83094927216622,40.06406140024709],[-82.83047687366239,40.064086055420184],[-82.83046829149204,40.06408635423962]]]}},{"type":"Feature","properties":{"PARCELID":"222-003253","SITEADDRESS":"4040 HOLKHAM","RESYRBLT":2012,"RESFLRAREA_AG":3937,"STATEDAREA":8653,"ACRES":0.1986549,"SCHLDSCRP":"NEW ALBANY-PLAIN LSD","CVTTXDSCRP":"PLAIN TWP-NEW ALBANY CORP","CLASSCD":"510","CLASSDSCRP":"SINGLE FAMILY DWELLING, PLATTED LOT","SALEPRICE":555097,"SALEDATE":1353992400000},"geometry":{"type":"Polygon","coordinates":[[[-82.83094927216622,40.06406140024709],[-82.83093346840374,40.063883286870066],[-82.83047602245256,40.06390735416827],[-82.83046959114999,40.063907646939484],[-82.83046938607566,40.06390765742285],[-82.8304662398633,40.06393474691534],[-82.8304655635787,40.06396201011205],[-82.83046829149204,40.06408635423962],[-82.83047687366239,40.064086055420184],[-82.83094927216622,40.06406140024709]]]}},{"type":"Feature","properties":{"PARCELID":"222-003254","SITEADDRESS":"4030 HOLKHAM","RESYRBLT":2005,"RESFLRAREA_AG":3546,"STATEDAREA":10846,"ACRES":0.24899325,"SCHLDSCRP":"NEW ALBANY-PLAIN LSD","CVTTXDSCRP":"PLAIN TWP-NEW ALBANY CORP","CLASSCD":"510","CLASSDSCRP":"SINGLE FAMILY DWELLING, PLATTED LOT","SALEPRICE":600000,"SALEDATE":1640754000000},"geometry":{"type":"Polygon","coordinates":[[[-82.83047572591425,40.06387782758392],[-82.83046938607566,40.06390765742285],[-82.83046959114999,40.063907646939484],[-82.83047602245256,40.06390735416827],[-82.83093346840374,40.063883286870066],[-82.83091123467598,40.063632736556016],[-82.83090712965482,40.063621671789015],[-82.83090127467871,40.06361142486156],[-82.83089382659763,40.06360227028042],[-82.83088498493957,40.0635944532893],[-82.83087498656528,40.063588183298954],[-82.83086409932297,40.06358362827727],[-82.83085261487292,40.06358091024955],[-82.83084084087412,40.063580102029505],[-82.8308290927423,40.0635812252687],[-82.83081768520026,40.063584249876456],[-82.83076670750184,40.06359665668658],[-82.83071753887182,40.06361496243692],[-82.8306708593304,40.06363891395225],[-82.83062731447276,40.063668179974314],[-82.83058750654028,40.06370235574329],[-82.83055198609127,40.063740968595745],[-82.83052124438655,40.06378348450177],[-82.8304957065952,40.063829315450775],[-82.83047572591425,40.06387782758392]]]}},{"type":"Feature","properties":{"PARCELID":"222-003590","SITEADDRESS":"4086 E CHELSEA GREEN","RESYRBLT":2007,"RESFLRAREA_AG":2928,"STATEDAREA":15583,"ACRES":0.35773464,"SCHLDSCRP":"NEW ALBANY-PLAIN LSD","CVTTXDSCRP":"PLAIN TWP-NEW ALBANY CORP","CLASSCD":"510","CLASSDSCRP":"SINGLE FAMILY DWELLING, PLATTED LOT","SALEPRICE":677000,"SALEDATE":1441774800000},"geometry":{"type":"Polygon","coordinates":[[[-82.83225966738289,40.064745942078424],[-82.83230913359388,40.064775811003294],[-82.83236137947054,40.06480049758014],[-82.83241586389225,40.06481974612535],[-82.83247202255343,40.06483335727806],[-82.83252927380803,40.06484119006493],[-82.83258702469382,40.064843163360294],[-82.83264467707377,40.06483925672636],[-82.83270081358219,40.06483307994202],[-82.83271042119438,40.064832525210186],[-82.83271981538182,40.06483043638719],[-82.83272875280618,40.064826867579974],[-82.8327370019607,40.06482191123161],[-82.83274434916689,40.06481569572678],[-82.83275060410953,40.064808382066154],[-82.83275560476638,40.06480015969604],[-82.83275922160504,40.06479124160111],[-82.83276136093828,40.06478185878743],[-82.83276196735078,40.06477225429873],[-82.83276178048168,40.064771173194806],[-82.83274553157682,40.064681371609744],[-82.83273738404816,40.064622780899995],[-82.83273442400845,40.06456370051698],[-82.83273667442388,40.064504588850426],[-82.83273562174982,40.06449520899261],[-82.83273307706115,40.064486119745396],[-82.83272910635485,40.06447755684012],[-82.83272381261193,40.06446974235733],[-82.83271733312661,40.06446287896711],[-82.83270983594555,40.06445714467278],[-82.83270151550956,40.06445268819432],[-82.83269258761068,40.06444962511136],[-82.83268328379569,40.064448034865514],[-82.83262432730056,40.06443428836567],[-82.83256641884279,40.06441664055864],[-82.83250981627404,40.06439517002566],[-82.8322599060536,40.064745603674794],[-82.83225966738289,40.064745942078424]]]}},{"type":"Feature","properties":{"PARCELID":"222-003591","SITEADDRESS":"4076 E CHELSEA GREEN","RESYRBLT":2008,"RESFLRAREA_AG":3769,"STATEDAREA":10673,"ACRES":0.24502686,"SCHLDSCRP":"NEW ALBANY-PLAIN LSD","CVTTXDSCRP":"PLAIN TWP-NEW ALBANY CORP","CLASSCD":"510","CLASSDSCRP":"SINGLE FAMILY DWELLING, PLATTED LOT","SALEPRICE":747000,"SALEDATE":1473310800000},"geometry":{"type":"Polygon","coordinates":[[[-82.83234065551989,40.064298512273055],[-82.83200932008764,40.06455634882135],[-82.8322491935836,40.06473822644052],[-82.83225966738289,40.064745942078424],[-82.8322599060536,40.064745603674794],[-82.83250981627404,40.06439517002566],[-82.83245080410214,40.06436769730879],[-82.83239428616801,40.06433540319588],[-82.83234065551989,40.064298512273055]]]}},{"type":"Feature","properties":{"PARCELID":"222-003592","SITEADDRESS":"4066 E CHELSEA GREEN","RESYRBLT":2011,"RESFLRAREA_AG":4066,"STATEDAREA":10097,"ACRES":0.23179783,"SCHLDSCRP":"NEW ALBANY-PLAIN LSD","CVTTXDSCRP":"PLAIN TWP-NEW ALBANY CORP","CLASSCD":"510","CLASSDSCRP":"SINGLE FAMILY DWELLING, PLATTED LOT","SALEPRICE":0,"SALEDATE":1549256400000},"geometry":{"type":"Polygon","coordinates":[[[-82.83200932008764,40.06455634882135],[-82.83234065551989,40.064298512273055],[-82.83229531513403,40.064261109615266],[-82.8322536284668,40.064219673747054],[-82.8322159528886,40.0641745598888],[-82.83179403156349,40.06436178464465],[-82.83179387482963,40.064361854434146],[-82.83179632984931,40.06436490957854],[-82.83179642889404,40.064365031781946],[-82.83184180082463,40.06441619267038],[-82.83189111201739,40.06446356834833],[-82.83194404773597,40.06450685643318],[-82.83200932008764,40.06455634882135]]]}},{"type":"Feature","properties":{"PARCELID":"222-003593","SITEADDRESS":"4056 E CHELSEA GREEN","RESYRBLT":2010,"RESFLRAREA_AG":4142,"STATEDAREA":11051,"ACRES":0.25371158,"SCHLDSCRP":"NEW ALBANY-PLAIN LSD","CVTTXDSCRP":"PLAIN TWP-NEW ALBANY CORP","CLASSCD":"510","CLASSDSCRP":"SINGLE FAMILY DWELLING, PLATTED LOT","SALEPRICE":676290,"SALEDATE":1303966800000},"geometry":{"type":"Polygon","coordinates":[[[-82.8316634417151,40.06410632314028],[-82.83168062493222,40.06416150599648],[-82.83170243350757,40.06421502979129],[-82.83172870979612,40.0642665076237],[-82.83175926385762,40.06431556738211],[-82.83179387482963,40.064361854434146],[-82.83179403156349,40.06436178464465],[-82.8322159528886,40.0641745598888],[-82.83218316643297,40.064125924494434],[-82.83215611210862,40.06407388204261],[-82.83213513958331,40.06401910516391],[-82.8316634417151,40.06410632314028]]]}},{"type":"Feature","properties":{"PARCELID":"222-003594","SITEADDRESS":"4046 E CHELSEA GREEN","RESYRBLT":2007,"RESFLRAREA_AG":3546,"STATEDAREA":10441,"ACRES":0.23969598,"SCHLDSCRP":"NEW ALBANY-PLAIN LSD","CVTTXDSCRP":"PLAIN TWP-NEW ALBANY CORP","CLASSCD":"510","CLASSDSCRP":"SINGLE FAMILY DWELLING, PLATTED LOT","SALEPRICE":956000,"SALEDATE":1655096400000},"geometry":{"type":"Polygon","coordinates":[[[-82.83163180848686,40.06384233537384],[-82.83164655879837,40.06400836904616],[-82.83165298373078,40.06405769365235],[-82.8316634417151,40.06410632314028],[-82.83213513958331,40.06401910516391],[-82.83212187867707,40.063966349050105],[-82.8321150073018,40.06391238755105],[-82.83211462363577,40.06385799166905],[-82.83163180848686,40.06384233537384]]]}},{"type":"Feature","properties":{"PARCELID":"222-003595","SITEADDRESS":"4036 E CHELSEA GREEN","RESYRBLT":2011,"RESFLRAREA_AG":4669,"STATEDAREA":9253,"ACRES":0.2124281,"SCHLDSCRP":"NEW ALBANY-PLAIN LSD","CVTTXDSCRP":"PLAIN TWP-NEW ALBANY CORP","CLASSCD":"510","CLASSDSCRP":"SINGLE FAMILY DWELLING, PLATTED LOT","SALEPRICE":835000,"SALEDATE":1618376400000},"geometry":{"type":"Polygon","coordinates":[[[-82.83161574686616,40.06365599751913],[-82.83161937239672,40.06370237054023],[-82.83163180848686,40.06384233537384],[-82.83211462363577,40.06385799166905],[-82.83211539432605,40.063846607573765],[-82.83212861217726,40.06367979063117],[-82.83161574686616,40.06365599751913]]]}},{"type":"Feature","properties":{"PARCELID":"222-003596","SITEADDRESS":"4026 CHELSEA GREEN E","RESYRBLT":2012,"RESFLRAREA_AG":4120,"STATEDAREA":9542,"ACRES":0.21905972,"SCHLDSCRP":"NEW ALBANY-PLAIN LSD","CVTTXDSCRP":"PLAIN TWP-NEW ALBANY CORP","CLASSCD":"510","CLASSDSCRP":"SINGLE FAMILY DWELLING, PLATTED LOT","SALEPRICE":866000,"SALEDATE":1626930000000},"geometry":{"type":"Polygon","coordinates":[[[-82.83161144299513,40.06347701958627],[-82.8316116620313,40.063566555033006],[-82.83161574686616,40.06365599751913],[-82.83212861217726,40.06367979063117],[-82.8321427308509,40.063501609925545],[-82.83214252451538,40.0635016015026],[-82.83161144299513,40.06347701958627]]]}},{"type":"Feature","properties":{"PARCELID":"222-003597","SITEADDRESS":"4016 E CHELSEA GREEN","RESYRBLT":2013,"RESFLRAREA_AG":4561,"STATEDAREA":9651,"ACRES":0.22155426,"SCHLDSCRP":"NEW ALBANY-PLAIN LSD","CVTTXDSCRP":"PLAIN TWP-NEW ALBANY CORP","CLASSCD":"510","CLASSDSCRP":"SINGLE FAMILY DWELLING, PLATTED LOT","SALEPRICE":1300000,"SALEDATE":1717563600000},"geometry":{"type":"Polygon","coordinates":[[[-82.83214252451538,40.0635016015026],[-82.8321427308509,40.063501609925545],[-82.8321525021262,40.06337829319521],[-82.83215107101483,40.06336851946207],[-82.83214811314114,40.063359094764586],[-82.83214370286063,40.063350256022304],[-82.83213795103963,40.06334222542492],[-82.8321310022683,40.06333520484685],[-82.83212303122598,40.0633293707725],[-82.83211423828996,40.063324869859755],[-82.83210484449847,40.06332181525325],[-82.83209508599413,40.0633202837402],[-82.83208520808775,40.063320313819986],[-82.83206769864479,40.06331954103872],[-82.83162190699124,40.06329857365875],[-82.83162172644286,40.06329856516209],[-82.8316175836962,40.06335144180596],[-82.83161356028977,40.06341418409208],[-82.83161144299513,40.06347701958627],[-82.83214252451538,40.0635016015026]]]}},{"type":"Feature","properties":{"PARCELID":"222-003598","SITEADDRESS":"4006 E CHELSEA GREEN","RESYRBLT":2012,"RESFLRAREA_AG":3996,"STATEDAREA":8126,"ACRES":0.1865562,"SCHLDSCRP":"NEW ALBANY-PLAIN LSD","CVTTXDSCRP":"PLAIN TWP-NEW ALBANY CORP","CLASSCD":"510","CLASSDSCRP":"SINGLE FAMILY DWELLING, PLATTED LOT","SALEPRICE":601183,"SALEDATE":1377234000000},"geometry":{"type":"Polygon","coordinates":[[[-82.83162190699124,40.06329857365875],[-82.83206769864479,40.06331954103872],[-82.83208158527208,40.06314135016465],[-82.83163588509231,40.06312064465875],[-82.83163566467974,40.06312063357282],[-82.83162172644286,40.06329856516209],[-82.83162190699124,40.06329857365875]]]}},{"type":"Feature","properties":{"PARCELID":"222-003599","SITEADDRESS":"3996 E CHELSEA GREEN","RESYRBLT":2013,"RESFLRAREA_AG":4712,"STATEDAREA":11268,"ACRES":0.25867513,"SCHLDSCRP":"NEW ALBANY-PLAIN LSD","CVTTXDSCRP":"PLAIN TWP-NEW ALBANY CORP","CLASSCD":"510","CLASSDSCRP":"SINGLE FAMILY DWELLING, PLATTED LOT","SALEPRICE":730000,"SALEDATE":1438837200000},"geometry":{"type":"Polygon","coordinates":[[[-82.83163566467974,40.06312063357282],[-82.83163588509231,40.06312064465875],[-82.83208158527208,40.06314135016465],[-82.83210001453956,40.0629057676148],[-82.83147966650657,40.06287677397272],[-82.83150379915314,40.06287686545216],[-82.83152761631084,40.062880755953266],[-82.83155052368457,40.062888348398744],[-82.83157194968054,40.06289945333889],[-82.83159135966889,40.062913793678895],[-82.83160826932397,40.06293101159295],[-82.83162225670942,40.0629506774529],[-82.83163297280649,40.062972300548495],[-82.83164015022294,40.062995341331735],[-82.83164360986503,40.063019224879966],[-82.83163566467974,40.06312063357282]]]}},{"type":"Feature","properties":{"PARCELID":"222-003600","SITEADDRESS":"4007 E CHELSEA GREEN","RESYRBLT":2013,"RESFLRAREA_AG":3527,"STATEDAREA":10056,"ACRES":0.23084444,"SCHLDSCRP":"NEW ALBANY-PLAIN LSD","CVTTXDSCRP":"PLAIN TWP-NEW ALBANY CORP","CLASSCD":"510","CLASSDSCRP":"SINGLE FAMILY DWELLING, PLATTED LOT","SALEPRICE":745000,"SALEDATE":1619067600000},"geometry":{"type":"Polygon","coordinates":[[[-82.83245664280824,40.062922327490256],[-82.83243806116631,40.06315790332406],[-82.83289445059266,40.063179124882836],[-82.83289465341534,40.063179134215034],[-82.83290265263841,40.06307788829167],[-82.83290031784239,40.0630617741844],[-82.83289547499292,40.063046228685536],[-82.83288824490103,40.063031639597256],[-82.83287880793051,40.063018370862835],[-82.83286739949855,40.06300675348766],[-82.83285430420293,40.062997077281885],[-82.83283984872239,40.0629895836307],[-82.8328243936672,40.062984459472744],[-82.83280832458328,40.06298183263662],[-82.8327920423343,40.06298176865209],[-82.83274916213124,40.06297996996995],[-82.83275287487082,40.06293610960972],[-82.83245664280824,40.062922327490256]]]}},{"type":"Feature","properties":{"PARCELID":"222-003601","SITEADDRESS":"4017 E CHELSEA GREEN","RESYRBLT":2012,"RESFLRAREA_AG":4513,"STATEDAREA":8327,"ACRES":0.1911535,"SCHLDSCRP":"NEW ALBANY-PLAIN LSD","CVTTXDSCRP":"PLAIN TWP-NEW ALBANY CORP","CLASSCD":"510","CLASSDSCRP":"SINGLE FAMILY DWELLING, PLATTED LOT","SALEPRICE":1225000,"SALEDATE":1690779600000},"geometry":{"type":"Polygon","coordinates":[[[-82.83242397036594,40.06333610202415],[-82.83288056604118,40.06335731494979],[-82.83289465341534,40.063179134215034],[-82.83289445059266,40.063179124882836],[-82.83243806116631,40.06315790332406],[-82.83242397036594,40.06333610202415]]]}},{"type":"Feature","properties":{"PARCELID":"222-003602","SITEADDRESS":"4027 E CHELSEA GREEN","RESYRBLT":2012,"RESFLRAREA_AG":3787,"STATEDAREA":10298,"ACRES":0.23640554,"SCHLDSCRP":"NEW ALBANY-PLAIN LSD","CVTTXDSCRP":"PLAIN TWP-NEW ALBANY CORP","CLASSCD":"510","CLASSDSCRP":"SINGLE FAMILY DWELLING, PLATTED LOT","SALEPRICE":570316,"SALEDATE":1353906000000},"geometry":{"type":"Polygon","coordinates":[[[-82.83288056604118,40.06335731494979],[-82.83242397036594,40.06333610202415],[-82.83240645959059,40.063335052809606],[-82.83239530914675,40.063334325607386],[-82.83238419158462,40.06333544856473],[-82.83237341179021,40.06333839088585],[-82.83236326538669,40.06334307188107],[-82.83235403062717,40.06334936317962],[-82.83234596076403,40.06335709225006],[-82.83233927710376,40.06336604713175],[-82.83233416293783,40.06337598224764],[-82.83233075851622,40.063386625138904],[-82.83232426191839,40.0634687107686],[-82.83232568835459,40.06347847260305],[-82.83232863137333,40.063487888906614],[-82.83233301781611,40.06349672560576],[-82.83233873864332,40.063504763034956],[-82.83234565164477,40.06351180139719],[-82.83235358497484,40.06351766573057],[-82.83236234142424,40.0635222102576],[-82.83237170332231,40.06352532200896],[-82.83238143794797,40.063526923631706],[-82.83239130331472,40.06352697531219],[-82.8327479336782,40.0635435352037],[-82.83276629792935,40.063544763853564],[-82.83278461239662,40.06354293749392],[-82.8328023723622,40.06353810645638],[-82.83281908838946,40.06353040387669],[-82.83283429981105,40.06352004202581],[-82.83284758742424,40.06350730645998],[-82.83285858504334,40.063492548151316],[-82.83286698959135,40.063476173815495],[-82.83287256945219,40.06345863470337],[-82.83288056604118,40.06335731494979]]]}},{"type":"Feature","properties":{"PARCELID":"222-003603","SITEADDRESS":"4037 E CHELSEA GREEN","RESYRBLT":2012,"RESFLRAREA_AG":3844,"STATEDAREA":11986,"ACRES":0.27516663,"SCHLDSCRP":"NEW ALBANY-PLAIN LSD","CVTTXDSCRP":"PLAIN TWP-NEW ALBANY CORP","CLASSCD":"510","CLASSDSCRP":"SINGLE FAMILY DWELLING, PLATTED LOT","SALEPRICE":1250000,"SALEDATE":1699246800000},"geometry":{"type":"Polygon","coordinates":[[[-82.83238790519165,40.063570746500694],[-82.8323767548243,40.06357000622737],[-82.83236563508807,40.063571115354556],[-82.83235485062316,40.063574043496196],[-82.83234469688455,40.06357871043191],[-82.8323354520476,40.06358498830468],[-82.8323273693871,40.063592705123725],[-82.83232067033846,40.06360164947636],[-82.83231553843115,40.06361157631997],[-82.83231211426067,40.063622213695275],[-82.8322936953869,40.06385496106399],[-82.8322927523229,40.063889417174856],[-82.83229526050067,40.06392379481279],[-82.83229607532039,40.06392383303633],[-82.83262016209781,40.063938929978065],[-82.83264808087695,40.06358289628648],[-82.83238790519165,40.063570746500694]]]}},{"type":"Feature","properties":{"PARCELID":"222-003604","SITEADDRESS":"4047 E CHELSEA GREEN","RESYRBLT":2011,"RESFLRAREA_AG":3513,"STATEDAREA":9095,"ACRES":0.20878102,"SCHLDSCRP":"NEW ALBANY-PLAIN LSD","CVTTXDSCRP":"PLAIN TWP-NEW ALBANY CORP","CLASSCD":"510","CLASSDSCRP":"SINGLE FAMILY DWELLING, PLATTED LOT","SALEPRICE":1175000,"SALEDATE":1695704400000},"geometry":{"type":"Polygon","coordinates":[[[-82.83262016209781,40.063938929978065],[-82.83286959517181,40.063950548599664],[-82.83289786453128,40.06359455978485],[-82.83264808087695,40.06358289628648],[-82.83262016209781,40.063938929978065]]]}},{"type":"Feature","properties":{"PARCELID":"222-003605","SITEADDRESS":"4048 W CHELSEA GREEN","RESYRBLT":2008,"RESFLRAREA_AG":3812,"STATEDAREA":9093,"ACRES":0.20875558,"SCHLDSCRP":"NEW ALBANY-PLAIN LSD","CVTTXDSCRP":"PLAIN TWP-NEW ALBANY CORP","CLASSCD":"510","CLASSDSCRP":"SINGLE FAMILY DWELLING, PLATTED LOT","SALEPRICE":0,"SALEDATE":1763355600000},"geometry":{"type":"Polygon","coordinates":[[[-82.83286959517181,40.063950548599664],[-82.83311936012252,40.06396218286291],[-82.83314729302711,40.0636062048465],[-82.83289786453128,40.06359455978485],[-82.83286959517181,40.063950548599664]]]}},{"type":"Feature","properties":{"PARCELID":"222-003606","SITEADDRESS":"4038 W CHELSEA GREEN","RESYRBLT":2012,"RESFLRAREA_AG":4285,"STATEDAREA":11976,"ACRES":0.27493044,"SCHLDSCRP":"NEW ALBANY-PLAIN LSD","CVTTXDSCRP":"PLAIN TWP-NEW ALBANY CORP","CLASSCD":"510","CLASSDSCRP":"SINGLE FAMILY DWELLING, PLATTED LOT","SALEPRICE":785000,"SALEDATE":1597813200000},"geometry":{"type":"Polygon","coordinates":[[[-82.83314729302711,40.0636062048465],[-82.83311936012252,40.06396218286291],[-82.83344307208763,40.06397725968572],[-82.83344387401091,40.063977297037276],[-82.83345172114758,40.06394366176625],[-82.83345622446124,40.06390941809272],[-82.83347486304285,40.06367222179569],[-82.83347238116964,40.06366204965221],[-82.83346827406378,40.06365241825153],[-82.83346265163242,40.06364358533224],[-82.83345566433317,40.063635787265376],[-82.83344749914782,40.06362923272908],[-82.83343837457872,40.06362409712431],[-82.83342853480151,40.0636205178811],[-82.83341824313098,40.06361859078084],[-82.83340777497472,40.0636183673932],[-82.83314729302711,40.0636062048465]]]}},{"type":"Feature","properties":{"PARCELID":"222-003607","SITEADDRESS":"4028 W CHELSEA GREEN","RESYRBLT":2012,"RESFLRAREA_AG":4512,"STATEDAREA":10309,"ACRES":0.23666363,"SCHLDSCRP":"NEW ALBANY-PLAIN LSD","CVTTXDSCRP":"PLAIN TWP-NEW ALBANY CORP","CLASSCD":"510","CLASSDSCRP":"SINGLE FAMILY DWELLING, PLATTED LOT","SALEPRICE":1300000,"SALEDATE":1735189200000},"geometry":{"type":"Polygon","coordinates":[[[-82.83341120354987,40.06357448080962],[-82.83342316570706,40.063575116760866],[-82.83343505688455,40.06357366847353],[-82.8334465166877,40.06357017984193],[-82.83345719779578,40.06356475659858],[-82.83346677648862,40.063557563109725],[-82.83347496245771,40.06354881739371],[-82.83348150760486,40.063538784513405],[-82.83348621356147,40.063527768542684],[-82.83349305630323,40.06344067897123],[-82.83349167739031,40.06343094260697],[-82.83348877628444,40.063421546768815],[-82.83348442598052,40.06341272786607],[-82.83347873593682,40.06340470779171],[-82.83347184932092,40.06339768833936],[-82.8334639394074,40.06339184612591],[-82.83345520521812,40.06338732814767],[-82.83344586651457,40.06338424808178],[-82.83343615826847,40.06338268342599],[-82.83342632474965,40.06338267354871],[-82.83340845645695,40.06338162639833],[-82.83295200935333,40.063360422306914],[-82.83294403871878,40.06346199956669],[-82.83294637340927,40.063478083482806],[-82.832951215118,40.06349359802417],[-82.83295844269685,40.06350815498956],[-82.83296787529903,40.06352139013797],[-82.83297927690417,40.0635329723026],[-82.83299236222396,40.063542611677235],[-82.83300680384059,40.06355006706768],[-82.83302224039927,40.0635551519269],[-82.83303828565005,40.06355773902273],[-82.83305453811239,40.06355776362145],[-82.83341120354987,40.06357448080962]]]}},{"type":"Feature","properties":{"PARCELID":"222-003608","SITEADDRESS":"4018 W CHELSEA GREEN","RESYRBLT":2013,"RESFLRAREA_AG":3720,"STATEDAREA":8312,"ACRES":0.19082252,"SCHLDSCRP":"NEW ALBANY-PLAIN LSD","CVTTXDSCRP":"PLAIN TWP-NEW ALBANY CORP","CLASSCD":"510","CLASSDSCRP":"SINGLE FAMILY DWELLING, PLATTED LOT","SALEPRICE":1225000,"SALEDATE":1709874000000},"geometry":{"type":"Polygon","coordinates":[[[-82.83295200935333,40.063360422306914],[-82.83340845645695,40.06338162639833],[-82.83342251214474,40.06320371857309],[-82.83342225070339,40.06320370670631],[-82.8329659477117,40.0631824914547],[-82.83295200935333,40.063360422306914]]]}},{"type":"Feature","properties":{"PARCELID":"222-003609","SITEADDRESS":"4008 W CHELSEA GREEN","RESYRBLT":2013,"RESFLRAREA_AG":3261,"STATEDAREA":10057,"ACRES":0.23087236,"SCHLDSCRP":"NEW ALBANY-PLAIN LSD","CVTTXDSCRP":"PLAIN TWP-NEW ALBANY CORP","CLASSCD":"510","CLASSDSCRP":"SINGLE FAMILY DWELLING, PLATTED LOT","SALEPRICE":538231,"SALEDATE":1388638800000},"geometry":{"type":"Polygon","coordinates":[[[-82.83342225070339,40.06320370670631],[-82.83342251214474,40.06320371857309],[-82.83344112436953,40.062968126280495],[-82.83314487093128,40.06295434505531],[-82.83314152468115,40.062998073800784],[-82.83309874952923,40.06299618758906],[-82.83308036842392,40.062994964207306],[-82.83306203769105,40.062996793394966],[-82.8330442607922,40.063001624912594],[-82.83302752597768,40.06300932606044],[-82.83301229287649,40.06301968532311],[-82.83299897987241,40.063032418178935],[-82.83298795261291,40.06304717491446],[-82.8329795139665,40.06306355022948],[-82.83297389570431,40.06308109436881],[-82.8329659477117,40.0631824914547],[-82.83342225070339,40.06320370670631]]]}},{"type":"Feature","properties":{"PARCELID":"222-003611","SITEADDRESS":"4025 W CHELSEA GREEN","RESYRBLT":2013,"RESFLRAREA_AG":4389,"STATEDAREA":8130,"ACRES":0.1866286,"SCHLDSCRP":"NEW ALBANY-PLAIN LSD","CVTTXDSCRP":"PLAIN TWP-NEW ALBANY CORP","CLASSCD":"510","CLASSDSCRP":"SINGLE FAMILY DWELLING, PLATTED LOT","SALEPRICE":699007,"SALEDATE":1385442000000},"geometry":{"type":"Polygon","coordinates":[[[-82.83421069995835,40.06341915016834],[-82.8342108840237,40.063419158651],[-82.83422494094864,40.0632409598257],[-82.83377915632585,40.063220274393466],[-82.8337650888009,40.063398456082155],[-82.83421069995835,40.06341915016834]]]}},{"type":"Feature","properties":{"PARCELID":"222-003612","SITEADDRESS":"4035 W CHELSEA GREEN","RESYRBLT":2014,"RESFLRAREA_AG":3851,"STATEDAREA":9657,"ACRES":0.22170163,"SCHLDSCRP":"NEW ALBANY-PLAIN LSD","CVTTXDSCRP":"PLAIN TWP-NEW ALBANY CORP","CLASSCD":"510","CLASSDSCRP":"SINGLE FAMILY DWELLING, PLATTED LOT","SALEPRICE":614237,"SALEDATE":1409806800000},"geometry":{"type":"Polygon","coordinates":[[[-82.83374718823437,40.0633975243531],[-82.8337360481615,40.063396782923085],[-82.83372493861944,40.06339789153365],[-82.83371416473571,40.06340081973641],[-82.83370402241884,40.06340548710724],[-82.83369479023115,40.06341176545515],[-82.83368672173795,40.063419482343086],[-82.83368003854325,40.06342842582399],[-82.83367492420338,40.063438350262004],[-82.83367151918549,40.0634489830789],[-82.8336617948028,40.063572229559085],[-82.8341968584577,40.06359706917773],[-82.8342108840237,40.063419158651],[-82.83421069995835,40.06341915016834],[-82.8337650888009,40.063398456082155],[-82.83374718823437,40.0633975243531]]]}},{"type":"Feature","properties":{"PARCELID":"222-003613","SITEADDRESS":"4045 W CHELSEA GREEN","RESYRBLT":2012,"RESFLRAREA_AG":4513,"STATEDAREA":9758,"ACRES":0.22400843,"SCHLDSCRP":"NEW ALBANY-PLAIN LSD","CVTTXDSCRP":"PLAIN TWP-NEW ALBANY CORP","CLASSCD":"510","CLASSDSCRP":"SINGLE FAMILY DWELLING, PLATTED LOT","SALEPRICE":730000,"SALEDATE":1604984400000},"geometry":{"type":"Polygon","coordinates":[[[-82.83364774223361,40.063750430079175],[-82.83418278731871,40.063775267115],[-82.8341968584577,40.06359706917773],[-82.8336617948028,40.063572229559085],[-82.83364774223361,40.063750430079175]]]}},{"type":"Feature","properties":{"PARCELID":"222-003614","SITEADDRESS":"4055 CHELSEA GREEN WEST","RESYRBLT":2011,"RESFLRAREA_AG":3782,"STATEDAREA":9845,"ACRES":0.22600694,"SCHLDSCRP":"NEW ALBANY-PLAIN LSD","CVTTXDSCRP":"PLAIN TWP-NEW ALBANY CORP","CLASSCD":"510","CLASSDSCRP":"SINGLE FAMILY DWELLING, PLATTED LOT","SALEPRICE":950000,"SALEDATE":1692680400000},"geometry":{"type":"Polygon","coordinates":[[[-82.83418278731871,40.063775267115],[-82.83364774223361,40.063750430079175],[-82.83363452584491,40.063917769548496],[-82.83363356178752,40.06392862194222],[-82.83414739620396,40.063959822729075],[-82.83415845636479,40.06392109654295],[-82.83417287382562,40.06385982843891],[-82.83418104790658,40.06379741988059],[-82.83418278731871,40.063775267115]]]}},{"type":"Feature","properties":{"PARCELID":"222-003615","SITEADDRESS":"4065 W CHELSEA GREEN","RESYRBLT":2011,"RESFLRAREA_AG":3814,"STATEDAREA":11206,"ACRES":0.25724149,"SCHLDSCRP":"NEW ALBANY-PLAIN LSD","CVTTXDSCRP":"PLAIN TWP-NEW ALBANY CORP","CLASSCD":"510","CLASSDSCRP":"SINGLE FAMILY DWELLING, PLATTED LOT","SALEPRICE":1200000,"SALEDATE":1744088400000},"geometry":{"type":"Polygon","coordinates":[[[-82.83414739620396,40.063959822729075],[-82.83363356178752,40.06392862194222],[-82.8336245374544,40.063982933636],[-82.83360925906483,40.064035827581606],[-82.83358793389547,40.064086586185034],[-82.8340681846019,40.06422427807846],[-82.83406890647113,40.06422448586877],[-82.83408807218771,40.06416752360384],[-82.83414739620396,40.063959822729075]]]}},{"type":"Feature","properties":{"PARCELID":"222-003616","SITEADDRESS":"4075 W CHELSEA GREEN","RESYRBLT":2010,"RESFLRAREA_AG":3407,"STATEDAREA":11604,"ACRES":0.26639073,"SCHLDSCRP":"NEW ALBANY-PLAIN LSD","CVTTXDSCRP":"PLAIN TWP-NEW ALBANY CORP","CLASSCD":"510","CLASSDSCRP":"SINGLE FAMILY DWELLING, PLATTED LOT","SALEPRICE":0,"SALEDATE":1626670800000},"geometry":{"type":"Polygon","coordinates":[[[-82.83358793389547,40.064086586185034],[-82.83355948869355,40.06413748821393],[-82.83352590267975,40.064185155034004],[-82.83348754029136,40.064229069419056],[-82.83391100271568,40.064468618220296],[-82.8339112025243,40.06446873112951],[-82.83395943118205,40.06441377016618],[-82.8340020541592,40.0643543564242],[-82.83403866289322,40.06429105941391],[-82.83406890647113,40.06422448586877],[-82.8340681846019,40.06422427807846],[-82.83358793389547,40.064086586185034]]]}},{"type":"Feature","properties":{"PARCELID":"222-003617","SITEADDRESS":"4085 W CHELSEA GREEN","RESYRBLT":2007,"RESFLRAREA_AG":3769,"STATEDAREA":11638,"ACRES":0.26718639,"SCHLDSCRP":"NEW ALBANY-PLAIN LSD","CVTTXDSCRP":"PLAIN TWP-NEW ALBANY CORP","CLASSCD":"510","CLASSDSCRP":"SINGLE FAMILY DWELLING, PLATTED LOT","SALEPRICE":1225000,"SALEDATE":1785128400000},"geometry":{"type":"Polygon","coordinates":[[[-82.83334023982962,40.06434482490618],[-82.833655686196,40.06465841392103],[-82.83372520051812,40.064619035619515],[-82.8337912504108,40.06457408783551],[-82.83385339069035,40.06452387352214],[-82.8339112025243,40.06446873112951],[-82.83391100271568,40.064468618220296],[-82.83348754029136,40.064229069419056],[-82.83344198587636,40.06427202971947],[-82.83339275273902,40.06431071938635],[-82.83334023982962,40.06434482490618]]]}},{"type":"Feature","properties":{"PARCELID":"222-003618","SITEADDRESS":"4095 W CHELSEA GREEN","RESYRBLT":2011,"RESFLRAREA_AG":3814,"STATEDAREA":11040,"ACRES":0.25344143,"SCHLDSCRP":"NEW ALBANY-PLAIN LSD","CVTTXDSCRP":"PLAIN TWP-NEW ALBANY CORP","CLASSCD":"510","CLASSDSCRP":"SINGLE FAMILY DWELLING, PLATTED LOT","SALEPRICE":775000,"SALEDATE":1509339600000},"geometry":{"type":"Polygon","coordinates":[[[-82.83333697514631,40.06477024651761],[-82.8334193925041,40.06475072006535],[-82.83350024505442,40.06472548579683],[-82.83357913802111,40.064694666922605],[-82.833655686196,40.06465841392103],[-82.83334023982962,40.06434482490618],[-82.83328143922,40.06437640141662],[-82.83322032474467,40.064403226938225],[-82.83315727953111,40.064425133301455],[-82.83333662021224,40.06476956215983],[-82.83333697514631,40.06477024651761]]]}},{"type":"Feature","properties":{"PARCELID":"222-003619","SITEADDRESS":"5005 W CHELSEA GREEN","RESYRBLT":2011,"RESFLRAREA_AG":4849,"STATEDAREA":11744,"ACRES":0.26960547,"SCHLDSCRP":"NEW ALBANY-PLAIN LSD","CVTTXDSCRP":"PLAIN TWP-NEW ALBANY CORP","CLASSCD":"510","CLASSDSCRP":"SINGLE FAMILY DWELLING, PLATTED LOT","SALEPRICE":759900,"SALEDATE":1495602000000},"geometry":{"type":"Polygon","coordinates":[[[-82.83294157774276,40.064767401055434],[-82.8329473240959,40.06477812111017],[-82.83295478192463,40.064787729488735],[-82.83296374126802,40.06479595568557],[-82.83297394989282,40.06480256810779],[-82.8329851203947,40.06480738059526],[-82.8329969382895,40.0648102576616],[-82.83300907086692,40.064811118308484],[-82.83302117655741,40.06480993830605],[-82.83321273372046,40.064789485545866],[-82.83327508293382,40.06478134163751],[-82.83333697514631,40.06477024651761],[-82.83333662021224,40.06476956215983],[-82.83315727953111,40.064425133301455],[-82.83309790515722,40.06444117723341],[-82.83303761671311,40.064453343890065],[-82.83297666711297,40.06446158223147],[-82.83296591216482,40.06446259043391],[-82.83295548470001,40.06446541060401],[-82.83294568770447,40.06446996079742],[-82.83293680584488,40.064476108801315],[-82.83292909719724,40.06448367597604],[-82.83292278574811,40.064492442445776],[-82.83291805488628,40.06450215348734],[-82.83291504207418,40.06451252693156],[-82.83291324103556,40.064562591939364],[-82.83291575603927,40.064612626162685],[-82.83292256841715,40.06466225821135],[-82.83294157774276,40.064767401055434]]]}},{"type":"Feature","properties":{"PARCELID":"222-004503","SITEADDRESS":"4015 CHELSEA GREEN W","RESYRBLT":2016,"RESFLRAREA_AG":3182,"STATEDAREA":8430,"ACRES":0.19351533,"SCHLDSCRP":"NEW ALBANY-PLAIN LSD","CVTTXDSCRP":"PLAIN TWP-NEW ALBANY CORP","CLASSCD":"510","CLASSDSCRP":"SINGLE FAMILY DWELLING, PLATTED LOT","SALEPRICE":562530,"SALEDATE":1472014800000},"geometry":{"type":"Polygon","coordinates":[[[-82.83379028647686,40.06307937732224],[-82.83377915632585,40.063220274393466],[-82.83422494094864,40.0632409598257],[-82.8342329254268,40.06313973096215],[-82.83423268626868,40.06313972173563],[-82.83423035132566,40.06312360767385],[-82.83422550833629,40.063108062243664],[-82.83421827811527,40.0630934732461],[-82.83420884102989,40.06308020462276],[-82.83419743250057,40.063068587376755],[-82.83418433712797,40.06305891131546],[-82.83416988159324,40.06305141782085],[-82.83415442650856,40.06304629382793],[-82.8341383574212,40.06304366716139],[-82.8341220751955,40.063043603346856],[-82.83386546862118,40.06303181954018],[-82.83385475669748,40.06303119330958],[-82.83384407714318,40.0630322347483],[-82.83383368801785,40.06303491869116],[-82.83382384036312,40.06303918028365],[-82.83381477213659,40.06304491654916],[-82.83380670246184,40.063051988877206],[-82.8337998263336,40.06306022637286],[-82.83379430990583,40.06306942998623],[-82.83379028647686,40.06307937732224]]]}},{"type":"Feature","properties":{"PARCELID":"222-004505","SITEADDRESS":"SEDGWICK DR","RESYRBLT":2014,"RESFLRAREA_AG":3636,"STATEDAREA":9581,"ACRES":0.21994421,"SCHLDSCRP":"NEW ALBANY-PLAIN LSD","CVTTXDSCRP":"PLAIN TWP-NEW ALBANY CORP","CLASSCD":"510","CLASSDSCRP":"SINGLE FAMILY DWELLING, PLATTED LOT","SALEPRICE":573747,"SALEDATE":1406782800000},"geometry":{"type":"Polygon","coordinates":[[[-82.83403702061229,40.06454949246744],[-82.83450819756983,40.064639874056034],[-82.83456884864708,40.06445353621105],[-82.83409074856061,40.06436184524265],[-82.83403702061229,40.06454949246744]]]}},{"type":"Feature","properties":{"PARCELID":"222-004506","SITEADDRESS":"4066 SEDGWICK DR","RESYRBLT":2013,"RESFLRAREA_AG":3068,"STATEDAREA":9732,"ACRES":0.22341743,"SCHLDSCRP":"NEW ALBANY-PLAIN LSD","CVTTXDSCRP":"PLAIN TWP-NEW ALBANY CORP","CLASSCD":"510","CLASSDSCRP":"SINGLE FAMILY DWELLING, PLATTED LOT","SALEPRICE":0,"SALEDATE":1563944400000},"geometry":{"type":"Polygon","coordinates":[[[-82.83409074856061,40.06436184524265],[-82.83456884864708,40.06445353621105],[-82.83462956058742,40.064267004516076],[-82.83414457812933,40.06417394101614],[-82.83409074856061,40.06436184524265]]]}},{"type":"Feature","properties":{"PARCELID":"222-004507","SITEADDRESS":"4056 SEDGWICK DR","RESYRBLT":2014,"RESFLRAREA_AG":4155,"STATEDAREA":9858,"ACRES":0.22629923,"SCHLDSCRP":"NEW ALBANY-PLAIN LSD","CVTTXDSCRP":"PLAIN TWP-NEW ALBANY CORP","CLASSCD":"510","CLASSDSCRP":"SINGLE FAMILY DWELLING, PLATTED LOT","SALEPRICE":0,"SALEDATE":1649307600000},"geometry":{"type":"Polygon","coordinates":[[[-82.83414457812933,40.06417394101614],[-82.83462956058742,40.064267004516076],[-82.83469016089805,40.064080726165066],[-82.83419831253299,40.063986294596006],[-82.83414457812933,40.06417394101614]]]}},{"type":"Feature","properties":{"PARCELID":"222-004508","SITEADDRESS":"4046 SEDGWICK DR","RESYRBLT":2013,"RESFLRAREA_AG":3784,"STATEDAREA":10671,"ACRES":0.24496097,"SCHLDSCRP":"NEW ALBANY-PLAIN LSD","CVTTXDSCRP":"PLAIN TWP-NEW ALBANY CORP","CLASSCD":"510","CLASSDSCRP":"SINGLE FAMILY DWELLING, PLATTED LOT","SALEPRICE":635614,"SALEDATE":1413349200000},"geometry":{"type":"Polygon","coordinates":[[[-82.83423811275851,40.06380020709803],[-82.83422948013826,40.06386598240727],[-82.83421423592893,40.063930546542196],[-82.83419831253299,40.063986294596006],[-82.83469016089805,40.064080726165066],[-82.83469540834443,40.06406464162461],[-82.83472503249887,40.063965230953265],[-82.83474982287956,40.06386450603515],[-82.83474901947622,40.06386440475336],[-82.83423811275851,40.06380020709803]]]}},{"type":"Feature","properties":{"PARCELID":"222-004509","SITEADDRESS":"4036 SEDGWICK DR","RESYRBLT":2013,"RESFLRAREA_AG":2991,"STATEDAREA":11001,"ACRES":0.25254511,"SCHLDSCRP":"NEW ALBANY-PLAIN LSD","CVTTXDSCRP":"PLAIN TWP-NEW ALBANY CORP","CLASSCD":"510","CLASSDSCRP":"SINGLE FAMILY DWELLING, PLATTED LOT","SALEPRICE":787500,"SALEDATE":1620968400000},"geometry":{"type":"Polygon","coordinates":[[[-82.83425275183974,40.06361146318883],[-82.83423811275851,40.06380020709803],[-82.83474901947622,40.06386440475336],[-82.83474982287956,40.06386450603515],[-82.83477075817555,40.063756093851524],[-82.83478594520041,40.06364672821499],[-82.83478503064389,40.063646667777576],[-82.83425275183974,40.06361146318883]]]}},{"type":"Feature","properties":{"PARCELID":"222-004510","SITEADDRESS":"4026 SEDGWICK DR","RESYRBLT":2013,"RESFLRAREA_AG":4535,"STATEDAREA":10587,"ACRES":0.24304271,"SCHLDSCRP":"NEW ALBANY-PLAIN LSD","CVTTXDSCRP":"PLAIN TWP-NEW ALBANY CORP","CLASSCD":"510","CLASSDSCRP":"SINGLE FAMILY DWELLING, PLATTED LOT","SALEPRICE":700000,"SALEDATE":1561698000000},"geometry":{"type":"Polygon","coordinates":[[[-82.83478503064389,40.063646667777576],[-82.83478594520041,40.06364672821499],[-82.8347923871483,40.06357917936182],[-82.83479829352505,40.06350145062648],[-82.83479687793516,40.06349169763468],[-82.83479394381152,40.06348228935842],[-82.83478956440618,40.06347346068057],[-82.83478384905344,40.063465432014006],[-82.83477694044026,40.06345840379889],[-82.83476901104405,40.06345255149853],[-82.8347602588266,40.06344802121888],[-82.83475090229194,40.06344492606091],[-82.83474117503118,40.06344334329697],[-82.8347313198908,40.063443312441635],[-82.83471348632749,40.06344242569943],[-82.83426775176387,40.063421726665084],[-82.83425275183974,40.06361146318883],[-82.83478503064389,40.063646667777576]]]}},{"type":"Feature","properties":{"PARCELID":"222-004511","SITEADDRESS":"4016 SEDGWICK DR","RESYRBLT":2015,"RESFLRAREA_AG":3853,"STATEDAREA":8130,"ACRES":0.18663049,"SCHLDSCRP":"NEW ALBANY-PLAIN LSD","CVTTXDSCRP":"PLAIN TWP-NEW ALBANY CORP","CLASSCD":"510","CLASSDSCRP":"SINGLE FAMILY DWELLING, PLATTED LOT","SALEPRICE":686879,"SALEDATE":1456462800000},"geometry":{"type":"Polygon","coordinates":[[[-82.83426775176387,40.063421726665084],[-82.83471348632749,40.06344242569943],[-82.8347275736176,40.06326422762601],[-82.83428202191963,40.063243538033504],[-82.8342817616501,40.06324352616531],[-82.83426775176387,40.063421726665084]]]}},{"type":"Feature","properties":{"PARCELID":"222-004512","SITEADDRESS":"4006 SEDGWICK DR","RESYRBLT":2015,"RESFLRAREA_AG":4546,"STATEDAREA":11266,"ACRES":0.25864908,"SCHLDSCRP":"NEW ALBANY-PLAIN LSD","CVTTXDSCRP":"PLAIN TWP-NEW ALBANY CORP","CLASSCD":"510","CLASSDSCRP":"SINGLE FAMILY DWELLING, PLATTED LOT","SALEPRICE":632453,"SALEDATE":1454562000000},"geometry":{"type":"Polygon","coordinates":[[[-82.83428975037396,40.06314222253501],[-82.8342817616501,40.06324352616531],[-82.83428202191963,40.063243538033504],[-82.8347275736176,40.06326422762601],[-82.83474624130024,40.06302865477507],[-82.83474607130545,40.063028647153786],[-82.83441810074893,40.063013388811115],[-82.83412566688561,40.06299985586241],[-82.83414979712364,40.062999956468126],[-82.83417361141325,40.063003849811025],[-82.83419651735352,40.06301143904085],[-82.83421794513946,40.06302253536898],[-82.83423736173648,40.06303686276472],[-82.83425428414004,40.06305406482176],[-82.83426829139079,40.063073713624156],[-82.8342790350463,40.063095320391035],[-82.83428624784891,40.06311834763549],[-82.83428975037396,40.06314222253501]]]}},{"type":"Feature","properties":{"PARCELID":"222-004513","SITEADDRESS":"4003 SEDGWICK DR","RESYRBLT":2013,"RESFLRAREA_AG":4155,"STATEDAREA":10420,"ACRES":0.23921218,"SCHLDSCRP":"NEW ALBANY-PLAIN LSD","CVTTXDSCRP":"PLAIN TWP-NEW ALBANY CORP","CLASSCD":"510","CLASSDSCRP":"SINGLE FAMILY DWELLING, PLATTED LOT","SALEPRICE":550000,"SALEDATE":1449464400000},"geometry":{"type":"Polygon","coordinates":[[[-82.83510282628751,40.06304520584588],[-82.8350841822358,40.06328105337439],[-82.83554764828713,40.06330251463865],[-82.83555557676033,40.06320100935453],[-82.83555324135992,40.063184916825065],[-82.83554840032761,40.063169393036674],[-82.8355411745257,40.06315482555966],[-82.83553174435514,40.06314157808885],[-82.83552034525162,40.0631299813635],[-82.83550726180768,40.06312032491],[-82.83549282066743,40.06311284981349],[-82.83547738237154,40.06310774269886],[-82.8354613323559,40.06310513107145],[-82.83544507132872,40.06310508013374],[-82.83544866948175,40.063061386625755],[-82.83510282628751,40.06304520584588]]]}},{"type":"Feature","properties":{"PARCELID":"222-004514","SITEADDRESS":"4013 SEDGWICK DR","RESYRBLT":2016,"RESFLRAREA_AG":3855,"STATEDAREA":8447,"ACRES":0.19391371,"SCHLDSCRP":"NEW ALBANY-PLAIN LSD","CVTTXDSCRP":"PLAIN TWP-NEW ALBANY CORP","CLASSCD":"510","CLASSDSCRP":"SINGLE FAMILY DWELLING, PLATTED LOT","SALEPRICE":654758,"SALEDATE":1489640400000},"geometry":{"type":"Polygon","coordinates":[[[-82.83507011797828,40.06345897764062],[-82.83553369205437,40.06348071784323],[-82.83554764828713,40.06330251463865],[-82.8350841822358,40.06328105337439],[-82.83507011797828,40.06345897764062]]]}},{"type":"Feature","properties":{"PARCELID":"222-004515","SITEADDRESS":"4023 SEDGWICK DR","RESYRBLT":2014,"RESFLRAREA_AG":3855,"STATEDAREA":10764,"ACRES":0.24709788,"SCHLDSCRP":"NEW ALBANY-PLAIN LSD","CVTTXDSCRP":"PLAIN TWP-NEW ALBANY CORP","CLASSCD":"510","CLASSDSCRP":"SINGLE FAMILY DWELLING, PLATTED LOT","SALEPRICE":775000,"SALEDATE":1627016400000},"geometry":{"type":"Polygon","coordinates":[[[-82.8355187528434,40.0636723582521],[-82.83553369205437,40.06348071784323],[-82.83507011797828,40.06345897764062],[-82.83505225096326,40.06345820452215],[-82.83504112913714,40.06345752159799],[-82.83503004631582,40.06345867592593],[-82.83501930393653,40.06346163610988],[-82.83500919417702,40.06346632163696],[-82.8349999920086,40.06347260506738],[-82.8349919477174,40.06348031550061],[-82.8349852800969,40.06348924322364],[-82.83498017049709,40.06349914541487],[-82.83497675789191,40.06350975274854],[-82.83497070272507,40.06358745489891],[-82.83496522098655,40.063646761336926],[-82.8355187528434,40.0636723582521]]]}},{"type":"Feature","properties":{"PARCELID":"222-004516","SITEADDRESS":"4033 SEDGWICK DR","RESYRBLT":2014,"RESFLRAREA_AG":3673,"STATEDAREA":10636,"ACRES":0.24416186,"SCHLDSCRP":"NEW ALBANY-PLAIN LSD","CVTTXDSCRP":"PLAIN TWP-NEW ALBANY CORP","CLASSCD":"510","CLASSDSCRP":"SINGLE FAMILY DWELLING, PLATTED LOT","SALEPRICE":1145000,"SALEDATE":1757566800000},"geometry":{"type":"Polygon","coordinates":[[[-82.83496522098655,40.063646761336926],[-82.83495720021823,40.06371247615609],[-82.83494719496714,40.063777918230734],[-82.83494691100914,40.06377955544984],[-82.83494673230797,40.06378065830675],[-82.83494763266208,40.063790740407754],[-82.83495017475903,40.063800538220846],[-82.83495428972068,40.06380978627409],[-82.83495986605207,40.06381823399133],[-82.83496675266241,40.0638256524815],[-82.83497476295884,40.06383184074049],[-82.83498367990225,40.0638366310973],[-82.83499326188792,40.063839893757134],[-82.83500324929173,40.063841540318165],[-82.83501337150483,40.063841526166776],[-82.83538572960992,40.063858582594996],[-82.83540413183287,40.06385984845516],[-82.83542249002944,40.06385805378804],[-82.83544029869907,40.06385324801053],[-82.83545706747265,40.063845563451714],[-82.83547233461502,40.06383521170911],[-82.83548567973911,40.06382247782224],[-82.83549673538135,40.06380771242398],[-82.83550519712007,40.063791322085684],[-82.83551083195776,40.06377375812214],[-82.8355187528434,40.0636723582521],[-82.83496522098655,40.063646761336926]]]}},{"type":"Feature","properties":{"PARCELID":"222-004517","SITEADDRESS":"7235 BULRUSH CT","RESYRBLT":2013,"RESFLRAREA_AG":4462,"STATEDAREA":11277,"ACRES":0.2588738,"SCHLDSCRP":"NEW ALBANY-PLAIN LSD","CVTTXDSCRP":"PLAIN TWP-NEW ALBANY CORP","CLASSCD":"510","CLASSDSCRP":"SINGLE FAMILY DWELLING, PLATTED LOT","SALEPRICE":685158,"SALEDATE":1396587600000},"geometry":{"type":"Polygon","coordinates":[[[-82.83491631088759,40.063929062988585],[-82.8348938892657,40.064014716427316],[-82.83486813775284,40.064099428293545],[-82.83484208861958,40.064179932450095],[-82.83484102995149,40.06418944151714],[-82.83484161507701,40.06419899142615],[-82.83484382671446,40.06420830012069],[-82.83484759954315,40.06421709266854],[-82.83485282213266,40.0642251093819],[-82.83485934023382,40.06423211348722],[-82.83486696133458,40.064237898118336],[-82.83487546034586,40.06424229242621],[-82.83488458624939,40.064245166625014],[-82.83489406951173,40.06424643582531],[-82.83498298530651,40.064260109312514],[-82.83507264531791,40.064267462214694],[-82.83516194422167,40.06427163047456],[-82.83519155259434,40.063893633578026],[-82.8349910364268,40.063884253566876],[-82.83497931761295,40.06388374123765],[-82.83496767640527,40.063885181849635],[-82.83495643599906,40.063888535407045],[-82.83494590846215,40.06389370880494],[-82.83493638607096,40.063900558414076],[-82.83492813319602,40.06390889406848],[-82.8349213789622,40.06391848434506],[-82.83491631088759,40.063929062988585]]]}},{"type":"Feature","properties":{"PARCELID":"222-004518","SITEADDRESS":"7225 BULRUSH CT","RESYRBLT":2014,"RESFLRAREA_AG":4462,"STATEDAREA":8971,"ACRES":0.20594966,"SCHLDSCRP":"NEW ALBANY-PLAIN LSD","CVTTXDSCRP":"PLAIN TWP-NEW ALBANY CORP","CLASSCD":"510","CLASSDSCRP":"SINGLE FAMILY DWELLING, PLATTED LOT","SALEPRICE":695000,"SALEDATE":1433480400000},"geometry":{"type":"Polygon","coordinates":[[[-82.83516194422167,40.06427163047456],[-82.8353938467715,40.064282439957104],[-82.83542345492683,40.06390441598245],[-82.83519155259434,40.063893633578026],[-82.83516194422167,40.06427163047456]]]}},{"type":"Feature","properties":{"PARCELID":"222-004519","SITEADDRESS":"7215 BULRUSH CT","RESYRBLT":2015,"RESFLRAREA_AG":4300,"STATEDAREA":8966,"ACRES":0.20582657,"SCHLDSCRP":"NEW ALBANY-PLAIN LSD","CVTTXDSCRP":"PLAIN TWP-NEW ALBANY CORP","CLASSCD":"510","CLASSDSCRP":"SINGLE FAMILY DWELLING, PLATTED LOT","SALEPRICE":1150000,"SALEDATE":1676610000000},"geometry":{"type":"Polygon","coordinates":[[[-82.8353938467715,40.064282439957104],[-82.83562541422997,40.06429326344834],[-82.83565537857774,40.06391522848925],[-82.83542345492683,40.06390441598245],[-82.8353938467715,40.064282439957104]]]}},{"type":"Feature","properties":{"PARCELID":"222-004520","SITEADDRESS":"7205 BULRUSH CT","RESYRBLT":2013,"RESFLRAREA_AG":3888,"STATEDAREA":8966,"ACRES":0.20583764,"SCHLDSCRP":"NEW ALBANY-PLAIN LSD","CVTTXDSCRP":"PLAIN TWP-NEW ALBANY CORP","CLASSCD":"510","CLASSDSCRP":"SINGLE FAMILY DWELLING, PLATTED LOT","SALEPRICE":785000,"SALEDATE":1623819600000},"geometry":{"type":"Polygon","coordinates":[[[-82.83562541422997,40.06429326344834],[-82.83585734042792,40.06430408455765],[-82.83588694706918,40.06392602534264],[-82.83565537857774,40.06391522848925],[-82.83562541422997,40.06429326344834]]]}},{"type":"Feature","properties":{"PARCELID":"222-004521","SITEADDRESS":"6995 BULRUSH CT","RESYRBLT":2015,"RESFLRAREA_AG":4534,"STATEDAREA":9336,"ACRES":0.21433386,"SCHLDSCRP":"NEW ALBANY-PLAIN LSD","CVTTXDSCRP":"PLAIN TWP-NEW ALBANY CORP","CLASSCD":"510","CLASSDSCRP":"SINGLE FAMILY DWELLING, PLATTED LOT","SALEPRICE":755191,"SALEDATE":1436504400000},"geometry":{"type":"Polygon","coordinates":[[[-82.83588694706918,40.06392602534264],[-82.83585734042792,40.06430408455765],[-82.83603565354184,40.06431240712233],[-82.83604680433612,40.064313134270684],[-82.83605792222964,40.06431201114946],[-82.83606870230983,40.06430906856071],[-82.83607884892879,40.064304387206064],[-82.83608808381153,40.06429809547352],[-82.83609615368778,40.064290365916285],[-82.83610283723802,40.06428141052049],[-82.83610795116329,40.06427147489138],[-82.83611135521218,40.06426083151744],[-82.83611753569625,40.06417876280568],[-82.83612942274736,40.06402810616975],[-82.8361270869162,40.06401201337202],[-82.83612224541943,40.06399648938558],[-82.8361150191306,40.06398192178469],[-82.83610558846237,40.06396867426632],[-82.83609418886226,40.063957077570095],[-82.83608110493446,40.06394742122091],[-82.83606666333436,40.06393994630069],[-82.83605122461316,40.063934839429464],[-82.83603517421639,40.06393222810615],[-82.83601891286074,40.06393217752546],[-82.83588694706918,40.06392602534264]]]}},{"type":"Feature","properties":{"PARCELID":"220-000218","SITEADDRESS":"5035 JOHNSTOWN RD","RESYRBLT":1900,"RESFLRAREA_AG":1787,"STATEDAREA":null,"ACRES":22.4886125,"SCHLDSCRP":"NEW ALBANY-PLAIN LSD","CVTTXDSCRP":"PLAIN TOWNSHIP","CLASSCD":"513","CLASSDSCRP":"SINGLE FAMILY, 20-29.999 AC","SALEPRICE":0,"SALEDATE":870930000000},"geometry":{"type":"Polygon","coordinates":[[[-82.83922923559268,40.0614867983829],[-82.83922923337623,40.06148682450705],[-82.83922176448087,40.061605673674904],[-82.83939661846146,40.061613834501614],[-82.8418612800692,40.06172882792702],[-82.84229639560024,40.0617491499221],[-82.84326936493423,40.06179458558853],[-82.84345162853691,40.059424712630125],[-82.84280379927407,40.05939615902229],[-82.84099075991462,40.05933183280717],[-82.83997861642595,40.05928612873239],[-82.83968125504755,40.05927269953841],[-82.83936924564932,40.059258607616634],[-82.83922923559268,40.0614867983829]]]}},{"type":"Feature","properties":{"PARCELID":"222-002906","SITEADDRESS":"5765 THOMPSON RD","RESYRBLT":2004,"RESFLRAREA_AG":5351,"STATEDAREA":110963,"ACRES":2.54776391,"SCHLDSCRP":"NEW ALBANY-PLAIN LSD","CVTTXDSCRP":"PLAIN TWP-NEW ALBANY CORP","CLASSCD":"511","CLASSDSCRP":"SINGLE FAMILY, O-9.999 AC","SALEPRICE":0,"SALEDATE":1094101200000},"geometry":{"type":"Polygon","coordinates":[[[-82.83828287768738,40.06145242837202],[-82.83771044940327,40.061431627918935],[-82.83761875764051,40.06285161074181],[-82.83761869119512,40.0628526493374],[-82.83761491005622,40.0629143385568],[-82.83798791914093,40.06293164784205],[-82.83818755567616,40.06294091269148],[-82.8381915799955,40.06287823838498],[-82.8381935804358,40.06284858540779],[-82.83824071595092,40.06211139843697],[-82.83859689050085,40.062128212967195],[-82.8386369713623,40.06146528877554],[-82.83828287768738,40.06145242837202]]]}},{"type":"Feature","properties":{"PARCELID":"222-000645","SITEADDRESS":"5777 THOMPSON RD","RESYRBLT":1964,"RESFLRAREA_AG":2362,"STATEDAREA":86220,"ACRES":1.97972113,"SCHLDSCRP":"NEW ALBANY-PLAIN LSD","CVTTXDSCRP":"PLAIN TWP-NEW ALBANY CORP","CLASSCD":"511","CLASSDSCRP":"SINGLE FAMILY, O-9.999 AC","SALEPRICE":300000,"SALEDATE":1109739600000},"geometry":{"type":"Polygon","coordinates":[[[-82.83704237742336,40.062887766712336],[-82.83741728314492,40.06290516603218],[-82.83761491005622,40.0629143385568],[-82.83761869119512,40.0628526493374],[-82.83761875764051,40.06285161074181],[-82.83771044940327,40.061431627918935],[-82.83714231333312,40.061410994288124],[-82.83704702325808,40.06282711163572],[-82.83704237742336,40.062887766712336]]]}},{"type":"Feature","properties":{"PARCELID":"222-000691","SITEADDRESS":"5801 THOMPSON RD","RESYRBLT":1967,"RESFLRAREA_AG":1158,"STATEDAREA":90333,"ACRES":2.07434028,"SCHLDSCRP":"NEW ALBANY-PLAIN LSD","CVTTXDSCRP":"PLAIN TWP-NEW ALBANY CORP","CLASSCD":"511","CLASSDSCRP":"SINGLE FAMILY, O-9.999 AC","SALEPRICE":0,"SALEDATE":1741237200000},"geometry":{"type":"Polygon","coordinates":[[[-82.83533165666806,40.06213263835415],[-82.83497638387807,40.062174004361],[-82.83496015721714,40.062733866950175],[-82.83495853552839,40.06279102975795],[-82.83590077549616,40.062834769571474],[-82.83590531353536,40.062776096194234],[-82.83599770173247,40.06134482270896],[-82.83533165666806,40.06213263835415]]]}},{"type":"Feature","properties":{"PARCELID":"222-000649","SITEADDRESS":"5791 THOMPSON RD","RESYRBLT":1966,"RESFLRAREA_AG":2467,"STATEDAREA":94343,"ACRES":2.16618254,"SCHLDSCRP":"NEW ALBANY-PLAIN LSD","CVTTXDSCRP":"PLAIN TWP-NEW ALBANY CORP","CLASSCD":"511","CLASSDSCRP":"SINGLE FAMILY, O-9.999 AC","SALEPRICE":355000,"SALEDATE":1518670800000},"geometry":{"type":"Polygon","coordinates":[[[-82.836347195579,40.06121754907091],[-82.83620333653437,40.0612412946743],[-82.83599770173247,40.06134482270896],[-82.83590531353536,40.062776096194234],[-82.83590077549616,40.062834769571474],[-82.83646889559688,40.062861147965506],[-82.83647349870546,40.06280148911064],[-82.83657657142241,40.06136869494658],[-82.83656847433471,40.06117244602943],[-82.836347195579,40.06121754907091]]]}},{"type":"Feature","properties":{"PARCELID":"222-000648","SITEADDRESS":"5787 THOMPSON RD","RESYRBLT":1964,"RESFLRAREA_AG":1378,"STATEDAREA":106986,"ACRES":2.45643097,"SCHLDSCRP":"NEW ALBANY-PLAIN LSD","CVTTXDSCRP":"PLAIN TWP-NEW ALBANY CORP","CLASSCD":"511","CLASSDSCRP":"SINGLE FAMILY, O-9.999 AC","SALEPRICE":300000,"SALEDATE":1468386000000},"geometry":{"type":"Polygon","coordinates":[[[-82.83678625131334,40.06107050509052],[-82.83656897624671,40.061128523558914],[-82.83656847433471,40.06117244602943],[-82.83657657142241,40.06136869494658],[-82.83647349870546,40.06280148911064],[-82.83646889559688,40.062861147965506],[-82.83704237742336,40.062887766712336],[-82.83704702325808,40.06282711163572],[-82.83714231333312,40.061410994288124],[-82.83717480748514,40.06096674816916],[-82.83678625131334,40.06107050509052]]]}},{"type":"Feature","properties":{"PARCELID":"222-000690","SITEADDRESS":"5760 THOMPSON RD","RESYRBLT":1968,"RESFLRAREA_AG":3007,"STATEDAREA":95379,"ACRES":2.18916892,"SCHLDSCRP":"NEW ALBANY-PLAIN LSD","CVTTXDSCRP":"PLAIN TWP-NEW ALBANY CORP","CLASSCD":"511","CLASSDSCRP":"SINGLE FAMILY, O-9.999 AC","SALEPRICE":0,"SALEDATE":360824400000},"geometry":{"type":"Polygon","coordinates":[[[-82.83856139392807,40.062958259199185],[-82.83855387399504,40.06302800257805],[-82.83855386310894,40.06302817372554],[-82.83844967455872,40.06459343746045],[-82.83844959054298,40.06459471656951],[-82.83902034813691,40.064617726589894],[-82.83902035570377,40.06461759597952],[-82.83907059915316,40.06385953753266],[-82.83912251509852,40.0630784165693],[-82.83912417794596,40.0630531559317],[-82.83912876686357,40.06298458366255],[-82.83856139392807,40.062958259199185]]]}},{"type":"Feature","properties":{"PARCELID":"222-000634","SITEADDRESS":"5715 THOMPSON RD","RESYRBLT":1963,"RESFLRAREA_AG":1284,"STATEDAREA":2.07,"ACRES":2.07122103,"SCHLDSCRP":"NEW ALBANY-PLAIN LSD","CVTTXDSCRP":"PLAIN TWP-NEW ALBANY CORP","CLASSCD":"511","CLASSDSCRP":"SINGLE FAMILY, O-9.999 AC","SALEPRICE":78000,"SALEDATE":525416400000},"geometry":{"type":"Polygon","coordinates":[[[-82.83913561441794,40.06298650381873],[-82.83913890087328,40.062922442865215],[-82.83913890526237,40.06292238161098],[-82.83918373152991,40.062209976739545],[-82.83922176448087,40.061605673674904],[-82.83922923337623,40.06148682450705],[-82.83922923559268,40.0614867983829],[-82.8386369713623,40.06146528877554],[-82.83859689050085,40.062128212967195],[-82.83855235230814,40.062864846834195],[-82.83855071218478,40.06289504635135],[-82.83854674376445,40.062957580014285],[-82.83856139392807,40.062958259199185],[-82.83912876686357,40.06298458366255],[-82.83913561441794,40.06298650381873]]]}},{"type":"Feature","properties":{"PARCELID":"222-003267","SITEADDRESS":"5741 THOMPSON RD","RESYRBLT":1987,"RESFLRAREA_AG":2625,"STATEDAREA":0.6962,"ACRES":0.69643121,"SCHLDSCRP":"NEW ALBANY-PLAIN LSD","CVTTXDSCRP":"PLAIN TWP-NEW ALBANY CORP","CLASSCD":"511","CLASSDSCRP":"SINGLE FAMILY, O-9.999 AC","SALEPRICE":0,"SALEDATE":1085634000000},"geometry":{"type":"Polygon","coordinates":[[[-82.8381935804358,40.06284858540779],[-82.8381915799955,40.06287823838498],[-82.83818755567616,40.06294091269148],[-82.83854674376445,40.062957580014285],[-82.83855071218478,40.06289504635135],[-82.83855235230814,40.062864846834195],[-82.83859689050085,40.062128212967195],[-82.83824071595092,40.06211139843697],[-82.8381935804358,40.06284858540779]]]}},{"type":"Feature","properties":{"PARCELID":"222-000768","SITEADDRESS":"5786 THOMPSON RD","RESYRBLT":1979,"RESFLRAREA_AG":1344,"STATEDAREA":95804,"ACRES":2.19895986,"SCHLDSCRP":"NEW ALBANY-PLAIN LSD","CVTTXDSCRP":"PLAIN TWP-NEW ALBANY CORP","CLASSCD":"511","CLASSDSCRP":"SINGLE FAMILY, O-9.999 AC","SALEPRICE":500000,"SALEDATE":1765861200000},"geometry":{"type":"Polygon","coordinates":[[[-82.83798791914093,40.06293164784205],[-82.83761491005622,40.0629143385568],[-82.83741728314492,40.06290516603218],[-82.83741251466607,40.06297765370389],[-82.83741019494452,40.0630149933974],[-82.83734077672632,40.06405682399416],[-82.83732891405951,40.06423485835355],[-82.83731063761729,40.064509144956546],[-82.83730797330817,40.06454868130369],[-82.83787861173731,40.064571692706146],[-82.83798319305667,40.063002851144425],[-82.83798791914093,40.06293164784205]]]}},{"type":"Feature","properties":{"PARCELID":"222-000722","SITEADDRESS":"5780 THOMPSON RD","RESYRBLT":1968,"RESFLRAREA_AG":1552,"STATEDAREA":95655,"ACRES":2.19553571,"SCHLDSCRP":"NEW ALBANY-PLAIN LSD","CVTTXDSCRP":"PLAIN TWP-NEW ALBANY CORP","CLASSCD":"511","CLASSDSCRP":"SINGLE FAMILY, O-9.999 AC","SALEPRICE":0,"SALEDATE":1772082000000},"geometry":{"type":"Polygon","coordinates":[[[-82.83801015987375,40.064576997282295],[-82.83844959054298,40.06459471656951],[-82.83844967455872,40.06459343746045],[-82.83855386310894,40.06302817372554],[-82.83855387399504,40.06302800257805],[-82.83856139392807,40.062958259199185],[-82.83854674376445,40.062957580014285],[-82.83818755567616,40.06294091269148],[-82.83798791914093,40.06293164784205],[-82.83798319305667,40.063002851144425],[-82.83787861173731,40.064571692706146],[-82.83801015987375,40.064576997282295]]]}},{"type":"Feature","properties":{"PARCELID":"010-220071","SITEADDRESS":"5701 THOMPSON RD","RESYRBLT":1991,"RESFLRAREA_AG":2541,"STATEDAREA":40179,"ACRES":0.92226893,"SCHLDSCRP":"COLUMBUS CSD","CVTTXDSCRP":"CITY OF COLUMBUS","CLASSCD":"511","CLASSDSCRP":"SINGLE FAMILY, O-9.999 AC","SALEPRICE":0,"SALEDATE":1011330000000},"geometry":{"type":"Polygon","coordinates":[[[-82.83913890087328,40.062922442865215],[-82.83913561441794,40.06298650381873],[-82.83940362349207,40.063061639013156],[-82.83959813291162,40.06312533570549],[-82.83960154647731,40.06306577742986],[-82.83960212189935,40.063037501979096],[-82.83965602735402,40.062226452851945],[-82.83918373152991,40.062209976739545],[-82.83913890526237,40.06292238161098],[-82.83913890087328,40.062922442865215]]]}},{"type":"Feature","properties":{"PARCELID":"222-000297","SITEADDRESS":"5155 JOHNSTOWN RD","RESYRBLT":1979,"RESFLRAREA_AG":2004,"STATEDAREA":1.532,"ACRES":1.53176336,"SCHLDSCRP":"NEW ALBANY-PLAIN LSD","CVTTXDSCRP":"PLAIN TWP-NEW ALBANY CORP","CLASSCD":"511","CLASSDSCRP":"SINGLE FAMILY, O-9.999 AC","SALEPRICE":318275,"SALEDATE":1522645200000},"geometry":{"type":"Polygon","coordinates":[[[-82.83225526422159,40.061230836681446],[-82.83334981268546,40.061294145354445],[-82.83352313938342,40.060631839067476],[-82.83312913139072,40.06057804814991],[-82.83298732474962,40.060558777990174],[-82.83272271929097,40.060741665390864],[-82.83231640720567,40.06102249102998],[-82.83202912895536,40.06122109356802],[-82.83218201117477,40.06122774933049],[-82.83225526422159,40.061230836681446]]]}},{"type":"Feature","properties":{"PARCELID":"220-001797","SITEADDRESS":"5145 JOHNSTOWN RD","RESYRBLT":1978,"RESFLRAREA_AG":1144,"STATEDAREA":2.062,"ACRES":2.06195848,"SCHLDSCRP":"NEW ALBANY-PLAIN LSD","CVTTXDSCRP":"PLAIN TOWNSHIP","CLASSCD":"511","CLASSDSCRP":"SINGLE FAMILY, O-9.999 AC","SALEPRICE":0,"SALEDATE":1011762000000},"geometry":{"type":"Polygon","coordinates":[[[-82.83298732474962,40.060558777990174],[-82.83312913139072,40.06057804814991],[-82.83352313938342,40.060631839067476],[-82.83334981268546,40.061294145354445],[-82.83432291542645,40.061350422397666],[-82.83462631530745,40.06063556020006],[-82.83341369006972,40.060456191711154],[-82.83332594227396,40.06044301971843],[-82.83318204721913,40.06042253178548],[-82.83298732474962,40.060558777990174]]]}},{"type":"Feature","properties":{"PARCELID":"222-005160","SITEADDRESS":"5055 JOHNSTOWN RD","RESYRBLT":2013,"RESFLRAREA_AG":3870,"STATEDAREA":2.64,"ACRES":2.66180253,"SCHLDSCRP":"NEW ALBANY-PLAIN LSD","CVTTXDSCRP":"PLAIN TWP-NEW ALBANY CORP","CLASSCD":"510","CLASSDSCRP":"SINGLE FAMILY DWELLING, PLATTED LOT","SALEPRICE":1995000,"SALEDATE":1651726800000},"geometry":{"type":"Polygon","coordinates":[[[-82.837414229996,40.05999589381905],[-82.83768114429711,40.06061587940453],[-82.83776509099876,40.06056574695195],[-82.83835970435447,40.06021064522989],[-82.83842124299856,40.059215788578506],[-82.83817739617997,40.05920477270225],[-82.83777797590987,40.059186728518625],[-82.83756366581697,40.05917704583073],[-82.83746357567438,40.05916744547973],[-82.837414229996,40.05999589381905]]]}},{"type":"Feature","properties":{"PARCELID":"545-259068","SITEADDRESS":"4546 COMMONS PARK DR","RESYRBLT":2002,"RESFLRAREA_AG":1908,"STATEDAREA":7193,"ACRES":0.16513747,"SCHLDSCRP":"NEW ALBANY-PLAIN LSD","CVTTXDSCRP":"COLUMBUS-PLAIN LSD","CLASSCD":"510","CLASSDSCRP":"SINGLE FAMILY DWELLING, PLATTED LOT","SALEPRICE":219550,"SALEDATE":1034744400000},"geometry":{"type":"Polygon","coordinates":[[[-82.8440825167278,40.07390782460853],[-82.844116271417,40.07407049800663],[-82.84453956096026,40.074018503344746],[-82.84450587578826,40.073856095537685],[-82.8440825167278,40.07390782460853]]]}},{"type":"Feature","properties":{"PARCELID":"545-259069","SITEADDRESS":"4538 COMMONS PARK DR","RESYRBLT":2002,"RESFLRAREA_AG":2028,"STATEDAREA":7200,"ACRES":0.16529905,"SCHLDSCRP":"NEW ALBANY-PLAIN LSD","CVTTXDSCRP":"COLUMBUS-PLAIN LSD","CLASSCD":"510","CLASSDSCRP":"SINGLE FAMILY DWELLING, PLATTED LOT","SALEPRICE":223025,"SALEDATE":1035435600000},"geometry":{"type":"Polygon","coordinates":[[[-82.84404877390637,40.07374514845455],[-82.8440825167278,40.07390782460853],[-82.84450587578826,40.073856095537685],[-82.84447212592312,40.073693376290635],[-82.84404877390637,40.07374514845455]]]}},{"type":"Feature","properties":{"PARCELID":"545-259070","SITEADDRESS":"4530 COMMONS PARK DR","RESYRBLT":2002,"RESFLRAREA_AG":1889,"STATEDAREA":7200,"ACRES":0.1652847,"SCHLDSCRP":"NEW ALBANY-PLAIN LSD","CVTTXDSCRP":"COLUMBUS-PLAIN LSD","CLASSCD":"510","CLASSDSCRP":"SINGLE FAMILY DWELLING, PLATTED LOT","SALEPRICE":234000,"SALEDATE":1151384400000},"geometry":{"type":"Polygon","coordinates":[[[-82.84401498438305,40.07358247872214],[-82.84404877390637,40.07374514845455],[-82.84447212592312,40.073693376290635],[-82.8444383729275,40.073530702964355],[-82.84401517535399,40.073582455648],[-82.84401498438305,40.07358247872214]]]}},{"type":"Feature","properties":{"PARCELID":"545-259071","SITEADDRESS":"4522 COMMONS PARK DR","RESYRBLT":2002,"RESFLRAREA_AG":2182,"STATEDAREA":7201,"ACRES":0.1653204,"SCHLDSCRP":"NEW ALBANY-PLAIN LSD","CVTTXDSCRP":"COLUMBUS-PLAIN LSD","CLASSCD":"510","CLASSDSCRP":"SINGLE FAMILY DWELLING, PLATTED LOT","SALEPRICE":190000,"SALEDATE":1238389200000},"geometry":{"type":"Polygon","coordinates":[[[-82.84398121471925,40.07341976298122],[-82.84401498438305,40.07358247872214],[-82.84401517535399,40.073582455648],[-82.8444383729275,40.073530702964355],[-82.84440464469023,40.073368025943786],[-82.84398121471925,40.07341976298122]]]}},{"type":"Feature","properties":{"PARCELID":"545-259072","SITEADDRESS":"4514 COMMONS PARK DR","RESYRBLT":2002,"RESFLRAREA_AG":2497,"STATEDAREA":7195,"ACRES":0.16517451,"SCHLDSCRP":"NEW ALBANY-PLAIN LSD","CVTTXDSCRP":"COLUMBUS-PLAIN LSD","CLASSCD":"510","CLASSDSCRP":"SINGLE FAMILY DWELLING, PLATTED LOT","SALEPRICE":0,"SALEDATE":1687496400000},"geometry":{"type":"Polygon","coordinates":[[[-82.84394750888079,40.07325735684322],[-82.84398121471925,40.07341976298122],[-82.84440464469023,40.073368025943786],[-82.84437090254377,40.07320534894456],[-82.84394750888079,40.07325735684322]]]}},{"type":"Feature","properties":{"PARCELID":"545-259073","SITEADDRESS":"4506 COMMONS PARK DR","RESYRBLT":2003,"RESFLRAREA_AG":2724,"STATEDAREA":17840,"ACRES":0.40956051,"SCHLDSCRP":"NEW ALBANY-PLAIN LSD","CVTTXDSCRP":"COLUMBUS-PLAIN LSD","CLASSCD":"510","CLASSDSCRP":"SINGLE FAMILY DWELLING, PLATTED LOT","SALEPRICE":385000,"SALEDATE":1597122000000},"geometry":{"type":"Polygon","coordinates":[[[-82.84380835414387,40.07258687857959],[-82.84394750888079,40.07325735684322],[-82.84437090254377,40.07320534894456],[-82.8443427921884,40.07306981776234],[-82.84380835414387,40.07258687857959]]]}},{"type":"Feature","properties":{"PARCELID":"545-259074","SITEADDRESS":"4487 FLOWER GARDEN DR","RESYRBLT":2002,"RESFLRAREA_AG":2046,"STATEDAREA":21779,"ACRES":0.49996592,"SCHLDSCRP":"NEW ALBANY-PLAIN LSD","CVTTXDSCRP":"COLUMBUS-PLAIN LSD","CLASSCD":"510","CLASSDSCRP":"SINGLE FAMILY DWELLING, PLATTED LOT","SALEPRICE":0,"SALEDATE":1605675600000},"geometry":{"type":"Polygon","coordinates":[[[-82.84380835414387,40.07258687857959],[-82.8443427921884,40.07306981776234],[-82.84452111514277,40.07307513114205],[-82.84454488649546,40.0726088887388],[-82.84416138525796,40.07259741730181],[-82.8438526800564,40.072588183580955],[-82.84380835414387,40.07258687857959]]]}},{"type":"Feature","properties":{"PARCELID":"545-259075","SITEADDRESS":"4493 FLOWER GARDEN DR","RESYRBLT":2002,"RESFLRAREA_AG":2776,"STATEDAREA":10200,"ACRES":0.23416051,"SCHLDSCRP":"NEW ALBANY-PLAIN LSD","CVTTXDSCRP":"COLUMBUS-PLAIN LSD","CLASSCD":"510","CLASSDSCRP":"SINGLE FAMILY DWELLING, PLATTED LOT","SALEPRICE":615000,"SALEDATE":1724043600000},"geometry":{"type":"Polygon","coordinates":[[[-82.84454488649546,40.0726088887388],[-82.84452111514277,40.07307513114205],[-82.84473554101803,40.073081572200046],[-82.84475894264224,40.072615291208095],[-82.84459667049829,40.07261042466772],[-82.84454488649546,40.0726088887388]]]}},{"type":"Feature","properties":{"PARCELID":"545-259076","SITEADDRESS":"4497 FLOWER GARDEN DR","RESYRBLT":2002,"RESFLRAREA_AG":1971,"STATEDAREA":10201,"ACRES":0.23417847,"SCHLDSCRP":"NEW ALBANY-PLAIN LSD","CVTTXDSCRP":"COLUMBUS-PLAIN LSD","CLASSCD":"510","CLASSDSCRP":"SINGLE FAMILY DWELLING, PLATTED LOT","SALEPRICE":242500,"SALEDATE":1024894800000},"geometry":{"type":"Polygon","coordinates":[[[-82.84497336695699,40.072621699411975],[-82.84494011586285,40.07262068474945],[-82.84475894264224,40.072615291208095],[-82.84473554101803,40.073081572200046],[-82.8449496104085,40.07308798329252],[-82.84497336695699,40.072621699411975]]]}},{"type":"Feature","properties":{"PARCELID":"545-259077","SITEADDRESS":"4503 FLOWER GARDEN DR","RESYRBLT":2002,"RESFLRAREA_AG":2075,"STATEDAREA":10200,"ACRES":0.23416548,"SCHLDSCRP":"NEW ALBANY-PLAIN LSD","CVTTXDSCRP":"COLUMBUS-PLAIN LSD","CLASSCD":"510","CLASSDSCRP":"SINGLE FAMILY DWELLING, PLATTED LOT","SALEPRICE":253500,"SALEDATE":1412053200000},"geometry":{"type":"Polygon","coordinates":[[[-82.8449496104085,40.07308798329252],[-82.84516402441645,40.07309437857348],[-82.84518743609576,40.072628104665434],[-82.84497336695699,40.072621699411975],[-82.8449496104085,40.07308798329252]]]}},{"type":"Feature","properties":{"PARCELID":"545-259092","SITEADDRESS":"4502 FLOWER GARDEN DR","RESYRBLT":2002,"RESFLRAREA_AG":1905,"STATEDAREA":7857,"ACRES":0.18036731,"SCHLDSCRP":"NEW ALBANY-PLAIN LSD","CVTTXDSCRP":"COLUMBUS-PLAIN LSD","CLASSCD":"510","CLASSDSCRP":"SINGLE FAMILY DWELLING, PLATTED LOT","SALEPRICE":0,"SALEDATE":1582261200000},"geometry":{"type":"Polygon","coordinates":[[[-82.8448781028772,40.07358294566342],[-82.84509217045905,40.073589386224974],[-82.84511038298537,40.07323019375873],[-82.84489597098775,40.07322381458407],[-82.8448781028772,40.07358294566342]]]}},{"type":"Feature","properties":{"PARCELID":"545-259093","SITEADDRESS":"4490 FLOWER GARDEN DR","RESYRBLT":2002,"RESFLRAREA_AG":2486,"STATEDAREA":10020,"ACRES":0.23001808,"SCHLDSCRP":"NEW ALBANY-PLAIN LSD","CVTTXDSCRP":"COLUMBUS-PLAIN LSD","CLASSCD":"510","CLASSDSCRP":"SINGLE FAMILY DWELLING, PLATTED LOT","SALEPRICE":269000,"SALEDATE":1376283600000},"geometry":{"type":"Polygon","coordinates":[[[-82.8446285561632,40.073575439755636],[-82.8448781028772,40.07358294566342],[-82.84489597098775,40.07322381458407],[-82.84477124705512,40.07322008904032],[-82.84474612596603,40.07321760693932],[-82.84472093364765,40.07321921225476],[-82.84469633079588,40.07322486288549],[-82.84467296264721,40.07323441063758],[-82.84465144205667,40.073247605110886],[-82.84463233342512,40.07326410026602],[-82.84461613789715,40.07328346349965],[-82.84460328021805,40.07330518698995],[-82.84459409759441,40.07332870101482],[-82.8445888308505,40.07335338889345],[-82.84458761811239,40.07337860315943],[-82.8446285561632,40.073575439755636]]]}},{"type":"Feature","properties":{"PARCELID":"545-259094","SITEADDRESS":"4537 COMMONS PARK DR","RESYRBLT":2002,"RESFLRAREA_AG":2194,"STATEDAREA":9439,"ACRES":0.21668596,"SCHLDSCRP":"NEW ALBANY-PLAIN LSD","CVTTXDSCRP":"COLUMBUS-PLAIN LSD","CLASSCD":"510","CLASSDSCRP":"SINGLE FAMILY DWELLING, PLATTED LOT","SALEPRICE":274900,"SALEDATE":1415941200000},"geometry":{"type":"Polygon","coordinates":[[[-82.8446285561632,40.073575439755636],[-82.84467311232511,40.07379000048041],[-82.84467331617816,40.073789974665594],[-82.84518891247014,40.07372697979473],[-82.84516078272539,40.073591449787465],[-82.84509217045905,40.073589386224974],[-82.8448781028772,40.07358294566342],[-82.8446285561632,40.073575439755636]]]}},{"type":"Feature","properties":{"PARCELID":"545-259095","SITEADDRESS":"4545 COMMONS PARK DR","RESYRBLT":2002,"RESFLRAREA_AG":2478,"STATEDAREA":9502,"ACRES":0.21812979,"SCHLDSCRP":"NEW ALBANY-PLAIN LSD","CVTTXDSCRP":"COLUMBUS-PLAIN LSD","CLASSCD":"510","CLASSDSCRP":"SINGLE FAMILY DWELLING, PLATTED LOT","SALEPRICE":265035,"SALEDATE":1024894800000},"geometry":{"type":"Polygon","coordinates":[[[-82.84467311232511,40.07379000048041],[-82.84470976157583,40.07396635176545],[-82.84522546204983,40.07390306914288],[-82.84519454565067,40.07375412287838],[-82.84518891247014,40.07372697979473],[-82.84467331617816,40.073789974665594],[-82.84467311232511,40.07379000048041]]]}},{"type":"Feature","properties":{"PARCELID":"545-259096","SITEADDRESS":"4553 COMMONS PARK DR","RESYRBLT":2002,"RESFLRAREA_AG":2396,"STATEDAREA":9500,"ACRES":0.21807951,"SCHLDSCRP":"NEW ALBANY-PLAIN LSD","CVTTXDSCRP":"COLUMBUS-PLAIN LSD","CLASSCD":"510","CLASSDSCRP":"SINGLE FAMILY DWELLING, PLATTED LOT","SALEPRICE":245000,"SALEDATE":1355893200000},"geometry":{"type":"Polygon","coordinates":[[[-82.84470976157583,40.07396635176545],[-82.84474636417889,40.07414247891323],[-82.84505040108472,40.074105250853364],[-82.8452620466946,40.07407933578501],[-82.84522830990653,40.07391679594601],[-82.84522546204983,40.07390306914288],[-82.84470976157583,40.07396635176545]]]}},{"type":"Feature","properties":{"PARCELID":"545-267011","SITEADDRESS":"6492 HILLTOP TRAIL DR","RESYRBLT":2004,"RESFLRAREA_AG":null,"STATEDAREA":8986,"ACRES":0.20630142,"SCHLDSCRP":"NEW ALBANY-PLAIN LSD","CVTTXDSCRP":"COLUMBUS-PLAIN LSD","CLASSCD":"510","CLASSDSCRP":"SINGLE FAMILY DWELLING, PLATTED LOT","SALEPRICE":295459,"SALEDATE":1088658000000},"geometry":{"type":"Polygon","coordinates":[[[-82.84509727458224,40.06901279999622],[-82.84511808645907,40.06860141524802],[-82.84499259704627,40.0685976669876],[-82.84494800839705,40.06859778893559],[-82.84490351915412,40.06860076715212],[-82.84490348279164,40.068601469734205],[-82.84488286363397,40.069006367686626],[-82.84509727458224,40.06901279999622]]]}},{"type":"Feature","properties":{"PARCELID":"545-267012","SITEADDRESS":"6487 ELLIS NOOK DR","RESYRBLT":2005,"RESFLRAREA_AG":2181,"STATEDAREA":10193,"ACRES":0.23398058,"SCHLDSCRP":"NEW ALBANY-PLAIN LSD","CVTTXDSCRP":"COLUMBUS-PLAIN LSD","CLASSCD":"510","CLASSDSCRP":"SINGLE FAMILY DWELLING, PLATTED LOT","SALEPRICE":337670,"SALEDATE":1498798800000},"geometry":{"type":"Polygon","coordinates":[[[-82.84449281872394,40.06823944302096],[-82.84455623577067,40.06856262548138],[-82.8446124575596,40.068534894147476],[-82.84467058504609,40.06851141837811],[-82.84473029665088,40.06849232804849],[-82.84479126203092,40.068477728772216],[-82.84485314390689,40.06846770131701],[-82.84486375761418,40.068466457402245],[-82.84487400425314,40.06846342351103],[-82.84488358424778,40.06845868834375],[-82.8448922175124,40.06845239034024],[-82.8448996516404,40.06844471363216],[-82.8449056692838,40.06843588265973],[-82.84491009450767,40.068426155609814],[-82.84491279793384,40.06841581686748],[-82.84492109488312,40.068252193184314],[-82.84449281872394,40.06823944302096]]]}},{"type":"Feature","properties":{"PARCELID":"545-267013","SITEADDRESS":"6481 ELLIS NOOK DR","RESYRBLT":2004,"RESFLRAREA_AG":2870,"STATEDAREA":8886,"ACRES":0.2039989,"SCHLDSCRP":"NEW ALBANY-PLAIN LSD","CVTTXDSCRP":"COLUMBUS-PLAIN LSD","CLASSCD":"510","CLASSDSCRP":"SINGLE FAMILY DWELLING, PLATTED LOT","SALEPRICE":288450,"SALEDATE":1310446800000},"geometry":{"type":"Polygon","coordinates":[[[-82.84492109488312,40.068252193184314],[-82.84493018603577,40.068073612535684],[-82.84493157758483,40.06805619336231],[-82.84450342274553,40.06802915381109],[-82.84449281872394,40.06823944302096],[-82.84492109488312,40.068252193184314]]]}},{"type":"Feature","properties":{"PARCELID":"545-267014","SITEADDRESS":"6475 ELLIS NOOK DR","RESYRBLT":2004,"RESFLRAREA_AG":2464,"STATEDAREA":9647,"ACRES":0.22146458,"SCHLDSCRP":"NEW ALBANY-PLAIN LSD","CVTTXDSCRP":"COLUMBUS-PLAIN LSD","CLASSCD":"510","CLASSDSCRP":"SINGLE FAMILY DWELLING, PLATTED LOT","SALEPRICE":576000,"SALEDATE":1715835600000},"geometry":{"type":"Polygon","coordinates":[[[-82.84472872432835,40.067792441572415],[-82.84451200780418,40.067858920616594],[-82.84450342274553,40.06802915381109],[-82.84493157758483,40.06805619336231],[-82.84493905745227,40.06801420773074],[-82.84495167268311,40.067973469571406],[-82.84496922956103,40.06793460444935],[-82.84499145848697,40.067898209167694],[-82.84472998462338,40.067792948521486],[-82.84472872432835,40.067792441572415]]]}},{"type":"Feature","properties":{"PARCELID":"545-267017","SITEADDRESS":"6514 HILLTOP TRAIL DR","RESYRBLT":2005,"RESFLRAREA_AG":2152,"STATEDAREA":13936,"ACRES":0.31993619,"SCHLDSCRP":"NEW ALBANY-PLAIN LSD","CVTTXDSCRP":"COLUMBUS-PLAIN LSD","CLASSCD":"510","CLASSDSCRP":"SINGLE FAMILY DWELLING, PLATTED LOT","SALEPRICE":0,"SALEDATE":1784610000000},"geometry":{"type":"Polygon","coordinates":[[[-82.8444366993547,40.06899314474357],[-82.84488286363397,40.069006367686626],[-82.84490348279164,40.068601469734205],[-82.84490351915412,40.06860076715212],[-82.84484018433943,40.068609883672096],[-82.84477808397037,40.06862530942496],[-82.84471784490785,40.06864688869823],[-82.84466007522416,40.068674403663856],[-82.84461577255611,40.06869928043435],[-82.84457500686753,40.068729607629095],[-82.84453844481186,40.06876488929844],[-82.84450668429929,40.06880454847075],[-82.84448024471895,40.06884793658776],[-82.84445955844515,40.06889434411067],[-82.84444496376669,40.06894301212344],[-82.8444366993547,40.06899314474357]]]}},{"type":"Feature","properties":{"PARCELID":"545-267018","SITEADDRESS":"6511 SUMMERS NOOK DR","RESYRBLT":2005,"RESFLRAREA_AG":2380,"STATEDAREA":13937,"ACRES":0.31988555,"SCHLDSCRP":"NEW ALBANY-PLAIN LSD","CVTTXDSCRP":"COLUMBUS-PLAIN LSD","CLASSCD":"510","CLASSDSCRP":"SINGLE FAMILY DWELLING, PLATTED LOT","SALEPRICE":216500,"SALEDATE":1300338000000},"geometry":{"type":"Polygon","coordinates":[[[-82.84488286363397,40.069006367686626],[-82.8444366993547,40.06899314474357],[-82.84444360556151,40.06904711016296],[-82.84445698015443,40.06909984613216],[-82.84447662724935,40.069150580280855],[-82.84450225909518,40.069198569557386],[-82.84453350028825,40.069243111111454],[-82.84456989327045,40.06928355258805],[-82.84461090503066,40.06931930168184],[-82.84465593491119,40.06934983481208],[-82.844704323405,40.06937470479095],[-82.84475536181486,40.069393547373075],[-82.84480830263291,40.06940608659025],[-82.84486237048863,40.06941213879326],[-82.84488286363397,40.069006367686626]]]}},{"type":"Feature","properties":{"PARCELID":"545-267019","SITEADDRESS":"6489 SUMMERS NOOK DR","RESYRBLT":2005,"RESFLRAREA_AG":2868,"STATEDAREA":8984,"ACRES":0.2062529,"SCHLDSCRP":"NEW ALBANY-PLAIN LSD","CVTTXDSCRP":"COLUMBUS-PLAIN LSD","CLASSCD":"510","CLASSDSCRP":"SINGLE FAMILY DWELLING, PLATTED LOT","SALEPRICE":0,"SALEDATE":1157000400000},"geometry":{"type":"Polygon","coordinates":[[[-82.84509727458224,40.06901279999622],[-82.84488286363397,40.069006367686626],[-82.84486237048863,40.06941213879326],[-82.84490694904149,40.06941781536764],[-82.84495180223169,40.06942058343556],[-82.84507610083533,40.0694243046183],[-82.84509727458224,40.06901279999622]]]}},{"type":"Feature","properties":{"PARCELID":"545-267043","SITEADDRESS":"6482 SUMMERS NOOK DR","RESYRBLT":2004,"RESFLRAREA_AG":2618,"STATEDAREA":9510,"ACRES":0.21833031,"SCHLDSCRP":"NEW ALBANY-PLAIN LSD","CVTTXDSCRP":"COLUMBUS-PLAIN LSD","CLASSCD":"510","CLASSDSCRP":"SINGLE FAMILY DWELLING, PLATTED LOT","SALEPRICE":314510,"SALEDATE":1109048400000},"geometry":{"type":"Polygon","coordinates":[[[-82.84501695243279,40.069889609561706],[-82.84530247644969,40.069898134683775],[-82.84531906237228,40.069568884501045],[-82.84510514207003,40.06956246195892],[-82.84509401805094,40.06956188434571],[-82.84508295376183,40.069563172345795],[-82.84507225988672,40.06956628979227],[-82.8450622367084,40.06957114914759],[-82.84505316567663,40.069577613961606],[-82.84504530150497,40.06958550270305],[-82.84503886501845,40.06959459385694],[-82.84503403695294,40.069604632144696],[-82.84503095287997,40.069615335692305],[-82.84501695243279,40.069889609561706]]]}},{"type":"Feature","properties":{"PARCELID":"545-267044","SITEADDRESS":"6479 LAKE MATHIAS DR","RESYRBLT":2004,"RESFLRAREA_AG":2195,"STATEDAREA":9517,"ACRES":0.21848148,"SCHLDSCRP":"NEW ALBANY-PLAIN LSD","CVTTXDSCRP":"COLUMBUS-PLAIN LSD","CLASSCD":"510","CLASSDSCRP":"SINGLE FAMILY DWELLING, PLATTED LOT","SALEPRICE":286061,"SALEDATE":1119589200000},"geometry":{"type":"Polygon","coordinates":[[[-82.84530247644969,40.069898134683775],[-82.84501695243279,40.069889609561706],[-82.8450029542149,40.07016388249323],[-82.84500492897435,40.070174702198216],[-82.84500874741171,40.07018501651966],[-82.8450142941661,40.07019451384594],[-82.84502140166148,40.070202907248124],[-82.84502985516939,40.07020994314855],[-82.84503939929628,40.070215408981745],[-82.84504974569931,40.07021913961645],[-82.8450605817976,40.0702210223444],[-82.84507158021586,40.070221000285464],[-82.84528588912573,40.07022737041667],[-82.84530247644969,40.069898134683775]]]}},{"type":"Feature","properties":{"PARCELID":"545-267070","SITEADDRESS":"4438 COHAGEN CROSSING DR","RESYRBLT":2005,"RESFLRAREA_AG":2518,"STATEDAREA":13236,"ACRES":0.303852,"SCHLDSCRP":"NEW ALBANY-PLAIN LSD","CVTTXDSCRP":"COLUMBUS-PLAIN LSD","CLASSCD":"510","CLASSDSCRP":"SINGLE FAMILY DWELLING, PLATTED LOT","SALEPRICE":353000,"SALEDATE":1526360400000},"geometry":{"type":"Polygon","coordinates":[[[-82.84372673826027,40.07197880959767],[-82.84376204376747,40.07214938961987],[-82.84449724675832,40.07186593202955],[-82.84440114241869,40.07171879308894],[-82.84372673826027,40.07197880959767]]]}},{"type":"Feature","properties":{"PARCELID":"545-267071","SITEADDRESS":"4432 COHAGEN CROSSING DR","RESYRBLT":2005,"RESFLRAREA_AG":2961,"STATEDAREA":12098,"ACRES":0.27773242,"SCHLDSCRP":"NEW ALBANY-PLAIN LSD","CVTTXDSCRP":"COLUMBUS-PLAIN LSD","CLASSCD":"510","CLASSDSCRP":"SINGLE FAMILY DWELLING, PLATTED LOT","SALEPRICE":335066,"SALEDATE":1121317200000},"geometry":{"type":"Polygon","coordinates":[[[-82.84369141119699,40.07180810263145],[-82.84372673826027,40.07197880959767],[-82.84440114241869,40.07171879308894],[-82.84430501743086,40.071571663129234],[-82.84369141119699,40.07180810263145]]]}},{"type":"Feature","properties":{"PARCELID":"545-267072","SITEADDRESS":"4426 COHAGEN CROSSING DR","RESYRBLT":2005,"RESFLRAREA_AG":3308,"STATEDAREA":10959,"ACRES":0.25158166,"SCHLDSCRP":"NEW ALBANY-PLAIN LSD","CVTTXDSCRP":"COLUMBUS-PLAIN LSD","CLASSCD":"510","CLASSDSCRP":"SINGLE FAMILY DWELLING, PLATTED LOT","SALEPRICE":366000,"SALEDATE":1435726800000},"geometry":{"type":"Polygon","coordinates":[[[-82.84365610838613,40.071637523459486],[-82.84369141119699,40.07180810263145],[-82.84430501743086,40.071571663129234],[-82.84420875108157,40.071424311948114],[-82.84365610838613,40.071637523459486]]]}},{"type":"Feature","properties":{"PARCELID":"545-267073","SITEADDRESS":"4420 COHAGEN CROSSING DR","RESYRBLT":2005,"RESFLRAREA_AG":2552,"STATEDAREA":9812,"ACRES":0.22524716,"SCHLDSCRP":"NEW ALBANY-PLAIN LSD","CVTTXDSCRP":"COLUMBUS-PLAIN LSD","CLASSCD":"510","CLASSDSCRP":"SINGLE FAMILY DWELLING, PLATTED LOT","SALEPRICE":337230,"SALEDATE":1130475600000},"geometry":{"type":"Polygon","coordinates":[[[-82.84362077932592,40.07146681645662],[-82.84365610838613,40.071637523459486],[-82.84420875108157,40.071424311948114],[-82.8441126397688,40.07127717457197],[-82.84362077932592,40.07146681645662]]]}},{"type":"Feature","properties":{"PARCELID":"545-267074","SITEADDRESS":"4414 COHAGEN CROSSING DR","RESYRBLT":2005,"RESFLRAREA_AG":null,"STATEDAREA":8666,"ACRES":0.19893937,"SCHLDSCRP":"NEW ALBANY-PLAIN LSD","CVTTXDSCRP":"COLUMBUS-PLAIN LSD","CLASSCD":"510","CLASSDSCRP":"SINGLE FAMILY DWELLING, PLATTED LOT","SALEPRICE":320000,"SALEDATE":1456894800000},"geometry":{"type":"Polygon","coordinates":[[[-82.84358547686242,40.07129623724113],[-82.84362077932592,40.07146681645662],[-82.8441126397688,40.07127717457197],[-82.84401651834477,40.071130043443965],[-82.84358547686242,40.07129623724113]]]}},{"type":"Feature","properties":{"PARCELID":"545-267075","SITEADDRESS":"4408 COHAGEN CROSSING DR","RESYRBLT":2005,"RESFLRAREA_AG":2398,"STATEDAREA":9743,"ACRES":0.22366955,"SCHLDSCRP":"NEW ALBANY-PLAIN LSD","CVTTXDSCRP":"COLUMBUS-PLAIN LSD","CLASSCD":"510","CLASSDSCRP":"SINGLE FAMILY DWELLING, PLATTED LOT","SALEPRICE":276000,"SALEDATE":1365138000000},"geometry":{"type":"Polygon","coordinates":[[[-82.84353171158301,40.07103643824277],[-82.84358547686242,40.07129623724113],[-82.84401651834477,40.071130043443965],[-82.8440003898704,40.07110535633589],[-82.84397419791539,40.07106103152397],[-82.8439524084278,40.07101438470533],[-82.84393522505154,40.070965851839766],[-82.84353171158301,40.07103643824277]]]}},{"type":"Feature","properties":{"PARCELID":"545-267076","SITEADDRESS":"4402 COHAGEN CROSSING DR","RESYRBLT":2005,"RESFLRAREA_AG":2549,"STATEDAREA":9967,"ACRES":0.22881384,"SCHLDSCRP":"NEW ALBANY-PLAIN LSD","CVTTXDSCRP":"COLUMBUS-PLAIN LSD","CLASSCD":"510","CLASSDSCRP":"SINGLE FAMILY DWELLING, PLATTED LOT","SALEPRICE":505000,"SALEDATE":1702962000000},"geometry":{"type":"Polygon","coordinates":[[[-82.84347386578843,40.07075692778957],[-82.84353171158301,40.07103643824277],[-82.84393522505154,40.070965851839766],[-82.84392409799675,40.07092088232741],[-82.84391736793775,40.07087504811861],[-82.84391509784928,40.070828778094956],[-82.8439173089731,40.07078250521606],[-82.84347386578843,40.07075692778957]]]}},{"type":"Feature","properties":{"PARCELID":"545-267077","SITEADDRESS":"4396 COHAGEN CROSSING DR","RESYRBLT":2004,"RESFLRAREA_AG":2730,"STATEDAREA":11818,"ACRES":0.27131316,"SCHLDSCRP":"NEW ALBANY-PLAIN LSD","CVTTXDSCRP":"COLUMBUS-PLAIN LSD","CLASSCD":"510","CLASSDSCRP":"SINGLE FAMILY DWELLING, PLATTED LOT","SALEPRICE":353000,"SALEDATE":1546837200000},"geometry":{"type":"Polygon","coordinates":[[[-82.84341132342074,40.07045471764833],[-82.84347386578843,40.07075692778957],[-82.8439173089731,40.07078250521606],[-82.84392660727488,40.07072441123476],[-82.84394268645943,40.07066781769356],[-82.84396532247483,40.07061351318283],[-82.84341132342074,40.07045471764833]]]}},{"type":"Feature","properties":{"PARCELID":"545-267078","SITEADDRESS":"6535 LAKE MATHIAS DR","RESYRBLT":2005,"RESFLRAREA_AG":3731,"STATEDAREA":12565,"ACRES":0.28844168,"SCHLDSCRP":"NEW ALBANY-PLAIN LSD","CVTTXDSCRP":"COLUMBUS-PLAIN LSD","CLASSCD":"510","CLASSDSCRP":"SINGLE FAMILY DWELLING, PLATTED LOT","SALEPRICE":340000,"SALEDATE":1347426000000},"geometry":{"type":"Polygon","coordinates":[[[-82.84396532247483,40.07061351318283],[-82.84399561682905,40.07055911945207],[-82.84403146410612,40.07050821367076],[-82.84407246665634,40.07046136053086],[-82.84367378852694,40.070235030475295],[-82.84341132342074,40.07045471764833],[-82.84396532247483,40.07061351318283]]]}},{"type":"Feature","properties":{"PARCELID":"545-267079","SITEADDRESS":"6527 LAKE MATHIAS DR","RESYRBLT":2005,"RESFLRAREA_AG":2794,"STATEDAREA":13411,"ACRES":0.30787907,"SCHLDSCRP":"NEW ALBANY-PLAIN LSD","CVTTXDSCRP":"COLUMBUS-PLAIN LSD","CLASSCD":"510","CLASSDSCRP":"SINGLE FAMILY DWELLING, PLATTED LOT","SALEPRICE":305000,"SALEDATE":1483506000000},"geometry":{"type":"Polygon","coordinates":[[[-82.84367378852694,40.070235030475295],[-82.84407246665634,40.07046136053086],[-82.84412125353965,40.070415511986],[-82.84417400234281,40.07037428319976],[-82.84423027717709,40.070338014865435],[-82.8439897593701,40.06997003047167],[-82.84367378852694,40.070235030475295]]]}},{"type":"Feature","properties":{"PARCELID":"545-267080","SITEADDRESS":"4397 COHAGEN CROSSING DR","RESYRBLT":2004,"RESFLRAREA_AG":2464,"STATEDAREA":21713,"ACRES":0.49855019,"SCHLDSCRP":"NEW ALBANY-PLAIN LSD","CVTTXDSCRP":"COLUMBUS-PLAIN LSD","CLASSCD":"510","CLASSDSCRP":"SINGLE FAMILY DWELLING, PLATTED LOT","SALEPRICE":540000,"SALEDATE":1708664400000},"geometry":{"type":"Polygon","coordinates":[[[-82.84444605430754,40.07039614832546],[-82.84439243330985,40.07041180090052],[-82.84434121258909,40.07043408659692],[-82.8442932089878,40.07046265001345],[-82.84424918804355,40.07049703563496],[-82.84420985178043,40.07053669509667],[-82.84417582751361,40.070580995929234],[-82.84414765784513,40.07062923164502],[-82.84412579201086,40.070680633004834],[-82.84411057871623,40.07073438028539],[-82.84410226057531,40.07078961635178],[-82.84410097024167,40.07084546032674],[-82.84410672829289,40.07090102163833],[-82.84411944290244,40.07095541422241],[-82.84413891130407,40.071007770653125],[-82.84469547821548,40.070793170063],[-82.84444616655048,40.07039632541648],[-82.84444605430754,40.07039614832546]]]}},{"type":"Feature","properties":{"PARCELID":"545-267081","SITEADDRESS":"4405 COHAGEN CROSSING DR","RESYRBLT":2004,"RESFLRAREA_AG":3380,"STATEDAREA":10469,"ACRES":0.24034348,"SCHLDSCRP":"NEW ALBANY-PLAIN LSD","CVTTXDSCRP":"COLUMBUS-PLAIN LSD","CLASSCD":"510","CLASSDSCRP":"SINGLE FAMILY DWELLING, PLATTED LOT","SALEPRICE":652521,"SALEDATE":1687928400000},"geometry":{"type":"Polygon","coordinates":[[[-82.84423320244699,40.07115575181955],[-82.84478877525493,40.070941672464585],[-82.84469547821548,40.070793170063],[-82.84413891130407,40.071007770653125],[-82.84416015863106,40.07104394893015],[-82.84423320244699,40.07115575181955]]]}},{"type":"Feature","properties":{"PARCELID":"545-267082","SITEADDRESS":"4413 COHAGEN CROSSING DR","RESYRBLT":2005,"RESFLRAREA_AG":2257,"STATEDAREA":10405,"ACRES":0.23885956,"SCHLDSCRP":"NEW ALBANY-PLAIN LSD","CVTTXDSCRP":"COLUMBUS-PLAIN LSD","CLASSCD":"510","CLASSDSCRP":"SINGLE FAMILY DWELLING, PLATTED LOT","SALEPRICE":325000,"SALEDATE":1539147600000},"geometry":{"type":"Polygon","coordinates":[[[-82.84423320244699,40.07115575181955],[-82.84432932670623,40.071302881861435],[-82.84488193326318,40.07108995274245],[-82.84483957824685,40.07102249354421],[-82.84478877525493,40.070941672464585],[-82.84423320244699,40.07115575181955]]]}},{"type":"Feature","properties":{"PARCELID":"545-267083","SITEADDRESS":"4421 COHAGEN CROSSING DR","RESYRBLT":2005,"RESFLRAREA_AG":2742,"STATEDAREA":10364,"ACRES":0.23792792,"SCHLDSCRP":"NEW ALBANY-PLAIN LSD","CVTTXDSCRP":"COLUMBUS-PLAIN LSD","CLASSCD":"510","CLASSDSCRP":"SINGLE FAMILY DWELLING, PLATTED LOT","SALEPRICE":400000,"SALEDATE":1551416400000},"geometry":{"type":"Polygon","coordinates":[[[-82.84432932670623,40.071302881861435],[-82.84442559079858,40.07145023295752],[-82.84497522875641,40.071238454986045],[-82.84488193326318,40.07108995274245],[-82.84432932670623,40.071302881861435]]]}},{"type":"Feature","properties":{"PARCELID":"545-267084","SITEADDRESS":"4429 COHAGEN CROSSING DR","RESYRBLT":2005,"RESFLRAREA_AG":null,"STATEDAREA":10289,"ACRES":0.23620566,"SCHLDSCRP":"NEW ALBANY-PLAIN LSD","CVTTXDSCRP":"COLUMBUS-PLAIN LSD","CLASSCD":"510","CLASSDSCRP":"SINGLE FAMILY DWELLING, PLATTED LOT","SALEPRICE":0,"SALEDATE":1497502800000},"geometry":{"type":"Polygon","coordinates":[[[-82.84442559079858,40.07145023295752],[-82.84452171471057,40.07159736463008],[-82.845068317857,40.07138662633028],[-82.84497522875641,40.071238454986045],[-82.84442559079858,40.07145023295752]]]}},{"type":"Feature","properties":{"PARCELID":"545-267085","SITEADDRESS":"4437 COHAGEN CROSSING DR","RESYRBLT":2005,"RESFLRAREA_AG":3694,"STATEDAREA":10245,"ACRES":0.23518891,"SCHLDSCRP":"NEW ALBANY-PLAIN LSD","CVTTXDSCRP":"COLUMBUS-PLAIN LSD","CLASSCD":"510","CLASSDSCRP":"SINGLE FAMILY DWELLING, PLATTED LOT","SALEPRICE":329900,"SALEDATE":1242018000000},"geometry":{"type":"Polygon","coordinates":[[[-82.84452171471057,40.07159736463008],[-82.84461784487368,40.0717444925962],[-82.84516162351278,40.07153512567976],[-82.845068317857,40.07138662633028],[-82.84452171471057,40.07159736463008]]]}},{"type":"Feature","properties":{"PARCELID":"545-267086","SITEADDRESS":"4445 COHAGEN CROSSING DR","RESYRBLT":2005,"RESFLRAREA_AG":2406,"STATEDAREA":10184,"ACRES":0.23379552,"SCHLDSCRP":"NEW ALBANY-PLAIN LSD","CVTTXDSCRP":"COLUMBUS-PLAIN LSD","CLASSCD":"510","CLASSDSCRP":"SINGLE FAMILY DWELLING, PLATTED LOT","SALEPRICE":207437,"SALEDATE":1418792400000},"geometry":{"type":"Polygon","coordinates":[[[-82.84516162351278,40.07153512567976],[-82.84461784487368,40.0717444925962],[-82.84469788683126,40.07186701981047],[-82.84471495309788,40.071891379847486],[-82.8452547737503,40.07168340835774],[-82.84516162351278,40.07153512567976]]]}},{"type":"Feature","properties":{"PARCELID":"545-267087","SITEADDRESS":"4453 COHAGEN CROSSING DR","RESYRBLT":2004,"RESFLRAREA_AG":2377,"STATEDAREA":21162,"ACRES":0.48579529,"SCHLDSCRP":"NEW ALBANY-PLAIN LSD","CVTTXDSCRP":"COLUMBUS-PLAIN LSD","CLASSCD":"510","CLASSDSCRP":"SINGLE FAMILY DWELLING, PLATTED LOT","SALEPRICE":365000,"SALEDATE":1583989200000},"geometry":{"type":"Polygon","coordinates":[[[-82.84471495309788,40.071891379847486],[-82.84476103307708,40.071939160207414],[-82.84481132738922,40.07198248236623],[-82.84486540645099,40.07202097629247],[-82.84492280835201,40.07205431319452],[-82.84498304280027,40.07208220832889],[-82.84504559530986,40.07210442343236],[-82.8451099315954,40.07212076875707],[-82.84517550213562,40.07213110469122],[-82.84524174686693,40.07213534295159],[-82.84530809996728,40.07213344733753],[-82.84537399468896,40.07212543404022],[-82.84543886819945,40.07211137150435],[-82.84551276909617,40.07209405263365],[-82.84537132425739,40.07186891909169],[-82.84526131977857,40.07169378575268],[-82.8452547737503,40.07168340835774],[-82.84471495309788,40.071891379847486]]]}},{"type":"Feature","properties":{"PARCELID":"545-267091","SITEADDRESS":"4434 POND LILY CT","RESYRBLT":2004,"RESFLRAREA_AG":3356,"STATEDAREA":22645,"ACRES":0.51986573,"SCHLDSCRP":"NEW ALBANY-PLAIN LSD","CVTTXDSCRP":"COLUMBUS-PLAIN LSD","CLASSCD":"510","CLASSDSCRP":"SINGLE FAMILY DWELLING, PLATTED LOT","SALEPRICE":426911,"SALEDATE":1101963600000},"geometry":{"type":"Polygon","coordinates":[[[-82.84483957824685,40.07102249354421],[-82.84488193326318,40.07108995274245],[-82.84497522875641,40.071238454986045],[-82.845068317857,40.07138662633028],[-82.84516162351278,40.07153512567976],[-82.84560394849645,40.07136429892836],[-82.84558567735677,40.07135431850662],[-82.84556939583524,40.07134134332183],[-82.8455555895184,40.071325760351044],[-82.8455446701713,40.07130803434693],[-82.84553696345684,40.071288693976825],[-82.84553269922313,40.07126831605558],[-82.84553200464836,40.07124750834237],[-82.8455349004478,40.07122689141464],[-82.84554130025599,40.071207080159795],[-82.84500057344594,40.07096273851309],[-82.84483957824685,40.07102249354421]]]}},{"type":"Feature","properties":{"PARCELID":"545-267092","SITEADDRESS":"4428 POND LILY CT","RESYRBLT":2004,"RESFLRAREA_AG":3750,"STATEDAREA":14323,"ACRES":0.32880579,"SCHLDSCRP":"NEW ALBANY-PLAIN LSD","CVTTXDSCRP":"COLUMBUS-PLAIN LSD","CLASSCD":"510","CLASSDSCRP":"SINGLE FAMILY DWELLING, PLATTED LOT","SALEPRICE":295000,"SALEDATE":1275454800000},"geometry":{"type":"Polygon","coordinates":[[[-82.84500057344594,40.07096273851309],[-82.84554130025599,40.071207080159795],[-82.84555695313895,40.07118170235248],[-82.84557673950941,40.07115939662692],[-82.84560006906946,40.07114082844237],[-82.84562624581518,40.07112655175393],[-82.84565448880099,40.07111699248608],[-82.84568395543799,40.071112435825846],[-82.84571376663145,40.07111301771464],[-82.84574303300721,40.071118720792626],[-82.84545093869106,40.070795577582786],[-82.84500057344594,40.07096273851309]]]}},{"type":"Feature","properties":{"PARCELID":"545-267093","SITEADDRESS":"6503 LAKE MATHIAS DR","RESYRBLT":2004,"RESFLRAREA_AG":3366,"STATEDAREA":17102,"ACRES":0.3926066,"SCHLDSCRP":"NEW ALBANY-PLAIN LSD","CVTTXDSCRP":"COLUMBUS-PLAIN LSD","CLASSCD":"510","CLASSDSCRP":"SINGLE FAMILY DWELLING, PLATTED LOT","SALEPRICE":322920,"SALEDATE":1093237200000},"geometry":{"type":"Polygon","coordinates":[[[-82.84422148704674,40.069865863044484],[-82.8444674082283,40.07024179793139],[-82.84453720201567,40.07022681737914],[-82.84460786516645,40.070216702596696],[-82.84467905887641,40.07021150208079],[-82.84475044179744,40.070211240766014],[-82.84476153822554,40.07021181455161],[-82.84477257553502,40.07021053480711],[-82.84478324627338,40.07020743718074],[-82.84479325319927,40.0702026079592],[-82.8448023175623,40.07019618166406],[-82.84481018686787,40.07018833730455],[-82.84481664191064,40.070179293391156],[-82.84482150288055,40.070169301848836],[-82.84482463437166,40.07015864099944],[-82.84483846902488,40.06988410108969],[-82.84436478517142,40.06987011112792],[-82.84422148704674,40.069865863044484]]]}},{"type":"Feature","properties":{"PARCELID":"545-267094","SITEADDRESS":"6498 SUMMERS NOOK DR","RESYRBLT":2004,"RESFLRAREA_AG":null,"STATEDAREA":12999,"ACRES":0.29841674,"SCHLDSCRP":"NEW ALBANY-PLAIN LSD","CVTTXDSCRP":"COLUMBUS-PLAIN LSD","CLASSCD":"510","CLASSDSCRP":"SINGLE FAMILY DWELLING, PLATTED LOT","SALEPRICE":210000,"SALEDATE":1256014800000},"geometry":{"type":"Polygon","coordinates":[[[-82.84436478517142,40.06987011112792],[-82.84483846902488,40.06988410108969],[-82.84485292784098,40.069597192153005],[-82.84485163983915,40.069587901928855],[-82.84484890029103,40.06957893186255],[-82.84484477800632,40.0695705072568],[-82.84483937652514,40.06956283971387],[-82.84483283151744,40.069556121820774],[-82.8448253073753,40.06955052231199],[-82.84481699308392,40.06954618183135],[-82.84480809747478,40.069543209399455],[-82.84479884398043,40.069541679675396],[-82.84474199708531,40.069528903014294],[-82.84468615117409,40.0695122883595],[-82.84463156504664,40.069491912706276],[-82.84436478517142,40.06987011112792]]]}},{"type":"Feature","properties":{"PARCELID":"545-267095","SITEADDRESS":"6504 SUMMERS NOOK DR","RESYRBLT":2004,"RESFLRAREA_AG":null,"STATEDAREA":12169,"ACRES":0.27935548,"SCHLDSCRP":"NEW ALBANY-PLAIN LSD","CVTTXDSCRP":"COLUMBUS-PLAIN LSD","CLASSCD":"510","CLASSDSCRP":"SINGLE FAMILY DWELLING, PLATTED LOT","SALEPRICE":332610,"SALEDATE":1096434000000},"geometry":{"type":"Polygon","coordinates":[[[-82.84447830091445,40.06940636644876],[-82.844113475206,40.069700104323694],[-82.84422148704674,40.069865863044484],[-82.84436478517142,40.06987011112792],[-82.84463156504664,40.069491912706276],[-82.84457826733596,40.0694674820853],[-82.84452707206925,40.0694389068185],[-82.84447830091445,40.06940636644876]]]}},{"type":"Feature","properties":{"PARCELID":"545-267096","SITEADDRESS":"6510 SUMMERS NOOK DR","RESYRBLT":2005,"RESFLRAREA_AG":3062,"STATEDAREA":9705,"ACRES":0.2228098,"SCHLDSCRP":"NEW ALBANY-PLAIN LSD","CVTTXDSCRP":"COLUMBUS-PLAIN LSD","CLASSCD":"510","CLASSDSCRP":"SINGLE FAMILY DWELLING, PLATTED LOT","SALEPRICE":603000,"SALEDATE":1725339600000},"geometry":{"type":"Polygon","coordinates":[[[-82.84435976395153,40.06929284348934],[-82.8439662229633,40.069475164235996],[-82.844113475206,40.069700104323694],[-82.84447830091445,40.06940636644876],[-82.84443540880976,40.06937216301181],[-82.84439578810017,40.069334218221464],[-82.84435976395153,40.06929284348934]]]}},{"type":"Feature","properties":{"PARCELID":"545-267097","SITEADDRESS":"6516 SUMMERS NOOK DR","RESYRBLT":2005,"RESFLRAREA_AG":null,"STATEDAREA":9078,"ACRES":0.20840369,"SCHLDSCRP":"NEW ALBANY-PLAIN LSD","CVTTXDSCRP":"COLUMBUS-PLAIN LSD","CLASSCD":"510","CLASSDSCRP":"SINGLE FAMILY DWELLING, PLATTED LOT","SALEPRICE":589995,"SALEDATE":1749013200000},"geometry":{"type":"Polygon","coordinates":[[[-82.8438254522186,40.06925954070162],[-82.8439662229633,40.069475164235996],[-82.84435976395153,40.06929284348934],[-82.84433000565666,40.069251066276465],[-82.84430473178693,40.06920643306979],[-82.84428421388932,40.069159423416444],[-82.8438254522186,40.06925954070162]]]}},{"type":"Feature","properties":{"PARCELID":"545-267098","SITEADDRESS":"6522 SUMMERS NOOK DR","RESYRBLT":2006,"RESFLRAREA_AG":2866,"STATEDAREA":9759,"ACRES":0.22404077,"SCHLDSCRP":"NEW ALBANY-PLAIN LSD","CVTTXDSCRP":"COLUMBUS-PLAIN LSD","CLASSCD":"510","CLASSDSCRP":"SINGLE FAMILY DWELLING, PLATTED LOT","SALEPRICE":306368,"SALEDATE":1165554000000},"geometry":{"type":"Polygon","coordinates":[[[-82.84377557657652,40.06900082627716],[-82.8438254522186,40.06925954070162],[-82.84428421388932,40.069159423416444],[-82.84426968547659,40.069112525188054],[-82.84426056504778,40.0690642827132],[-82.84425697009598,40.0690153174712],[-82.84377557657652,40.06900082627716]]]}},{"type":"Feature","properties":{"PARCELID":"545-267099","SITEADDRESS":"6519 HILLTOP TRAIL DR","RESYRBLT":2004,"RESFLRAREA_AG":2860,"STATEDAREA":11151,"ACRES":0.25599384,"SCHLDSCRP":"NEW ALBANY-PLAIN LSD","CVTTXDSCRP":"COLUMBUS-PLAIN LSD","CLASSCD":"510","CLASSDSCRP":"SINGLE FAMILY DWELLING, PLATTED LOT","SALEPRICE":0,"SALEDATE":1732510800000},"geometry":{"type":"Polygon","coordinates":[[[-82.84385243031555,40.06864731310998],[-82.84376237350934,40.068931689993825],[-82.84426158330012,40.06894667662635],[-82.84427273565817,40.068894632036155],[-82.84428993009678,40.06884425976463],[-82.84431292807159,40.06879625864369],[-82.84385243031555,40.06864731310998]]]}},{"type":"Feature","properties":{"PARCELID":"545-267100","SITEADDRESS":"6513 HILLTOP TRAIL DR","RESYRBLT":2004,"RESFLRAREA_AG":1891,"STATEDAREA":10678,"ACRES":0.24514594,"SCHLDSCRP":"NEW ALBANY-PLAIN LSD","CVTTXDSCRP":"COLUMBUS-PLAIN LSD","CLASSCD":"510","CLASSDSCRP":"SINGLE FAMILY DWELLING, PLATTED LOT","SALEPRICE":264765,"SALEDATE":1104728400000},"geometry":{"type":"Polygon","coordinates":[[[-82.84385243031555,40.06864731310998],[-82.84431292807159,40.06879625864369],[-82.84434201399306,40.06874962492867],[-82.84437567073277,40.06870617474944],[-82.84441355258309,40.06866635440765],[-82.84399488309576,40.06840972254695],[-82.84385243031555,40.06864731310998]]]}},{"type":"Feature","properties":{"PARCELID":"545-267101","SITEADDRESS":"6507 HILLTOP TRAIL DR","RESYRBLT":2004,"RESFLRAREA_AG":null,"STATEDAREA":14192,"ACRES":0.32581632,"SCHLDSCRP":"NEW ALBANY-PLAIN LSD","CVTTXDSCRP":"COLUMBUS-PLAIN LSD","CLASSCD":"510","CLASSDSCRP":"SINGLE FAMILY DWELLING, PLATTED LOT","SALEPRICE":322315,"SALEDATE":1108011600000},"geometry":{"type":"Polygon","coordinates":[[[-82.84399488309576,40.06840972254695],[-82.84441355258309,40.06866635440765],[-82.84445801917433,40.06862764973435],[-82.84450570218681,40.06859298476947],[-82.84455623577067,40.06856262548138],[-82.84449281872394,40.06823944302096],[-82.84422823516047,40.0682737083225],[-82.84399488309576,40.06840972254695]]]}},{"type":"Feature","properties":{"PARCELID":"545-267065","SITEADDRESS":"6452 SKIPPING STONE DR","RESYRBLT":2004,"RESFLRAREA_AG":2361,"STATEDAREA":9356,"ACRES":0.21484193,"SCHLDSCRP":"NEW ALBANY-PLAIN LSD","CVTTXDSCRP":"COLUMBUS-PLAIN LSD","CLASSCD":"510","CLASSDSCRP":"SINGLE FAMILY DWELLING, PLATTED LOT","SALEPRICE":265000,"SALEDATE":1372050000000},"geometry":{"type":"Polygon","coordinates":[[[-82.84525246564552,40.0722694626023],[-82.84518824763853,40.07226721492559],[-82.84512429289293,40.072260986363304],[-82.84506084794566,40.072250800925744],[-82.84494011586285,40.07262068474945],[-82.84497336695699,40.072621699411975],[-82.84518743609576,40.072628104665434],[-82.84524961390663,40.07262993309942],[-82.84525246564552,40.0722694626023]]]}},{"type":"Feature","properties":{"PARCELID":"545-267066","SITEADDRESS":"4462 COHAGEN CROSSING DR","RESYRBLT":2004,"RESFLRAREA_AG":2888,"STATEDAREA":11041,"ACRES":0.25334358,"SCHLDSCRP":"NEW ALBANY-PLAIN LSD","CVTTXDSCRP":"COLUMBUS-PLAIN LSD","CLASSCD":"510","CLASSDSCRP":"SINGLE FAMILY DWELLING, PLATTED LOT","SALEPRICE":310000,"SALEDATE":1254286800000},"geometry":{"type":"Polygon","coordinates":[[[-82.84488089349242,40.072197738404334],[-82.84459667049829,40.07261042466772],[-82.84475894264224,40.072615291208095],[-82.84494011586285,40.07262068474945],[-82.84506084794566,40.072250800925744],[-82.84499975513937,40.072237026816325],[-82.84493968578948,40.072219314383496],[-82.84488089349242,40.072197738404334]]]}},{"type":"Feature","properties":{"PARCELID":"545-267067","SITEADDRESS":"4456 COHAGEN CROSSING DR","RESYRBLT":2004,"RESFLRAREA_AG":2712,"STATEDAREA":15622,"ACRES":0.35870872,"SCHLDSCRP":"NEW ALBANY-PLAIN LSD","CVTTXDSCRP":"COLUMBUS-PLAIN LSD","CLASSCD":"510","CLASSDSCRP":"SINGLE FAMILY DWELLING, PLATTED LOT","SALEPRICE":0,"SALEDATE":1432011600000},"geometry":{"type":"Polygon","coordinates":[[[-82.84472226419672,40.07211305665079],[-82.84416138525796,40.07259741730181],[-82.84454488649546,40.0726088887388],[-82.84459667049829,40.07261042466772],[-82.84488089349242,40.072197738404334],[-82.84482605047047,40.07217330270579],[-82.8447730845886,40.072145027703144],[-82.84472226419672,40.07211305665079]]]}},{"type":"Feature","properties":{"PARCELID":"545-267068","SITEADDRESS":"4450 COHAGEN CROSSING DR","RESYRBLT":2004,"RESFLRAREA_AG":3703,"STATEDAREA":23515,"ACRES":0.53979306,"SCHLDSCRP":"NEW ALBANY-PLAIN LSD","CVTTXDSCRP":"COLUMBUS-PLAIN LSD","CLASSCD":"510","CLASSDSCRP":"SINGLE FAMILY DWELLING, PLATTED LOT","SALEPRICE":344900,"SALEDATE":1254805200000},"geometry":{"type":"Polygon","coordinates":[[[-82.84459475988034,40.072002073929156],[-82.84381670741273,40.07241365099449],[-82.8438526800564,40.072588183580955],[-82.84416138525796,40.07259741730181],[-82.84472226419672,40.07211305665079],[-82.84467684743677,40.0720795032898],[-82.84463425530754,40.072042430110194],[-82.84459475988034,40.072002073929156]]]}},{"type":"Feature","properties":{"PARCELID":"545-267069","SITEADDRESS":"4444 COHAGEN CROSSING DR","RESYRBLT":2004,"RESFLRAREA_AG":3639,"STATEDAREA":18099,"ACRES":0.41555561,"SCHLDSCRP":"NEW ALBANY-PLAIN LSD","CVTTXDSCRP":"COLUMBUS-PLAIN LSD","CLASSCD":"510","CLASSDSCRP":"SINGLE FAMILY DWELLING, PLATTED LOT","SALEPRICE":455101,"SALEDATE":1532667600000},"geometry":{"type":"Polygon","coordinates":[[[-82.84449724675832,40.07186593202955],[-82.84376204376747,40.07214938961987],[-82.84381670741273,40.07241365099449],[-82.84459475988034,40.072002073929156],[-82.84456505867048,40.071966375946154],[-82.84453816749647,40.07192851603836],[-82.84449724675832,40.07186593202955]]]}},{"type":"Feature","properties":{"PARCELID":"222-000927","SITEADDRESS":"7130 GREENSWARD RD","RESYRBLT":1991,"RESFLRAREA_AG":6113,"STATEDAREA":36315,"ACRES":0.8336758,"SCHLDSCRP":"NEW ALBANY-PLAIN LSD","CVTTXDSCRP":"PLAIN TWP-NEW ALBANY CORP","CLASSCD":"510","CLASSDSCRP":"SINGLE FAMILY DWELLING, PLATTED LOT","SALEPRICE":1250000,"SALEDATE":1606798800000},"geometry":{"type":"Polygon","coordinates":[[[-82.83052502977345,40.07419433212249],[-82.83104879625562,40.07425662738312],[-82.8310980650733,40.07357259185591],[-82.83056303317669,40.073549897576854],[-82.8305245092175,40.07408508004465],[-82.83051678493199,40.074193354732664],[-82.83052502977345,40.07419433212249]]]}},{"type":"Feature","properties":{"PARCELID":"222-000928","SITEADDRESS":"7150 GREENSWARD RD","RESYRBLT":1994,"RESFLRAREA_AG":7971,"STATEDAREA":34038,"ACRES":0.7813967,"SCHLDSCRP":"NEW ALBANY-PLAIN LSD","CVTTXDSCRP":"PLAIN TWP-NEW ALBANY CORP","CLASSCD":"510","CLASSDSCRP":"SINGLE FAMILY DWELLING, PLATTED LOT","SALEPRICE":0,"SALEDATE":1612846800000},"geometry":{"type":"Polygon","coordinates":[[[-82.83051678493199,40.074193354732664],[-82.8305245092175,40.07408508004465],[-82.83056303317669,40.073549897576854],[-82.83052195093867,40.073548154255796],[-82.83009898241572,40.07353021850683],[-82.83008785546879,40.07352953194823],[-82.83007676784099,40.07353069161207],[-82.83006602376179,40.07353366567876],[-82.83005591803416,40.07353837254392],[-82.83004672794559,40.07354468305757],[-82.83003870565965,40.073552424067756],[-82.83003207129697,40.07356138317165],[-82.8300270068955,40.07357131454358],[-82.83002365141557,40.073581945680154],[-82.82998429116188,40.074130236834876],[-82.83051678493199,40.074193354732664]]]}},{"type":"Feature","properties":{"PARCELID":"222-003220","SITEADDRESS":"7385 SOUTHFIELD RD","RESYRBLT":2005,"RESFLRAREA_AG":3837,"STATEDAREA":17190,"ACRES":0.39462238,"SCHLDSCRP":"NEW ALBANY-PLAIN LSD","CVTTXDSCRP":"PLAIN TWP-NEW ALBANY CORP","CLASSCD":"510","CLASSDSCRP":"SINGLE FAMILY DWELLING, PLATTED LOT","SALEPRICE":694000,"SALEDATE":1467262800000},"geometry":{"type":"Polygon","coordinates":[[[-82.82987024289828,40.06508931134939],[-82.829851565266,40.06542081530167],[-82.82985349746299,40.06543105880512],[-82.82985704952173,40.06544085909219],[-82.82986212924689,40.06544996179182],[-82.8298686047918,40.06545813063913],[-82.82987630808061,40.065465153607846],[-82.82988503917085,40.06547084841349],[-82.82989457144295,40.065475067244705],[-82.82990465748227,40.065477700599736],[-82.82991503550093,40.06547868012861],[-82.82992543613256,40.06547798040718],[-82.83026230298586,40.065469742897356],[-82.83024428688542,40.06504670221203],[-82.82994492600851,40.065036853703866],[-82.82993379567287,40.06503623943617],[-82.82992271791237,40.065037482383616],[-82.82991200046918,40.0650405480169],[-82.82990194107579,40.065045351172195],[-82.82989281918397,40.06505175841697],[-82.82988488820149,40.06505959175682],[-82.8298783684525,40.065068633580154],[-82.82987344105679,40.06507863270349],[-82.82987024289828,40.06508931134939]]]}},{"type":"Feature","properties":{"PARCELID":"222-003221","SITEADDRESS":"4091 WESTBURY","RESYRBLT":2008,"RESFLRAREA_AG":3822,"STATEDAREA":11140,"ACRES":0.25574455,"SCHLDSCRP":"NEW ALBANY-PLAIN LSD","CVTTXDSCRP":"PLAIN TWP-NEW ALBANY CORP","CLASSCD":"510","CLASSDSCRP":"SINGLE FAMILY DWELLING, PLATTED LOT","SALEPRICE":695000,"SALEDATE":1582866000000},"geometry":{"type":"Polygon","coordinates":[[[-82.8298874047759,40.06478468131331],[-82.82987890216668,40.064935593415875],[-82.8298808457439,40.06494640182884],[-82.82988463144629,40.064956710453416],[-82.82989014491064,40.064966207873816],[-82.82989721957932,40.064974607180105],[-82.82990564173194,40.064981654635574],[-82.8299151569416,40.06498713734189],[-82.82992547776095,40.06499088967062],[-82.82993629240585,40.064992798266736],[-82.82994727417397,40.06499280547298],[-82.83024526777977,40.06500258126501],[-82.83030840197812,40.065004439217034],[-82.83032522027248,40.06500542772998],[-82.83034198487745,40.065003760335586],[-82.83035827898603,40.064999478489156],[-82.83037369748891,40.06499268864731],[-82.83038785704636,40.06498355962127],[-82.83040040561893,40.064972318379795],[-82.83041103122001,40.06495924440622],[-82.8304194696725,40.06494466274984],[-82.83042551117694,40.06492893594445],[-82.83042900552749,40.06491245499491],[-82.83042662240133,40.06480266019556],[-82.8298874047759,40.06478468131331]]]}},{"type":"Feature","properties":{"PARCELID":"222-003222","SITEADDRESS":"4081 WESTBURY","RESYRBLT":2004,"RESFLRAREA_AG":3563,"STATEDAREA":9690,"ACRES":0.22245305,"SCHLDSCRP":"NEW ALBANY-PLAIN LSD","CVTTXDSCRP":"PLAIN TWP-NEW ALBANY CORP","CLASSCD":"510","CLASSDSCRP":"SINGLE FAMILY DWELLING, PLATTED LOT","SALEPRICE":658750,"SALEDATE":1563426000000},"geometry":{"type":"Polygon","coordinates":[[[-82.8298874047759,40.06478468131331],[-82.83042662240133,40.06480266019556],[-82.83042274720361,40.06462396749451],[-82.82989744443337,40.064606489903746],[-82.8298874047759,40.06478468131331]]]}},{"type":"Feature","properties":{"PARCELID":"222-003240","SITEADDRESS":"4085 HOLKHAM","RESYRBLT":2005,"RESFLRAREA_AG":3532,"STATEDAREA":8448,"ACRES":0.19393729,"SCHLDSCRP":"NEW ALBANY-PLAIN LSD","CVTTXDSCRP":"PLAIN TWP-NEW ALBANY CORP","CLASSCD":"510","CLASSDSCRP":"SINGLE FAMILY DWELLING, PLATTED LOT","SALEPRICE":577000,"SALEDATE":1378357200000},"geometry":{"type":"Polygon","coordinates":[[[-82.83117490221169,40.06458588537502],[-82.83119066924992,40.06476399967826],[-82.83165404440207,40.06473963009747],[-82.83163825639868,40.06456179149735],[-82.83117490221169,40.06458588537502]]]}},{"type":"Feature","properties":{"PARCELID":"222-003241","SITEADDRESS":"4095 HOLKHAM","RESYRBLT":2005,"RESFLRAREA_AG":3769,"STATEDAREA":9436,"ACRES":0.21662079,"SCHLDSCRP":"NEW ALBANY-PLAIN LSD","CVTTXDSCRP":"PLAIN TWP-NEW ALBANY CORP","CLASSCD":"510","CLASSDSCRP":"SINGLE FAMILY DWELLING, PLATTED LOT","SALEPRICE":715000,"SALEDATE":1553662800000},"geometry":{"type":"Polygon","coordinates":[[[-82.83119066924992,40.06476399967826],[-82.83120400675374,40.064914669313644],[-82.8312075321483,40.064925290476744],[-82.83121275409806,40.06493518839334],[-82.8312195307776,40.06494409424124],[-82.83122767813586,40.06495176614229],[-82.83123697489488,40.064957995731696],[-82.83124716855957,40.06496261381707],[-82.83125798227535,40.064965494973656],[-82.8312691223474,40.06496656095075],[-82.83128028621721,40.06496578279698],[-82.83155460238066,40.06495128391903],[-82.83157084938739,40.06495117791384],[-82.8315868750768,40.06494850326561],[-82.8316022759232,40.06494332732179],[-82.83161666413439,40.06493578041227],[-82.83162967741623,40.06492605256769],[-82.83164098809523,40.06491438873448],[-82.83165031136929,40.06490108260712],[-82.83165741247903,40.064886469232945],[-82.83166211261904,40.06487091657567],[-82.83166429344013,40.06485481625009],[-82.83165404440207,40.06473963009747],[-82.83119066924992,40.06476399967826]]]}},{"type":"Feature","properties":{"PARCELID":"222-003242","SITEADDRESS":"7325 SOUTHFIELD RD","RESYRBLT":2005,"RESFLRAREA_AG":4162,"STATEDAREA":10534,"ACRES":0.24182819,"SCHLDSCRP":"NEW ALBANY-PLAIN LSD","CVTTXDSCRP":"PLAIN TWP-NEW ALBANY CORP","CLASSCD":"510","CLASSDSCRP":"SINGLE FAMILY DWELLING, PLATTED LOT","SALEPRICE":635000,"SALEDATE":1304485200000},"geometry":{"type":"Polygon","coordinates":[[[-82.83175449712895,40.06498459806367],[-82.83182897518073,40.06539737970459],[-82.83207680214015,40.06537090153885],[-82.83200291431255,40.06496320772795],[-82.83198161171903,40.0649654500846],[-82.8318681670173,40.06497635954575],[-82.83175449712895,40.06498459806367]]]}},{"type":"Feature","properties":{"PARCELID":"222-003243","SITEADDRESS":"7335 SOUTHFIELD RD","RESYRBLT":2005,"RESFLRAREA_AG":3192,"STATEDAREA":11557,"ACRES":0.26531011,"SCHLDSCRP":"NEW ALBANY-PLAIN LSD","CVTTXDSCRP":"PLAIN TWP-NEW ALBANY CORP","CLASSCD":"510","CLASSDSCRP":"SINGLE FAMILY DWELLING, PLATTED LOT","SALEPRICE":1235000,"SALEDATE":1756789200000},"geometry":{"type":"Polygon","coordinates":[[[-82.83155365459488,40.065423789915904],[-82.83178648367122,40.06540191806511],[-82.83182897518073,40.06539737970459],[-82.83175449712895,40.06498459806367],[-82.83170482967687,40.06498736894143],[-82.83149551498909,40.06499835168033],[-82.83155365459488,40.065423789915904]]]}},{"type":"Feature","properties":{"PARCELID":"222-003244","SITEADDRESS":"7345 SOUTHFIELD RD","RESYRBLT":2005,"RESFLRAREA_AG":3799,"STATEDAREA":12709,"ACRES":0.29176966,"SCHLDSCRP":"NEW ALBANY-PLAIN LSD","CVTTXDSCRP":"PLAIN TWP-NEW ALBANY CORP","CLASSCD":"510","CLASSDSCRP":"SINGLE FAMILY DWELLING, PLATTED LOT","SALEPRICE":825000,"SALEDATE":1628830800000},"geometry":{"type":"Polygon","coordinates":[[[-82.83121760228642,40.06506805985587],[-82.83124601026225,40.06538859429845],[-82.83124953214984,40.06539923191283],[-82.83125475938577,40.06540914344835],[-82.83126154895237,40.0654180577244],[-82.83126971508638,40.06542573084548],[-82.83127903436157,40.06543195287425],[-82.83128925180162,40.065436553575346],[-82.83130008785636,40.06543940707314],[-82.83131124605023,40.06544043529565],[-82.83132242109393,40.065439610110595],[-82.83155365459488,40.065423789915904],[-82.83149551498909,40.06499835168033],[-82.83128406613939,40.06500941841523],[-82.83127421382385,40.06500951736593],[-82.83126450049876,40.065011169403675],[-82.83125516944253,40.06501433315181],[-82.83124645435926,40.0650189293716],[-82.83123857352551,40.06502484294686],[-82.8312317243234,40.06503192576715],[-82.83122607829692,40.065040000437286],[-82.83122177685556,40.06504886472039],[-82.8312189277325,40.065058296603056],[-82.83121760228642,40.06506805985587]]]}},{"type":"Feature","properties":{"PARCELID":"222-003245","SITEADDRESS":"7355 SOUTHFIELD RD","RESYRBLT":2006,"RESFLRAREA_AG":3399,"STATEDAREA":12818,"ACRES":0.29425613,"SCHLDSCRP":"NEW ALBANY-PLAIN LSD","CVTTXDSCRP":"PLAIN TWP-NEW ALBANY CORP","CLASSCD":"510","CLASSDSCRP":"SINGLE FAMILY DWELLING, PLATTED LOT","SALEPRICE":0,"SALEDATE":1677560400000},"geometry":{"type":"Polygon","coordinates":[[[-82.8310392043258,40.065074906400824],[-82.83103530011564,40.065064728977504],[-82.83102983571172,40.065055296952686],[-82.83102294860954,40.0650468476553],[-82.83101481210264,40.06503959368688],[-82.83100563092208,40.06503371757203],[-82.83099563608502,40.06502936716574],[-82.83098507908194,40.0650266519331],[-82.83097422554849,40.06502564019488],[-82.83096334858168,40.06502635740848],[-82.83074471458843,40.06503774330986],[-82.8307620831306,40.0654575759768],[-82.83099842301814,40.06545188247215],[-82.83100852460225,40.065452093364684],[-82.83101852924004,40.06545068138031],[-82.83102817790073,40.065447683076826],[-82.83103722077021,40.065443176083505],[-82.83104542371889,40.06543727709122],[-82.83105257436368,40.065430138831196],[-82.83105848756674,40.065421946120615],[-82.83106301022892,40.06541291107751],[-82.83106602525365,40.0654032676288],[-82.83106745457873,40.06539326545369],[-82.83103966134483,40.065080039492145],[-82.83103944358179,40.06507739141097],[-82.8310392043258,40.065074906400824]]]}},{"type":"Feature","properties":{"PARCELID":"222-003246","SITEADDRESS":"7365 SOUTHFIELD RD","RESYRBLT":2005,"RESFLRAREA_AG":3632,"STATEDAREA":10636,"ACRES":0.2441739,"SCHLDSCRP":"NEW ALBANY-PLAIN LSD","CVTTXDSCRP":"PLAIN TWP-NEW ALBANY CORP","CLASSCD":"510","CLASSDSCRP":"SINGLE FAMILY DWELLING, PLATTED LOT","SALEPRICE":730000,"SALEDATE":1607922000000},"geometry":{"type":"Polygon","coordinates":[[[-82.8307620831306,40.0654575759768],[-82.83074471458843,40.06503774330986],[-82.83064620254842,40.06504282796771],[-82.83049502724937,40.06504829301021],[-82.83049503256431,40.06504842448437],[-82.830512014248,40.0654636435444],[-82.8307620831306,40.0654575759768]]]}},{"type":"Feature","properties":{"PARCELID":"222-003247","SITEADDRESS":"7375 SOUTHFIELD RD","RESYRBLT":2005,"RESFLRAREA_AG":3584,"STATEDAREA":10672,"ACRES":0.24499221,"SCHLDSCRP":"NEW ALBANY-PLAIN LSD","CVTTXDSCRP":"PLAIN TWP-NEW ALBANY CORP","CLASSCD":"510","CLASSDSCRP":"SINGLE FAMILY DWELLING, PLATTED LOT","SALEPRICE":1395000,"SALEDATE":1782190800000},"geometry":{"type":"Polygon","coordinates":[[[-82.83049503256431,40.06504842448437],[-82.83049502724937,40.06504829301021],[-82.83048429360284,40.06504849791296],[-82.83036427921071,40.065049074747826],[-82.83024428688542,40.06504670221203],[-82.83026230298586,40.065469742897356],[-82.83048343898511,40.06546433451667],[-82.830512014248,40.0654636435444],[-82.83049503256431,40.06504842448437]]]}},{"type":"Feature","properties":{"PARCELID":"222-003248","SITEADDRESS":"4090 HOLKHAM","RESYRBLT":2006,"RESFLRAREA_AG":3844,"STATEDAREA":10914,"ACRES":0.25055034,"SCHLDSCRP":"NEW ALBANY-PLAIN LSD","CVTTXDSCRP":"PLAIN TWP-NEW ALBANY CORP","CLASSCD":"510","CLASSDSCRP":"SINGLE FAMILY DWELLING, PLATTED LOT","SALEPRICE":0,"SALEDATE":1725512400000},"geometry":{"type":"Polygon","coordinates":[[[-82.83095949978916,40.06498249412033],[-82.83097011969556,40.064982249434365],[-82.83098054817418,40.06498022727776],[-82.83099048985784,40.064976484924294],[-82.83099966316696,40.064971128369145],[-82.83100780828472,40.0649643093267],[-82.83101469451593,40.06495622093358],[-82.83102012682096,40.064947092278395],[-82.83102395133993,40.064937181913216],[-82.83102605975049,40.06492677053058],[-82.83101244077936,40.06477328636177],[-82.83048382440383,40.06480112592193],[-82.83048617587113,40.064911637695175],[-82.83049108496179,40.06492982497203],[-82.8304990383817,40.064946901837146],[-82.83050980078544,40.064962362977994],[-82.83052305370836,40.06497575089211],[-82.83053840499024,40.06498666942478],[-82.83055540037934,40.06499479549146],[-82.83057353697409,40.064999888637985],[-82.83059227810405,40.06500179815575],[-82.83061106921033,40.0650004675412],[-82.8306408962322,40.06499905703044],[-82.83095949978916,40.06498249412033]]]}},{"type":"Feature","properties":{"PARCELID":"222-003249","SITEADDRESS":"4080 HOLKHAM","RESYRBLT":2005,"RESFLRAREA_AG":3860,"STATEDAREA":9534,"ACRES":0.21887767,"SCHLDSCRP":"NEW ALBANY-PLAIN LSD","CVTTXDSCRP":"PLAIN TWP-NEW ALBANY CORP","CLASSCD":"510","CLASSDSCRP":"SINGLE FAMILY DWELLING, PLATTED LOT","SALEPRICE":0,"SALEDATE":1659934800000},"geometry":{"type":"Polygon","coordinates":[[[-82.83048002876404,40.06462243299855],[-82.83048382440383,40.06480112592193],[-82.83101244077936,40.06477328636177],[-82.83099663201261,40.0645951748559],[-82.83048002876404,40.06462243299855]]]}},{"type":"Feature","properties":{"PARCELID":"222-003587","SITEADDRESS":"7315 SOUTHFIELD RD","RESYRBLT":2008,"RESFLRAREA_AG":3776,"STATEDAREA":10497,"ACRES":0.2409744,"SCHLDSCRP":"NEW ALBANY-PLAIN LSD","CVTTXDSCRP":"PLAIN TWP-NEW ALBANY CORP","CLASSCD":"510","CLASSDSCRP":"SINGLE FAMILY DWELLING, PLATTED LOT","SALEPRICE":1185000,"SALEDATE":1740546000000},"geometry":{"type":"Polygon","coordinates":[[[-82.83200291431255,40.06496320772795],[-82.83207680214015,40.06537090153885],[-82.83232462894492,40.06534443005505],[-82.83225051714213,40.06493677034759],[-82.83200291431255,40.06496320772795]]]}},{"type":"Feature","properties":{"PARCELID":"222-003588","SITEADDRESS":"7305 SOUTHFIELD RD","RESYRBLT":2011,"RESFLRAREA_AG":3829,"STATEDAREA":10493,"ACRES":0.24089219,"SCHLDSCRP":"NEW ALBANY-PLAIN LSD","CVTTXDSCRP":"PLAIN TWP-NEW ALBANY CORP","CLASSCD":"510","CLASSDSCRP":"SINGLE FAMILY DWELLING, PLATTED LOT","SALEPRICE":553344,"SALEDATE":1297141200000},"geometry":{"type":"Polygon","coordinates":[[[-82.83225051714213,40.06493677034759],[-82.83232462894492,40.06534443005505],[-82.83257206436146,40.0653180212975],[-82.83249834472164,40.06491030839302],[-82.83225051714213,40.06493677034759]]]}},{"type":"Feature","properties":{"PARCELID":"222-003589","SITEADDRESS":"7295 SOUTHFIELD RD","RESYRBLT":2010,"RESFLRAREA_AG":3961,"STATEDAREA":11828,"ACRES":0.2715396,"SCHLDSCRP":"NEW ALBANY-PLAIN LSD","CVTTXDSCRP":"PLAIN TWP-NEW ALBANY CORP","CLASSCD":"510","CLASSDSCRP":"SINGLE FAMILY DWELLING, PLATTED LOT","SALEPRICE":682322,"SALEDATE":1294894800000},"geometry":{"type":"Polygon","coordinates":[[[-82.83249834472164,40.06491030839302],[-82.83257206436146,40.0653180212975],[-82.83278456121403,40.0652953323104],[-82.83279427066606,40.0652947936733],[-82.83280376178787,40.06529267655377],[-82.83281277971852,40.065289037801875],[-82.83282108230344,40.06528397512746],[-82.83282844659692,40.065277624476295],[-82.83283467484878,40.06527015637967],[-82.8328395998145,40.06526177137513],[-82.83284308924613,40.06525269462155],[-82.83284504944345,40.06524316985305],[-82.83284542777014,40.065233452834086],[-82.8327913151742,40.0649343972352],[-82.8327868982029,40.064924002256724],[-82.832780874945,40.06491444790813],[-82.83277340059435,40.06490598036449],[-82.83276466773329,40.06489881779855],[-82.83275490137069,40.064893144759296],[-82.83274435314432,40.06488910741691],[-82.83273329483731,40.06488680979661],[-82.8327220113754,40.06488631109835],[-82.83271079348557,40.06488762417145],[-82.83249834472164,40.06491030839302]]]}},{"type":"Feature","properties":{"PARCELID":"222-003620","SITEADDRESS":"7285 SOUTHFIELD DR","RESYRBLT":2010,"RESFLRAREA_AG":3725,"STATEDAREA":12314,"ACRES":0.2826987,"SCHLDSCRP":"NEW ALBANY-PLAIN LSD","CVTTXDSCRP":"PLAIN TWP-NEW ALBANY CORP","CLASSCD":"510","CLASSDSCRP":"SINGLE FAMILY DWELLING, PLATTED LOT","SALEPRICE":0,"SALEDATE":1498626000000},"geometry":{"type":"Polygon","coordinates":[[[-82.83325568179261,40.064829336457294],[-82.83322071725466,40.06483292546506],[-82.8330293164867,40.06485350658169],[-82.83301899579908,40.06485422460483],[-82.83300894541027,40.06485667854754],[-82.83299945514258,40.064860797645665],[-82.83299079866617,40.06486646311706],[-82.83298322560721,40.06487351158696],[-82.83297695434942,40.06488173979915],[-82.83297216573662,40.06489091047729],[-82.83296899785766,40.0649007591672],[-82.83296754206445,40.06491100186295],[-82.83302240438246,40.06521444663644],[-82.83302684289876,40.06522483970804],[-82.8330328828072,40.06523439145501],[-82.83304036935633,40.065242857147325],[-82.83304911072955,40.06525001988131],[-82.83305888295986,40.06525569613703],[-82.83306943566811,40.06525974048033],[-82.83308049847817,40.0652620492891],[-82.8330917879443,40.06526256340821],[-82.83310301481355,40.065261269665164],[-82.83329448924111,40.06524090797484],[-82.83332413489447,40.06523784467793],[-82.83325571321127,40.06482953270127],[-82.83325568179261,40.064829336457294]]]}},{"type":"Feature","properties":{"PARCELID":"222-003621","SITEADDRESS":"7275 SOUTHFIELD RD","RESYRBLT":2009,"RESFLRAREA_AG":3769,"STATEDAREA":10972,"ACRES":0.25188899,"SCHLDSCRP":"NEW ALBANY-PLAIN LSD","CVTTXDSCRP":"PLAIN TWP-NEW ALBANY CORP","CLASSCD":"510","CLASSDSCRP":"SINGLE FAMILY DWELLING, PLATTED LOT","SALEPRICE":0,"SALEDATE":1436504400000},"geometry":{"type":"Polygon","coordinates":[[[-82.83325568179261,40.064829336457294],[-82.83325571321127,40.06482953270127],[-82.83332413489447,40.06523784467793],[-82.83344329740636,40.065227937575386],[-82.83356271071494,40.06522174753031],[-82.83353751245946,40.06481036172282],[-82.8333964495482,40.06481765712484],[-82.83325568179261,40.064829336457294]]]}},{"type":"Feature","properties":{"PARCELID":"222-003622","SITEADDRESS":"7265 SOUTHFIELD RD","RESYRBLT":2008,"RESFLRAREA_AG":3221,"STATEDAREA":10962,"ACRES":0.25165997,"SCHLDSCRP":"NEW ALBANY-PLAIN LSD","CVTTXDSCRP":"PLAIN TWP-NEW ALBANY CORP","CLASSCD":"510","CLASSDSCRP":"SINGLE FAMILY DWELLING, PLATTED LOT","SALEPRICE":1100000,"SALEDATE":1738904400000},"geometry":{"type":"Polygon","coordinates":[[[-82.83353751245946,40.06481036172282],[-82.83356271071494,40.06522174753031],[-82.8336823865923,40.06521924977617],[-82.8338020821846,40.06522048248998],[-82.83382011070617,40.064808920816965],[-82.83367880036452,40.064807441079125],[-82.83353751245946,40.06481036172282]]]}},{"type":"Feature","properties":{"PARCELID":"222-003623","SITEADDRESS":"7255 SOUTHFIELD RD","RESYRBLT":2007,"RESFLRAREA_AG":2748,"STATEDAREA":10956,"ACRES":0.25152593,"SCHLDSCRP":"NEW ALBANY-PLAIN LSD","CVTTXDSCRP":"PLAIN TWP-NEW ALBANY CORP","CLASSCD":"510","CLASSDSCRP":"SINGLE FAMILY DWELLING, PLATTED LOT","SALEPRICE":1000000,"SALEDATE":1702443600000},"geometry":{"type":"Polygon","coordinates":[[[-82.83382011070617,40.064808920816965],[-82.8338020821846,40.06522048248998],[-82.83392153297315,40.06522541382442],[-82.83404077257563,40.06523405825293],[-82.83404080438537,40.06523384832035],[-82.8341017169033,40.06482492237206],[-82.83396103855266,40.06481472619623],[-82.83382011070617,40.064808920816965]]]}},{"type":"Feature","properties":{"PARCELID":"222-003624","SITEADDRESS":"7245 SOUTHFIELD RD","RESYRBLT":2008,"RESFLRAREA_AG":3801,"STATEDAREA":12527,"ACRES":0.28757128,"SCHLDSCRP":"NEW ALBANY-PLAIN LSD","CVTTXDSCRP":"PLAIN TWP-NEW ALBANY CORP","CLASSCD":"510","CLASSDSCRP":"SINGLE FAMILY DWELLING, PLATTED LOT","SALEPRICE":0,"SALEDATE":1331701200000},"geometry":{"type":"Polygon","coordinates":[[[-82.8341017169033,40.06482492237206],[-82.83404080438537,40.06523384832035],[-82.83404077257563,40.06523405825293],[-82.83413999453559,40.06524412017856],[-82.83423891868428,40.0652567792659],[-82.83425118042494,40.06525833394381],[-82.83426352977862,40.0652578232862],[-82.83427562130275,40.06525526157747],[-82.83428711676692,40.065250720475056],[-82.834297694614,40.065244327005054],[-82.83430705895492,40.06523626000893],[-82.83431494784548,40.06522674514092],[-82.8343211406135,40.06521604855587],[-82.83441738431254,40.064919353255135],[-82.83441762555228,40.064909480670856],[-82.83441618998013,40.06489971003886],[-82.83441311913694,40.06489032408983],[-82.83440850188305,40.06488159442297],[-82.83440247182693,40.064873773646774],[-82.83439520345904,40.06486708806938],[-82.83438690710257,40.0648617311499],[-82.83437782282742,40.06485785790036],[-82.83436821350331,40.064855580400156],[-82.8343583571932,40.064854964552836],[-82.83423025318685,40.06483809706277],[-82.8341017169033,40.06482492237206]]]}},{"type":"Feature","properties":{"PARCELID":"222-004489","SITEADDRESS":"7 HIGHGROVE","RESYRBLT":2017,"RESFLRAREA_AG":6163,"STATEDAREA":69584,"ACRES":1.59742582,"SCHLDSCRP":"NEW ALBANY-PLAIN LSD","CVTTXDSCRP":"PLAIN TWP-NEW ALBANY CORP","CLASSCD":"510","CLASSDSCRP":"SINGLE FAMILY DWELLING, PLATTED LOT","SALEPRICE":0,"SALEDATE":1714971600000},"geometry":{"type":"Polygon","coordinates":[[[-82.8367548617851,40.0713094357623],[-82.83597167770374,40.07102713352665],[-82.83596036428165,40.07102400876731],[-82.8359487023615,40.07102268315094],[-82.83593697624696,40.07102318899448],[-82.83592547180662,40.07102551396606],[-82.83591446950498,40.071029601385675],[-82.835904237565,40.071035351606916],[-82.83585751015448,40.07106291237732],[-82.83580800739414,40.071085105251825],[-82.8357563435066,40.07110165486465],[-82.83570315952943,40.071112355870746],[-82.8356491153612,40.071117075493696],[-82.83559488157364,40.071115755173125],[-82.83554113109122,40.071108411291384],[-82.83548853084164,40.07109513497022],[-82.83543773348069,40.07107609094018],[-82.83500743922299,40.07176942025423],[-82.83519641644989,40.07170561104644],[-82.83547023614958,40.07165679138787],[-82.83564612512151,40.07167577838862],[-82.83580680517154,40.07165335809291],[-82.83608544429181,40.07171432627],[-82.83616485506826,40.071658923416045],[-82.83619990322283,40.071591844041485],[-82.83623497489783,40.071455863558995],[-82.83629216523828,40.07138624953708],[-82.83638819258725,40.07136813099093],[-82.8366250411149,40.071432511917614],[-82.83669784634318,40.071414735212095],[-82.83675400237694,40.071353358187025],[-82.8367548617851,40.0713094357623]]]}},{"type":"Feature","properties":{"PARCELID":"222-004490","SITEADDRESS":"8 HIGHGROVE","RESYRBLT":2017,"RESFLRAREA_AG":6861,"STATEDAREA":84129,"ACRES":1.93133447,"SCHLDSCRP":"NEW ALBANY-PLAIN LSD","CVTTXDSCRP":"PLAIN TWP-NEW ALBANY CORP","CLASSCD":"510","CLASSDSCRP":"SINGLE FAMILY DWELLING, PLATTED LOT","SALEPRICE":0,"SALEDATE":1702616400000},"geometry":{"type":"Polygon","coordinates":[[[-82.83487932635673,40.070622002489145],[-82.8345853309077,40.071094654980186],[-82.83415422885263,40.071259454381405],[-82.8342783356519,40.07145101296532],[-82.83437940295151,40.071662917747126],[-82.83465074250391,40.071766458413954],[-82.83487460530215,40.07173123295624],[-82.83499308354607,40.07177426771615],[-82.83500743922299,40.07176942025423],[-82.83543773348069,40.07107609094018],[-82.83539970015232,40.07105963760026],[-82.83536440439151,40.07103792456891],[-82.83533256883804,40.071011396395285],[-82.83530484528795,40.07098059621296],[-82.83528180134876,40.07094615461997],[-82.83526390881842,40.070908776767986],[-82.83525153402573,40.07086922792518],[-82.83524493033023,40.07082831780826],[-82.83524423293494,40.07078688400441],[-82.83524387268683,40.07077792435633],[-82.83524200831313,40.07076915342804],[-82.83523869309836,40.07076082189615],[-82.8352340217927,40.070753167879175],[-82.83522812790392,40.07074641013196],[-82.8352211798817,40.07074074179361],[-82.83521337630329,40.07073632486749],[-82.83520494019805,40.0707332855911],[-82.83491658746745,40.07062780881163],[-82.83490444854306,40.07062428964395],[-82.83489196050213,40.07062234365815],[-82.83487932635673,40.070622002489145]]]}},{"type":"Feature","properties":{"PARCELID":"222-004491","SITEADDRESS":"9 HIGHGROVE","RESYRBLT":2017,"RESFLRAREA_AG":5847,"STATEDAREA":41702,"ACRES":0.95735114,"SCHLDSCRP":"NEW ALBANY-PLAIN LSD","CVTTXDSCRP":"PLAIN TWP-NEW ALBANY CORP","CLASSCD":"510","CLASSDSCRP":"SINGLE FAMILY DWELLING, PLATTED LOT","SALEPRICE":0,"SALEDATE":1518584400000},"geometry":{"type":"Polygon","coordinates":[[[-82.8342642616346,40.070464525777915],[-82.83395842088802,40.07095722192249],[-82.83415422885263,40.071259454381405],[-82.8345853309077,40.071094654980186],[-82.83487932635673,40.070622002489145],[-82.8348672229018,40.070623129457005],[-82.83485534714079,40.070625723677026],[-82.83481376875946,40.070634019806924],[-82.83477140902639,40.07063581996804],[-82.834729276705,40.07063108129097],[-82.83468837514309,40.07061991662354],[-82.8342642616346,40.070464525777915]]]}},{"type":"Feature","properties":{"PARCELID":"222-004492","SITEADDRESS":"10 HIGHGROVE","RESYRBLT":2013,"RESFLRAREA_AG":8488,"STATEDAREA":52472,"ACRES":1.20459391,"SCHLDSCRP":"NEW ALBANY-PLAIN LSD","CVTTXDSCRP":"PLAIN TWP-NEW ALBANY CORP","CLASSCD":"510","CLASSDSCRP":"SINGLE FAMILY DWELLING, PLATTED LOT","SALEPRICE":3086656,"SALEDATE":1583125200000},"geometry":{"type":"Polygon","coordinates":[[[-82.83380440838907,40.07029601397556],[-82.83377991294142,40.07028582278615],[-82.83375753272529,40.0702715745153],[-82.83373793334434,40.070253692916836],[-82.83372169769828,40.07023270980235],[-82.83370930864689,40.070209249224725],[-82.83304984423987,40.06996746825998],[-82.83296293584289,40.07030264540496],[-82.8335101226402,40.07055857973212],[-82.83390359500362,40.0708725953282],[-82.83395842088802,40.07095722192249],[-82.8342642616346,40.070464525777915],[-82.83380440838907,40.07029601397556]]]}},{"type":"Feature","properties":{"PARCELID":"222-004493","SITEADDRESS":"11 HIGHGROVE","RESYRBLT":2012,"RESFLRAREA_AG":6574,"STATEDAREA":51040,"ACRES":1.17172559,"SCHLDSCRP":"NEW ALBANY-PLAIN LSD","CVTTXDSCRP":"PLAIN TWP-NEW ALBANY CORP","CLASSCD":"510","CLASSDSCRP":"SINGLE FAMILY DWELLING, PLATTED LOT","SALEPRICE":4500000,"SALEDATE":1732597200000},"geometry":{"type":"Polygon","coordinates":[[[-82.83413721460205,40.06959959670205],[-82.83399575699998,40.069398135425054],[-82.83397639968281,40.06937056695904],[-82.83311167561813,40.06972878124783],[-82.83304984423987,40.06996746825998],[-82.83370930864689,40.070209249224725],[-82.83370699540887,40.07018471653952],[-82.83370869835306,40.070160133950274],[-82.83371437223559,40.070136154568075],[-82.83372386631251,40.070113415478026],[-82.83373692834489,40.07009252081307],[-82.83375321130015,40.07007402570341],[-82.83377228257217,40.070058421527804],[-82.83379363547472,40.07004612285852],[-82.83381670270312,40.070037456447054],[-82.8338408714064,40.070032652542935],[-82.83386549946961,40.070031838776465],[-82.83388993257347,40.07003503676782],[-82.83389222107581,40.06999393459573],[-82.83413721460205,40.06959959670205]]]}},{"type":"Feature","properties":{"PARCELID":"222-004494","SITEADDRESS":"12 CLUB BL","RESYRBLT":2014,"RESFLRAREA_AG":5658,"STATEDAREA":28748,"ACRES":0.65995477,"SCHLDSCRP":"NEW ALBANY-PLAIN LSD","CVTTXDSCRP":"PLAIN TWP-NEW ALBANY CORP","CLASSCD":"510","CLASSDSCRP":"SINGLE FAMILY DWELLING, PLATTED LOT","SALEPRICE":0,"SALEDATE":1515646800000},"geometry":{"type":"Polygon","coordinates":[[[-82.83468525793712,40.069800543729876],[-82.83413721460205,40.06959959670205],[-82.83389222107581,40.06999393459573],[-82.83388993257347,40.07003503676782],[-82.8339245642578,40.07003895988755],[-82.83395816313201,40.07004822595899],[-82.83442534862742,40.07021940192387],[-82.83468525793712,40.069800543729876]]]}},{"type":"Feature","properties":{"PARCELID":"222-004504","SITEADDRESS":"4086 SEDGWICK DR","RESYRBLT":2013,"RESFLRAREA_AG":4686,"STATEDAREA":9124,"ACRES":0.20946034,"SCHLDSCRP":"NEW ALBANY-PLAIN LSD","CVTTXDSCRP":"PLAIN TWP-NEW ALBANY CORP","CLASSCD":"510","CLASSDSCRP":"SINGLE FAMILY DWELLING, PLATTED LOT","SALEPRICE":1380000,"SALEDATE":1750654800000},"geometry":{"type":"Polygon","coordinates":[[[-82.83403702061229,40.06454949246744],[-82.83400515582751,40.064660783207685],[-82.83400429216184,40.064676285645945],[-82.83400592498754,40.06469172602776],[-82.83401001206475,40.06470670492326],[-82.83401644766418,40.06472083484083],[-82.83402506530221,40.06473375025121],[-82.83403564204768,40.064745117043444],[-82.83404790428895,40.064754641168044],[-82.83406153481201,40.0647620762438],[-82.83407618100652,40.06476722993147],[-82.83409146398759,40.06476996890942],[-82.83410698839715,40.06477022232256],[-82.83424557095618,40.06478435563157],[-82.83438365038444,40.06480276616071],[-82.83439616918947,40.064804670549236],[-82.83440882966845,40.06480442673031],[-82.8344212658677,40.06480204175157],[-82.83443311831644,40.0647975845513],[-82.8344440444173,40.06479118396575],[-82.83445372834917,40.06478302500512],[-82.83446189019612,40.064773343505756],[-82.83446829403833,40.064762419313325],[-82.83450819756983,40.064639874056034],[-82.83403702061229,40.06454949246744]]]}},{"type":"Feature","properties":{"PARCELID":"222-004634","SITEADDRESS":"1 HIGHGROVE","RESYRBLT":2014,"RESFLRAREA_AG":5948,"STATEDAREA":58783,"ACRES":1.34948394,"SCHLDSCRP":"NEW ALBANY-PLAIN LSD","CVTTXDSCRP":"PLAIN TWP-NEW ALBANY CORP","CLASSCD":"510","CLASSDSCRP":"SINGLE FAMILY DWELLING, PLATTED LOT","SALEPRICE":0,"SALEDATE":1492059600000},"geometry":{"type":"Polygon","coordinates":[[[-82.83616485506826,40.071658923416045],[-82.83660924353856,40.07164678032408],[-82.83665703431573,40.0716485269177],[-82.83670416774157,40.0716566169821],[-82.83674980560417,40.07167090664512],[-82.83678172345242,40.071684000272725],[-82.83681130914617,40.0717017450986],[-82.83683788971732,40.07172373749178],[-82.83686086055347,40.07174947720441],[-82.83687969915074,40.07177837875062],[-82.8368939769988,40.07180978472419],[-82.83690336932793,40.071842980752166],[-82.836904913765,40.071862163780125],[-82.83690327575223,40.07188992747222],[-82.83689716201005,40.07191705914819],[-82.83685670783461,40.07204811449821],[-82.83684344041187,40.072072764747844],[-82.83682646731933,40.07209502622674],[-82.83680620956468,40.07211434675185],[-82.8367831696298,40.07213024708876],[-82.83675791900687,40.07214233283883],[-82.83673108402293,40.07215030422206],[-82.8367033303042,40.072153963512925],[-82.83667534626554,40.07215321994482],[-82.8365592020181,40.07214943589874],[-82.83666944915524,40.07227170730821],[-82.83667595050497,40.07227892957319],[-82.83674027286018,40.0722790326009],[-82.83678030078211,40.07228056512575],[-82.83684326139706,40.07228409790618],[-82.83690623310814,40.07228076876541],[-82.83696847026543,40.07227061712392],[-82.83702923591694,40.07225376318758],[-82.8370878105348,40.07223040652436],[-82.8371435005352,40.07220082370119],[-82.83719564649125,40.07216536500915],[-82.83724363094113,40.072124450315656],[-82.83728688569956,40.072078564092806],[-82.83732489858563,40.07202824968071],[-82.8373572194877,40.07197410285381],[-82.83738346569298,40.07191676476628],[-82.83738950968659,40.071862344716585],[-82.83738868109143,40.07180759633672],[-82.8373809929912,40.07175338411685],[-82.83736656678289,40.071700564081056],[-82.8373456302598,40.07164997027047],[-82.83731851401473,40.07160240157362],[-82.83728564621971,40.071558609111726],[-82.83724754586521,40.07151928437836],[-82.83720481456501,40.07148504832059],[-82.83715812705672,40.07145644153404],[-82.83710822054736,40.07143391572679],[-82.83705588307282,40.07141782658679],[-82.8367548617851,40.0713094357623],[-82.83675400237694,40.071353358187025],[-82.83669784634318,40.071414735212095],[-82.8366250411149,40.071432511917614],[-82.83638819258725,40.07136813099093],[-82.83629216523828,40.07138624953708],[-82.83623497489783,40.071455863558995],[-82.83619990322283,40.071591844041485],[-82.83616485506826,40.071658923416045]]]}},{"type":"Feature","properties":{"PARCELID":"222-004635","SITEADDRESS":"HIGHGROVE FARMS","RESYRBLT":2016,"RESFLRAREA_AG":6214,"STATEDAREA":112598,"ACRES":2.58489146,"SCHLDSCRP":"NEW ALBANY-PLAIN LSD","CVTTXDSCRP":"PLAIN TWP-NEW ALBANY CORP","CLASSCD":"510","CLASSDSCRP":"SINGLE FAMILY DWELLING, PLATTED LOT","SALEPRICE":0,"SALEDATE":1731387600000},"geometry":{"type":"Polygon","coordinates":[[[-82.83735424754849,40.07053855137863],[-82.83727579047539,40.07056952062148],[-82.83718396568649,40.07071664541667],[-82.83696578696907,40.070818014097014],[-82.83690038863293,40.07081573210656],[-82.83681691846421,40.070770402352636],[-82.83668128780569,40.07080043808297],[-82.83656107883832,40.07084223287029],[-82.83656122337533,40.07094572136654],[-82.83670540838519,40.07105867878032],[-82.83675254418428,40.07112662072173],[-82.837146629464,40.07126878403054],[-82.83720655798511,40.07129184587558],[-82.83726432373285,40.07131988860596],[-82.83731951360674,40.07135271167957],[-82.83737173292712,40.07139008036858],[-82.83742060825772,40.0714317274381],[-82.83746579007611,40.07147735505722],[-82.83750695527333,40.07152663692891],[-82.8382949479372,40.0713168029269],[-82.83832567643003,40.07052285605032],[-82.83822679836838,40.07054235692115],[-82.83797264421864,40.07059249811958],[-82.8376577297665,40.070712539350325],[-82.83759115501839,40.07076214247694],[-82.83748929696276,40.07075667020573],[-82.8374496855571,40.07062008057757],[-82.8373943704243,40.07057282684467],[-82.83735424754849,40.07053855137863]]]}},{"type":"Feature","properties":{"PARCELID":"222-004636","SITEADDRESS":"4 HIGHGROVE FARMS","RESYRBLT":2016,"RESFLRAREA_AG":5418,"STATEDAREA":37019,"ACRES":0.84983695,"SCHLDSCRP":"NEW ALBANY-PLAIN LSD","CVTTXDSCRP":"PLAIN TWP-NEW ALBANY CORP","CLASSCD":"510","CLASSDSCRP":"SINGLE FAMILY DWELLING, PLATTED LOT","SALEPRICE":0,"SALEDATE":1741669200000},"geometry":{"type":"Polygon","coordinates":[[[-82.8382949479372,40.0713168029269],[-82.83750695527333,40.07152663692891],[-82.83753766249585,40.07157246128966],[-82.83756323436089,40.07162133751366],[-82.83758337096377,40.071672692384695],[-82.83759783614411,40.07172592361717],[-82.83760646025553,40.071780406919714],[-82.83760914215516,40.07183550331677],[-82.83760913416447,40.07183602929485],[-82.83761088282381,40.071845437661786],[-82.83761408507868,40.07185445546316],[-82.83761866170839,40.071862859607286],[-82.83762449949154,40.07187044218375],[-82.83763145400701,40.07187701560695],[-82.8376393532068,40.07188241725674],[-82.83764800167236,40.071886513501525],[-82.837657185449,40.07188920300417],[-82.83766667733897,40.07189041922898],[-82.83826919043888,40.0719831073762],[-82.8382949479372,40.0713168029269]]]}},{"type":"Feature","properties":{"PARCELID":"222-004637","SITEADDRESS":"5 HIGHGROVE FARMS","RESYRBLT":2021,"RESFLRAREA_AG":7885,"STATEDAREA":236296,"ACRES":5.42460981,"SCHLDSCRP":"NEW ALBANY-PLAIN LSD","CVTTXDSCRP":"PLAIN TWP-NEW ALBANY CORP","CLASSCD":"510","CLASSDSCRP":"SINGLE FAMILY DWELLING, PLATTED LOT","SALEPRICE":950000,"SALEDATE":1594357200000},"geometry":{"type":"Polygon","coordinates":[[[-82.8394402650777,40.070555602747405],[-82.83905244501094,40.070379666997674],[-82.83832567643003,40.07052285605032],[-82.8382949479372,40.0713168029269],[-82.83826919043888,40.0719831073762],[-82.83832694841101,40.07199199224427],[-82.83837452013947,40.07199636968423],[-82.83842224794304,40.071994298912365],[-82.83846926177067,40.0719858176777],[-82.8385147045867,40.07197108058837],[-82.8385577479941,40.07195035629324],[-82.83860012532041,40.07192911558376],[-82.83864507849108,40.0719140750395],[-82.83869170570365,40.07190553638781],[-82.83873907157283,40.07190367092198],[-82.83878622589515,40.07190851606499],[-82.83883222271102,40.071919974618766],[-82.83887613928148,40.07193781671405],[-82.83891709459924,40.07196168442179],[-82.83895426706246,40.071991098933545],[-82.83898691095696,40.07202547016682],[-82.83944658734168,40.07184768554745],[-82.84010420303537,40.071592968438694],[-82.8400790419031,40.071559821406325],[-82.84001656003794,40.07135055490379],[-82.84002908350544,40.07113558037363],[-82.8400049141956,40.070869927562484],[-82.84000033150919,40.070809824298856],[-82.8394402650777,40.070555602747405]]]}},{"type":"Feature","properties":{"PARCELID":"222-004638","SITEADDRESS":"6 HIGHGROVE FARMS","RESYRBLT":2014,"RESFLRAREA_AG":9948,"STATEDAREA":121692,"ACRES":2.79366254,"SCHLDSCRP":"NEW ALBANY-PLAIN LSD","CVTTXDSCRP":"PLAIN TWP-NEW ALBANY CORP","CLASSCD":"510","CLASSDSCRP":"SINGLE FAMILY DWELLING, PLATTED LOT","SALEPRICE":700000,"SALEDATE":1388466000000},"geometry":{"type":"Polygon","coordinates":[[[-82.83945052560608,40.07265252505567],[-82.84007521733704,40.073111889007905],[-82.84007541616728,40.07311203433109],[-82.84013708713292,40.072977201506916],[-82.8402095822786,40.07289628732504],[-82.84019611063005,40.07284471878655],[-82.8402036977023,40.072643210127666],[-82.84021379497827,40.07251635909137],[-82.84020602302404,40.072389011301254],[-82.84020131873214,40.07230392826652],[-82.8402457350293,40.07218054608018],[-82.84030891058876,40.07209361840926],[-82.8403614969643,40.071960606625886],[-82.84027863849566,40.07182276979655],[-82.84010420303537,40.071592968438694],[-82.83944658734168,40.07184768554745],[-82.83898691095696,40.07202547016682],[-82.83900179252983,40.07205301147484],[-82.83901174393914,40.07208269234935],[-82.8390164718752,40.07211363797068],[-82.83901583698591,40.07214493624179],[-82.83900985798414,40.07217566467156],[-82.83899871109608,40.07220491756451],[-82.83898272486724,40.072231832715374],[-82.8389623704787,40.07225561682195],[-82.83893824785952,40.07227556886703],[-82.83909658356374,40.072392217323056],[-82.83945052560608,40.07265252505567]]]}},{"type":"Feature","properties":{"PARCELID":"222-004639","SITEADDRESS":"7 HIGHGROVE FARMS","RESYRBLT":2022,"RESFLRAREA_AG":9692,"STATEDAREA":240508,"ACRES":5.52129871,"SCHLDSCRP":"NEW ALBANY-PLAIN LSD","CVTTXDSCRP":"PLAIN TWP-NEW ALBANY CORP","CLASSCD":"510","CLASSDSCRP":"SINGLE FAMILY DWELLING, PLATTED LOT","SALEPRICE":1100000,"SALEDATE":1560747600000},"geometry":{"type":"Polygon","coordinates":[[[-82.83945948509867,40.07448345239536],[-82.83990907339654,40.07457191662976],[-82.84033136380295,40.074340109473866],[-82.84034474651963,40.0740814865294],[-82.84016932615727,40.0738681550094],[-82.84026511247023,40.07350882352996],[-82.84001865700819,40.073236129370216],[-82.84007541616728,40.07311203433109],[-82.84007521733704,40.073111889007905],[-82.83945052560608,40.07265252505567],[-82.83909658356374,40.072392217323056],[-82.83893824785952,40.07227556886703],[-82.83890336060249,40.072298849919314],[-82.83886579770598,40.072317508882456],[-82.83882616822018,40.07233124321735],[-82.83878511470326,40.07233983023352],[-82.83874330280278,40.07234313069985],[-82.8387433224361,40.07234355032655],[-82.83874570795349,40.07239322909214],[-82.83876984846012,40.07287326997011],[-82.83856883373929,40.073490388076124],[-82.83860901280379,40.07352321295537],[-82.8387860407351,40.0736278388556],[-82.838905861991,40.073725767719814],[-82.83897376942066,40.07380215865851],[-82.83921817043155,40.07402050921643],[-82.83930109117661,40.07417097301423],[-82.83934969569187,40.074465102534255],[-82.83936684762703,40.07446505301343],[-82.83945948509867,40.07448345239536]]]}},{"type":"Feature","properties":{"PARCELID":"222-004640","SITEADDRESS":"8 HIGHGROVE FARMS","RESYRBLT":2016,"RESFLRAREA_AG":7482,"STATEDAREA":80180,"ACRES":1.84068598,"SCHLDSCRP":"NEW ALBANY-PLAIN LSD","CVTTXDSCRP":"PLAIN TWP-NEW ALBANY CORP","CLASSCD":"510","CLASSDSCRP":"SINGLE FAMILY DWELLING, PLATTED LOT","SALEPRICE":0,"SALEDATE":1560920400000},"geometry":{"type":"Polygon","coordinates":[[[-82.83823422617402,40.07211751387699],[-82.8382341217024,40.0721177258205],[-82.83809648125414,40.072395098410794],[-82.83782826769998,40.072935272478475],[-82.83856883373929,40.073490388076124],[-82.83876984846012,40.07287326997011],[-82.83874570795349,40.07239322909214],[-82.8387433224361,40.07234355032655],[-82.83874330280278,40.07234313069985],[-82.83870159735653,40.072343087437694],[-82.83866027025444,40.07233748237288],[-82.83862005988536,40.072326415650764],[-82.83858168468558,40.072310084999806],[-82.83854583030248,40.072288782198775],[-82.83851313734418,40.072262887863545],[-82.83848418993382,40.07223286464665],[-82.83845324412592,40.072200160762215],[-82.83841765814029,40.07217257771105],[-82.83837827027138,40.07215076526351],[-82.8383360083741,40.07213523725258],[-82.83829186800648,40.07212635946961],[-82.83823422617402,40.07211751387699]]]}},{"type":"Feature","properties":{"PARCELID":"222-004641","SITEADDRESS":"9 HIGHGROVE FARMS","RESYRBLT":2014,"RESFLRAREA_AG":7818,"STATEDAREA":54615,"ACRES":1.25377589,"SCHLDSCRP":"NEW ALBANY-PLAIN LSD","CVTTXDSCRP":"PLAIN TWP-NEW ALBANY CORP","CLASSCD":"510","CLASSDSCRP":"SINGLE FAMILY DWELLING, PLATTED LOT","SALEPRICE":2000000,"SALEDATE":1526619600000},"geometry":{"type":"Polygon","coordinates":[[[-82.83755125859832,40.07205806392244],[-82.83751291058381,40.07211768515142],[-82.8374689946572,40.072173332725946],[-82.83741991973162,40.07222448849631],[-82.83736614275709,40.07227067613721],[-82.83730816446564,40.072311465582935],[-82.83724652470895,40.072346477031864],[-82.83718179743154,40.072375384482854],[-82.83711458532676,40.07239791877077],[-82.83711438869241,40.07239798237726],[-82.83706458421524,40.0724124466817],[-82.83719867193386,40.07249293125778],[-82.83734994728259,40.072593514747496],[-82.83764823785262,40.07280018527942],[-82.8376981520878,40.07285110003596],[-82.83770310991434,40.072841751892554],[-82.83782826769998,40.072935272478475],[-82.83809648125414,40.072395098410794],[-82.8382341217024,40.0721177258205],[-82.83823422617402,40.07211751387699],[-82.83763160157503,40.07202502850921],[-82.83761854305048,40.072023498198924],[-82.83760541311744,40.07202418505523],[-82.83759258554,40.07202706952568],[-82.83758042547517,40.07203206949933],[-82.83756927907822,40.07203904264411],[-82.83755946364876,40.07204779045855],[-82.83755125859832,40.07205806392244]]]}},{"type":"Feature","properties":{"PARCELID":"545-220563","SITEADDRESS":"7000 GREENSWARD RD","RESYRBLT":1997,"RESFLRAREA_AG":8030,"STATEDAREA":51661,"ACRES":1.18481974,"SCHLDSCRP":"NEW ALBANY-PLAIN LSD","CVTTXDSCRP":"COLUMBUS-PLAIN LSD","CLASSCD":"510","CLASSDSCRP":"SINGLE FAMILY DWELLING, PLATTED LOT","SALEPRICE":1600000,"SALEDATE":1332133200000},"geometry":{"type":"Polygon","coordinates":[[[-82.83189017194043,40.07437357876659],[-82.83284328764495,40.07416705193443],[-82.83284328764495,40.07416705193443],[-82.83280571193532,40.07409593854453],[-82.83276244422098,40.07402813771067],[-82.83271377459172,40.07396410400575],[-82.83266002935467,40.073904266745856],[-82.83260156884653,40.07384902711185],[-82.83253878501769,40.07379875545966],[-82.83247209880439,40.07375378883723],[-82.83240195730653,40.07371442872475],[-82.83232883079006,40.07368093901338],[-82.83225320953413,40.073653544235995],[-82.8321756005439,40.073632428061764],[-82.83209652415142,40.073617732064776],[-82.83201651052691,40.073609554774826],[-82.83193609612437,40.07360795101682],[-82.83192569497211,40.07360710717077],[-82.83191529166744,40.07360792405285],[-82.83190514969606,40.07361038097379],[-82.83189552592479,40.07361441570687],[-82.83188666409602,40.07361992606394],[-82.83187878865427,40.073626772483564],[-82.83187209906178,40.073634781565694],[-82.83186676474661,40.0736437504634],[-82.83186292081155,40.073653452020366],[-82.8318606646124,40.07366364052417],[-82.83187222012235,40.07421304581515],[-82.83189017194043,40.07437357876659]]]}},{"type":"Feature","properties":{"PARCELID":"545-225934","SITEADDRESS":"6890 CHISWICK CT","RESYRBLT":1998,"RESFLRAREA_AG":4136,"STATEDAREA":35591,"ACRES":0.81706487,"SCHLDSCRP":"NEW ALBANY-PLAIN LSD","CVTTXDSCRP":"COLUMBUS-PLAIN LSD","CLASSCD":"510","CLASSDSCRP":"SINGLE FAMILY DWELLING, PLATTED LOT","SALEPRICE":1125000,"SALEDATE":1633582800000},"geometry":{"type":"Polygon","coordinates":[[[-82.83706883472081,40.074303668939784],[-82.83713136642636,40.07437733128695],[-82.83789758116623,40.074086036159486],[-82.83766796128211,40.07372925757501],[-82.83766776820956,40.07372933107891],[-82.83705859111788,40.07396084072142],[-82.83696960246766,40.073965214352675],[-82.83696830357675,40.07398488431389],[-82.83696394394813,40.07400410898892],[-82.83695663090688,40.07402241510592],[-82.83694654448499,40.074039352006025],[-82.83693393298937,40.07405450273769],[-82.83691910688903,40.074067494321135],[-82.83690243117199,40.07407800693037],[-82.83688431636001,40.07408578176664],[-82.83688446964614,40.07408596415057],[-82.83706883472081,40.074303668939784]]]}},{"type":"Feature","properties":{"PARCELID":"545-225935","SITEADDRESS":"6880 CHISWICK CT","RESYRBLT":2008,"RESFLRAREA_AG":5016,"STATEDAREA":30967,"ACRES":0.71090994,"SCHLDSCRP":"NEW ALBANY-PLAIN LSD","CVTTXDSCRP":"COLUMBUS-PLAIN LSD","CLASSCD":"510","CLASSDSCRP":"SINGLE FAMILY DWELLING, PLATTED LOT","SALEPRICE":2900000,"SALEDATE":1659502800000},"geometry":{"type":"Polygon","coordinates":[[[-82.83674816484631,40.07369301357519],[-82.83676868454627,40.073715164664044],[-82.83693894539701,40.07389859605325],[-82.83695070619555,40.07391308024502],[-82.83695989352888,40.07392931912121],[-82.8369662513496,40.073946860110624],[-82.83696960246766,40.073965214352675],[-82.83705859111788,40.07396084072142],[-82.83766776820956,40.07372933107891],[-82.83766796128211,40.07372925757501],[-82.83748810561842,40.07344985091393],[-82.83738843352874,40.073342430702105],[-82.83674816484631,40.07369301357519]]]}},{"type":"Feature","properties":{"PARCELID":"545-225936","SITEADDRESS":"6881 CHISWICK CT","RESYRBLT":2015,"RESFLRAREA_AG":5657,"STATEDAREA":29204,"ACRES":0.67043564,"SCHLDSCRP":"NEW ALBANY-PLAIN LSD","CVTTXDSCRP":"COLUMBUS-PLAIN LSD","CLASSCD":"510","CLASSDSCRP":"SINGLE FAMILY DWELLING, PLATTED LOT","SALEPRICE":345000,"SALEDATE":1399352400000},"geometry":{"type":"Polygon","coordinates":[[[-82.83674816484631,40.07369301357519],[-82.83738843352874,40.073342430702105],[-82.83710836413927,40.073040592314975],[-82.83659918156886,40.07331953961062],[-82.83651289978754,40.073444345193835],[-82.83652523624697,40.0734539335222],[-82.8365364929378,40.07346476916636],[-82.83674816484631,40.07369301357519]]]}},{"type":"Feature","properties":{"PARCELID":"545-225937","SITEADDRESS":"6889 CHISWICK CT","RESYRBLT":1998,"RESFLRAREA_AG":5072,"STATEDAREA":37701,"ACRES":0.8655008,"SCHLDSCRP":"NEW ALBANY-PLAIN LSD","CVTTXDSCRP":"COLUMBUS-PLAIN LSD","CLASSCD":"510","CLASSDSCRP":"SINGLE FAMILY DWELLING, PLATTED LOT","SALEPRICE":1700000,"SALEDATE":1628830800000},"geometry":{"type":"Polygon","coordinates":[[[-82.83639598750725,40.072958685885425],[-82.83604120505238,40.073153005373506],[-82.83630239733743,40.073434523146354],[-82.83633134386479,40.07342201804651],[-82.83636184589494,40.07341402397847],[-82.83639320493116,40.07341072400647],[-82.83642470285123,40.073412193699895],[-82.83645561835252,40.07341839940275],[-82.83648524346977,40.07342919900439],[-82.83651289978754,40.073444345193835],[-82.83659918156886,40.07331953961062],[-82.83710836413927,40.073040592314975],[-82.83681788822227,40.072727602009046],[-82.83639598750725,40.072958685885425]]]}},{"type":"Feature","properties":{"PARCELID":"545-225938","SITEADDRESS":"4462 NORTH GATE","RESYRBLT":2015,"RESFLRAREA_AG":6088,"STATEDAREA":21379,"ACRES":0.49078546,"SCHLDSCRP":"NEW ALBANY-PLAIN LSD","CVTTXDSCRP":"COLUMBUS-PLAIN LSD","CLASSCD":"510","CLASSDSCRP":"SINGLE FAMILY DWELLING, PLATTED LOT","SALEPRICE":2175000,"SALEDATE":1641358800000},"geometry":{"type":"Polygon","coordinates":[[[-82.83656461738791,40.0724552182037],[-82.83656447245626,40.07245506551537],[-82.83645989823658,40.072472446743504],[-82.83635622007263,40.07249455359375],[-82.83625365139746,40.07252134055669],[-82.83615240336015,40.07255275248837],[-82.83605268439109,40.072588724723815],[-82.83605338555608,40.07258947922962],[-82.83639598750725,40.072958685885425],[-82.83681788822227,40.072727602009046],[-82.83680521992193,40.07271396618468],[-82.83656461738791,40.0724552182037]]]}},{"type":"Feature","properties":{"PARCELID":"545-225939","SITEADDRESS":"4519 NORTH GATE","RESYRBLT":2001,"RESFLRAREA_AG":6027,"STATEDAREA":47550,"ACRES":1.09159604,"SCHLDSCRP":"NEW ALBANY-PLAIN LSD","CVTTXDSCRP":"COLUMBUS-PLAIN LSD","CLASSCD":"510","CLASSDSCRP":"SINGLE FAMILY DWELLING, PLATTED LOT","SALEPRICE":1325000,"SALEDATE":1388466000000},"geometry":{"type":"Polygon","coordinates":[[[-82.8356691640689,40.07275200478149],[-82.83529836043621,40.07291122428167],[-82.83504017568549,40.073091212959525],[-82.83496244420911,40.07312492360024],[-82.83494661505864,40.07313075626417],[-82.83493202534454,40.07313922516115],[-82.83491911011636,40.07315007775781],[-82.83490825449223,40.07316299044143],[-82.83489978217519,40.073177578169734],[-82.83489394580053,40.07319340595241],[-82.8348909194027,40.073210001822055],[-82.83489079322557,40.07322687090777],[-82.83489357103161,40.07324351019161],[-82.83489916998968,40.073259423508105],[-82.83490742314486,40.07327413633934],[-82.83492649167555,40.07330083364984],[-82.834990554839,40.07338249101131],[-82.83505969313633,40.07345989843624],[-82.83513362532328,40.07353274104277],[-82.83521205065472,40.073600722518044],[-82.8356944940332,40.07325377442763],[-82.83598642847744,40.07309396593107],[-82.8356691640689,40.07275200478149]]]}},{"type":"Feature","properties":{"PARCELID":"545-225940","SITEADDRESS":"4527 NORTH GATE","RESYRBLT":1999,"RESFLRAREA_AG":5796,"STATEDAREA":40812,"ACRES":0.93691711,"SCHLDSCRP":"NEW ALBANY-PLAIN LSD","CVTTXDSCRP":"COLUMBUS-PLAIN LSD","CLASSCD":"510","CLASSDSCRP":"SINGLE FAMILY DWELLING, PLATTED LOT","SALEPRICE":1375000,"SALEDATE":1243918800000},"geometry":{"type":"Polygon","coordinates":[[[-82.83598642847744,40.07309396593107],[-82.8356944940332,40.07325377442763],[-82.83521205065472,40.073600722518044],[-82.83522420241643,40.07361060084691],[-82.83555675798151,40.073878924509145],[-82.835937005761,40.073600879951194],[-82.83623409962709,40.07356160062687],[-82.8362324770025,40.073542280921956],[-82.83623404667348,40.073522956842645],[-82.83623876608394,40.073504152293374],[-82.83624650728363,40.07348637709336],[-82.83625706039719,40.07347011315465],[-82.83627013931404,40.07345580141672],[-82.83628538944535,40.07344382989203],[-82.83630239733743,40.073434523146354],[-82.83604120505238,40.073153005373506],[-82.83598642847744,40.07309396593107]]]}},{"type":"Feature","properties":{"PARCELID":"545-225941","SITEADDRESS":"4545 NORTH GATE","RESYRBLT":1996,"RESFLRAREA_AG":4900,"STATEDAREA":27916,"ACRES":0.64085647,"SCHLDSCRP":"NEW ALBANY-PLAIN LSD","CVTTXDSCRP":"COLUMBUS-PLAIN LSD","CLASSCD":"510","CLASSDSCRP":"SINGLE FAMILY DWELLING, PLATTED LOT","SALEPRICE":0,"SALEDATE":1747026000000},"geometry":{"type":"Polygon","coordinates":[[[-82.83623409962709,40.07356160062687],[-82.835937005761,40.073600879951194],[-82.83555675798151,40.073878924509145],[-82.83584765941771,40.07411363759523],[-82.8358590786145,40.07412071493288],[-82.83587144646789,40.07412596116641],[-82.83588447154851,40.07412925267641],[-82.8358978469405,40.07413051190353],[-82.83591125747337,40.07412970917605],[-82.83592438714867,40.07412686340898],[-82.83593692658587,40.074122041658434],[-82.8359485803125,40.07411535754151],[-82.8360855092159,40.07401506082667],[-82.83614274392407,40.07397606146714],[-82.83620239586217,40.073940870443515],[-82.83638527823257,40.073841005698405],[-82.83639216852991,40.07383758247775],[-82.83639841371082,40.073833088887575],[-82.83640384899454,40.07382764349244],[-82.83640833096968,40.07382138997055],[-82.83641174137811,40.07381449332271],[-82.83641399023536,40.0738071355188],[-82.8364150182047,40.073799510696425],[-82.83641479816289,40.07379182003854],[-82.83641333591581,40.07378426646517],[-82.8364106700452,40.07377704927934],[-82.8364068708908,40.073770358908426],[-82.83640203869427,40.07376437187962],[-82.83626294746867,40.07361477101847],[-82.83625314273189,40.07360303764612],[-82.83624497606318,40.07359011052687],[-82.83623859096303,40.07357621680938],[-82.83623409962709,40.07356160062687]]]}},{"type":"Feature","properties":{"PARCELID":"545-225942","SITEADDRESS":"4567 NORTH GATE","RESYRBLT":2001,"RESFLRAREA_AG":4890,"STATEDAREA":36229,"ACRES":0.83170266,"SCHLDSCRP":"NEW ALBANY-PLAIN LSD","CVTTXDSCRP":"COLUMBUS-PLAIN LSD","CLASSCD":"510","CLASSDSCRP":"SINGLE FAMILY DWELLING, PLATTED LOT","SALEPRICE":0,"SALEDATE":1280984400000},"geometry":{"type":"Polygon","coordinates":[[[-82.83706883472081,40.074303668939784],[-82.83688446964614,40.07408596415057],[-82.83688431636001,40.07408578176664],[-82.83685255779476,40.07409669386479],[-82.83681942938085,40.0741021882752],[-82.83678584851333,40.07410211284616],[-82.83675274511658,40.074096469666465],[-82.83672103589285,40.07408541500755],[-82.83669159893681,40.074069254996026],[-82.8366652494193,40.07404843713639],[-82.83658846325139,40.07396559853938],[-82.83657798357703,40.0739572470718],[-82.83656633513604,40.07395062254101],[-82.83655379999702,40.07394588536092],[-82.83654068170006,40.073943150243],[-82.83652729790647,40.07394248341848],[-82.83651397270667,40.073943901034625],[-82.83650102877215,40.073947368763655],[-82.83648877954205,40.073952802634054],[-82.83630651863213,40.07405248383469],[-82.83625675689657,40.074081854833715],[-82.83620901524029,40.07411440664108],[-82.83607183258104,40.07421483841195],[-82.8360656886706,40.07421938718831],[-82.83606036938308,40.07422487756006],[-82.83605601731537,40.07423116234394],[-82.83605274913563,40.07423807306048],[-82.83605065245565,40.074245424450474],[-82.83604978348224,40.074253019441386],[-82.83605016551041,40.07426065443034],[-82.83605178829895,40.07426812474219],[-82.8360546083449,40.0742752301164],[-82.83605855004981,40.074281780075495],[-82.83606350774637,40.074287599031294],[-82.83606934853101,40.074292530992025],[-82.8362294377562,40.074421509319166],[-82.83629215284597,40.07447521772827],[-82.83635131136015,40.074532820209924],[-82.83640667196232,40.07459408177552],[-82.83673642302472,40.074430070910665],[-82.83706883472081,40.074303668939784]]]}},{"type":"Feature","properties":{"PARCELID":"545-231172","SITEADDRESS":"6905 CLIVDON MEWS","RESYRBLT":1996,"RESFLRAREA_AG":3390,"STATEDAREA":18820,"ACRES":0.4320434,"SCHLDSCRP":"NEW ALBANY-PLAIN LSD","CVTTXDSCRP":"COLUMBUS-PLAIN LSD","CLASSCD":"510","CLASSDSCRP":"SINGLE FAMILY DWELLING, PLATTED LOT","SALEPRICE":815000,"SALEDATE":1564981200000},"geometry":{"type":"Polygon","coordinates":[[[-82.83537185229929,40.072408263847215],[-82.8354173954017,40.07243505701408],[-82.83545962723748,40.07246681421823],[-82.83549800923666,40.07250313046952],[-82.83553205192507,40.07254354263766],[-82.83554071474889,40.07255558605174],[-82.83555026597796,40.07256484485524],[-82.8355611608733,40.07257247719922],[-82.83557312539864,40.072578291109465],[-82.83558585861364,40.07258214035031],[-82.83559904024327,40.07258392810288],[-82.8356123387337,40.072583609400326],[-82.83562541959171,40.072581192258895],[-82.83563795379814,40.07257673747626],[-82.83587973276092,40.07247282453758],[-82.83597353215224,40.072434928254175],[-82.83606880784411,40.07240091360081],[-82.83606918119497,40.07240078824938],[-82.83616819183841,40.07237005429218],[-82.83626833235697,40.07234322967327],[-82.8363694484587,40.07232035572281],[-82.83647138434849,40.07230146768394],[-82.83621968935373,40.07228299328964],[-82.83613428832965,40.07226379973436],[-82.83580612661139,40.07219004585295],[-82.83551629716925,40.07231464950094],[-82.83553356424413,40.07233875721387],[-82.83538380343388,40.07240287022859],[-82.83537185229929,40.072408263847215]]]}},{"type":"Feature","properties":{"PARCELID":"545-231173","SITEADDRESS":"6917 CLIVDON MEWS","RESYRBLT":2015,"RESFLRAREA_AG":3520,"STATEDAREA":12070,"ACRES":0.27708921,"SCHLDSCRP":"NEW ALBANY-PLAIN LSD","CVTTXDSCRP":"COLUMBUS-PLAIN LSD","CLASSCD":"510","CLASSDSCRP":"SINGLE FAMILY DWELLING, PLATTED LOT","SALEPRICE":0,"SALEDATE":1774846800000},"geometry":{"type":"Polygon","coordinates":[[[-82.83538380343388,40.07240287022859],[-82.83553356424413,40.07233875721387],[-82.83551629716925,40.07231464950094],[-82.83580612661139,40.07219004585295],[-82.83558047784717,40.0721393322615],[-82.83516337358819,40.07211419404191],[-82.83513087296406,40.07233881276315],[-82.83519055240586,40.07234653449927],[-82.83524923156341,40.07235987681733],[-82.83530638232169,40.072378719635864],[-82.83536149032133,40.07240289336867],[-82.83537185229929,40.072408263847215],[-82.83538380343388,40.07240287022859]]]}},{"type":"Feature","properties":{"PARCELID":"545-231176","SITEADDRESS":"6953 CLIVDON MEWS","RESYRBLT":2014,"RESFLRAREA_AG":4125,"STATEDAREA":12599,"ACRES":0.28921542,"SCHLDSCRP":"NEW ALBANY-PLAIN LSD","CVTTXDSCRP":"COLUMBUS-PLAIN LSD","CLASSCD":"510","CLASSDSCRP":"SINGLE FAMILY DWELLING, PLATTED LOT","SALEPRICE":0,"SALEDATE":1732165200000},"geometry":{"type":"Polygon","coordinates":[[[-82.83456570260734,40.07249497708344],[-82.83456564261273,40.07249469086093],[-82.83454698814623,40.07240525506727],[-82.83448152971121,40.07209442635291],[-82.83448152971121,40.07209442635291],[-82.83434861420692,40.07209507921343],[-82.83416045776862,40.07234815915382],[-82.83411079224852,40.072348025659636],[-82.83411043470322,40.07234802577539],[-82.83415287804674,40.07240637617733],[-82.83421751672189,40.07249498511373],[-82.83424953398276,40.07248446361347],[-82.83428287041153,40.0724795149291],[-82.83431656341723,40.07248028195412],[-82.83434964011269,40.072486742540654],[-82.83438114540672,40.072498710138944],[-82.83441016958243,40.07251583918402],[-82.83442306753578,40.07252343894366],[-82.83443706499469,40.07252874786927],[-82.83445175868476,40.07253161300783],[-82.83446672527282,40.07253195181315],[-82.83448153356333,40.07252975452405],[-82.8344957569214,40.07252508444562],[-82.83456570260734,40.07249497708344]]]}},{"type":"Feature","properties":{"PARCELID":"545-231177","SITEADDRESS":"6965 CLIVDON MEWS","RESYRBLT":2001,"RESFLRAREA_AG":4291,"STATEDAREA":26573,"ACRES":0.61002798,"SCHLDSCRP":"NEW ALBANY-PLAIN LSD","CVTTXDSCRP":"COLUMBUS-PLAIN LSD","CLASSCD":"510","CLASSDSCRP":"SINGLE FAMILY DWELLING, PLATTED LOT","SALEPRICE":0,"SALEDATE":1435726800000},"geometry":{"type":"Polygon","coordinates":[[[-82.83413535206023,40.07260928069171],[-82.83413682999728,40.072590573570174],[-82.83414118836187,40.07257232130039],[-82.834148321905,40.07255496465163],[-82.83415805836064,40.072538922765034],[-82.83417016260567,40.0725245830319],[-82.83418434233786,40.072512291738676],[-82.83420025513458,40.072502345704564],[-82.83421751672189,40.07249498511373],[-82.83415287804674,40.07240637617733],[-82.83411043470322,40.07234802577539],[-82.83405719955545,40.07227461094212],[-82.83395329606834,40.072290278683056],[-82.83354381089666,40.072214579063235],[-82.83338938586215,40.072201018143],[-82.8332741137223,40.07222989342275],[-82.8334336175577,40.07240841882366],[-82.83364054739025,40.07264088727278],[-82.83413535206023,40.07260928069171]]]}},{"type":"Feature","properties":{"PARCELID":"545-231178","SITEADDRESS":"6960 CLIVDON MEWS","RESYRBLT":1996,"RESFLRAREA_AG":3171,"STATEDAREA":11636,"ACRES":0.26713218,"SCHLDSCRP":"NEW ALBANY-PLAIN LSD","CVTTXDSCRP":"COLUMBUS-PLAIN LSD","CLASSCD":"510","CLASSDSCRP":"SINGLE FAMILY DWELLING, PLATTED LOT","SALEPRICE":0,"SALEDATE":1661144400000},"geometry":{"type":"Polygon","coordinates":[[[-82.83413535206023,40.07260928069171],[-82.83364054739025,40.07264088727278],[-82.83381920871403,40.072790260013576],[-82.83400670630547,40.07293718473215],[-82.83424070683276,40.07283682587451],[-82.83425762540037,40.07279013078882],[-82.83424017068477,40.072775869123504],[-82.8342253237798,40.072758909418106],[-82.83415554451798,40.07266303009336],[-82.83414769417969,40.07265079879598],[-82.83414163837303,40.07263758669348],[-82.83413749700067,40.07262365538048],[-82.83413535206023,40.07260928069171]]]}},{"type":"Feature","properties":{"PARCELID":"545-231179","SITEADDRESS":"6950 CLIVDON MEWS","RESYRBLT":1995,"RESFLRAREA_AG":3747,"STATEDAREA":9856,"ACRES":0.22625799,"SCHLDSCRP":"NEW ALBANY-PLAIN LSD","CVTTXDSCRP":"COLUMBUS-PLAIN LSD","CLASSCD":"510","CLASSDSCRP":"SINGLE FAMILY DWELLING, PLATTED LOT","SALEPRICE":1780000,"SALEDATE":1721278800000},"geometry":{"type":"Polygon","coordinates":[[[-82.83425762540037,40.07279013078882],[-82.83424070683276,40.07283682587451],[-82.83400670630547,40.07293718473215],[-82.83423007065764,40.07311225741731],[-82.83423024263541,40.073112184879676],[-82.8344691496016,40.073009663673496],[-82.83456295666683,40.07296935658087],[-82.83444417458763,40.072806526141186],[-82.83441336354312,40.07281671457316],[-82.83438130850679,40.07282177414387],[-82.83434885726092,40.07282157103926],[-82.83431686806664,40.072816110630995],[-82.83428618696483,40.072805537334354],[-82.83425762540037,40.07279013078882]]]}},{"type":"Feature","properties":{"PARCELID":"545-231180","SITEADDRESS":"6940 CLIVDON MEWS","RESYRBLT":1996,"RESFLRAREA_AG":3492,"STATEDAREA":10322,"ACRES":0.23696763,"SCHLDSCRP":"NEW ALBANY-PLAIN LSD","CVTTXDSCRP":"COLUMBUS-PLAIN LSD","CLASSCD":"510","CLASSDSCRP":"SINGLE FAMILY DWELLING, PLATTED LOT","SALEPRICE":1525000,"SALEDATE":1775538000000},"geometry":{"type":"Polygon","coordinates":[[[-82.8348588870421,40.072842203636405],[-82.83492776125108,40.07282687268364],[-82.83474868246321,40.07266244104855],[-82.83467310116231,40.072558833323505],[-82.83455655973587,40.072608931789134],[-82.83454862504696,40.07261213082795],[-82.83454133555084,40.07261660926335],[-82.83453489572402,40.072622241471436],[-82.83452948620909,40.07262886946402],[-82.83452525874753,40.0726363073203],[-82.83452233192318,40.07264434640213],[-82.83452078783597,40.07265276120647],[-82.83452066979882,40.072661315690944],[-82.83452198112279,40.072669769895036],[-82.83452489750374,40.07268877669536],[-82.83452460659392,40.07270800373642],[-82.83452111652448,40.072726913605585],[-82.83451452484597,40.07274497775546],[-82.83450501580154,40.07276169127725],[-82.83449285517732,40.07277658701338],[-82.83447838287339,40.072789248614995],[-82.83446200340332,40.07279932217924],[-82.83444417458763,40.072806526141186],[-82.83456295666683,40.07296935658087],[-82.8348588870421,40.072842203636405]]]}},{"type":"Feature","properties":{"PARCELID":"545-231181","SITEADDRESS":"6930 CLIVDON MEWS","RESYRBLT":1995,"RESFLRAREA_AG":3279,"STATEDAREA":9810,"ACRES":0.22521533,"SCHLDSCRP":"NEW ALBANY-PLAIN LSD","CVTTXDSCRP":"COLUMBUS-PLAIN LSD","CLASSCD":"510","CLASSDSCRP":"SINGLE FAMILY DWELLING, PLATTED LOT","SALEPRICE":684000,"SALEDATE":1528261200000},"geometry":{"type":"Polygon","coordinates":[[[-82.83474868246321,40.07266244104855],[-82.83492776125108,40.07282687268364],[-82.83516554480208,40.07277394610985],[-82.83493137337673,40.072452047466186],[-82.83493125300106,40.07245188119677],[-82.83490326061734,40.07246086246185],[-82.83487588857653,40.07247158664255],[-82.83467310116231,40.072558833323505],[-82.83474868246321,40.07266244104855]]]}},{"type":"Feature","properties":{"PARCELID":"545-231182","SITEADDRESS":"6920 CLIVDON MEWS","RESYRBLT":1996,"RESFLRAREA_AG":3359,"STATEDAREA":10330,"ACRES":0.23715965,"SCHLDSCRP":"NEW ALBANY-PLAIN LSD","CVTTXDSCRP":"COLUMBUS-PLAIN LSD","CLASSCD":"510","CLASSDSCRP":"SINGLE FAMILY DWELLING, PLATTED LOT","SALEPRICE":1265000,"SALEDATE":1766034000000},"geometry":{"type":"Polygon","coordinates":[[[-82.83493125300106,40.07245188119677],[-82.83493137337673,40.072452047466186],[-82.83516554480208,40.07277394610985],[-82.83519368814625,40.07276768138028],[-82.83540219071266,40.07267807051562],[-82.83540404027167,40.072677279007145],[-82.83540626177677,40.072676313520574],[-82.83541386724023,40.07267318203202],[-82.83542083369532,40.07266880964154],[-82.83542696052156,40.072663322265555],[-82.83543207127818,40.0726568779299],[-82.8354360187852,40.072649662219035],[-82.83543868936206,40.07264188293152],[-82.8354400061013,40.07263376409584],[-82.83543993108334,40.0726255395188],[-82.83543846646857,40.07261744605239],[-82.83543565443507,40.072609716772824],[-82.835431575964,40.07260257426845],[-82.8354229412355,40.072590519959114],[-82.8353852505995,40.072551755444934],[-82.83534330683518,40.0725176381145],[-82.83529767935792,40.07248863113396],[-82.83524898759201,40.07246512829298],[-82.83519789256158,40.07244744865875],[-82.83514508791671,40.07243583224442],[-82.83509129051667,40.0724304367508],[-82.83503723069809,40.07243133542541],[-82.83498364236007,40.07243851606811],[-82.83493125300106,40.07245188119677]]]}},{"type":"Feature","properties":{"PARCELID":"545-292091","SITEADDRESS":"6953 CLIVDON MEWS REAR","RESYRBLT":null,"RESFLRAREA_AG":null,"STATEDAREA":1768,"ACRES":0.04059681,"SCHLDSCRP":"NEW ALBANY-PLAIN LSD","CVTTXDSCRP":"COLUMBUS-PLAIN LSD","CLASSCD":"510","CLASSDSCRP":"SINGLE FAMILY DWELLING, PLATTED LOT","SALEPRICE":0,"SALEDATE":1732165200000},"geometry":{"type":"Polygon","coordinates":[[[-82.83411043470322,40.07234802577539],[-82.83416045776862,40.07234815915382],[-82.83434861420692,40.07209507921343],[-82.83433717997174,40.072095111739436],[-82.83422836807335,40.07220412548244],[-82.83405719955545,40.07227461094212],[-82.83411043470322,40.07234802577539]]]}},{"type":"Feature","properties":{"PARCELID":"222-004772","SITEADDRESS":"4135 HIGHGROVE CRECENT","RESYRBLT":2022,"RESFLRAREA_AG":6704,"STATEDAREA":0.5439,"ACRES":0.5448518,"SCHLDSCRP":"NEW ALBANY-PLAIN LSD","CVTTXDSCRP":"PLAIN TWP-NEW ALBANY CORP","CLASSCD":"510","CLASSDSCRP":"SINGLE FAMILY DWELLING, PLATTED LOT","SALEPRICE":400000,"SALEDATE":1626757200000},"geometry":{"type":"Polygon","coordinates":[[[-82.83582361406692,40.06971337247834],[-82.83511044471939,40.069956474895065],[-82.83525866765518,40.07001082630085],[-82.83583829154384,40.07022331371487],[-82.83589060394024,40.07014022087363],[-82.83593339146809,40.07007176234944],[-82.83597246285255,40.07000111697458],[-82.83600770663459,40.06992848627927],[-82.83601035802583,40.069920023636435],[-82.83601155518609,40.06991123654326],[-82.83601126432146,40.06990237304525],[-82.83600949364256,40.069893683344716],[-82.83600629313283,40.06988541273793],[-82.83600175313751,40.06987779469083],[-82.83599600181336,40.06987104424864],[-82.83598920151103,40.069865351965504],[-82.83598154419211,40.06986087852542],[-82.8359360137569,40.069830990770015],[-82.83589416468304,40.06979613458734],[-82.83585653643478,40.06975675929832],[-82.83582361406692,40.06971337247834]]]}},{"type":"Feature","properties":{"PARCELID":"222-004771","SITEADDRESS":"14 HIGHGROVE","RESYRBLT":2016,"RESFLRAREA_AG":6553,"STATEDAREA":0.7222,"ACRES":0.7227798,"SCHLDSCRP":"NEW ALBANY-PLAIN LSD","CVTTXDSCRP":"PLAIN TWP-NEW ALBANY CORP","CLASSCD":"510","CLASSDSCRP":"SINGLE FAMILY DWELLING, PLATTED LOT","SALEPRICE":3600000,"SALEDATE":1689224400000},"geometry":{"type":"Polygon","coordinates":[[[-82.83579287687718,40.070288073848445],[-82.83583829154384,40.07022331371487],[-82.83525866765518,40.07001082630085],[-82.83496401863995,40.0704849497204],[-82.8349729021103,40.070492769539726],[-82.83498288805605,40.07049912142979],[-82.83499373619469,40.07050385255097],[-82.83528187619021,40.07060953869307],[-82.83529508112615,40.070613196977234],[-82.83530869958886,40.07061471053264],[-82.83532238552937,40.070614040899414],[-82.83533579118412,40.070611205093144],[-82.83534857591165,40.07060627517245],[-82.8353604148485,40.070599376408],[-82.83540885487471,40.07056906427792],[-82.83546067413313,40.07054498055258],[-82.83551507576234,40.070527495584486],[-82.83557122318997,40.070516878252356],[-82.83562825299725,40.070513291826444],[-82.83563935743011,40.070512894959464],[-82.83565026195882,40.070510760202744],[-82.83566069630409,40.070506940468285],[-82.83567040184059,40.070501530431905],[-82.83567913800724,40.070494664186576],[-82.83568668826967,40.07048651191882],[-82.83569286548737,40.07047727569048],[-82.83571264463859,40.070432900251426],[-82.83574988120404,40.07035889180869],[-82.83579287687718,40.070288073848445]]]}},{"type":"Feature","properties":{"PARCELID":"222-004767","SITEADDRESS":"3825 COLDICOTT LEYS","RESYRBLT":2022,"RESFLRAREA_AG":5578,"STATEDAREA":1.484,"ACRES":1.48232731,"SCHLDSCRP":"NEW ALBANY-PLAIN LSD","CVTTXDSCRP":"PLAIN TWP-NEW ALBANY CORP","CLASSCD":"510","CLASSDSCRP":"SINGLE FAMILY DWELLING, PLATTED LOT","SALEPRICE":795000,"SALEDATE":1545282000000},"geometry":{"type":"Polygon","coordinates":[[[-82.8376577297665,40.070712539350325],[-82.83797264421864,40.07059249811958],[-82.83822679836838,40.07054235692115],[-82.83817935525117,40.07041182864195],[-82.83809553889856,40.06982025007206],[-82.83738735455712,40.06993385344508],[-82.83737145423966,40.069955197581706],[-82.8373525282818,40.069973911223336],[-82.83733100612912,40.06998956974201],[-82.83730737613696,40.070001817833074],[-82.83728217448933,40.07001037757724],[-82.83725597303234,40.07001505474687],[-82.8373943704243,40.07057282684467],[-82.8374496855571,40.07062008057757],[-82.83748929696276,40.07075667020573],[-82.83759115501839,40.07076214247694],[-82.8376577297665,40.070712539350325]]]}},{"type":"Feature","properties":{"PARCELID":"222-004766","SITEADDRESS":"3815 COLDICOTT LEYS","RESYRBLT":2022,"RESFLRAREA_AG":8764,"STATEDAREA":0.6219,"ACRES":0.62378641,"SCHLDSCRP":"NEW ALBANY-PLAIN LSD","CVTTXDSCRP":"PLAIN TWP-NEW ALBANY CORP","CLASSCD":"510","CLASSDSCRP":"SINGLE FAMILY DWELLING, PLATTED LOT","SALEPRICE":0,"SALEDATE":1629435600000},"geometry":{"type":"Polygon","coordinates":[[[-82.83796436721602,40.069447663582125],[-82.83732383059164,40.069550486299256],[-82.83739854925024,40.06985451280038],[-82.8374012058305,40.06987069516591],[-82.83740139066354,40.06988709309899],[-82.83739909951834,40.06990333123394],[-82.83739438484159,40.069919037862974],[-82.83738735455712,40.06993385344508],[-82.83809553889856,40.06982025007206],[-82.8380714484264,40.06965022587952],[-82.8379848091227,40.06949589094679],[-82.83796436721602,40.069447663582125]]]}},{"type":"Feature","properties":{"PARCELID":"222-004773","SITEADDRESS":"4125 HIGHGROVE CRECENT","RESYRBLT":2022,"RESFLRAREA_AG":5944,"STATEDAREA":1.326,"ACRES":1.33071354,"SCHLDSCRP":"NEW ALBANY-PLAIN LSD","CVTTXDSCRP":"PLAIN TWP-NEW ALBANY CORP","CLASSCD":"510","CLASSDSCRP":"SINGLE FAMILY DWELLING, PLATTED LOT","SALEPRICE":0,"SALEDATE":1656306000000},"geometry":{"type":"Polygon","coordinates":[[[-82.8340236173901,40.06943781182328],[-82.83413721460205,40.06959959670205],[-82.83468525793712,40.069800543729876],[-82.83511044471939,40.069956474895065],[-82.83582361406692,40.06971337247834],[-82.83579968082499,40.069672065520656],[-82.83578161993768,40.0696278742413],[-82.8357697706124,40.069581628611104],[-82.83576435539518,40.069534197184346],[-82.83576547599101,40.069486470786124],[-82.8340236173901,40.06943781182328]]]}},{"type":"Feature","properties":{"PARCELID":"222-004763","SITEADDRESS":"3985 EBRINGTON RD","RESYRBLT":2019,"RESFLRAREA_AG":5940,"STATEDAREA":0.5834,"ACRES":0.58490838,"SCHLDSCRP":"NEW ALBANY-PLAIN LSD","CVTTXDSCRP":"PLAIN TWP-NEW ALBANY CORP","CLASSCD":"510","CLASSDSCRP":"SINGLE FAMILY DWELLING, PLATTED LOT","SALEPRICE":0,"SALEDATE":1595826000000},"geometry":{"type":"Polygon","coordinates":[[[-82.83630775821551,40.06939823221959],[-82.83630988327062,40.069408545324194],[-82.8363136931853,40.06941836166445],[-82.83631908193485,40.06942740806507],[-82.83632589955775,40.06943543277713],[-82.83633395632893,40.06944221248391],[-82.8363430280395,40.06944755851546],[-82.83635286223617,40.06945132209907],[-82.83636318524675,40.06945339849937],[-82.83637370979604,40.069453729932974],[-82.83662525799187,40.069468940602064],[-82.83670382927274,40.069471814536946],[-82.83678244829325,40.06947094546041],[-82.83686093684331,40.06946633534243],[-82.83687083508661,40.06946602381704],[-82.83688054870804,40.0694640956502],[-82.83688981547313,40.06946060289579],[-82.83689838521101,40.0694556398462],[-82.83690602656816,40.06944934048674],[-82.83691253325414,40.06944187487852],[-82.83691772961076,40.06943344456735],[-82.8369214753542,40.06942427714271],[-82.83692366936225,40.06941462009361],[-82.83692425240422,40.06940473412726],[-82.8369229546917,40.06938580033259],[-82.83692487063193,40.069366919077034],[-82.83692994527269,40.069348631905044],[-82.83693803306521,40.069331463321795],[-82.83694890203873,40.06931590574959],[-82.8367145086998,40.06899758269422],[-82.83627184595423,40.06905753373984],[-82.83628271627207,40.0691092716013],[-82.83629167815312,40.06916137395064],[-82.8363014762158,40.06923998360102],[-82.83630684188768,40.06931901959744],[-82.83630775821551,40.06939823221959]]]}},{"type":"Feature","properties":{"PARCELID":"222-004774","SITEADDRESS":"4115 HIGHGROVE CS","RESYRBLT":2022,"RESFLRAREA_AG":6687,"STATEDAREA":1.602,"ACRES":1.60193499,"SCHLDSCRP":"NEW ALBANY-PLAIN LSD","CVTTXDSCRP":"PLAIN TWP-NEW ALBANY CORP","CLASSCD":"510","CLASSDSCRP":"SINGLE FAMILY DWELLING, PLATTED LOT","SALEPRICE":795000,"SALEDATE":1630990800000},"geometry":{"type":"Polygon","coordinates":[[[-82.83576547599101,40.069486470786124],[-82.83577431644147,40.06943827484705],[-82.83578935269993,40.06939163888412],[-82.83581032912167,40.06934735579662],[-82.83583688906795,40.06930617848053],[-82.83586858096962,40.069268807027846],[-82.8352956964047,40.06884566064264],[-82.83397639968281,40.06937056695904],[-82.8340236173901,40.06943781182328],[-82.83576547599101,40.069486470786124]]]}},{"type":"Feature","properties":{"PARCELID":"222-004765","SITEADDRESS":"3805 COLDICOTT LEYS","RESYRBLT":2020,"RESFLRAREA_AG":4848,"STATEDAREA":0.7386,"ACRES":0.74040261,"SCHLDSCRP":"NEW ALBANY-PLAIN LSD","CVTTXDSCRP":"PLAIN TWP-NEW ALBANY CORP","CLASSCD":"510","CLASSDSCRP":"SINGLE FAMILY DWELLING, PLATTED LOT","SALEPRICE":600000,"SALEDATE":1551934800000},"geometry":{"type":"Polygon","coordinates":[[[-82.83779642854618,40.06867561202401],[-82.83725071600283,40.069311284550594],[-82.83726226693663,40.06932666469484],[-82.83727126067534,40.0693436672115],[-82.83727747427122,40.069361870621485],[-82.83732383059164,40.069550486299256],[-82.83796436721602,40.069447663582125],[-82.83788580760758,40.069262320780176],[-82.83778087096705,40.06883838690833],[-82.83779642854618,40.06867561202401]]]}},{"type":"Feature","properties":{"PARCELID":"222-004775","SITEADDRESS":"4105 HIGHGROVE CRESCENT","RESYRBLT":null,"RESFLRAREA_AG":null,"STATEDAREA":0.7725,"ACRES":0.77437448,"SCHLDSCRP":"NEW ALBANY-PLAIN LSD","CVTTXDSCRP":"PLAIN TWP-NEW ALBANY CORP","CLASSCD":"510","CLASSDSCRP":"SINGLE FAMILY DWELLING, PLATTED LOT","SALEPRICE":0,"SALEDATE":1763960400000},"geometry":{"type":"Polygon","coordinates":[[[-82.83605525006101,40.069141466791216],[-82.83606366444903,40.06913810060849],[-82.83607144184772,40.06913344817025],[-82.83607838717055,40.06912762617722],[-82.83608432620257,40.06912078066697],[-82.83608910997044,40.069113083350764],[-82.83609261847921,40.069104727306346],[-82.8360947637222,40.06909592213489],[-82.83609549188863,40.06908688870334],[-82.83609478471334,40.06907785360428],[-82.8360714605677,40.06899210350451],[-82.83604299146715,40.06890792152489],[-82.83600948170307,40.06882561605065],[-82.8359710540323,40.06874548859282],[-82.8359278492276,40.068667832683644],[-82.83588002556182,40.06859293280133],[-82.83582775822822,40.06852106332786],[-82.83581879421537,40.06850918288791],[-82.83542000332889,40.06868850720404],[-82.8354059655057,40.06876817461903],[-82.8352956964047,40.06884566064264],[-82.83586858096962,40.069268807027846],[-82.83590995173289,40.06922976495929],[-82.83595519314379,40.06919528253029],[-82.83600380505574,40.069165740946254],[-82.83605525006101,40.069141466791216]]]}},{"type":"Feature","properties":{"PARCELID":"222-004776","SITEADDRESS":"3970 EBRINGTON RD","RESYRBLT":2020,"RESFLRAREA_AG":5050,"STATEDAREA":0.7241,"ACRES":0.72614257,"SCHLDSCRP":"NEW ALBANY-PLAIN LSD","CVTTXDSCRP":"PLAIN TWP-NEW ALBANY CORP","CLASSCD":"510","CLASSDSCRP":"SINGLE FAMILY DWELLING, PLATTED LOT","SALEPRICE":3625000,"SALEDATE":1689138000000},"geometry":{"type":"Polygon","coordinates":[[[-82.8353242280202,40.068557006074826],[-82.83543020649458,40.06863059773777],[-82.83542000332889,40.06868850720404],[-82.83581879421537,40.06850918288791],[-82.83549871491138,40.06808894061846],[-82.83465731813772,40.068467296090255],[-82.83470733126946,40.068484172481234],[-82.8353242280202,40.068557006074826]]]}},{"type":"Feature","properties":{"PARCELID":"222-004778","SITEADDRESS":"3950 EBRINGTON RD","RESYRBLT":2016,"RESFLRAREA_AG":7503,"STATEDAREA":0.96,"ACRES":0.96249011,"SCHLDSCRP":"NEW ALBANY-PLAIN LSD","CVTTXDSCRP":"PLAIN TWP-NEW ALBANY CORP","CLASSCD":"510","CLASSDSCRP":"SINGLE FAMILY DWELLING, PLATTED LOT","SALEPRICE":1850000,"SALEDATE":1553230800000},"geometry":{"type":"Polygon","coordinates":[[[-82.834093931789,40.06783088754905],[-82.83414577573916,40.067978788627926],[-82.8343156291029,40.06821897540822],[-82.83527062564723,40.06778947424327],[-82.83516821444672,40.06765521980027],[-82.8351148166426,40.067580309021864],[-82.8350664052175,40.06750208316854],[-82.834093931789,40.06783088754905]]]}},{"type":"Feature","properties":{"PARCELID":"222-004758","SITEADDRESS":"3935 EBRINGTON RD","RESYRBLT":null,"RESFLRAREA_AG":null,"STATEDAREA":0.4115,"ACRES":0.41261355,"SCHLDSCRP":"NEW ALBANY-PLAIN LSD","CVTTXDSCRP":"PLAIN TWP-NEW ALBANY CORP","CLASSCD":"510","CLASSDSCRP":"SINGLE FAMILY DWELLING, PLATTED LOT","SALEPRICE":0,"SALEDATE":1733806800000},"geometry":{"type":"Polygon","coordinates":[[[-82.83588779951249,40.06745705054038],[-82.83538603415445,40.06766902347654],[-82.83558847448755,40.06793481434747],[-82.83609023997718,40.067722840571854],[-82.83588779951249,40.06745705054038]]]}},{"type":"Feature","properties":{"PARCELID":"222-004779","SITEADDRESS":"3940 EBRINGTON RD","RESYRBLT":2017,"RESFLRAREA_AG":7166,"STATEDAREA":0.9564,"ACRES":0.95869917,"SCHLDSCRP":"NEW ALBANY-PLAIN LSD","CVTTXDSCRP":"PLAIN TWP-NEW ALBANY CORP","CLASSCD":"510","CLASSDSCRP":"SINGLE FAMILY DWELLING, PLATTED LOT","SALEPRICE":3700000,"SALEDATE":1770267600000},"geometry":{"type":"Polygon","coordinates":[[[-82.83493935480169,40.06719340745321],[-82.83401693055157,40.06733562082221],[-82.83404200724108,40.06768275611271],[-82.834093931789,40.06783088754905],[-82.8350664052175,40.06750208316854],[-82.83503550211407,40.06744493770525],[-82.83500749031288,40.06738632077278],[-82.83498243966646,40.067326378543164],[-82.8349590022139,40.06726050701653],[-82.83493935480169,40.06719340745321]]]}},{"type":"Feature","properties":{"PARCELID":"222-004757","SITEADDRESS":"3925 EBRINGTON RD","RESYRBLT":2024,"RESFLRAREA_AG":5622,"STATEDAREA":0.4616,"ACRES":0.46279419,"SCHLDSCRP":"NEW ALBANY-PLAIN LSD","CVTTXDSCRP":"PLAIN TWP-NEW ALBANY CORP","CLASSCD":"510","CLASSDSCRP":"SINGLE FAMILY DWELLING, PLATTED LOT","SALEPRICE":400000,"SALEDATE":1691557200000},"geometry":{"type":"Polygon","coordinates":[[[-82.83566483519229,40.067164309474094],[-82.83523606703811,40.06732135675665],[-82.83522831126436,40.06732371938557],[-82.83522102970599,40.067327284907876],[-82.83521440755693,40.06733196264063],[-82.83520861324023,40.06733763361371],[-82.83520379412438,40.06734415359563],[-82.83520007277535,40.06735135676182],[-82.83519754383927,40.06735905991209],[-82.83519627163531,40.067367067130014],[-82.83519628851978,40.067375174765715],[-82.83519759406326,40.06738317661537],[-82.8352001550615,40.067390869165656],[-82.83523698868919,40.067458291310125],[-82.8352778685716,40.067523339729846],[-82.8353226422921,40.067585771898194],[-82.83538603415445,40.06766902347654],[-82.83588779951249,40.06745705054038],[-82.835664935298,40.067164406454],[-82.83566483519229,40.067164309474094]]]}},{"type":"Feature","properties":{"PARCELID":"222-004780","SITEADDRESS":"3930 EBRINGTON RD","RESYRBLT":2023,"RESFLRAREA_AG":7118,"STATEDAREA":0.8599,"ACRES":0.86203534,"SCHLDSCRP":"NEW ALBANY-PLAIN LSD","CVTTXDSCRP":"PLAIN TWP-NEW ALBANY CORP","CLASSCD":"510","CLASSDSCRP":"SINGLE FAMILY DWELLING, PLATTED LOT","SALEPRICE":0,"SALEDATE":1646370000000},"geometry":{"type":"Polygon","coordinates":[[[-82.83398241868616,40.06685787706153],[-82.83401693055157,40.06733562082221],[-82.83493935480169,40.06719340745321],[-82.83492146735988,40.06711398684451],[-82.83490917629517,40.06703350999449],[-82.83490254175939,40.06695237075247],[-82.8349015962216,40.06687096620948],[-82.83398241868616,40.06685787706153]]]}},{"type":"Feature","properties":{"PARCELID":"222-004756","SITEADDRESS":"3915 EBRINGTON RD","RESYRBLT":2022,"RESFLRAREA_AG":5154,"STATEDAREA":0.5268,"ACRES":0.52830908,"SCHLDSCRP":"NEW ALBANY-PLAIN LSD","CVTTXDSCRP":"PLAIN TWP-NEW ALBANY CORP","CLASSCD":"510","CLASSDSCRP":"SINGLE FAMILY DWELLING, PLATTED LOT","SALEPRICE":2200000,"SALEDATE":1685509200000},"geometry":{"type":"Polygon","coordinates":[[[-82.83572651966732,40.06675690458892],[-82.83509268926953,40.066737097952945],[-82.8350833248805,40.06681747873617],[-82.83508017715222,40.0668983419163],[-82.83508326477254,40.06697920741386],[-82.83509256941045,40.067059595135596],[-82.83510803582493,40.06713902782482],[-82.83511363957362,40.06714974788134],[-82.83512086575819,40.067159448596136],[-82.83512953306642,40.06716788656858],[-82.83513942402689,40.06717485008149],[-82.83515029046549,40.06718016441335],[-82.8351618597324,40.067183696222266],[-82.83517384154314,40.0671853568916],[-82.83518593526206,40.0671851047535],[-82.83519783744566,40.06718294613437],[-82.83520924945623,40.06717893519611],[-82.83572375192819,40.06699061441909],[-82.83572651966732,40.06675690458892]]]}},{"type":"Feature","properties":{"PARCELID":"222-004755","SITEADDRESS":"3905 EBRINGTON RD","RESYRBLT":2021,"RESFLRAREA_AG":4330,"STATEDAREA":0.5002,"ACRES":0.501534,"SCHLDSCRP":"NEW ALBANY-PLAIN LSD","CVTTXDSCRP":"PLAIN TWP-NEW ALBANY CORP","CLASSCD":"510","CLASSDSCRP":"SINGLE FAMILY DWELLING, PLATTED LOT","SALEPRICE":1839000,"SALEDATE":1653282000000},"geometry":{"type":"Polygon","coordinates":[[[-82.83522967847354,40.06635147323008],[-82.83519111868475,40.06642416623637],[-82.83515797749658,40.06649948417661],[-82.83513043234149,40.06657702381103],[-82.83510863069166,40.06665637000527],[-82.83509268926953,40.066737097952945],[-82.83572651966732,40.06675690458892],[-82.83573085038715,40.06641598797693],[-82.83522967847354,40.06635147323008]]]}},{"type":"Feature","properties":{"PARCELID":"222-004754","SITEADDRESS":"7210 EBRINGTON RD","RESYRBLT":2023,"RESFLRAREA_AG":4862,"STATEDAREA":0.5049,"ACRES":0.50635761,"SCHLDSCRP":"NEW ALBANY-PLAIN LSD","CVTTXDSCRP":"PLAIN TWP-NEW ALBANY CORP","CLASSCD":"510","CLASSDSCRP":"SINGLE FAMILY DWELLING, PLATTED LOT","SALEPRICE":0,"SALEDATE":1782968400000},"geometry":{"type":"Polygon","coordinates":[[[-82.83536200548788,40.06613823834643],[-82.83525521446586,40.066308790732236],[-82.83522967847354,40.06635147323008],[-82.83573085038715,40.06641598797693],[-82.83588748096875,40.06642038661349],[-82.83600383759041,40.06601814239687],[-82.83592334313076,40.0660033240118],[-82.83584324761804,40.065986482057845],[-82.83583027370648,40.06598440723764],[-82.83581713512648,40.06598433669964],[-82.83580413968498,40.065986272096374],[-82.83579159183554,40.06599016808592],[-82.83577978554564,40.06599593339412],[-82.83576899740969,40.06600343295296],[-82.83572758923394,40.06603404005894],[-82.83568301652979,40.0660598219518],[-82.83563583904527,40.066080454860206],[-82.83558664923949,40.06609567967424],[-82.83553606484247,40.066105305199315],[-82.83548472109763,40.06610921055721],[-82.83543326278433,40.06610734670409],[-82.83542166164109,40.066106870568234],[-82.83541011964964,40.06610813376377],[-82.83539889611737,40.06611110791119],[-82.83538824319702,40.066115726192],[-82.83537840022173,40.06612188484992],[-82.83536958832808,40.06612944552184],[-82.83536200548788,40.06613823834643]]]}},{"type":"Feature","properties":{"PARCELID":"222-004782","SITEADDRESS":"3910 EBRINGTON RD","RESYRBLT":2021,"RESFLRAREA_AG":5757,"STATEDAREA":0.9994,"ACRES":1.00176355,"SCHLDSCRP":"NEW ALBANY-PLAIN LSD","CVTTXDSCRP":"PLAIN TWP-NEW ALBANY CORP","CLASSCD":"510","CLASSDSCRP":"SINGLE FAMILY DWELLING, PLATTED LOT","SALEPRICE":600000,"SALEDATE":1603342800000},"geometry":{"type":"Polygon","coordinates":[[[-82.83508027016998,40.06627165316341],[-82.83474837532441,40.06614034080021],[-82.83456334235179,40.066067133848634],[-82.8342293554642,40.06588754066509],[-82.83408111388701,40.065877464646945],[-82.8340178803456,40.06639687572663],[-82.83495109170522,40.06656209793015],[-82.8349765410112,40.066486610805114],[-82.8350066344046,40.06641285200297],[-82.83504125544424,40.06634110692066],[-82.83508027016998,40.06627165316341]]]}},{"type":"Feature","properties":{"PARCELID":"222-004823","SITEADDRESS":"HANBYS LP","RESYRBLT":2016,"RESFLRAREA_AG":4226,"STATEDAREA":0.3176,"ACRES":0.31834459,"SCHLDSCRP":"NEW ALBANY-PLAIN LSD","CVTTXDSCRP":"PLAIN TWP-NEW ALBANY CORP","CLASSCD":"510","CLASSDSCRP":"SINGLE FAMILY DWELLING, PLATTED LOT","SALEPRICE":1950000,"SALEDATE":1699246800000},"geometry":{"type":"Polygon","coordinates":[[[-82.83645097057766,40.06547815782305],[-82.83633816066987,40.06546761666325],[-82.83621693667008,40.06590883111801],[-82.83629958595364,40.06591699735369],[-82.83638242336997,40.065922960065635],[-82.8365187838879,40.06593320409547],[-82.83664112141456,40.06550807193812],[-82.83661392626605,40.06550184736356],[-82.83645097057766,40.06547815782305]]]}},{"type":"Feature","properties":{"PARCELID":"222-004851","SITEADDRESS":"7113 ARMSCOTE END","RESYRBLT":2021,"RESFLRAREA_AG":4520,"STATEDAREA":0.7429,"ACRES":0.74487108,"SCHLDSCRP":"NEW ALBANY-PLAIN LSD","CVTTXDSCRP":"PLAIN TWP-NEW ALBANY CORP","CLASSCD":"510","CLASSDSCRP":"SINGLE FAMILY DWELLING, PLATTED LOT","SALEPRICE":0,"SALEDATE":1734411600000},"geometry":{"type":"Polygon","coordinates":[[[-82.83732322323365,40.068100351536195],[-82.83731446990943,40.06812717999741],[-82.83730161318309,40.06815230153407],[-82.83728497191923,40.06817509309728],[-82.83726495884426,40.06819498942473],[-82.83724207031011,40.06821149705996],[-82.83721687398413,40.06822420659076],[-82.83718999477007,40.06823280280318],[-82.83735320705716,40.0686800741277],[-82.83779642854618,40.06867561202401],[-82.83780091975439,40.068628516166775],[-82.83787377188635,40.068359165979004],[-82.83787286152742,40.06815370988394],[-82.83732322323365,40.068100351536195]]]}},{"type":"Feature","properties":{"PARCELID":"222-004852","SITEADDRESS":"7112 ARMSCOTE END","RESYRBLT":2021,"RESFLRAREA_AG":5097,"STATEDAREA":0.757,"ACRES":0.75891311,"SCHLDSCRP":"NEW ALBANY-PLAIN LSD","CVTTXDSCRP":"PLAIN TWP-NEW ALBANY CORP","CLASSCD":"510","CLASSDSCRP":"SINGLE FAMILY DWELLING, PLATTED LOT","SALEPRICE":325000,"SALEDATE":1588309200000},"geometry":{"type":"Polygon","coordinates":[[[-82.83735320705716,40.0686800741277],[-82.83718999477007,40.06823280280318],[-82.83715564201539,40.06824341874117],[-82.83712002789355,40.06824836285067],[-82.83708408243854,40.06824750602025],[-82.8370487443369,40.06824087062534],[-82.83701493641456,40.068228629943924],[-82.83698354153813,40.068211103631505],[-82.8369553795594,40.06818874937356],[-82.83693118590571,40.06816215093348],[-82.83691159237478,40.06813200290802],[-82.8368971106358,40.06809909258852],[-82.83650954414006,40.06827334505701],[-82.83675174124555,40.0685912229536],[-82.83688817388212,40.068770442246525],[-82.83735320705716,40.0686800741277]]]}},{"type":"Feature","properties":{"PARCELID":"222-004853","SITEADDRESS":"7108 ARMSCOTE END","RESYRBLT":2018,"RESFLRAREA_AG":4706,"STATEDAREA":0.33,"ACRES":0.33080854,"SCHLDSCRP":"NEW ALBANY-PLAIN LSD","CVTTXDSCRP":"PLAIN TWP-NEW ALBANY CORP","CLASSCD":"510","CLASSDSCRP":"SINGLE FAMILY DWELLING, PLATTED LOT","SALEPRICE":0,"SALEDATE":1740459600000},"geometry":{"type":"Polygon","coordinates":[[[-82.83677649418745,40.06783307673955],[-82.83632784461655,40.06803479301179],[-82.8364955986204,40.06825503867323],[-82.83650954414006,40.06827334505701],[-82.8368971106358,40.06809909258852],[-82.8368956262129,40.06807920339602],[-82.83689725114576,40.06805932518979],[-82.83690194594004,40.06803994111395],[-82.8369046282905,40.068028224068],[-82.83690549039052,40.06801623486648],[-82.83690451202848,40.06800425459196],[-82.83690171614174,40.067992564117766],[-82.83689716827885,40.06798143752292],[-82.83689097506286,40.06797113566651],[-82.83688328169154,40.06796190007192],[-82.83682850117816,40.06789863795511],[-82.83677649418745,40.06783307673955]]]}},{"type":"Feature","properties":{"PARCELID":"222-004850","SITEADDRESS":"7109 ARMSCOTE END","RESYRBLT":2021,"RESFLRAREA_AG":4769,"STATEDAREA":0.4718,"ACRES":0.47305987,"SCHLDSCRP":"NEW ALBANY-PLAIN LSD","CVTTXDSCRP":"PLAIN TWP-NEW ALBANY CORP","CLASSCD":"510","CLASSDSCRP":"SINGLE FAMILY DWELLING, PLATTED LOT","SALEPRICE":1885000,"SALEDATE":1649307600000},"geometry":{"type":"Polygon","coordinates":[[[-82.83732322323365,40.068100351536195],[-82.83787286152742,40.06815370988394],[-82.83787148722104,40.06784312155928],[-82.8375500042594,40.06766899115286],[-82.83725780870373,40.06795990550643],[-82.8372763382592,40.06797406624252],[-82.8372923617031,40.067991010861675],[-82.83730546566797,40.06801030223224],[-82.83731531210204,40.06803144268183],[-82.83732164699029,40.06805388683617],[-82.83732430690738,40.068077055688406],[-82.83732322323365,40.068100351536195]]]}},{"type":"Feature","properties":{"PARCELID":"222-004849","SITEADDRESS":"ARMSCOTE END","RESYRBLT":2016,"RESFLRAREA_AG":4172,"STATEDAREA":0.3976,"ACRES":0.39859451,"SCHLDSCRP":"NEW ALBANY-PLAIN LSD","CVTTXDSCRP":"PLAIN TWP-NEW ALBANY CORP","CLASSCD":"510","CLASSDSCRP":"SINGLE FAMILY DWELLING, PLATTED LOT","SALEPRICE":1900000,"SALEDATE":1707800400000},"geometry":{"type":"Polygon","coordinates":[[[-82.8372548289471,40.06747595532635],[-82.83689128717953,40.06770926337738],[-82.8369536604326,40.06779308126121],[-82.83702085539856,40.06787308561671],[-82.83703730725657,40.067887544800264],[-82.83705584364117,40.067899212450705],[-82.83707599555484,40.0679077933595],[-82.83709725312487,40.06791307041717],[-82.83711907850376,40.067914910106474],[-82.83715588162761,40.06791832513013],[-82.8371917840808,40.067927108419184],[-82.8372260071898,40.06794106947649],[-82.83725780870373,40.06795990550643],[-82.8375500042594,40.06766899115286],[-82.83732170733732,40.06754533188184],[-82.8372548289471,40.06747595532635]]]}},{"type":"Feature","properties":{"PARCELID":"222-004855","SITEADDRESS":"ARMSCOTE END","RESYRBLT":2016,"RESFLRAREA_AG":5052,"STATEDAREA":0.4306,"ACRES":0.43168809,"SCHLDSCRP":"NEW ALBANY-PLAIN LSD","CVTTXDSCRP":"PLAIN TWP-NEW ALBANY CORP","CLASSCD":"510","CLASSDSCRP":"SINGLE FAMILY DWELLING, PLATTED LOT","SALEPRICE":2825000,"SALEDATE":1754629200000},"geometry":{"type":"Polygon","coordinates":[[[-82.8365048213946,40.06731201022068],[-82.83617728712424,40.06740774212748],[-82.83590979496421,40.067485924260936],[-82.83609023997718,40.067722840571854],[-82.8361421730638,40.06779102038776],[-82.83661489766422,40.06757847987124],[-82.83657295507167,40.06749188662563],[-82.8365362199065,40.06740295913329],[-82.8365048213946,40.06731201022068]]]}},{"type":"Feature","properties":{"PARCELID":"222-004844","SITEADDRESS":"7014 HANBYS LP","RESYRBLT":2018,"RESFLRAREA_AG":4425,"STATEDAREA":0.4343,"ACRES":0.43544031,"SCHLDSCRP":"NEW ALBANY-PLAIN LSD","CVTTXDSCRP":"PLAIN TWP-NEW ALBANY CORP","CLASSCD":"510","CLASSDSCRP":"SINGLE FAMILY DWELLING, PLATTED LOT","SALEPRICE":275000,"SALEDATE":1478062800000},"geometry":{"type":"Polygon","coordinates":[[[-82.83787148722104,40.06784312155928],[-82.83787121367024,40.06778141708582],[-82.83806308128187,40.067636123882075],[-82.83791240637738,40.067518670102935],[-82.83762566515146,40.0672951478239],[-82.83732170733732,40.06754533188184],[-82.8375500042594,40.06766899115286],[-82.83787148722104,40.06784312155928]]]}},{"type":"Feature","properties":{"PARCELID":"222-004848","SITEADDRESS":"7101 ARMSCOTE END","RESYRBLT":2017,"RESFLRAREA_AG":5037,"STATEDAREA":0.3502,"ACRES":0.35111466,"SCHLDSCRP":"NEW ALBANY-PLAIN LSD","CVTTXDSCRP":"PLAIN TWP-NEW ALBANY CORP","CLASSCD":"510","CLASSDSCRP":"SINGLE FAMILY DWELLING, PLATTED LOT","SALEPRICE":2200000,"SALEDATE":1712120400000},"geometry":{"type":"Polygon","coordinates":[[[-82.83667501812391,40.06726773694892],[-82.83670687704142,40.06736118184796],[-82.83674459660823,40.06745241875968],[-82.83678802503798,40.06754108053989],[-82.83683698757137,40.067626810406935],[-82.83689128717953,40.06770926337738],[-82.8372548289471,40.06747595532635],[-82.83706100304357,40.06727489459301],[-82.83667501812391,40.06726773694892]]]}},{"type":"Feature","properties":{"PARCELID":"222-004847","SITEADDRESS":"7030 HANBYS LOOP","RESYRBLT":2017,"RESFLRAREA_AG":4482,"STATEDAREA":0.2896,"ACRES":0.29040656,"SCHLDSCRP":"NEW ALBANY-PLAIN LSD","CVTTXDSCRP":"PLAIN TWP-NEW ALBANY CORP","CLASSCD":"510","CLASSDSCRP":"SINGLE FAMILY DWELLING, PLATTED LOT","SALEPRICE":2035000,"SALEDATE":1780030800000},"geometry":{"type":"Polygon","coordinates":[[[-82.83580072531437,40.06711466784231],[-82.83566483519229,40.067164309474094],[-82.835664935298,40.067164406454],[-82.83588779951249,40.06745705054038],[-82.83590979496421,40.067485924260936],[-82.83617728712424,40.06740774212748],[-82.83599664276106,40.06704290839833],[-82.83580072531437,40.06711466784231]]]}},{"type":"Feature","properties":{"PARCELID":"222-004845","SITEADDRESS":"7018 HANBYS LP","RESYRBLT":2019,"RESFLRAREA_AG":4654,"STATEDAREA":0.3404,"ACRES":0.34126179,"SCHLDSCRP":"NEW ALBANY-PLAIN LSD","CVTTXDSCRP":"PLAIN TWP-NEW ALBANY CORP","CLASSCD":"510","CLASSDSCRP":"SINGLE FAMILY DWELLING, PLATTED LOT","SALEPRICE":2350000,"SALEDATE":1759986000000},"geometry":{"type":"Polygon","coordinates":[[[-82.83721339428699,40.067047221909405],[-82.83706100304357,40.06727489459301],[-82.8372548289471,40.06747595532635],[-82.83732170733732,40.06754533188184],[-82.83762566515146,40.0672951478239],[-82.8375553032936,40.067240300168464],[-82.83747521279942,40.06718300008886],[-82.83739124374655,40.06713155123522],[-82.83730382283032,40.067086215048946],[-82.83721339428699,40.067047221909405]]]}},{"type":"Feature","properties":{"PARCELID":"222-004846","SITEADDRESS":"7096 ARMSCOTE END","RESYRBLT":2017,"RESFLRAREA_AG":4939,"STATEDAREA":0.3605,"ACRES":0.36145792,"SCHLDSCRP":"NEW ALBANY-PLAIN LSD","CVTTXDSCRP":"PLAIN TWP-NEW ALBANY CORP","CLASSCD":"510","CLASSDSCRP":"SINGLE FAMILY DWELLING, PLATTED LOT","SALEPRICE":0,"SALEDATE":1549947600000},"geometry":{"type":"Polygon","coordinates":[[[-82.83602251752964,40.06703342935506],[-82.83599664276106,40.06704290839833],[-82.83617728712424,40.06740774212748],[-82.8365048213946,40.06731201022068],[-82.83648309509067,40.06723538912736],[-82.83646542396139,40.067157732476566],[-82.83645185680865,40.067079254730736],[-82.83644243110055,40.06700017261993],[-82.8364383838707,40.066988807070594],[-82.83643244228301,40.066978306912645],[-82.83642478339402,40.066968985045854],[-82.836415635435,40.06696111925746],[-82.83640527101085,40.066954943944275],[-82.8363939989765,40.06695064312772],[-82.83638215523332,40.0669483449701],[-82.83637009271926,40.066948117955434],[-82.83635817089157,40.06694996884866],[-82.83627272269189,40.06696416235157],[-82.83618814145679,40.0669828402804],[-82.83610466236473,40.0670059507011],[-82.83602251752964,40.06703342935506]]]}},{"type":"Feature","properties":{"PARCELID":"222-004842","SITEADDRESS":"7009 HANBYS LP","RESYRBLT":2022,"RESFLRAREA_AG":3634,"STATEDAREA":0.277,"ACRES":0.27773345,"SCHLDSCRP":"NEW ALBANY-PLAIN LSD","CVTTXDSCRP":"PLAIN TWP-NEW ALBANY CORP","CLASSCD":"510","CLASSDSCRP":"SINGLE FAMILY DWELLING, PLATTED LOT","SALEPRICE":1040000,"SALEDATE":1652158800000},"geometry":{"type":"Polygon","coordinates":[[[-82.83736670534263,40.06695515208316],[-82.83743969348066,40.06698997761496],[-82.8375107735885,40.067028548384016],[-82.83757975365045,40.06707076019531],[-82.8376464473238,40.06711649901788],[-82.83791631254591,40.06687884051532],[-82.83762310724862,40.06671751217282],[-82.83756606048051,40.06669294619381],[-82.83736670534263,40.06695515208316]]]}},{"type":"Feature","properties":{"PARCELID":"222-004843","SITEADDRESS":"7005 HANBYS LP","RESYRBLT":2022,"RESFLRAREA_AG":3624,"STATEDAREA":0.2789,"ACRES":0.27964442,"SCHLDSCRP":"NEW ALBANY-PLAIN LSD","CVTTXDSCRP":"PLAIN TWP-NEW ALBANY CORP","CLASSCD":"510","CLASSDSCRP":"SINGLE FAMILY DWELLING, PLATTED LOT","SALEPRICE":410000,"SALEDATE":1644901200000},"geometry":{"type":"Polygon","coordinates":[[[-82.83791631254591,40.06687884051532],[-82.8376464473238,40.06711649901788],[-82.83768269914161,40.0671438292367],[-82.83778867852122,40.06722644201957],[-82.83781748325733,40.06724389586015],[-82.83784862512599,40.06725672291709],[-82.83788136647024,40.067264619356074],[-82.83791493174643,40.0672673981343],[-82.83794852589435,40.067264993430875],[-82.83798135316997,40.06725746220598],[-82.83801263599413,40.06724498285162],[-82.83804163337108,40.067227850966056],[-82.83820706292917,40.06710257573381],[-82.83791631254591,40.06687884051532]]]}},{"type":"Feature","properties":{"PARCELID":"222-004841","SITEADDRESS":"7013 HANBYS LP","RESYRBLT":2022,"RESFLRAREA_AG":4524,"STATEDAREA":0.2844,"ACRES":0.28512156,"SCHLDSCRP":"NEW ALBANY-PLAIN LSD","CVTTXDSCRP":"PLAIN TWP-NEW ALBANY CORP","CLASSCD":"510","CLASSDSCRP":"SINGLE FAMILY DWELLING, PLATTED LOT","SALEPRICE":1495000,"SALEDATE":1678424400000},"geometry":{"type":"Polygon","coordinates":[[[-82.83705046660587,40.06684816458704],[-82.83715804166026,40.06687720972628],[-82.83726359202593,40.06691291872718],[-82.83736670534263,40.06695515208316],[-82.83756606048051,40.06669294619381],[-82.83730935114286,40.06658240569562],[-82.83717312557458,40.06654450176244],[-82.83705046660587,40.06684816458704]]]}},{"type":"Feature","properties":{"PARCELID":"222-004840","SITEADDRESS":"7017 HANBYS LP","RESYRBLT":2023,"RESFLRAREA_AG":3392,"STATEDAREA":0.2728,"ACRES":0.27348838,"SCHLDSCRP":"NEW ALBANY-PLAIN LSD","CVTTXDSCRP":"PLAIN TWP-NEW ALBANY CORP","CLASSCD":"510","CLASSDSCRP":"SINGLE FAMILY DWELLING, PLATTED LOT","SALEPRICE":647200,"SALEDATE":1651813200000},"geometry":{"type":"Polygon","coordinates":[[[-82.8367466109799,40.06680113398008],[-82.83684868235969,40.06681141561444],[-82.83695006308083,40.066827107266796],[-82.83705046660587,40.06684816458704],[-82.83717312557458,40.06654450176244],[-82.836971912075,40.06648851515174],[-82.83678917669326,40.06646406143694],[-82.8367466109799,40.06680113398008]]]}},{"type":"Feature","properties":{"PARCELID":"222-004830","SITEADDRESS":"6964 HANBYS LP","RESYRBLT":2020,"RESFLRAREA_AG":4177,"STATEDAREA":0.303,"ACRES":0.30381883,"SCHLDSCRP":"NEW ALBANY-PLAIN LSD","CVTTXDSCRP":"PLAIN TWP-NEW ALBANY CORP","CLASSCD":"510","CLASSDSCRP":"SINGLE FAMILY DWELLING, PLATTED LOT","SALEPRICE":250000,"SALEDATE":1575435600000},"geometry":{"type":"Polygon","coordinates":[[[-82.83837283291727,40.066977043507684],[-82.83838794477357,40.06696545826024],[-82.83840096216116,40.06695156100226],[-82.83841153567975,40.0669357247507],[-82.83841938152504,40.0669183745671],[-82.83842428910634,40.066899976148555],[-82.83842612669902,40.066881023327866],[-82.83842484498017,40.066862024818555],[-82.83842047835246,40.0668434905605],[-82.83841314402078,40.06682591803258],[-82.83840303884622,40.06680977889981],[-82.83839043406228,40.066795506353415],[-82.83837566799451,40.06678348348346],[-82.83828076709509,40.06671144667548],[-82.83818303424746,40.066643301441495],[-82.83791631254591,40.06687884051532],[-82.83820706292917,40.06710257573381],[-82.83837283291727,40.066977043507684]]]}},{"type":"Feature","properties":{"PARCELID":"222-004831","SITEADDRESS":"6968 HANBYS LP","RESYRBLT":2022,"RESFLRAREA_AG":3825,"STATEDAREA":0.289,"ACRES":0.28971056,"SCHLDSCRP":"NEW ALBANY-PLAIN LSD","CVTTXDSCRP":"PLAIN TWP-NEW ALBANY CORP","CLASSCD":"510","CLASSDSCRP":"SINGLE FAMILY DWELLING, PLATTED LOT","SALEPRICE":1675000,"SALEDATE":1681275600000},"geometry":{"type":"Polygon","coordinates":[[[-82.83785251405862,40.066450439896805],[-82.83762310724862,40.06671751217282],[-82.83791631254591,40.06687884051532],[-82.83818303424746,40.066643301441495],[-82.83807546082515,40.0665746259429],[-82.83796522871725,40.06651030450258],[-82.83785251405862,40.066450439896805]]]}},{"type":"Feature","properties":{"PARCELID":"222-004839","SITEADDRESS":"7021 HANBYS LP","RESYRBLT":2022,"RESFLRAREA_AG":4183,"STATEDAREA":0.3066,"ACRES":0.30734843,"SCHLDSCRP":"NEW ALBANY-PLAIN LSD","CVTTXDSCRP":"PLAIN TWP-NEW ALBANY CORP","CLASSCD":"510","CLASSDSCRP":"SINGLE FAMILY DWELLING, PLATTED LOT","SALEPRICE":0,"SALEDATE":1700456400000},"geometry":{"type":"Polygon","coordinates":[[[-82.8367466109799,40.06680113398008],[-82.83678917669326,40.06646406143694],[-82.83662022001396,40.06644145295016],[-82.83638375643626,40.06643433521963],[-82.8363704937424,40.066433963402105],[-82.8364258689238,40.06680334943979],[-82.83653269064031,40.066796818849745],[-82.83663970924287,40.06679607964078],[-82.8367466109799,40.06680113398008]]]}},{"type":"Feature","properties":{"PARCELID":"222-004838","SITEADDRESS":"7025 HANBYS LP","RESYRBLT":2021,"RESFLRAREA_AG":3493,"STATEDAREA":0.3225,"ACRES":0.32336426,"SCHLDSCRP":"NEW ALBANY-PLAIN LSD","CVTTXDSCRP":"PLAIN TWP-NEW ALBANY CORP","CLASSCD":"510","CLASSDSCRP":"SINGLE FAMILY DWELLING, PLATTED LOT","SALEPRICE":760000,"SALEDATE":1617598800000},"geometry":{"type":"Polygon","coordinates":[[[-82.83600001521263,40.066423562005376],[-82.83611072262009,40.06685777348104],[-82.83621470746942,40.06683379477409],[-82.83631986468015,40.06681563469952],[-82.8364258689238,40.06680334943979],[-82.8363704937424,40.066433963402105],[-82.83630188833834,40.06643203790111],[-82.83600001521263,40.066423562005376]]]}},{"type":"Feature","properties":{"PARCELID":"222-004837","SITEADDRESS":"7029 HANBYS LP","RESYRBLT":2018,"RESFLRAREA_AG":4037,"STATEDAREA":0.3911,"ACRES":0.39216422,"SCHLDSCRP":"NEW ALBANY-PLAIN LSD","CVTTXDSCRP":"PLAIN TWP-NEW ALBANY CORP","CLASSCD":"510","CLASSDSCRP":"SINGLE FAMILY DWELLING, PLATTED LOT","SALEPRICE":1070000,"SALEDATE":1591765200000},"geometry":{"type":"Polygon","coordinates":[[[-82.83588748096875,40.06642038661349],[-82.83573085038715,40.06641598797693],[-82.83572651966732,40.06675690458892],[-82.83572375192819,40.06699061441909],[-82.83594554266918,40.066909376977215],[-82.83602751500597,40.06688159820174],[-82.83611072262009,40.06685777348104],[-82.83600001521263,40.066423562005376],[-82.83588748096875,40.06642038661349]]]}},{"type":"Feature","properties":{"PARCELID":"222-004828","SITEADDRESS":"6965 HANBYS LP","RESYRBLT":2020,"RESFLRAREA_AG":3600,"STATEDAREA":0.4149,"ACRES":0.41596333,"SCHLDSCRP":"NEW ALBANY-PLAIN LSD","CVTTXDSCRP":"PLAIN TWP-NEW ALBANY CORP","CLASSCD":"510","CLASSDSCRP":"SINGLE FAMILY DWELLING, PLATTED LOT","SALEPRICE":1345062,"SALEDATE":1624942800000},"geometry":{"type":"Polygon","coordinates":[[[-82.8391391236383,40.06635122902652],[-82.83879814117722,40.066219236518066],[-82.83836403029937,40.06658323575625],[-82.8384713451914,40.066662245978925],[-82.83857510680797,40.066745867915415],[-82.8391391236383,40.06635122902652]]]}},{"type":"Feature","properties":{"PARCELID":"222-004832","SITEADDRESS":"6972 HANBYS LP","RESYRBLT":2020,"RESFLRAREA_AG":4839,"STATEDAREA":0.2929,"ACRES":0.29366732,"SCHLDSCRP":"NEW ALBANY-PLAIN LSD","CVTTXDSCRP":"PLAIN TWP-NEW ALBANY CORP","CLASSCD":"510","CLASSDSCRP":"SINGLE FAMILY DWELLING, PLATTED LOT","SALEPRICE":2253000,"SALEDATE":1723525200000},"geometry":{"type":"Polygon","coordinates":[[[-82.8374917024845,40.06629287375244],[-82.83730935114286,40.06658240569562],[-82.83756606048051,40.06669294619381],[-82.83762310724862,40.06671751217282],[-82.83785251405862,40.066450439896805],[-82.83773425593388,40.06639338760693],[-82.83761392822163,40.06634084058505],[-82.8374917024845,40.06629287375244]]]}},{"type":"Feature","properties":{"PARCELID":"222-004833","SITEADDRESS":"6976 HANBYS LP","RESYRBLT":2017,"RESFLRAREA_AG":3666,"STATEDAREA":0.2978,"ACRES":0.29861407,"SCHLDSCRP":"NEW ALBANY-PLAIN LSD","CVTTXDSCRP":"PLAIN TWP-NEW ALBANY CORP","CLASSCD":"510","CLASSDSCRP":"SINGLE FAMILY DWELLING, PLATTED LOT","SALEPRICE":1200000,"SALEDATE":1630386000000},"geometry":{"type":"Polygon","coordinates":[[[-82.83730935114286,40.06658240569562],[-82.8374917024845,40.06629287375244],[-82.83736491250905,40.06624842086052],[-82.83723660235731,40.06620856785009],[-82.83710693885071,40.06617336653573],[-82.836971912075,40.06648851515174],[-82.83717312557458,40.06654450176244],[-82.83730935114286,40.06658240569562]]]}},{"type":"Feature","properties":{"PARCELID":"222-004834","SITEADDRESS":"6980 HANBYS LP","RESYRBLT":2022,"RESFLRAREA_AG":4672,"STATEDAREA":0.3111,"ACRES":0.31189335,"SCHLDSCRP":"NEW ALBANY-PLAIN LSD","CVTTXDSCRP":"PLAIN TWP-NEW ALBANY CORP","CLASSCD":"510","CLASSDSCRP":"SINGLE FAMILY DWELLING, PLATTED LOT","SALEPRICE":1554897,"SALEDATE":1643605200000},"geometry":{"type":"Polygon","coordinates":[[[-82.83670500802789,40.06609402041421],[-82.83662022001396,40.06644145295016],[-82.83678917669326,40.06646406143694],[-82.836971912075,40.06648851515174],[-82.83710693885071,40.06617336653573],[-82.83697391143365,40.06614225088982],[-82.83683988018443,40.06611579146152],[-82.83670500802789,40.06609402041421]]]}},{"type":"Feature","properties":{"PARCELID":"222-004835","SITEADDRESS":"6984 HANBYS LP","RESYRBLT":2022,"RESFLRAREA_AG":4044,"STATEDAREA":0.287,"ACRES":0.2877458,"SCHLDSCRP":"NEW ALBANY-PLAIN LSD","CVTTXDSCRP":"PLAIN TWP-NEW ALBANY CORP","CLASSCD":"510","CLASSDSCRP":"SINGLE FAMILY DWELLING, PLATTED LOT","SALEPRICE":150000,"SALEDATE":1647838800000},"geometry":{"type":"Polygon","coordinates":[[[-82.83635407088792,40.06605908827108],[-82.83630188833834,40.06643203790111],[-82.8363704937424,40.066433963402105],[-82.83638375643626,40.06643433521963],[-82.83662022001396,40.06644145295016],[-82.83670500802789,40.06609402041421],[-82.83653721004396,40.06607347574989],[-82.83636869812635,40.06605998574358],[-82.83635407088792,40.06605908827108]]]}},{"type":"Feature","properties":{"PARCELID":"222-004836","SITEADDRESS":"6988 HANBYS LP","RESYRBLT":2021,"RESFLRAREA_AG":3787,"STATEDAREA":0.3485,"ACRES":0.34948904,"SCHLDSCRP":"NEW ALBANY-PLAIN LSD","CVTTXDSCRP":"PLAIN TWP-NEW ALBANY CORP","CLASSCD":"510","CLASSDSCRP":"SINGLE FAMILY DWELLING, PLATTED LOT","SALEPRICE":165000,"SALEDATE":1596517200000},"geometry":{"type":"Polygon","coordinates":[[[-82.83588748096875,40.06642038661349],[-82.83600001521263,40.066423562005376],[-82.83630188833834,40.06643203790111],[-82.83635407088792,40.06605908827108],[-82.8362368682668,40.066049569610264],[-82.83612007520568,40.06603591530035],[-82.83600383759041,40.06601814239687],[-82.83588748096875,40.06642038661349]]]}},{"type":"Feature","properties":{"PARCELID":"222-004827","SITEADDRESS":"6975 HANBYS LP","RESYRBLT":2017,"RESFLRAREA_AG":4815,"STATEDAREA":0.3445,"ACRES":0.34539914,"SCHLDSCRP":"NEW ALBANY-PLAIN LSD","CVTTXDSCRP":"PLAIN TWP-NEW ALBANY CORP","CLASSCD":"510","CLASSDSCRP":"SINGLE FAMILY DWELLING, PLATTED LOT","SALEPRICE":2550000,"SALEDATE":1780376400000},"geometry":{"type":"Polygon","coordinates":[[[-82.83747041693013,40.06613383941091],[-82.83758642916646,40.066175443194986],[-82.83770101655568,40.06622082429303],[-82.8378140561476,40.066269934011935],[-82.83806291364259,40.06594694862113],[-82.83765216916392,40.06581913142628],[-82.83747041693013,40.06613383941091]]]}},{"type":"Feature","properties":{"PARCELID":"222-004826","SITEADDRESS":"6979 HANBYS LP","RESYRBLT":2017,"RESFLRAREA_AG":4704,"STATEDAREA":0.3045,"ACRES":0.30525406,"SCHLDSCRP":"NEW ALBANY-PLAIN LSD","CVTTXDSCRP":"PLAIN TWP-NEW ALBANY CORP","CLASSCD":"510","CLASSDSCRP":"SINGLE FAMILY DWELLING, PLATTED LOT","SALEPRICE":190000,"SALEDATE":1485234000000},"geometry":{"type":"Polygon","coordinates":[[[-82.83765216916392,40.06581913142628],[-82.83742423775712,40.06574820286191],[-82.83728661514337,40.06569217017795],[-82.83714193786238,40.06603759373765],[-82.83725233725016,40.06606652649202],[-82.83736186037702,40.06609861720378],[-82.83747041693013,40.06613383941091],[-82.83765216916392,40.06581913142628]]]}},{"type":"Feature","properties":{"PARCELID":"222-004825","SITEADDRESS":"6983 HANBYS LP","RESYRBLT":2020,"RESFLRAREA_AG":4575,"STATEDAREA":0.3269,"ACRES":0.32777668,"SCHLDSCRP":"NEW ALBANY-PLAIN LSD","CVTTXDSCRP":"PLAIN TWP-NEW ALBANY CORP","CLASSCD":"510","CLASSDSCRP":"SINGLE FAMILY DWELLING, PLATTED LOT","SALEPRICE":2454776,"SALEDATE":1765947600000},"geometry":{"type":"Polygon","coordinates":[[[-82.83728661514337,40.06569217017795],[-82.83708263397274,40.065609118444556],[-82.83692962730015,40.06557410017415],[-82.8368191994356,40.06597144439299],[-82.83698122827924,40.06600130077144],[-82.83714193786238,40.06603759373765],[-82.83728661514337,40.06569217017795]]]}},{"type":"Feature","properties":{"PARCELID":"222-004824","SITEADDRESS":"6987 HANBYS LP","RESYRBLT":2019,"RESFLRAREA_AG":4055,"STATEDAREA":0.2956,"ACRES":0.29637672,"SCHLDSCRP":"NEW ALBANY-PLAIN LSD","CVTTXDSCRP":"PLAIN TWP-NEW ALBANY CORP","CLASSCD":"510","CLASSDSCRP":"SINGLE FAMILY DWELLING, PLATTED LOT","SALEPRICE":1800000,"SALEDATE":1672376400000},"geometry":{"type":"Polygon","coordinates":[[[-82.83692962730015,40.06557410017415],[-82.83664112141456,40.06550807193812],[-82.8365187838879,40.06593320409547],[-82.83666933353712,40.06594963847332],[-82.8368191994356,40.06597144439299],[-82.83692962730015,40.06557410017415]]]}},{"type":"Feature","properties":{"PARCELID":"222-004753","SITEADDRESS":"7215 EBRINGTON ROUND","RESYRBLT":2021,"RESFLRAREA_AG":4597,"STATEDAREA":0.4766,"ACRES":0.47795436,"SCHLDSCRP":"NEW ALBANY-PLAIN LSD","CVTTXDSCRP":"PLAIN TWP-NEW ALBANY CORP","CLASSCD":"510","CLASSDSCRP":"SINGLE FAMILY DWELLING, PLATTED LOT","SALEPRICE":0,"SALEDATE":1692334800000},"geometry":{"type":"Polygon","coordinates":[[[-82.83575892569804,40.065462750712804],[-82.83572731338081,40.065530776753484],[-82.83571043912433,40.065566680049585],[-82.83574669264866,40.06558902039561],[-82.83577920996349,40.06561651645575],[-82.83580726411037,40.06564855352691],[-82.83583022790965,40.06568441538701],[-82.83584758798166,40.0657233003068],[-82.83585895622389,40.06576433897339],[-82.83586407848746,40.06580661392463],[-82.83586593535583,40.06581647978435],[-82.83586942751043,40.06582589190443],[-82.83587445515735,40.06583458131838],[-82.83588087462347,40.06584229971218],[-82.83588850246221,40.065848826520316],[-82.83589712069578,40.06585397522872],[-82.83590648304428,40.06585759870476],[-82.83591632196354,40.065859593401775],[-82.83604286780198,40.065884138904885],[-82.83612972505614,40.06589773404904],[-82.83621693667008,40.06590883111801],[-82.83633816066987,40.06546761666325],[-82.83611544180857,40.06544672295596],[-82.8359485485917,40.0654502775335],[-82.83575892569804,40.065462750712804]]]}},{"type":"Feature","properties":{"PARCELID":"222-004871","SITEADDRESS":"3995 EBRINGTON RD","RESYRBLT":2022,"RESFLRAREA_AG":5542,"STATEDAREA":null,"ACRES":0.70062737,"SCHLDSCRP":"NEW ALBANY-PLAIN LSD","CVTTXDSCRP":"PLAIN TWP-NEW ALBANY CORP","CLASSCD":"510","CLASSDSCRP":"SINGLE FAMILY DWELLING, PLATTED LOT","SALEPRICE":475000,"SALEDATE":1634014800000},"geometry":{"type":"Polygon","coordinates":[[[-82.83668391805183,40.06999653473404],[-82.83706237776738,40.069940854178974],[-82.83705322360723,40.06992381970341],[-82.83704699857115,40.069905510663794],[-82.83698302631385,40.06964520651677],[-82.83697758451481,40.06963421207249],[-82.83697034571333,40.069624307995824],[-82.83696152242638,40.06961578505097],[-82.83695137368831,40.069608893454834],[-82.83694019744613,40.069603835531126],[-82.83692832181232,40.06960075977054],[-82.83691609543213,40.06959975647136],[-82.83690387724806,40.069600855088474],[-82.83680645919196,40.06960761256632],[-82.83670882182747,40.069609311453554],[-82.83661122765325,40.0696059471827],[-82.83635967779585,40.069590737388374],[-82.83634889435507,40.06958997873187],[-82.83633812321976,40.069590895683014],[-82.83632762319371,40.06959346620975],[-82.83631764656653,40.06959762854867],[-82.83630843305193,40.06960328268907],[-82.83630020402786,40.06961029277595],[-82.83629315721744,40.06961849037423],[-82.83628746193806,40.06962767851593],[-82.83628325503322,40.06963763643272],[-82.83626623607435,40.06971565674784],[-82.83624500113555,40.06979263656277],[-82.83621961301148,40.069868348237485],[-82.83621913984861,40.069869644666426],[-82.83619266384828,40.06993712320408],[-82.83616305102899,40.07000328522166],[-82.83668391805183,40.06999653473404]]]}},{"type":"Feature","properties":{"PARCELID":"222-004883","SITEADDRESS":"6967 HANBYS LP","RESYRBLT":2017,"RESFLRAREA_AG":4221,"STATEDAREA":0.35,"ACRES":0.3509098,"SCHLDSCRP":"NEW ALBANY-PLAIN LSD","CVTTXDSCRP":"PLAIN TWP-NEW ALBANY CORP","CLASSCD":"510","CLASSDSCRP":"SINGLE FAMILY DWELLING, PLATTED LOT","SALEPRICE":1339168,"SALEDATE":1565672400000},"geometry":{"type":"Polygon","coordinates":[[[-82.83879814117722,40.066219236518066],[-82.83852593841029,40.06611386779127],[-82.8384741241376,40.0660938109404],[-82.83813468695273,40.06643588238108],[-82.838250897239,40.06650716434479],[-82.83836403029937,40.06658323575625],[-82.83879814117722,40.066219236518066]]]}},{"type":"Feature","properties":{"PARCELID":"222-004882","SITEADDRESS":"6971 HANBYS LP","RESYRBLT":2019,"RESFLRAREA_AG":4133,"STATEDAREA":0.3925,"ACRES":0.39348222,"SCHLDSCRP":"NEW ALBANY-PLAIN LSD","CVTTXDSCRP":"PLAIN TWP-NEW ALBANY CORP","CLASSCD":"510","CLASSDSCRP":"SINGLE FAMILY DWELLING, PLATTED LOT","SALEPRICE":0,"SALEDATE":1604379600000},"geometry":{"type":"Polygon","coordinates":[[[-82.83806291364259,40.06594694862113],[-82.8378140561476,40.066269934011935],[-82.8379228114305,40.06632156951647],[-82.8380297303632,40.06637690737618],[-82.83813468695273,40.06643588238108],[-82.8384741241376,40.0660938109404],[-82.83822515414437,40.06599743383885],[-82.83806291364259,40.06594694862113]]]}},{"type":"Feature","properties":{"PARCELID":"222-001054","SITEADDRESS":"5092 HARLEM RD","RESYRBLT":1992,"RESFLRAREA_AG":3169,"STATEDAREA":1.284,"ACRES":1.28439265,"SCHLDSCRP":"NEW ALBANY-PLAIN LSD","CVTTXDSCRP":"PLAIN TWP-NEW ALBANY CORP","CLASSCD":"511","CLASSDSCRP":"SINGLE FAMILY, O-9.999 AC","SALEPRICE":640000,"SALEDATE":1583211600000},"geometry":{"type":"Polygon","coordinates":[[[-82.83163046020336,40.07387004749291],[-82.83128176197191,40.07425369066763],[-82.83124230642264,40.074279679908116],[-82.8308895821324,40.07451200781691],[-82.83088464351115,40.074580652470125],[-82.83087614645086,40.07470008155289],[-82.83179370702086,40.07471260090764],[-82.83185642796188,40.07471345683728],[-82.83180068071806,40.07421594870592],[-82.83178802852754,40.07360184237656],[-82.83172385539466,40.07359912085071],[-82.83165021401129,40.07359599911837],[-82.83163046020336,40.07387004749291]]]}},{"type":"Feature","properties":{"PARCELID":"222-004784","SITEADDRESS":"7230 SOUTHFIELD DR","RESYRBLT":2019,"RESFLRAREA_AG":5345,"STATEDAREA":0.742,"ACRES":0.74401027,"SCHLDSCRP":"NEW ALBANY-PLAIN LSD","CVTTXDSCRP":"PLAIN TWP-NEW ALBANY CORP","CLASSCD":"510","CLASSDSCRP":"SINGLE FAMILY DWELLING, PLATTED LOT","SALEPRICE":0,"SALEDATE":1674018000000},"geometry":{"type":"Polygon","coordinates":[[[-82.8342293554642,40.06588754066509],[-82.83456334235179,40.066067133848634],[-82.83474837532441,40.06614034080021],[-82.83508207315963,40.065758149012765],[-82.83508267775234,40.06575012554044],[-82.8350819869107,40.06574210903381],[-82.83508001854231,40.065734307292566],[-82.83507682367022,40.065726922549324],[-82.83507248511019,40.0657201462275],[-82.83506711532411,40.06571415397934],[-82.83506085350471,40.06570910113277],[-82.83505386196762,40.06570511866499],[-82.83501917258106,40.06568444641068],[-82.83498547547985,40.065662193298344],[-82.8349422115134,40.065633461059285],[-82.83485574139532,40.0655834270236],[-82.83476592717713,40.06553967896921],[-82.83467322507639,40.06550243911739],[-82.83457810597974,40.06547189663052],[-82.8342293554642,40.06588754066509]]]}},{"type":"Feature","properties":{"PARCELID":"222-005291","SITEADDRESS":"HIGHGROVE RD","RESYRBLT":null,"RESFLRAREA_AG":null,"STATEDAREA":0.274,"ACRES":0.27378549,"SCHLDSCRP":"NEW ALBANY-PLAIN LSD","CVTTXDSCRP":"PLAIN TWP-NEW ALBANY CORP","CLASSCD":"510","CLASSDSCRP":"SINGLE FAMILY DWELLING, PLATTED LOT","SALEPRICE":0,"SALEDATE":1706763600000},"geometry":{"type":"Polygon","coordinates":[[[-82.83656644309852,40.07040296463394],[-82.83668128780569,40.07080043808297],[-82.83681691846421,40.070770402352636],[-82.83690038863293,40.07081573210656],[-82.83696578696907,40.070818014097014],[-82.83718396568649,40.07071664541667],[-82.83656644309852,40.07040296463394]]]}},{"type":"Feature","properties":{"PARCELID":"222-005151","SITEADDRESS":"3830 HIGHGROVE RD","RESYRBLT":2023,"RESFLRAREA_AG":9689,"STATEDAREA":1.333,"ACRES":1.33662081,"SCHLDSCRP":"NEW ALBANY-PLAIN LSD","CVTTXDSCRP":"PLAIN TWP-NEW ALBANY CORP","CLASSCD":"510","CLASSDSCRP":"SINGLE FAMILY DWELLING, PLATTED LOT","SALEPRICE":0,"SALEDATE":1706763600000},"geometry":{"type":"Polygon","coordinates":[[[-82.83656644309852,40.07040296463394],[-82.83718396568649,40.07071664541667],[-82.83727579047539,40.07056952062148],[-82.83735424754849,40.07053855137863],[-82.8373943704243,40.07057282684467],[-82.83725597303234,40.07001505474687],[-82.83722507261977,40.07001778237847],[-82.83719411419494,40.07001581987904],[-82.83716380556648,40.07000921211758],[-82.83713483968653,40.06999811016867],[-82.83710787880773,40.06998276785834],[-82.837083539342,40.06996353596088],[-82.83706237776738,40.069940854178974],[-82.83668391805183,40.06999653473404],[-82.83616305102899,40.07000328522166],[-82.83612406831085,40.07007956042307],[-82.83608137169236,40.07015382048927],[-82.8361043941746,40.07016825535401],[-82.83656644309852,40.07040296463394]]]}},{"type":"Feature","properties":{"PARCELID":"222-004497","SITEADDRESS":"15 HIGHGROVE","RESYRBLT":2014,"RESFLRAREA_AG":7746,"STATEDAREA":1.059,"ACRES":1.05893038,"SCHLDSCRP":"NEW ALBANY-PLAIN LSD","CVTTXDSCRP":"PLAIN TWP-NEW ALBANY CORP","CLASSCD":"510","CLASSDSCRP":"SINGLE FAMILY DWELLING, PLATTED LOT","SALEPRICE":3900000,"SALEDATE":1744261200000},"geometry":{"type":"Polygon","coordinates":[[[-82.8361043941746,40.07016825535401],[-82.83605064818106,40.070222997753305],[-82.83600121443554,40.07028166347504],[-82.83595637841772,40.07034391372491],[-82.83591639905542,40.07040938900798],[-82.8358815072293,40.07047771120475],[-82.8358616582441,40.07052192836418],[-82.83585935421765,40.07052923321779],[-82.83585828298534,40.07053681753618],[-82.83585847372255,40.07054447475783],[-82.8358599212345,40.07055199633567],[-82.83586258609769,40.07055917741695],[-82.83586639573365,40.07056582242244],[-82.83587124638564,40.07057175037313],[-82.83587700594448,40.070576799819236],[-82.83588351754662,40.070580833237365],[-82.83592008392674,40.07060468429496],[-82.83595245157092,40.07063398120117],[-82.83597981744714,40.07066799710806],[-82.83600150261579,40.070705888090686],[-82.83601696907401,40.070746714084535],[-82.83602583310335,40.07078946220832],[-82.83602787478979,40.07083307189325],[-82.83602848929844,40.07084070030776],[-82.83603035559938,40.070848122386295],[-82.83603342240518,40.07085513416431],[-82.83603760543764,40.07086154295268],[-82.83604278974376,40.070867172632866],[-82.83604883285473,40.070871868496866],[-82.83605556870114,40.07087550149865],[-82.83606281217666,40.0708779718005],[-82.83675254418428,40.07112662072173],[-82.83670540838519,40.07105867878032],[-82.83656122337533,40.07094572136654],[-82.83656107883832,40.07084223287029],[-82.83668128780569,40.07080043808297],[-82.83656644309852,40.07040296463394],[-82.8361043941746,40.07016825535401]]]}}]}